Timestamp,CPU_Usage_%,RAM_Usage_%,Wifi_TX_Mbps,Wifi_RX_Mbps
2025-12-31 14:12:56.515,0.2,7.7,0.00,0.00
2025-12-31 14:12:57.516,0.8,7.8,0.00,0.00
2025-12-31 14:12:58.517,0.0,7.8,0.00,0.00
2025-12-31 14:12:59.519,0.0,7.8,0.00,0.00
2025-12-31 14:13:43.116,0.1,7.8,0.09,0.05
2025-12-31 14:13:44.117,0.0,7.8,0.09,0.04
2025-12-31 14:13:45.118,0.0,7.8,0.09,0.04
2025-12-31 14:13:46.120,0.2,7.8,0.09,0.05
2025-12-31 14:13:47.121,0.4,7.8,0.09,0.04
2025-12-31 14:13:48.122,0.1,7.8,0.09,0.04
2025-12-31 14:13:49.123,0.2,7.8,0.09,0.04
2025-12-31 14:13:50.125,0.0,7.8,0.09,0.05
2025-12-31 14:13:51.126,0.1,7.8,0.09,0.04
2025-12-31 14:13:52.127,0.0,7.8,0.09,0.04
2025-12-31 14:13:53.128,0.1,7.8,0.09,0.05
2025-12-31 14:13:54.129,0.1,7.8,0.09,0.05
2025-12-31 14:13:55.130,0.0,7.8,0.09,0.04
2025-12-31 14:13:56.131,0.2,7.8,0.09,0.05
2025-12-31 14:13:57.132,0.0,7.8,0.09,0.04
2025-12-31 14:13:58.133,0.0,7.8,0.09,0.05
2025-12-31 14:13:59.134,0.1,7.8,0.09,0.04
2025-12-31 14:14:00.135,0.0,7.8,0.09,0.05
2025-12-31 14:14:01.136,0.0,7.8,0.09,0.04
2025-12-31 14:14:02.137,0.1,7.8,0.09,0.05
2025-12-31 14:14:03.138,0.0,7.8,0.09,0.04
2025-12-31 14:14:04.140,0.0,7.8,0.09,0.05
2025-12-31 14:14:05.140,0.0,7.8,0.09,0.06
2025-12-31 14:14:06.142,0.0,7.8,0.09,0.06
2025-12-31 14:14:07.143,0.0,7.8,0.09,0.05
2025-12-31 14:14:08.144,0.0,7.8,0.09,0.04
2025-12-31 14:14:09.145,0.0,7.8,0.09,0.05
2025-12-31 14:14:10.146,0.1,7.8,0.09,0.05
2025-12-31 14:14:11.147,0.0,7.8,0.09,0.05
2025-12-31 14:14:12.148,0.1,7.8,0.09,0.05
2025-12-31 14:14:13.149,0.0,7.8,0.09,0.05
2025-12-31 14:14:14.150,0.1,7.8,0.09,0.05
2025-12-31 14:14:15.151,0.1,7.8,0.09,0.05
2025-12-31 14:14:16.152,0.2,7.8,0.09,0.05
2025-12-31 14:14:17.153,0.1,7.8,0.09,0.04
2025-12-31 14:14:18.154,0.1,7.8,0.09,0.05
2025-12-31 14:14:19.156,0.0,7.8,0.09,0.04
2025-12-31 14:14:20.158,0.0,7.8,0.09,0.05
2025-12-31 14:14:21.160,0.1,7.8,0.09,0.04
2025-12-31 14:14:22.162,0.1,7.8,0.09,0.05
2025-12-31 14:14:23.163,0.1,7.8,0.09,0.04
2025-12-31 14:14:24.165,0.1,7.8,0.09,0.05
2025-12-31 14:14:25.167,0.1,7.8,0.09,0.04
2025-12-31 14:14:26.168,0.1,7.8,0.09,0.05
2025-12-31 14:14:27.169,0.2,7.8,0.09,0.04
2025-12-31 14:14:28.171,0.2,7.8,0.09,0.04
2025-12-31 14:14:29.172,0.3,7.8,0.09,0.04
2025-12-31 14:14:30.173,0.2,7.8,0.09,0.05
2025-12-31 14:14:31.174,0.2,7.8,0.09,0.04
2025-12-31 14:14:32.175,0.2,7.8,0.09,0.04
2025-12-31 14:14:33.176,0.2,7.8,0.09,0.04
2025-12-31 14:14:34.177,0.3,7.8,0.09,0.04
2025-12-31 14:14:35.178,0.2,7.8,0.09,0.04
2025-12-31 14:14:36.180,0.2,7.8,0.09,0.05
2025-12-31 14:14:37.181,0.2,7.8,0.09,0.05
2025-12-31 14:14:38.182,0.2,7.8,0.09,0.05
2025-12-31 14:14:39.183,0.3,7.8,0.09,0.05
2025-12-31 14:14:40.184,0.2,7.8,0.10,0.05
2025-12-31 14:14:41.186,0.2,7.8,0.09,0.05
2025-12-31 14:14:42.188,0.4,7.8,0.09,0.05
2025-12-31 14:14:43.189,0.4,7.8,0.09,0.05
2025-12-31 14:14:44.191,0.2,7.8,0.09,0.05
2025-12-31 14:14:45.193,0.1,7.8,0.09,0.05
2025-12-31 14:14:46.194,0.1,7.8,0.09,0.04
2025-12-31 14:14:47.195,0.2,7.8,0.09,0.05
2025-12-31 14:14:48.197,0.2,7.8,0.09,0.05
2025-12-31 14:14:49.198,0.2,7.8,0.09,0.05
2025-12-31 14:14:50.200,0.1,7.8,0.10,0.05
2025-12-31 14:14:51.201,0.1,7.8,0.09,0.05
2025-12-31 14:14:52.202,0.1,7.8,0.10,0.05
2025-12-31 14:14:53.203,0.2,7.8,0.09,0.05
2025-12-31 14:14:54.205,0.2,7.8,0.10,0.05
2025-12-31 14:14:55.206,0.2,7.8,0.09,0.05
2025-12-31 14:14:56.208,0.2,7.8,0.10,0.05
2025-12-31 14:14:57.209,0.1,7.8,0.09,0.05
2025-12-31 14:14:58.211,0.2,7.8,0.10,0.05
2025-12-31 14:14:59.212,0.0,7.8,0.10,0.05
2025-12-31 14:15:00.213,0.4,7.8,0.10,0.05
2025-12-31 14:15:01.214,0.1,7.8,0.09,0.05
2025-12-31 14:15:02.215,0.2,7.8,0.09,0.05
2025-12-31 14:15:03.216,0.1,7.8,0.09,0.05
2025-12-31 14:15:04.217,0.2,7.8,0.10,0.06
2025-12-31 14:15:05.218,0.2,7.8,0.09,0.07
2025-12-31 14:15:06.219,0.4,7.8,0.09,0.06
2025-12-31 14:15:07.220,0.2,7.8,0.09,0.05
2025-12-31 14:15:08.221,0.2,7.8,0.10,0.06
2025-12-31 14:15:09.222,0.3,7.8,0.09,0.05
2025-12-31 14:15:10.224,0.4,7.8,0.10,0.06
2025-12-31 14:15:11.225,0.3,7.8,0.10,0.05
2025-12-31 14:15:12.226,0.3,7.8,0.10,0.06
2025-12-31 14:15:13.227,0.2,7.8,0.10,0.05
2025-12-31 14:15:14.228,0.2,7.8,0.10,0.05
2025-12-31 14:15:15.230,0.2,7.8,0.09,0.05
2025-12-31 14:15:16.232,0.3,7.8,0.09,0.04
2025-12-31 14:15:17.233,0.5,7.8,0.09,0.04
2025-12-31 14:15:18.234,0.2,7.8,0.09,0.04
2025-12-31 14:15:19.236,0.3,7.8,0.09,0.05
2025-12-31 14:15:20.237,0.2,7.8,0.09,0.05
2025-12-31 14:15:21.238,0.3,7.8,0.09,0.04
2025-12-31 14:15:22.240,0.3,7.8,0.09,0.04
2025-12-31 14:15:23.241,0.2,7.8,0.09,0.05
2025-12-31 14:15:24.243,0.2,7.8,0.09,0.05
2025-12-31 14:15:25.244,0.2,7.8,0.09,0.05
2025-12-31 14:15:26.246,0.2,7.8,0.09,0.04
2025-12-31 14:15:27.247,0.3,7.8,0.09,0.04
2025-12-31 14:15:28.248,0.0,7.8,0.09,0.04
2025-12-31 14:15:29.249,0.3,7.8,0.09,0.05
2025-12-31 14:15:30.251,0.2,7.8,0.10,0.05
2025-12-31 14:15:31.252,0.2,7.8,0.10,0.05
2025-12-31 14:15:32.253,0.2,7.8,0.10,0.05
2025-12-31 14:15:33.254,0.1,7.8,0.10,0.05
2025-12-31 14:15:34.255,0.1,7.8,0.09,0.05
2025-12-31 14:15:35.256,0.2,7.8,0.10,0.05
2025-12-31 14:15:36.257,0.2,7.8,0.10,0.05
2025-12-31 14:15:37.258,0.1,7.8,0.09,0.05
2025-12-31 14:15:38.260,0.3,7.8,0.09,0.05
2025-12-31 14:15:39.261,0.2,7.8,0.09,0.05
2025-12-31 14:15:40.263,0.2,7.8,0.09,0.05
2025-12-31 14:15:41.265,0.1,7.8,0.09,0.05
2025-12-31 14:15:42.266,0.1,7.8,0.09,0.05
2025-12-31 14:15:43.268,0.1,7.8,0.09,0.05
2025-12-31 14:15:44.269,0.1,7.8,0.10,0.05
2025-12-31 14:15:45.270,0.0,7.8,0.09,0.05
2025-12-31 14:15:46.271,0.2,7.8,0.10,0.05
2025-12-31 14:15:47.272,0.2,7.8,0.10,0.05
2025-12-31 14:15:48.273,0.2,7.8,0.09,0.05
2025-12-31 14:15:49.274,0.1,7.8,0.10,0.05
2025-12-31 14:15:50.276,0.2,7.8,0.10,0.05
2025-12-31 14:15:51.277,0.1,7.8,0.09,0.05
2025-12-31 14:15:52.278,0.2,7.8,0.10,0.05
2025-12-31 14:15:53.280,0.2,7.8,0.09,0.05
2025-12-31 14:15:54.281,0.1,7.8,0.09,0.05
2025-12-31 14:15:55.283,0.0,7.8,0.10,0.05
2025-12-31 14:15:56.284,0.2,7.8,0.10,0.05
2025-12-31 14:15:57.285,0.2,7.8,0.10,0.05
2025-12-31 14:15:58.287,0.2,7.8,0.09,0.05
2025-12-31 14:15:59.289,0.1,7.8,0.09,0.05
2025-12-31 14:16:00.290,0.0,7.8,0.10,0.05
2025-12-31 14:16:01.291,0.2,7.8,0.09,0.05
2025-12-31 14:16:02.293,0.1,7.8,0.09,0.05
2025-12-31 14:16:03.294,0.0,7.8,0.09,0.05
2025-12-31 14:16:04.295,0.2,7.8,0.09,0.05
2025-12-31 14:16:05.296,0.1,7.8,0.09,0.05
2025-12-31 14:16:06.297,0.0,7.8,0.09,0.05
2025-12-31 14:16:07.298,0.1,7.8,0.09,0.04
2025-12-31 14:16:08.299,0.1,7.8,0.09,0.05
2025-12-31 14:16:09.300,0.0,7.8,0.09,0.05
2025-12-31 14:16:10.302,0.1,7.8,0.10,0.05
2025-12-31 14:16:11.303,0.1,7.8,0.09,0.05
2025-12-31 14:16:12.304,0.1,7.8,0.10,0.05
2025-12-31 14:16:13.306,0.0,7.8,0.10,0.05
2025-12-31 14:16:14.307,0.1,7.8,0.10,0.05
2025-12-31 14:16:15.309,0.1,7.8,0.09,0.05
2025-12-31 14:16:16.311,0.0,7.8,0.10,0.05
2025-12-31 14:16:17.313,0.2,7.8,0.10,0.05
2025-12-31 14:16:18.314,0.1,7.8,0.10,0.05
2025-12-31 14:16:19.315,0.2,7.8,0.10,0.05
2025-12-31 14:16:20.317,0.0,7.8,0.10,0.05
2025-12-31 14:16:21.318,0.1,7.8,0.10,0.05
2025-12-31 14:16:22.320,0.2,7.8,0.10,0.05
2025-12-31 14:16:23.321,0.1,7.8,0.10,0.05
2025-12-31 14:16:24.323,0.1,7.8,0.10,0.05
2025-12-31 14:16:25.324,0.0,7.8,0.10,0.05
2025-12-31 14:16:26.325,0.1,7.8,0.10,0.05
2025-12-31 14:16:27.326,0.1,7.8,0.10,0.05
2025-12-31 14:16:28.328,0.1,7.8,0.10,0.05
2025-12-31 14:16:29.330,0.0,7.8,0.10,0.05
2025-12-31 14:16:30.331,0.1,7.8,0.10,0.05
2025-12-31 14:16:31.333,0.1,7.8,0.10,0.05
2025-12-31 14:16:32.334,0.0,7.8,0.10,0.05
2025-12-31 14:16:33.335,0.0,7.8,0.10,0.05
2025-12-31 14:16:34.336,0.1,7.8,0.10,0.05
2025-12-31 14:16:35.337,0.0,7.8,0.10,0.05
2025-12-31 14:16:36.339,0.1,7.8,0.10,0.05
2025-12-31 14:16:37.340,0.0,7.8,0.10,0.05
2025-12-31 14:16:38.342,0.0,7.8,0.10,0.05
2025-12-31 14:16:39.343,0.1,7.8,0.10,0.05
2025-12-31 14:16:40.344,0.1,7.8,0.10,0.05
2025-12-31 14:16:41.346,0.0,7.8,0.10,0.05
2025-12-31 14:16:42.347,0.0,7.8,0.10,0.05
2025-12-31 14:16:43.348,0.1,7.8,0.10,0.05
2025-12-31 14:16:44.350,0.0,7.8,0.10,0.05
2025-12-31 14:16:45.352,0.1,7.8,0.10,0.05
2025-12-31 14:16:46.353,0.1,7.8,0.10,0.05
2025-12-31 14:16:47.354,0.1,7.8,0.10,0.05
2025-12-31 14:16:48.355,0.1,7.8,0.09,0.05
2025-12-31 14:16:49.357,0.0,7.8,0.10,0.05
2025-12-31 14:16:50.358,0.2,7.8,0.10,0.05
2025-12-31 14:16:51.359,0.1,7.8,0.10,0.05
2025-12-31 14:16:52.361,0.0,7.8,0.09,0.05
2025-12-31 14:16:53.362,0.1,7.8,0.09,0.05
2025-12-31 14:16:54.363,0.0,7.8,0.09,0.05
2025-12-31 14:16:55.364,0.2,7.8,0.09,0.05
2025-12-31 14:16:56.365,0.0,7.8,0.09,0.05
2025-12-31 14:16:57.366,0.0,7.8,0.13,0.08
2025-12-31 14:16:58.368,0.0,7.8,0.10,0.05
2025-12-31 14:16:59.369,0.1,7.8,0.10,0.05
2025-12-31 14:17:00.370,0.0,7.8,0.10,0.05
2025-12-31 14:17:01.372,0.3,7.8,0.10,0.05
2025-12-31 14:17:02.373,0.1,7.8,0.10,0.05
2025-12-31 14:17:03.375,0.0,7.8,0.10,0.05
2025-12-31 14:17:04.376,0.1,7.8,0.10,0.05
2025-12-31 14:17:05.377,0.0,7.8,0.10,0.05
2025-12-31 14:17:06.378,0.0,7.8,0.10,0.05
2025-12-31 14:17:07.380,0.1,7.8,0.09,0.05
2025-12-31 14:17:08.381,0.0,7.8,0.09,0.05
2025-12-31 14:17:09.382,0.0,7.8,0.10,0.05
2025-12-31 14:17:10.384,0.0,7.8,0.10,0.05
2025-12-31 14:17:11.385,0.1,7.8,0.09,0.05
2025-12-31 14:17:12.387,0.0,7.8,0.10,0.05
2025-12-31 14:17:13.389,0.1,7.8,0.09,0.05
2025-12-31 14:17:14.390,0.0,7.8,0.09,0.05
2025-12-31 14:17:15.391,0.1,7.8,0.09,0.05
2025-12-31 14:17:16.393,0.0,7.8,0.13,0.08
2025-12-31 14:17:17.394,0.1,7.8,0.10,0.05
2025-12-31 14:17:18.396,0.2,7.8,0.10,0.05
2025-12-31 14:17:19.397,0.1,7.8,0.10,0.05
2025-12-31 14:17:20.398,0.7,7.8,0.10,0.06
2025-12-31 14:17:21.400,0.0,7.8,0.10,0.05
2025-12-31 14:17:22.401,0.1,7.8,0.10,0.05
2025-12-31 14:17:23.405,0.1,7.8,0.10,0.05
2025-12-31 14:17:24.408,0.1,7.8,0.10,0.05
2025-12-31 14:17:25.409,0.0,7.8,0.10,0.05
2025-12-31 14:17:26.411,0.0,7.8,0.10,0.05
2025-12-31 14:17:27.412,0.1,7.8,0.10,0.05
2025-12-31 14:17:28.414,0.0,7.8,0.10,0.05
2025-12-31 14:17:29.415,0.1,7.8,0.10,0.05
2025-12-31 14:17:30.416,0.2,7.8,0.11,0.06
2025-12-31 14:17:31.417,0.0,7.8,0.10,0.05
2025-12-31 14:17:32.419,0.0,7.8,0.10,0.05
2025-12-31 14:17:33.420,0.1,7.8,0.10,0.05
2025-12-31 14:17:34.421,0.1,7.8,0.10,0.05
2025-12-31 14:17:35.423,0.1,7.8,0.10,0.05
2025-12-31 14:17:36.424,0.0,7.8,0.10,0.06
2025-12-31 14:17:37.426,0.1,7.8,0.10,0.05
2025-12-31 14:17:38.427,0.2,7.8,0.10,0.05
2025-12-31 14:17:39.429,0.1,7.8,0.10,0.05
2025-12-31 14:17:40.430,0.0,7.8,0.10,0.05
2025-12-31 14:17:41.431,0.1,7.8,0.10,0.05
2025-12-31 14:17:42.432,0.0,7.8,0.10,0.05
2025-12-31 14:17:43.434,0.1,7.8,0.10,0.05
2025-12-31 14:17:44.435,0.1,7.8,0.10,0.05
2025-12-31 14:17:45.437,0.2,7.8,0.10,0.05
2025-12-31 14:17:46.438,0.2,7.8,0.10,0.05
2025-12-31 14:17:47.439,0.2,7.8,0.10,0.05
2025-12-31 14:17:48.441,0.3,7.8,0.10,0.05
2025-12-31 14:17:49.442,0.2,7.8,0.10,0.05
2025-12-31 14:17:50.443,0.2,7.8,0.10,0.05
2025-12-31 14:17:51.444,0.2,7.8,0.14,0.10
2025-12-31 14:17:52.446,0.2,7.8,0.11,0.06
2025-12-31 14:17:53.447,0.2,7.8,0.13,0.07
2025-12-31 14:17:54.448,0.7,7.8,0.42,0.36
2025-12-31 14:17:55.450,0.1,7.8,0.06,0.03
2025-12-31 14:17:56.451,0.6,7.8,0.11,0.06
2025-12-31 14:17:57.452,0.3,7.8,0.10,0.05
2025-12-31 14:17:58.453,0.4,7.8,0.10,0.05
2025-12-31 14:17:59.455,0.5,7.8,0.10,0.05
2025-12-31 14:18:00.457,0.3,7.8,0.11,0.06
2025-12-31 14:18:01.459,0.4,7.8,0.11,0.05
2025-12-31 14:18:02.461,0.5,7.8,0.10,0.05
2025-12-31 14:18:03.462,0.5,7.8,0.10,0.05
2025-12-31 14:18:04.463,0.2,7.8,0.07,0.04
2025-12-31 14:18:05.805,0.1,7.8,0.12,0.07
2025-12-31 14:18:06.806,0.3,7.8,0.11,0.06
2025-12-31 14:18:07.808,0.2,7.8,0.10,0.06
2025-12-31 14:18:08.809,0.1,7.8,0.10,0.06
2025-12-31 14:18:09.811,0.1,7.8,0.10,0.05
2025-12-31 14:18:10.812,0.3,7.8,0.11,0.06
2025-12-31 14:18:11.813,0.1,7.8,0.11,0.06
2025-12-31 14:18:12.815,0.2,7.8,0.10,0.05
2025-12-31 14:18:13.816,0.2,7.8,0.10,0.05
2025-12-31 14:18:14.817,0.2,7.8,0.10,0.06
2025-12-31 14:18:15.818,0.0,7.8,0.10,0.06
2025-12-31 14:18:16.819,0.2,7.8,0.11,0.06
2025-12-31 14:18:17.820,0.1,7.8,0.11,0.05
2025-12-31 14:18:18.821,0.1,7.8,0.10,0.05
2025-12-31 14:18:19.822,0.0,7.8,0.10,0.05
2025-12-31 14:18:20.823,0.1,7.8,0.11,0.06
2025-12-31 14:18:21.825,0.2,7.8,0.10,0.05
2025-12-31 14:18:22.828,0.1,7.8,0.10,0.06
2025-12-31 14:18:23.829,0.1,7.8,0.12,0.06
2025-12-31 14:18:24.830,0.0,7.8,0.10,0.06
2025-12-31 14:18:25.831,0.2,7.8,0.10,0.05
2025-12-31 14:18:26.832,0.1,7.8,0.10,0.05
2025-12-31 14:18:27.833,0.0,7.8,0.10,0.05
2025-12-31 14:18:28.834,0.1,7.8,0.11,0.06
2025-12-31 14:18:29.835,0.2,7.8,0.11,0.06
2025-12-31 14:18:30.836,0.2,7.8,0.11,0.06
2025-12-31 14:18:31.837,0.1,7.8,0.11,0.06
2025-12-31 14:18:32.838,0.2,7.8,0.10,0.05
2025-12-31 14:18:33.840,0.1,7.8,0.10,0.05
2025-12-31 14:18:34.841,0.1,7.8,0.10,0.05
2025-12-31 14:18:35.843,0.0,7.8,0.10,0.06
2025-12-31 14:18:36.844,0.2,7.8,0.10,0.06
2025-12-31 14:18:37.845,0.2,7.8,0.10,0.05
2025-12-31 14:18:38.847,0.1,7.8,0.10,0.05
2025-12-31 14:18:39.848,0.2,7.8,0.11,0.06
2025-12-31 14:18:40.849,0.1,7.8,0.12,0.06
2025-12-31 14:18:41.851,0.2,7.8,0.10,0.05
2025-12-31 14:18:42.852,0.2,7.8,0.04,0.03
2025-12-31 14:18:43.854,0.3,7.8,0.21,0.14
2025-12-31 14:18:44.855,1.0,7.8,0.30,0.22
2025-12-31 14:18:45.857,0.8,7.8,0.33,0.23
2025-12-31 14:18:46.859,1.0,7.8,0.30,0.22
2025-12-31 14:18:47.860,1.0,7.8,0.33,0.23
2025-12-31 14:18:48.861,0.8,7.8,0.30,0.22
2025-12-31 14:18:49.862,1.2,7.8,0.33,0.23
2025-12-31 14:18:50.863,1.2,7.8,0.31,0.23
2025-12-31 14:18:51.864,1.2,7.8,0.33,0.23
2025-12-31 14:18:52.866,0.7,7.8,0.26,0.17
2025-12-31 14:18:53.868,0.1,7.8,0.11,0.06
2025-12-31 14:18:54.869,0.1,7.8,0.10,0.05
2025-12-31 14:18:55.871,0.2,7.8,0.10,0.05
2025-12-31 14:18:56.872,0.2,7.8,0.19,0.14
2025-12-31 14:18:57.873,0.2,7.8,0.21,0.16
2025-12-31 14:18:58.875,0.2,7.8,0.22,0.17
2025-12-31 14:18:59.876,0.4,7.8,0.22,0.17
2025-12-31 14:19:00.877,0.1,7.8,0.23,0.17
2025-12-31 14:19:01.879,0.1,7.8,0.22,0.17
2025-12-31 14:19:02.880,0.3,7.8,0.22,0.16
2025-12-31 14:19:03.882,0.1,7.8,0.21,0.16
2025-12-31 14:19:04.883,0.1,7.8,0.22,0.17
2025-12-31 14:19:05.884,0.0,7.8,0.21,0.16
2025-12-31 14:19:06.886,0.1,7.8,0.22,0.17
2025-12-31 14:19:07.887,0.1,7.8,0.18,0.13
2025-12-31 14:19:08.888,0.2,7.8,0.10,0.05
2025-12-31 14:19:09.889,0.0,7.8,0.10,0.05
2025-12-31 14:19:10.891,0.1,7.8,0.11,0.06
2025-12-31 14:19:11.892,0.0,7.8,0.10,0.05
2025-12-31 14:19:12.893,0.0,7.8,0.10,0.05
2025-12-31 14:19:13.894,0.1,7.8,0.10,0.05
2025-12-31 14:19:14.896,0.0,7.8,0.11,0.05
2025-12-31 14:19:15.896,0.0,7.8,0.10,0.05
2025-12-31 14:19:16.898,0.2,7.8,0.10,0.05
2025-12-31 14:19:17.899,0.2,7.8,0.10,0.05
2025-12-31 14:19:18.900,0.1,7.8,0.10,0.05
2025-12-31 14:19:19.902,0.0,7.8,0.10,0.05
2025-12-31 14:19:20.903,0.1,7.8,0.11,0.06
2025-12-31 14:19:21.905,0.1,7.8,0.10,0.05
2025-12-31 14:19:22.906,0.2,7.8,0.10,0.05
2025-12-31 14:19:23.907,0.1,7.8,0.11,0.05
2025-12-31 14:19:24.908,0.0,7.8,0.10,0.05
2025-12-31 14:19:25.909,0.1,7.8,0.10,0.06
2025-12-31 14:19:26.910,0.1,7.8,0.10,0.05
2025-12-31 14:19:27.912,0.0,7.8,0.10,0.05
2025-12-31 14:19:28.913,0.0,7.8,0.10,0.05
2025-12-31 14:19:29.914,0.1,7.8,0.10,0.05
2025-12-31 14:19:30.916,0.2,7.8,0.11,0.06
2025-12-31 14:19:31.917,0.1,7.8,0.10,0.05
2025-12-31 14:19:32.919,0.1,7.8,0.10,0.05
2025-12-31 14:19:33.920,0.0,7.8,0.11,0.05
2025-12-31 14:19:34.921,0.2,7.8,0.10,0.05
2025-12-31 14:19:35.922,0.1,7.8,0.10,0.05
2025-12-31 14:19:36.923,0.2,7.8,0.10,0.05
2025-12-31 14:19:37.925,0.1,7.8,0.10,0.05
2025-12-31 14:19:38.926,0.2,7.8,0.10,0.05
2025-12-31 14:19:39.928,0.0,7.8,0.10,0.05
2025-12-31 14:19:40.930,0.1,7.8,0.11,0.05
2025-12-31 14:19:41.931,0.1,7.8,0.10,0.05
2025-12-31 14:19:42.933,0.0,7.8,0.10,0.05
2025-12-31 14:19:43.935,0.1,7.8,0.10,0.05
2025-12-31 14:19:44.936,0.1,7.8,0.10,0.05
2025-12-31 14:19:45.937,0.1,7.8,0.11,0.06
2025-12-31 14:19:46.938,0.1,7.8,0.10,0.05
2025-12-31 14:19:47.940,0.0,7.8,0.10,0.05
2025-12-31 14:19:48.941,0.0,7.8,0.10,0.05
2025-12-31 14:19:49.942,0.1,7.8,0.10,0.05
2025-12-31 14:19:50.943,0.0,7.8,0.11,0.06
2025-12-31 14:19:51.944,0.0,7.8,0.10,0.05
2025-12-31 14:19:52.946,0.1,7.8,0.11,0.07
2025-12-31 14:19:53.947,0.3,7.8,0.20,0.17
2025-12-31 14:19:54.948,0.3,7.8,0.22,0.17
2025-12-31 14:19:55.950,0.0,7.8,0.19,0.16
2025-12-31 14:19:56.952,0.0,7.8,0.22,0.17
2025-12-31 14:19:57.953,0.2,7.8,0.19,0.16
2025-12-31 14:19:58.954,0.0,7.8,0.22,0.17
2025-12-31 14:19:59.955,0.1,7.8,0.19,0.16
2025-12-31 14:20:00.956,0.0,7.8,0.22,0.17
2025-12-31 14:20:01.958,0.1,7.8,0.23,0.18
2025-12-31 14:20:02.959,0.1,7.8,0.11,0.05
2025-12-31 14:20:03.960,0.0,7.8,0.10,0.05
2025-12-31 14:20:04.962,0.0,7.8,0.11,0.05
2025-12-31 14:20:05.963,0.1,7.8,0.10,0.05
2025-12-31 14:20:06.964,0.0,7.8,0.10,0.05
2025-12-31 14:20:07.966,0.1,7.8,0.10,0.05
2025-12-31 14:20:08.967,0.1,7.8,0.10,0.05
2025-12-31 14:20:09.969,0.0,7.8,0.10,0.05
2025-12-31 14:20:10.970,0.1,7.8,0.11,0.06
2025-12-31 14:20:11.972,0.0,7.8,0.10,0.05
2025-12-31 14:20:12.974,0.0,7.8,0.10,0.05
2025-12-31 14:20:13.975,0.1,7.8,0.07,0.04
2025-12-31 14:20:14.977,0.1,7.8,0.10,0.08
2025-12-31 14:20:15.979,0.2,7.8,0.22,0.17
2025-12-31 14:20:16.980,0.2,7.8,0.19,0.16
2025-12-31 14:20:17.982,0.0,7.8,0.22,0.17
2025-12-31 14:20:18.983,0.2,7.8,0.19,0.16
2025-12-31 14:20:19.985,0.2,7.8,0.22,0.17
2025-12-31 14:20:20.986,0.0,7.8,0.20,0.17
2025-12-31 14:20:21.987,0.2,7.8,0.22,0.17
2025-12-31 14:20:22.988,0.3,7.8,0.19,0.16
2025-12-31 14:20:23.989,0.1,7.8,0.24,0.17
2025-12-31 14:20:24.990,0.0,7.8,0.10,0.05
2025-12-31 14:20:25.992,0.0,7.8,0.10,0.05
2025-12-31 14:20:26.993,0.1,7.8,0.10,0.05
2025-12-31 14:20:27.995,0.1,7.8,0.10,0.05
2025-12-31 14:20:28.997,0.0,7.8,0.10,0.05
2025-12-31 14:20:29.998,0.0,7.8,0.11,0.05
2025-12-31 14:20:31.000,0.1,7.8,0.11,0.05
2025-12-31 14:20:32.001,0.0,7.8,0.10,0.05
2025-12-31 14:20:33.002,0.1,7.8,0.10,0.05
2025-12-31 14:20:34.003,0.0,7.8,0.10,0.05
2025-12-31 14:20:35.004,0.0,7.8,0.10,0.05
2025-12-31 14:20:36.006,0.2,7.8,0.11,0.06
2025-12-31 14:20:37.008,0.1,7.8,0.10,0.06
2025-12-31 14:20:38.009,0.1,7.8,0.10,0.05
2025-12-31 14:20:39.010,0.0,7.8,0.10,0.06
2025-12-31 14:20:40.011,0.1,7.8,0.10,0.05
2025-12-31 14:20:41.013,0.1,7.8,0.11,0.05
2025-12-31 14:20:42.014,0.2,7.8,0.11,0.06
2025-12-31 14:20:43.015,0.0,7.8,0.10,0.05
2025-12-31 14:20:44.017,0.1,7.8,0.10,0.05
2025-12-31 14:20:45.019,0.1,7.8,0.10,0.05
2025-12-31 14:20:46.020,0.1,7.8,0.10,0.05
2025-12-31 14:20:47.022,0.2,7.8,0.10,0.05
2025-12-31 14:20:48.023,0.0,7.8,0.10,0.05
2025-12-31 14:20:49.024,0.0,7.8,0.10,0.05
2025-12-31 14:20:50.026,0.1,7.8,0.10,0.05
2025-12-31 14:20:51.027,0.0,7.8,0.11,0.06
2025-12-31 14:20:52.029,0.1,7.8,0.10,0.05
2025-12-31 14:20:53.030,0.0,7.8,0.11,0.06
2025-12-31 14:20:54.031,0.1,7.8,0.10,0.05
2025-12-31 14:20:55.032,0.0,7.8,0.10,0.05
2025-12-31 14:20:56.033,0.0,7.8,0.10,0.05
2025-12-31 14:20:57.036,0.1,7.8,0.10,0.05
2025-12-31 14:20:58.037,0.0,7.8,0.10,0.05
2025-12-31 14:20:59.038,0.1,7.8,0.10,0.05
2025-12-31 14:21:00.039,0.1,7.8,0.10,0.05
2025-12-31 14:21:01.040,0.1,7.8,0.11,0.05
2025-12-31 14:21:02.042,0.0,7.8,0.11,0.06
2025-12-31 14:21:03.043,0.1,7.8,0.11,0.05
2025-12-31 14:21:04.045,0.0,7.8,0.10,0.05
2025-12-31 14:21:05.047,0.1,7.8,0.10,0.05
2025-12-31 14:21:06.049,0.1,7.8,0.10,0.05
2025-12-31 14:21:07.050,0.0,7.8,0.11,0.05
2025-12-31 14:21:08.052,0.2,7.8,0.10,0.05
2025-12-31 14:21:09.053,0.1,7.8,0.10,0.05
2025-12-31 14:21:10.055,0.0,7.8,0.10,0.05
2025-12-31 14:21:11.056,0.1,7.8,0.11,0.06
2025-12-31 14:21:12.058,0.2,7.8,0.10,0.05
2025-12-31 14:21:13.059,0.2,7.8,0.10,0.05
2025-12-31 14:21:14.060,0.2,7.8,0.11,0.05
2025-12-31 14:21:15.062,0.2,7.8,0.10,0.05
2025-12-31 14:21:16.063,0.2,7.8,0.10,0.05
2025-12-31 14:21:17.065,0.4,7.8,0.10,0.05
2025-12-31 14:21:18.066,0.4,7.8,0.10,0.05
2025-12-31 14:21:19.067,0.5,7.8,0.10,0.05
2025-12-31 14:21:20.069,0.2,7.8,0.10,0.05
2025-12-31 14:21:21.070,0.3,7.8,0.11,0.05
2025-12-31 14:21:22.072,0.5,7.8,0.10,0.05
2025-12-31 14:21:23.073,0.3,7.8,0.10,0.05
2025-12-31 14:21:24.075,0.4,7.8,0.10,0.05
2025-12-31 14:21:25.076,0.3,7.8,0.11,0.05
2025-12-31 14:21:26.077,0.2,7.8,0.10,0.05
2025-12-31 14:21:27.078,0.4,7.8,0.10,0.05
2025-12-31 14:21:28.079,0.2,7.8,0.10,0.05
2025-12-31 14:21:29.081,0.2,7.8,0.10,0.05
2025-12-31 14:21:30.082,0.2,7.8,0.10,0.05
2025-12-31 14:21:31.083,0.2,7.8,0.11,0.06
2025-12-31 14:21:32.084,0.2,7.8,0.10,0.05
2025-12-31 14:21:33.085,0.0,7.8,0.10,0.05
2025-12-31 14:21:34.086,0.1,7.8,0.10,0.05
2025-12-31 14:21:35.087,0.2,7.8,0.10,0.05
2025-12-31 14:21:36.088,0.0,7.8,0.11,0.05
2025-12-31 14:21:37.089,0.2,7.8,0.10,0.05
2025-12-31 14:21:38.091,0.1,7.8,0.11,0.05
2025-12-31 14:21:39.092,0.0,7.8,0.10,0.05
2025-12-31 14:21:40.094,0.0,7.8,0.11,0.06
2025-12-31 14:21:41.095,0.1,7.8,0.11,0.06
2025-12-31 14:21:42.096,0.1,7.8,0.10,0.05
2025-12-31 14:21:43.098,0.1,7.8,0.10,0.05
2025-12-31 14:21:44.099,0.2,7.8,0.10,0.05
2025-12-31 14:21:45.101,0.0,7.8,0.10,0.05
2025-12-31 14:21:46.103,0.1,7.8,0.10,0.05
2025-12-31 14:21:47.104,0.2,7.8,0.10,0.06
2025-12-31 14:21:48.106,0.0,7.8,0.10,0.05
2025-12-31 14:21:49.107,0.2,7.8,0.10,0.05
2025-12-31 14:21:50.109,0.1,7.8,0.10,0.05
2025-12-31 14:21:51.110,0.2,7.8,0.11,0.06
2025-12-31 14:21:52.111,0.1,7.8,0.10,0.05
2025-12-31 14:21:53.113,0.1,7.8,0.10,0.05
2025-12-31 14:21:54.114,0.2,7.8,0.10,0.05
2025-12-31 14:21:55.115,0.2,7.8,0.10,0.05
2025-12-31 14:21:56.116,0.2,7.8,0.10,0.05
2025-12-31 14:21:57.117,0.0,7.8,0.10,0.05
2025-12-31 14:21:58.118,0.1,7.8,0.11,0.05
2025-12-31 14:21:59.119,0.0,7.8,0.10,0.05
2025-12-31 14:22:00.120,0.2,7.8,0.10,0.05
2025-12-31 14:22:01.122,0.1,7.8,0.10,0.05
2025-12-31 14:22:02.123,0.2,7.8,0.10,0.05
2025-12-31 14:22:03.125,0.1,7.8,0.10,0.05
2025-12-31 14:22:04.126,0.1,7.8,0.10,0.05
2025-12-31 14:22:05.133,0.2,7.8,0.10,0.05
2025-12-31 14:22:06.135,0.0,7.8,0.10,0.05
2025-12-31 14:22:07.136,0.2,7.8,0.10,0.05
2025-12-31 14:22:08.137,0.2,7.8,0.10,0.05
2025-12-31 14:22:09.138,0.0,7.8,0.11,0.05
2025-12-31 14:22:10.140,0.1,7.8,0.10,0.05
2025-12-31 14:22:11.141,0.2,7.8,0.11,0.05
2025-12-31 14:22:12.142,0.1,7.8,0.10,0.05
2025-12-31 14:22:13.143,0.2,7.8,0.10,0.05
2025-12-31 14:22:14.145,0.1,7.8,0.10,0.05
2025-12-31 14:22:15.147,0.1,7.8,0.10,0.05
2025-12-31 14:22:16.149,0.1,7.8,0.10,0.05
2025-12-31 14:22:17.150,0.2,7.8,0.10,0.05
2025-12-31 14:22:18.152,0.0,7.8,0.11,0.06
2025-12-31 14:22:19.153,0.1,7.8,0.10,0.05
2025-12-31 14:22:20.154,0.1,7.8,0.10,0.05
2025-12-31 14:22:21.155,0.0,7.8,0.11,0.05
2025-12-31 14:22:22.157,0.0,7.8,0.10,0.05
2025-12-31 14:22:23.158,0.1,7.8,0.10,0.06
2025-12-31 14:22:24.159,0.0,7.8,0.10,0.05
2025-12-31 14:22:25.160,0.1,7.8,0.10,0.05
2025-12-31 14:22:26.161,0.1,7.8,0.10,0.05
2025-12-31 14:22:27.162,0.0,7.8,0.10,0.05
2025-12-31 14:22:28.164,0.0,7.8,0.10,0.05
2025-12-31 14:22:29.165,0.1,7.8,0.10,0.05
2025-12-31 14:22:30.166,0.0,7.8,0.10,0.05
2025-12-31 14:22:31.167,0.0,7.8,0.11,0.06
2025-12-31 14:22:32.169,0.1,7.8,0.10,0.05
2025-12-31 14:22:33.170,0.1,7.8,0.10,0.05
2025-12-31 14:22:34.179,0.1,7.8,0.10,0.05
2025-12-31 14:22:35.181,0.0,7.8,0.10,0.05
2025-12-31 14:22:36.182,0.1,7.8,0.11,0.06
2025-12-31 14:22:37.183,0.0,7.8,0.11,0.05
2025-12-31 14:22:38.184,0.1,7.8,0.10,0.05
2025-12-31 14:22:39.186,0.1,7.8,0.10,0.05
2025-12-31 14:22:40.188,0.0,7.8,0.10,0.05
2025-12-31 14:22:41.189,0.1,7.8,0.11,0.06
2025-12-31 14:22:42.190,0.0,7.8,0.11,0.05
2025-12-31 14:22:43.191,0.1,7.8,0.10,0.05
2025-12-31 14:22:44.193,0.0,7.8,0.10,0.05
2025-12-31 14:22:45.194,0.1,7.8,0.10,0.05
2025-12-31 14:22:46.196,0.0,7.8,0.10,0.05
2025-12-31 14:22:47.198,0.1,7.8,0.10,0.05
2025-12-31 14:22:48.199,0.0,7.8,0.10,0.05
2025-12-31 14:22:49.200,0.2,7.8,0.10,0.05
2025-12-31 14:22:50.202,0.0,7.8,0.10,0.05
2025-12-31 14:22:51.203,0.1,7.8,0.11,0.05
2025-12-31 14:22:52.205,0.0,7.8,0.10,0.05
2025-12-31 14:22:53.205,0.2,7.8,0.11,0.05
2025-12-31 14:22:54.207,0.0,7.8,0.10,0.05
2025-12-31 14:22:55.208,0.1,7.8,0.10,0.05
2025-12-31 14:22:56.209,0.0,7.8,0.11,0.06
2025-12-31 14:22:57.211,0.0,7.8,0.10,0.05
2025-12-31 14:22:58.212,0.1,7.8,0.10,0.05
2025-12-31 14:22:59.213,0.1,7.8,0.10,0.05
2025-12-31 14:23:00.214,0.0,7.8,0.10,0.05
2025-12-31 14:23:01.215,0.0,7.8,0.11,0.05
2025-12-31 14:23:02.217,0.1,7.8,0.10,0.05
2025-12-31 14:23:03.219,0.0,7.8,0.10,0.05
2025-12-31 14:23:04.221,0.1,7.8,0.11,0.05
2025-12-31 14:23:05.222,0.0,7.8,0.10,0.05
2025-12-31 14:23:06.224,0.0,7.8,0.10,0.05
2025-12-31 14:23:07.225,0.1,7.8,0.10,0.05
2025-12-31 14:23:08.226,0.0,7.8,0.10,0.05
2025-12-31 14:23:09.228,0.1,7.8,0.10,0.05
2025-12-31 14:23:10.230,0.0,7.8,0.10,0.05
2025-12-31 14:23:11.231,0.2,7.8,0.11,0.06
2025-12-31 14:23:12.232,0.0,7.8,0.10,0.05
2025-12-31 14:23:13.233,0.0,7.8,0.10,0.05
2025-12-31 14:23:14.235,0.1,7.8,0.10,0.05
2025-12-31 14:23:15.237,0.0,7.8,0.11,0.05
2025-12-31 14:23:16.239,0.1,7.8,0.10,0.05
2025-12-31 14:23:17.240,0.1,7.8,0.10,0.05
2025-12-31 14:23:18.241,0.0,7.8,0.10,0.05
2025-12-31 14:23:19.242,0.1,7.8,0.10,0.05
2025-12-31 14:23:20.244,0.1,7.8,0.10,0.05
2025-12-31 14:23:21.245,0.0,7.8,0.11,0.06
2025-12-31 14:23:22.247,0.1,7.8,0.10,0.05
2025-12-31 14:23:23.248,0.1,7.8,0.10,0.05
2025-12-31 14:23:24.250,0.1,7.8,0.10,0.05
2025-12-31 14:23:25.251,0.0,7.8,0.10,0.05
2025-12-31 14:23:26.253,0.1,7.8,0.11,0.05
2025-12-31 14:23:27.254,0.1,7.8,0.10,0.05
2025-12-31 14:23:28.255,0.1,7.8,0.10,0.05
2025-12-31 14:23:29.257,0.0,7.8,0.10,0.05
2025-12-31 14:23:30.259,0.1,7.8,0.10,0.05
2025-12-31 14:23:31.260,0.1,7.8,0.11,0.05
2025-12-31 14:23:32.261,0.0,7.8,0.10,0.05
2025-12-31 14:23:33.262,0.0,7.8,0.10,0.05
2025-12-31 14:23:34.263,0.0,7.8,0.11,0.06
2025-12-31 14:23:35.264,0.2,7.8,0.10,0.05
2025-12-31 14:23:36.266,0.0,7.8,0.10,0.05
2025-12-31 14:23:37.268,0.0,7.8,0.11,0.05
2025-12-31 14:23:38.269,0.0,7.8,0.10,0.05
2025-12-31 14:23:39.271,0.0,7.8,0.10,0.05
2025-12-31 14:23:40.272,0.1,7.8,0.10,0.05
2025-12-31 14:23:41.274,0.0,7.8,0.11,0.05
2025-12-31 14:23:42.275,0.1,7.8,0.10,0.05
2025-12-31 14:23:43.277,0.0,7.8,0.10,0.05
2025-12-31 14:23:44.278,0.0,7.8,0.10,0.05
2025-12-31 14:23:45.280,0.1,7.8,0.10,0.05
2025-12-31 14:23:46.282,0.1,7.8,0.11,0.05
2025-12-31 14:23:47.283,0.1,7.8,0.10,0.05
2025-12-31 14:23:48.285,0.0,7.8,0.11,0.05
2025-12-31 14:23:49.286,0.0,7.8,0.10,0.05
2025-12-31 14:23:50.287,0.1,7.8,0.10,0.05
2025-12-31 14:23:51.289,0.0,7.8,0.11,0.06
2025-12-31 14:23:52.290,0.0,7.8,0.10,0.05
2025-12-31 14:23:53.291,0.1,7.8,0.10,0.05
2025-12-31 14:23:54.293,0.0,7.8,0.10,0.05
2025-12-31 14:23:55.294,0.0,7.8,0.10,0.05
2025-12-31 14:23:56.296,0.1,7.8,0.10,0.05
2025-12-31 14:23:57.298,0.0,7.8,0.10,0.05
2025-12-31 14:23:58.299,0.1,7.8,0.10,0.05
2025-12-31 14:23:59.300,0.1,7.8,0.12,0.06
2025-12-31 14:24:00.302,0.2,7.8,0.10,0.05
2025-12-31 14:24:01.303,0.2,7.8,0.11,0.06
2025-12-31 14:24:02.304,0.1,7.8,0.10,0.05
2025-12-31 14:24:03.305,0.1,7.8,0.10,0.05
2025-12-31 14:24:04.307,0.0,7.8,0.10,0.06
2025-12-31 14:24:05.308,0.1,7.8,0.10,0.07
2025-12-31 14:24:06.309,0.1,7.8,0.10,0.06
2025-12-31 14:24:07.310,0.1,7.8,0.10,0.06
2025-12-31 14:24:08.311,0.0,7.8,0.10,0.06
2025-12-31 14:24:09.312,0.1,7.8,0.10,0.06
2025-12-31 14:24:10.313,0.1,7.8,0.10,0.06
2025-12-31 14:24:11.314,0.1,7.8,0.11,0.06
2025-12-31 14:24:12.316,0.0,7.8,0.10,0.06
2025-12-31 14:24:13.318,0.0,7.8,0.11,0.06
2025-12-31 14:24:14.319,0.0,7.8,0.10,0.05
2025-12-31 14:24:15.321,0.1,7.8,0.11,0.06
2025-12-31 14:24:16.321,0.1,7.8,0.10,0.06
2025-12-31 14:24:17.322,0.1,7.8,0.10,0.05
2025-12-31 14:24:18.323,0.1,7.8,0.10,0.05
2025-12-31 14:24:19.324,0.0,7.8,0.10,0.05
2025-12-31 14:24:20.325,0.0,7.8,0.10,0.05
2025-12-31 14:24:21.326,0.0,7.8,0.11,0.06
2025-12-31 14:24:22.328,0.0,7.8,0.10,0.05
2025-12-31 14:24:23.329,0.2,7.8,0.10,0.05
2025-12-31 14:24:24.330,0.1,7.8,0.10,0.05
2025-12-31 14:24:25.332,0.0,7.8,0.10,0.05
2025-12-31 14:24:26.333,0.1,7.8,0.10,0.05
2025-12-31 14:24:27.335,0.2,7.8,0.10,0.05
2025-12-31 14:24:28.336,0.1,7.8,0.10,0.05
2025-12-31 14:24:29.337,0.0,7.8,0.10,0.05
2025-12-31 14:24:30.339,0.1,7.8,0.10,0.05
2025-12-31 14:24:31.340,0.2,7.8,0.11,0.05
2025-12-31 14:24:32.341,0.2,7.8,0.11,0.05
2025-12-31 14:24:33.343,0.2,7.8,0.10,0.05
2025-12-31 14:24:34.345,0.2,7.8,0.10,0.05
2025-12-31 14:24:35.346,0.5,7.8,0.10,0.05
2025-12-31 14:24:36.348,0.3,7.8,0.10,0.05
2025-12-31 14:24:37.349,0.5,7.8,0.10,0.05
2025-12-31 14:24:38.350,0.3,7.8,0.10,0.05
2025-12-31 14:24:39.351,0.2,7.8,0.10,0.05
2025-12-31 14:24:40.352,0.4,7.8,0.10,0.05
2025-12-31 14:24:41.353,0.2,7.8,0.11,0.06
2025-12-31 14:24:42.354,0.3,7.8,0.10,0.05
2025-12-31 14:24:43.355,0.4,7.8,0.11,0.06
2025-12-31 14:24:44.356,0.3,7.8,0.10,0.05
2025-12-31 14:24:45.358,0.2,7.8,0.10,0.05
2025-12-31 14:24:46.359,0.3,7.8,0.10,0.05
2025-12-31 14:24:47.360,0.4,7.8,0.10,0.05
2025-12-31 14:24:48.361,0.3,7.8,0.10,0.05
2025-12-31 14:24:49.362,0.2,7.8,0.10,0.05
2025-12-31 14:24:50.363,0.4,7.8,0.11,0.06
2025-12-31 14:24:51.364,0.2,7.8,0.11,0.06
2025-12-31 14:24:52.365,0.1,7.8,0.10,0.05
2025-12-31 14:24:53.366,0.1,7.8,0.10,0.05
2025-12-31 14:24:54.367,0.2,7.8,0.11,0.05
2025-12-31 14:24:55.368,0.1,7.8,0.10,0.05
2025-12-31 14:24:56.369,0.2,7.8,0.10,0.05
2025-12-31 14:24:57.370,0.2,7.8,0.10,0.05
2025-12-31 14:24:58.371,0.2,7.8,0.10,0.05
2025-12-31 14:24:59.372,0.1,7.8,0.10,0.05
2025-12-31 14:25:00.373,0.1,7.8,0.10,0.05
2025-12-31 14:25:01.374,0.1,7.8,0.10,0.05
2025-12-31 14:25:02.375,0.2,7.8,0.10,0.05
2025-12-31 14:25:03.377,0.1,7.8,0.10,0.05
2025-12-31 14:25:04.378,0.1,7.8,0.10,0.07
2025-12-31 14:25:05.379,0.1,7.8,0.11,0.08
2025-12-31 14:25:06.380,0.2,7.8,0.10,0.06
2025-12-31 14:25:07.381,0.3,7.8,0.11,0.05
2025-12-31 14:25:08.383,0.2,7.8,0.10,0.06
2025-12-31 14:25:09.385,0.4,7.8,0.10,0.05
2025-12-31 14:25:10.386,0.2,7.8,0.10,0.06
2025-12-31 14:25:11.388,0.2,7.8,0.11,0.06
2025-12-31 14:25:12.389,0.2,7.8,0.10,0.06
2025-12-31 14:25:13.391,0.2,7.8,0.10,0.05
2025-12-31 14:25:14.393,0.3,7.8,0.10,0.05
2025-12-31 14:25:15.395,0.2,7.8,0.11,0.05
2025-12-31 14:25:16.396,0.2,7.8,0.10,0.05
2025-12-31 14:25:17.398,0.3,7.8,0.10,0.05
2025-12-31 14:25:18.399,0.2,7.8,0.10,0.05
2025-12-31 14:25:19.401,0.2,7.8,0.11,0.06
2025-12-31 14:25:20.403,0.1,7.8,0.10,0.05
2025-12-31 14:25:21.404,0.1,7.8,0.11,0.05
2025-12-31 14:25:22.405,0.1,7.8,0.10,0.05
2025-12-31 14:25:23.406,0.1,7.8,0.10,0.05
2025-12-31 14:25:24.407,0.1,7.8,0.10,0.05
2025-12-31 14:25:25.409,0.1,7.8,0.10,0.05
2025-12-31 14:25:26.411,0.2,7.8,0.10,0.05
2025-12-31 14:25:27.412,0.1,7.8,0.11,0.05
2025-12-31 14:25:28.414,0.2,7.8,0.10,0.05
2025-12-31 14:25:29.417,0.1,7.8,0.11,0.06
2025-12-31 14:25:30.419,0.1,7.8,0.10,0.05
2025-12-31 14:25:31.421,0.1,7.8,0.11,0.05
2025-12-31 14:25:32.422,0.1,7.8,0.10,0.05
2025-12-31 14:25:33.423,0.2,7.8,0.10,0.06
2025-12-31 14:25:34.424,0.1,7.8,0.10,0.05
2025-12-31 14:25:35.426,0.1,7.8,0.10,0.05
2025-12-31 14:25:36.428,0.1,7.8,0.10,0.05
2025-12-31 14:25:37.429,0.1,7.8,0.10,0.05
2025-12-31 14:25:38.431,0.1,7.8,0.11,0.05
2025-12-31 14:25:39.433,0.1,7.8,0.10,0.05
2025-12-31 14:25:40.434,0.0,7.8,0.10,0.05
2025-12-31 14:25:41.436,0.1,7.8,0.11,0.06
2025-12-31 14:25:42.437,0.0,7.8,0.10,0.05
2025-12-31 14:25:43.439,0.1,7.8,0.10,0.05
2025-12-31 14:25:44.440,0.2,7.8,0.10,0.05
2025-12-31 14:25:45.441,0.0,7.8,0.10,0.05
2025-12-31 14:25:46.442,0.1,7.8,0.11,0.05
2025-12-31 14:25:47.443,0.1,7.8,0.10,0.05
2025-12-31 14:25:48.445,0.0,7.8,0.10,0.05
2025-12-31 14:25:49.446,0.2,7.8,0.11,0.05
2025-12-31 14:25:50.447,0.1,7.8,0.10,0.05
2025-12-31 14:25:51.449,0.0,7.8,0.10,0.05
2025-12-31 14:25:52.451,0.0,7.8,0.10,0.05
2025-12-31 14:25:53.453,0.2,7.8,0.10,0.05
2025-12-31 14:25:54.454,0.1,7.8,0.10,0.05
2025-12-31 14:25:55.456,0.1,7.8,0.10,0.05
2025-12-31 14:25:56.457,0.0,7.8,0.10,0.05
2025-12-31 14:25:57.459,0.1,7.8,0.10,0.05
2025-12-31 14:25:58.460,0.0,7.8,0.10,0.05
2025-12-31 14:25:59.462,0.1,7.8,0.10,0.05
2025-12-31 14:26:00.463,0.0,7.8,0.10,0.05
2025-12-31 14:26:01.465,0.2,7.8,0.10,0.05
2025-12-31 14:26:02.466,0.0,7.8,0.10,0.05
2025-12-31 14:26:03.468,0.1,7.8,0.10,0.05
2025-12-31 14:26:04.469,0.0,7.8,0.10,0.05
2025-12-31 14:26:05.471,0.0,7.8,0.10,0.05
2025-12-31 14:26:06.473,0.1,7.8,0.11,0.06
2025-12-31 14:26:07.475,0.1,7.8,0.10,0.05
2025-12-31 14:26:08.476,0.1,7.8,0.10,0.05
2025-12-31 14:26:09.477,0.0,7.8,0.10,0.05
2025-12-31 14:26:10.478,0.1,7.8,0.10,0.05
2025-12-31 14:26:11.479,0.1,7.8,0.10,0.05
2025-12-31 14:26:12.480,0.0,7.8,0.10,0.05
2025-12-31 14:26:13.481,0.1,7.8,0.10,0.05
2025-12-31 14:26:14.482,0.1,7.8,0.10,0.05
2025-12-31 14:26:15.483,0.0,7.8,0.10,0.05
2025-12-31 14:26:16.484,0.1,7.8,0.10,0.05
2025-12-31 14:26:17.485,0.1,7.8,0.10,0.05
2025-12-31 14:26:18.486,0.0,7.8,0.10,0.05
2025-12-31 14:26:19.487,0.1,7.8,0.10,0.05
2025-12-31 14:26:20.488,0.0,7.8,0.10,0.05
2025-12-31 14:26:21.489,0.1,7.8,0.10,0.05
2025-12-31 14:26:22.491,0.0,7.8,0.10,0.05
2025-12-31 14:26:23.492,0.1,7.8,0.10,0.05
2025-12-31 14:26:24.494,0.1,7.8,0.10,0.05
2025-12-31 14:26:25.496,0.1,7.8,0.10,0.05
2025-12-31 14:26:26.497,0.0,7.8,0.10,0.05
2025-12-31 14:26:27.498,0.0,7.8,0.10,0.05
2025-12-31 14:26:28.500,0.1,7.8,0.10,0.05
2025-12-31 14:26:29.503,0.0,7.8,0.10,0.05
2025-12-31 14:26:30.504,0.0,7.8,0.10,0.05
2025-12-31 14:26:31.506,0.1,7.8,0.10,0.05
2025-12-31 14:26:32.507,0.2,7.8,0.10,0.05
2025-12-31 14:26:33.509,0.0,7.8,0.10,0.05
2025-12-31 14:26:34.510,0.1,7.8,0.10,0.05
2025-12-31 14:26:35.512,0.0,7.8,0.10,0.05
2025-12-31 14:26:36.514,0.0,7.8,0.10,0.05
2025-12-31 14:26:37.515,0.1,7.8,0.10,0.05
2025-12-31 14:26:38.517,0.0,7.8,0.10,0.05
2025-12-31 14:26:39.518,0.1,7.8,0.10,0.05
2025-12-31 14:26:40.520,0.1,7.8,0.10,0.05
2025-12-31 14:26:41.521,0.0,7.8,0.10,0.05
2025-12-31 14:26:42.523,0.0,7.8,0.10,0.05
2025-12-31 14:26:43.524,0.2,7.8,0.10,0.05
2025-12-31 14:26:44.526,0.0,7.8,0.10,0.05
2025-12-31 14:26:45.528,0.1,7.8,0.10,0.05
2025-12-31 14:26:46.530,0.1,7.8,0.10,0.05
2025-12-31 14:26:47.531,0.0,7.8,0.10,0.05
2025-12-31 14:26:48.532,0.1,7.8,0.10,0.05
2025-12-31 14:26:49.534,0.1,7.8,0.10,0.05
2025-12-31 14:26:50.535,0.1,7.8,0.10,0.05
2025-12-31 14:26:51.536,0.1,7.8,0.10,0.05
2025-12-31 14:26:52.537,0.0,7.8,0.10,0.05
2025-12-31 14:26:53.538,0.0,7.8,0.10,0.05
2025-12-31 14:26:54.540,0.0,7.8,0.10,0.05
2025-12-31 14:26:55.541,0.1,7.8,0.10,0.05
2025-12-31 14:26:56.543,0.2,7.8,0.10,0.05
2025-12-31 14:26:57.545,0.0,7.8,0.10,0.05
2025-12-31 14:26:58.547,0.0,7.8,0.10,0.05
2025-12-31 14:26:59.548,0.1,7.8,0.10,0.05
2025-12-31 14:27:00.551,0.1,7.8,0.10,0.05
2025-12-31 14:27:01.552,0.0,7.8,0.10,0.05
2025-12-31 14:27:02.554,0.0,7.8,0.10,0.05
2025-12-31 14:27:03.555,0.2,7.8,0.10,0.05
2025-12-31 14:27:04.557,0.0,7.8,0.10,0.05
2025-12-31 14:27:05.558,0.0,7.8,0.10,0.05
2025-12-31 14:27:06.560,0.1,7.8,0.10,0.05
2025-12-31 14:27:07.562,0.0,7.8,0.10,0.05
2025-12-31 14:27:08.563,0.1,7.8,0.10,0.05
2025-12-31 14:27:09.565,0.0,7.8,0.10,0.05
2025-12-31 14:27:10.567,0.1,7.8,0.09,0.05
2025-12-31 14:27:11.568,0.0,7.8,0.10,0.05
2025-12-31 14:27:12.571,0.1,7.8,0.10,0.05
2025-12-31 14:27:13.573,0.0,7.8,0.09,0.05
2025-12-31 14:27:14.574,0.2,7.8,0.10,0.05
2025-12-31 14:27:15.576,0.2,7.8,0.10,0.05
2025-12-31 14:27:16.577,0.2,7.8,0.10,0.05
2025-12-31 14:27:17.579,0.2,7.8,0.10,0.05
2025-12-31 14:27:18.579,0.1,7.8,0.10,0.05
2025-12-31 14:27:19.580,0.1,7.8,0.10,0.05
2025-12-31 14:27:20.582,0.2,7.8,0.10,0.05
2025-12-31 14:27:21.583,0.1,7.8,0.10,0.05
2025-12-31 14:27:22.584,0.2,7.8,0.10,0.05
2025-12-31 14:27:23.585,0.2,7.8,0.10,0.05
2025-12-31 14:27:24.586,0.2,7.8,0.10,0.05
2025-12-31 14:27:25.587,0.1,7.8,0.10,0.05
2025-12-31 14:27:26.589,0.1,7.8,0.10,0.05
2025-12-31 14:27:27.590,0.1,7.8,0.10,0.05
2025-12-31 14:27:28.591,0.2,7.8,0.10,0.05
2025-12-31 14:27:29.592,0.2,7.8,0.09,0.05
2025-12-31 14:27:30.593,0.1,7.8,0.10,0.05
2025-12-31 14:27:31.595,0.1,7.8,0.10,0.05
2025-12-31 14:27:32.597,0.1,7.8,0.10,0.05
2025-12-31 14:27:33.598,0.1,7.8,0.10,0.05
2025-12-31 14:27:34.600,0.0,7.8,0.10,0.05
2025-12-31 14:27:35.601,0.2,7.8,0.10,0.05
2025-12-31 14:27:36.602,0.0,7.8,0.10,0.05
2025-12-31 14:27:37.603,0.1,7.8,0.10,0.05
2025-12-31 14:27:38.605,0.1,7.8,0.10,0.05
2025-12-31 14:27:39.606,0.0,7.8,0.10,0.05
2025-12-31 14:27:40.608,0.1,7.8,0.10,0.05
2025-12-31 14:27:41.610,0.1,7.8,0.10,0.05
2025-12-31 14:27:42.611,0.0,7.8,0.10,0.05
2025-12-31 14:27:43.613,0.2,7.8,0.10,0.05
2025-12-31 14:27:44.615,0.1,7.8,0.10,0.05
2025-12-31 14:27:45.617,0.2,7.8,0.10,0.05
2025-12-31 14:27:46.618,0.2,7.8,0.10,0.05
2025-12-31 14:27:47.620,0.2,7.8,0.10,0.05
2025-12-31 14:27:48.621,0.4,7.8,0.10,0.05
2025-12-31 14:27:49.622,0.2,7.8,0.10,0.05
2025-12-31 14:27:50.624,0.4,7.8,0.10,0.05
2025-12-31 14:27:51.625,0.2,7.8,0.10,0.05
2025-12-31 14:27:52.627,0.2,7.8,0.10,0.05
2025-12-31 14:27:53.629,0.3,7.8,0.10,0.05
2025-12-31 14:27:54.631,0.2,7.8,0.10,0.05
2025-12-31 14:27:55.632,0.5,7.8,0.10,0.05
2025-12-31 14:27:56.634,0.5,7.8,0.10,0.05
2025-12-31 14:27:57.635,0.3,7.8,0.10,0.05
2025-12-31 14:27:58.637,0.3,7.8,0.10,0.05
2025-12-31 14:27:59.638,0.4,7.8,0.10,0.05
2025-12-31 14:28:00.639,0.2,7.8,0.10,0.05
2025-12-31 14:28:01.640,0.4,7.8,0.10,0.05
2025-12-31 14:28:02.641,0.3,7.8,0.10,0.05
2025-12-31 14:28:03.642,0.3,7.8,0.10,0.05
2025-12-31 14:28:04.644,0.3,7.8,0.10,0.05
2025-12-31 14:28:05.645,0.4,7.8,0.10,0.05
2025-12-31 14:28:06.646,0.3,7.8,0.09,0.05
2025-12-31 14:28:07.647,0.4,7.8,0.10,0.05
2025-12-31 14:28:08.648,0.2,7.8,0.10,0.05
2025-12-31 14:28:09.649,0.3,7.8,0.10,0.05
2025-12-31 14:28:10.650,0.2,7.8,0.10,0.05
2025-12-31 14:28:11.651,0.2,7.8,0.10,0.05
2025-12-31 14:28:12.652,0.2,7.8,0.10,0.05
2025-12-31 14:28:13.653,0.2,7.8,0.10,0.05
2025-12-31 14:28:14.654,0.2,7.8,0.10,0.05
2025-12-31 14:28:15.656,0.2,7.8,0.10,0.05
2025-12-31 14:28:16.657,0.2,7.8,0.10,0.05
2025-12-31 14:28:17.658,0.2,7.8,0.10,0.05
2025-12-31 14:28:18.660,0.1,7.8,0.10,0.05
2025-12-31 14:28:19.661,0.2,7.8,0.10,0.05
2025-12-31 14:28:20.663,0.1,7.8,0.10,0.05
2025-12-31 14:28:21.664,0.2,7.8,0.10,0.05
2025-12-31 14:28:22.666,0.2,7.8,0.10,0.05
2025-12-31 14:28:23.667,0.2,7.8,0.10,0.05
2025-12-31 14:28:24.669,0.0,7.8,0.10,0.05
2025-12-31 14:28:25.670,0.2,7.8,0.10,0.05
2025-12-31 14:28:26.671,0.2,7.8,0.10,0.05
2025-12-31 14:28:27.673,0.1,7.8,0.10,0.05
2025-12-31 14:28:28.674,0.2,7.8,0.10,0.05
2025-12-31 14:28:29.675,0.2,7.8,0.10,0.05
2025-12-31 14:28:30.677,0.2,7.8,0.10,0.05
2025-12-31 14:28:31.678,0.1,7.8,0.10,0.05
2025-12-31 14:28:32.680,0.2,7.8,0.10,0.05
2025-12-31 14:28:33.681,0.1,7.8,0.10,0.05
2025-12-31 14:28:34.683,0.2,7.8,0.10,0.05
2025-12-31 14:28:35.685,0.1,7.8,0.09,0.05
2025-12-31 14:28:36.686,0.0,7.8,0.10,0.05
2025-12-31 14:28:37.688,0.2,7.8,0.10,0.05
2025-12-31 14:28:38.689,0.0,7.8,0.10,0.05
2025-12-31 14:28:39.690,0.1,7.8,0.10,0.05
2025-12-31 14:28:40.691,0.1,7.8,0.10,0.05
2025-12-31 14:28:41.693,0.1,7.8,0.10,0.05
2025-12-31 14:28:42.694,0.0,7.8,0.10,0.05
2025-12-31 14:28:43.696,0.0,7.8,0.10,0.05
2025-12-31 14:28:44.698,0.1,7.8,0.10,0.05
2025-12-31 14:28:45.700,0.1,7.8,0.10,0.05
2025-12-31 14:28:46.702,0.1,7.8,0.10,0.05
2025-12-31 14:28:47.703,0.2,7.8,0.10,0.05
2025-12-31 14:28:48.704,0.1,7.8,0.10,0.05
2025-12-31 14:28:49.706,0.0,7.8,0.10,0.05
2025-12-31 14:28:50.707,0.1,7.8,0.10,0.05
2025-12-31 14:28:51.708,0.1,7.8,0.10,0.05
2025-12-31 14:28:52.709,0.1,7.8,0.10,0.05
2025-12-31 14:28:53.710,0.2,7.8,0.10,0.05
2025-12-31 14:28:54.711,0.0,7.8,0.10,0.05
2025-12-31 14:28:55.712,0.1,7.8,0.10,0.05
2025-12-31 14:28:56.713,0.0,7.8,0.10,0.05
2025-12-31 14:28:57.715,0.0,7.8,0.10,0.05
2025-12-31 14:28:58.716,0.1,7.8,0.10,0.05
2025-12-31 14:28:59.717,0.1,7.8,0.10,0.05
2025-12-31 14:29:00.718,0.0,7.8,0.10,0.05
2025-12-31 14:29:01.720,0.1,7.8,0.10,0.05
2025-12-31 14:29:02.722,0.1,7.8,0.10,0.05
2025-12-31 14:29:03.724,0.0,7.8,0.10,0.05
2025-12-31 14:29:04.725,0.1,7.8,0.10,0.05
2025-12-31 14:29:05.727,0.1,7.8,0.10,0.05
2025-12-31 14:29:06.729,0.1,7.8,0.10,0.05
2025-12-31 14:29:07.730,0.0,7.8,0.10,0.05
2025-12-31 14:29:08.732,0.2,7.8,0.10,0.05
2025-12-31 14:29:09.733,0.0,7.8,0.10,0.05
2025-12-31 14:29:10.735,0.0,7.8,0.10,0.05
2025-12-31 14:29:11.736,0.1,7.8,0.10,0.05
2025-12-31 14:29:12.738,0.1,7.8,0.10,0.05
2025-12-31 14:29:13.739,0.0,7.8,0.10,0.05
2025-12-31 14:29:14.741,0.1,7.8,0.10,0.05
2025-12-31 14:29:15.742,0.0,7.8,0.10,0.05
2025-12-31 14:29:16.743,0.2,7.8,0.10,0.05
2025-12-31 14:29:17.745,0.0,7.8,0.10,0.05
2025-12-31 14:29:18.746,0.1,7.8,0.10,0.05
2025-12-31 14:29:19.749,0.0,7.8,0.09,0.05
2025-12-31 14:29:20.750,0.0,7.8,0.10,0.05
2025-12-31 14:29:21.752,0.1,7.8,0.10,0.05
2025-12-31 14:29:22.754,0.0,7.8,0.10,0.05
2025-12-31 14:29:23.756,0.1,7.8,0.10,0.05
2025-12-31 14:29:24.757,0.0,7.8,0.11,0.05
2025-12-31 14:29:25.758,0.0,7.8,0.10,0.05
2025-12-31 14:29:26.759,0.1,7.8,0.10,0.05
2025-12-31 14:29:27.761,0.2,7.8,0.10,0.05
2025-12-31 14:29:28.762,0.0,7.8,0.10,0.05
2025-12-31 14:29:29.763,0.0,7.8,0.10,0.05
2025-12-31 14:29:30.764,0.0,7.8,0.10,0.05
2025-12-31 14:29:31.765,0.0,7.8,0.10,0.05
2025-12-31 14:29:32.766,0.1,7.8,0.10,0.05
2025-12-31 14:29:33.767,0.1,7.8,0.10,0.05
2025-12-31 14:29:34.768,0.0,7.8,0.10,0.05
2025-12-31 14:29:35.769,0.0,7.8,0.10,0.05
2025-12-31 14:29:36.770,0.0,7.8,0.10,0.05
2025-12-31 14:29:37.771,0.1,7.8,0.10,0.05
2025-12-31 14:29:38.773,0.0,7.8,0.10,0.05
2025-12-31 14:29:39.774,0.0,7.8,0.10,0.05
2025-12-31 14:29:40.775,0.1,7.8,0.10,0.05
2025-12-31 14:29:41.776,0.1,7.8,0.10,0.05
2025-12-31 14:29:42.777,0.0,7.8,0.10,0.05
2025-12-31 14:29:43.779,0.1,7.8,0.10,0.05
2025-12-31 14:29:44.780,0.1,7.8,0.10,0.05
2025-12-31 14:29:45.782,0.0,7.8,0.10,0.05
2025-12-31 14:29:46.783,0.2,7.8,0.10,0.05
2025-12-31 14:29:47.785,0.0,7.8,0.10,0.05
2025-12-31 14:29:48.786,0.0,7.8,0.10,0.05
2025-12-31 14:29:49.790,0.1,7.8,0.10,0.05
2025-12-31 14:29:50.793,0.1,7.8,0.10,0.05
2025-12-31 14:29:51.794,0.0,7.8,0.12,0.05
2025-12-31 14:29:52.795,0.1,7.8,0.10,0.05
2025-12-31 14:29:53.796,0.0,7.8,0.10,0.05
2025-12-31 14:29:54.797,0.1,7.8,0.09,0.05
2025-12-31 14:29:55.798,0.1,7.8,0.10,0.05
2025-12-31 14:29:56.799,0.1,7.8,0.10,0.05
2025-12-31 14:29:57.800,0.0,7.8,0.10,0.05
2025-12-31 14:29:58.801,0.0,7.8,0.10,0.05
2025-12-31 14:29:59.802,0.0,7.8,0.10,0.05
2025-12-31 14:30:00.804,0.0,7.8,0.09,0.05
2025-12-31 14:30:01.805,0.1,7.8,0.10,0.05
2025-12-31 14:30:02.806,0.0,7.8,0.10,0.05
2025-12-31 14:30:03.807,0.1,7.8,0.10,0.05
2025-12-31 14:30:04.809,0.0,7.8,0.10,0.05
2025-12-31 14:30:05.810,0.0,7.8,0.10,0.05
2025-12-31 14:30:06.812,0.2,7.8,0.09,0.05
2025-12-31 14:30:07.813,0.1,7.8,0.11,0.05
2025-12-31 14:30:08.814,0.0,7.8,0.10,0.05
2025-12-31 14:30:09.815,0.0,7.8,0.10,0.05
2025-12-31 14:30:10.816,0.0,7.8,0.10,0.05
2025-12-31 14:30:11.817,0.1,7.8,0.10,0.05
2025-12-31 14:30:12.819,0.0,7.8,0.10,0.05
2025-12-31 14:30:13.820,0.1,7.8,0.10,0.05
2025-12-31 14:30:14.821,0.0,7.8,0.10,0.05
2025-12-31 14:30:15.823,0.0,7.8,0.10,0.05
2025-12-31 14:30:16.824,0.2,7.8,0.10,0.05
2025-12-31 14:30:17.826,0.0,7.8,0.10,0.05
2025-12-31 14:30:18.827,0.0,7.8,0.10,0.05
2025-12-31 14:30:19.828,0.1,7.8,0.10,0.05
2025-12-31 14:30:20.830,0.1,7.8,0.10,0.05
2025-12-31 14:30:21.831,0.1,7.8,0.10,0.05
2025-12-31 14:30:22.832,0.0,7.8,0.10,0.05
2025-12-31 14:30:23.833,0.1,7.8,0.10,0.05
2025-12-31 14:30:24.835,0.1,7.8,0.11,0.05
2025-12-31 14:30:25.836,0.1,7.8,0.10,0.05
2025-12-31 14:30:26.837,0.0,7.8,0.10,0.05
2025-12-31 14:30:27.838,0.0,7.8,0.10,0.05
2025-12-31 14:30:28.839,0.1,7.8,0.10,0.05
2025-12-31 14:30:29.840,0.0,7.8,0.10,0.05
2025-12-31 14:30:30.841,0.0,7.8,0.10,0.05
2025-12-31 14:30:31.843,0.0,7.8,0.10,0.05
2025-12-31 14:30:32.844,0.1,7.8,0.10,0.05
2025-12-31 14:30:33.845,0.1,7.8,0.10,0.05
2025-12-31 14:30:34.846,0.1,7.8,0.10,0.05
2025-12-31 14:30:35.847,0.2,7.8,0.10,0.05
2025-12-31 14:30:36.848,0.2,7.8,0.10,0.05
2025-12-31 14:30:37.849,0.1,7.8,0.10,0.05
2025-12-31 14:30:38.850,0.2,7.8,0.10,0.05
2025-12-31 14:30:39.851,0.2,7.8,0.10,0.05
2025-12-31 14:30:40.852,0.3,7.8,0.10,0.05
2025-12-31 14:30:41.853,0.2,7.8,0.10,0.05
2025-12-31 14:30:42.854,0.2,7.8,0.10,0.05
2025-12-31 14:30:43.855,0.3,7.8,0.10,0.05
2025-12-31 14:30:44.856,0.3,7.8,0.10,0.05
2025-12-31 14:30:45.857,0.3,7.8,0.10,0.05
2025-12-31 14:30:46.858,0.4,7.8,0.10,0.05
2025-12-31 14:30:47.859,0.2,7.8,0.10,0.05
2025-12-31 14:30:48.860,0.3,7.8,0.10,0.05
2025-12-31 14:30:49.862,0.2,7.8,0.10,0.05
2025-12-31 14:30:50.863,0.3,7.8,0.10,0.05
2025-12-31 14:30:51.864,0.2,7.8,0.10,0.05
2025-12-31 14:30:52.865,0.2,7.8,0.10,0.05
2025-12-31 14:30:53.866,0.3,7.8,0.10,0.05
2025-12-31 14:30:54.867,0.3,7.8,0.10,0.05
2025-12-31 14:30:55.869,0.1,7.8,0.10,0.05
2025-12-31 14:30:56.871,0.3,7.8,0.09,0.05
2025-12-31 14:30:57.873,0.2,7.8,0.10,0.05
2025-12-31 14:30:58.874,0.2,7.8,0.10,0.05
2025-12-31 14:30:59.875,0.4,7.8,0.10,0.05
2025-12-31 14:31:00.877,0.1,7.8,0.10,0.05
2025-12-31 14:31:01.878,0.1,7.8,0.10,0.05
2025-12-31 14:31:02.879,0.2,7.8,0.10,0.05
2025-12-31 14:31:03.880,0.2,7.8,0.10,0.05
2025-12-31 14:31:04.881,0.1,7.8,0.10,0.05
2025-12-31 14:31:05.883,0.1,7.8,0.10,0.05
2025-12-31 14:31:06.884,0.2,7.8,0.10,0.05
2025-12-31 14:31:07.885,0.2,7.8,0.10,0.05
2025-12-31 14:31:08.887,0.0,7.8,0.10,0.05
2025-12-31 14:31:09.889,0.1,7.8,0.10,0.05
2025-12-31 14:31:10.890,0.1,7.8,0.10,0.05
2025-12-31 14:31:11.892,0.2,7.8,0.10,0.05
2025-12-31 14:31:12.893,0.2,7.8,0.10,0.05
2025-12-31 14:31:13.894,0.1,7.8,0.10,0.05
2025-12-31 14:31:14.895,0.1,7.8,0.10,0.05
2025-12-31 14:31:15.897,0.2,7.8,0.10,0.05
2025-12-31 14:31:16.901,0.2,7.8,0.10,0.05
2025-12-31 14:31:17.902,0.2,7.8,0.10,0.05
2025-12-31 14:31:18.904,0.1,7.8,0.10,0.05
2025-12-31 14:31:19.905,0.1,7.8,0.10,0.05
2025-12-31 14:31:20.906,0.2,7.8,0.10,0.05
2025-12-31 14:31:21.907,0.0,7.8,0.10,0.05
2025-12-31 14:31:22.909,0.2,7.8,0.10,0.05
2025-12-31 14:31:23.910,0.2,7.8,0.10,0.05
2025-12-31 14:31:24.911,0.2,7.8,0.10,0.05
2025-12-31 14:31:25.913,0.2,7.8,0.10,0.05
2025-12-31 14:31:26.915,0.1,7.8,0.10,0.05
2025-12-31 14:31:27.916,0.2,7.8,0.10,0.05
2025-12-31 14:31:28.917,0.1,7.8,0.10,0.05
2025-12-31 14:31:29.919,0.2,7.8,0.10,0.05
2025-12-31 14:31:30.920,0.2,7.8,0.10,0.05
2025-12-31 14:31:31.921,0.3,7.8,0.10,0.05
2025-12-31 14:31:32.922,0.1,7.8,0.10,0.05
2025-12-31 14:31:33.924,0.1,7.8,0.10,0.05
2025-12-31 14:31:34.925,0.1,7.8,0.10,0.05
2025-12-31 14:31:35.927,0.1,7.8,0.10,0.05
2025-12-31 14:31:36.929,0.2,7.8,0.10,0.05
2025-12-31 14:31:37.930,0.2,7.8,0.10,0.05
2025-12-31 14:31:38.932,0.2,7.8,0.10,0.05
2025-12-31 14:31:39.933,0.2,7.8,0.09,0.05
2025-12-31 14:31:40.935,0.1,7.8,0.10,0.05
2025-12-31 14:31:41.936,0.2,7.8,0.10,0.05
2025-12-31 14:31:42.937,0.1,7.8,0.10,0.05
2025-12-31 14:31:43.939,0.1,7.8,0.10,0.05
2025-12-31 14:31:44.940,0.1,7.8,0.09,0.05
2025-12-31 14:31:45.942,0.1,7.8,0.10,0.05
2025-12-31 14:31:46.943,0.1,7.8,0.10,0.05
2025-12-31 14:31:47.945,0.1,7.8,0.10,0.06
2025-12-31 14:31:48.946,0.1,7.8,0.10,0.05
2025-12-31 14:31:49.948,0.1,7.8,0.10,0.05
2025-12-31 14:31:50.949,0.0,7.8,0.10,0.05
2025-12-31 14:31:51.951,0.2,7.8,0.10,0.05
2025-12-31 14:31:52.952,0.1,7.8,0.10,0.05
2025-12-31 14:31:53.953,0.0,7.8,0.10,0.05
2025-12-31 14:31:54.955,0.0,7.8,0.10,0.05
2025-12-31 14:31:55.957,0.1,7.8,0.10,0.05
2025-12-31 14:31:56.958,0.1,7.8,0.10,0.05
2025-12-31 14:31:57.959,0.2,7.8,0.10,0.05
2025-12-31 14:31:58.961,0.0,7.8,0.10,0.05
2025-12-31 14:31:59.963,0.1,7.8,0.10,0.05
2025-12-31 14:32:00.964,0.0,7.8,0.10,0.05
2025-12-31 14:32:01.966,0.0,7.8,0.10,0.05
2025-12-31 14:32:02.968,0.1,7.8,0.10,0.05
2025-12-31 14:32:03.969,0.1,7.8,0.10,0.05
2025-12-31 14:32:04.970,0.1,7.8,0.10,0.05
2025-12-31 14:32:05.972,0.0,7.8,0.10,0.05
2025-12-31 14:32:06.973,0.0,7.8,0.10,0.05
2025-12-31 14:32:07.974,0.0,7.8,0.10,0.05
2025-12-31 14:32:08.975,0.1,7.8,0.10,0.05
2025-12-31 14:32:09.976,0.1,7.8,0.10,0.05
2025-12-31 14:32:10.977,0.1,7.8,0.10,0.05
2025-12-31 14:32:11.978,0.0,7.8,0.10,0.05
2025-12-31 14:32:12.979,0.0,7.8,0.10,0.05
2025-12-31 14:32:13.980,0.0,7.8,0.09,0.05
2025-12-31 14:32:14.982,0.1,7.8,0.10,0.05
2025-12-31 14:32:15.983,0.0,7.8,0.10,0.05
2025-12-31 14:32:16.985,0.2,7.8,0.10,0.05
2025-12-31 14:32:17.987,0.0,7.8,0.10,0.05
2025-12-31 14:32:18.988,0.0,7.8,0.10,0.05
2025-12-31 14:32:19.990,0.2,7.8,0.10,0.05
2025-12-31 14:32:20.992,0.1,7.8,0.10,0.05
2025-12-31 14:32:21.993,0.1,7.8,0.10,0.05
2025-12-31 14:32:22.995,0.0,7.8,0.10,0.05
2025-12-31 14:32:23.997,0.1,7.8,0.10,0.05
2025-12-31 14:32:24.999,0.0,7.8,0.10,0.05
2025-12-31 14:32:26.001,0.1,7.8,0.10,0.05
2025-12-31 14:32:27.002,0.0,7.8,0.10,0.05
2025-12-31 14:32:28.004,0.1,7.8,0.10,0.05
2025-12-31 14:32:29.005,0.0,7.8,0.10,0.05
2025-12-31 14:32:30.007,0.0,7.8,0.10,0.05
2025-12-31 14:32:31.009,0.1,7.8,0.10,0.05
2025-12-31 14:32:32.010,0.0,7.8,0.11,0.06
2025-12-31 14:32:33.012,0.1,7.8,0.10,0.05
2025-12-31 14:32:34.013,0.0,7.8,0.10,0.05
2025-12-31 14:32:35.015,0.0,7.8,0.10,0.05
2025-12-31 14:32:36.016,0.1,7.8,0.10,0.05
2025-12-31 14:32:37.018,0.0,7.8,0.10,0.05
2025-12-31 14:32:38.020,0.1,7.8,0.10,0.05
2025-12-31 14:32:39.021,0.0,7.8,0.10,0.05
2025-12-31 14:32:40.022,0.0,7.8,0.10,0.05
2025-12-31 14:32:41.024,0.1,7.8,0.10,0.05
2025-12-31 14:32:42.025,0.0,7.8,0.10,0.05
2025-12-31 14:32:43.026,0.0,7.8,0.10,0.05
2025-12-31 14:32:44.027,0.0,7.8,0.10,0.05
2025-12-31 14:32:45.028,0.1,7.8,0.10,0.05
2025-12-31 14:32:46.029,0.0,7.8,0.10,0.05
2025-12-31 14:32:47.030,0.1,7.8,0.10,0.05
2025-12-31 14:32:48.031,0.0,7.8,0.10,0.05
2025-12-31 14:32:49.032,0.1,7.8,0.10,0.05
2025-12-31 14:32:50.033,0.0,7.8,0.10,0.05
2025-12-31 14:32:51.034,0.0,7.8,0.10,0.05
2025-12-31 14:32:52.035,0.1,7.8,0.10,0.05
2025-12-31 14:32:53.037,0.0,7.8,0.10,0.05
2025-12-31 14:32:54.038,0.1,7.8,0.10,0.05
2025-12-31 14:32:55.039,0.0,7.8,0.10,0.05
2025-12-31 14:32:56.040,0.1,7.8,0.10,0.05
2025-12-31 14:32:57.042,0.0,7.8,0.10,0.05
2025-12-31 14:32:58.044,0.0,7.8,0.10,0.05
2025-12-31 14:32:59.046,0.1,7.8,0.10,0.05
2025-12-31 14:33:00.047,0.1,7.8,0.10,0.05
2025-12-31 14:33:01.049,0.0,7.8,0.09,0.05
2025-12-31 14:33:02.051,0.1,7.8,0.10,0.05
2025-12-31 14:33:03.053,0.1,7.8,0.10,0.05
2025-12-31 14:33:04.055,0.1,7.8,0.10,0.05
2025-12-31 14:33:05.057,0.1,7.8,0.10,0.05
2025-12-31 14:33:06.058,0.0,7.8,0.10,0.05
2025-12-31 14:33:07.060,0.0,7.8,0.10,0.05
2025-12-31 14:33:08.062,0.1,7.8,0.10,0.05
2025-12-31 14:33:09.063,0.0,7.8,0.10,0.05
2025-12-31 14:33:10.065,0.1,7.8,0.10,0.05
2025-12-31 14:33:11.066,0.0,7.8,0.10,0.05
2025-12-31 14:33:12.068,0.1,7.8,0.10,0.05
2025-12-31 14:33:13.069,0.0,7.8,0.10,0.05
2025-12-31 14:33:14.070,0.1,7.8,0.10,0.05
2025-12-31 14:33:15.071,0.1,7.8,0.10,0.05
2025-12-31 14:33:16.072,0.1,7.8,0.10,0.05
2025-12-31 14:33:17.073,0.1,7.8,0.10,0.05
2025-12-31 14:33:18.075,0.0,7.8,0.10,0.05
2025-12-31 14:33:19.077,0.1,7.8,0.10,0.05
2025-12-31 14:33:20.079,0.0,7.8,0.10,0.05
2025-12-31 14:33:21.080,0.0,7.8,0.10,0.05
2025-12-31 14:33:22.082,0.1,7.8,0.10,0.05
2025-12-31 14:33:23.083,0.2,7.8,0.10,0.05
2025-12-31 14:33:24.084,0.1,7.8,0.10,0.05
2025-12-31 14:33:25.085,0.0,7.8,0.10,0.05
2025-12-31 14:33:26.086,0.1,7.8,0.10,0.05
2025-12-31 14:33:27.087,0.2,7.8,0.10,0.05
2025-12-31 14:33:28.088,0.0,7.8,0.10,0.05
2025-12-31 14:33:29.090,0.1,7.8,0.10,0.05
2025-12-31 14:33:30.091,0.1,7.8,0.09,0.05
2025-12-31 14:33:31.092,0.1,7.8,0.10,0.05
2025-12-31 14:33:32.093,0.2,7.8,0.10,0.05
2025-12-31 14:33:33.095,0.1,7.8,0.10,0.05
2025-12-31 14:33:34.096,0.1,7.8,0.10,0.05
2025-12-31 14:33:35.098,0.1,7.8,0.10,0.05
2025-12-31 14:33:36.099,0.0,7.8,0.10,0.05
2025-12-31 14:33:37.101,0.0,7.8,0.10,0.05
2025-12-31 14:33:38.102,0.1,7.8,0.10,0.05
2025-12-31 14:33:39.104,0.2,7.8,0.10,0.05
2025-12-31 14:33:40.105,0.1,7.8,0.10,0.05
2025-12-31 14:33:41.107,0.0,7.8,0.10,0.05
2025-12-31 14:33:42.108,0.2,7.8,0.10,0.05
2025-12-31 14:33:43.110,0.0,7.8,0.10,0.05
2025-12-31 14:33:44.112,0.1,7.8,0.10,0.05
2025-12-31 14:33:45.113,0.0,7.8,0.10,0.05
2025-12-31 14:33:46.115,0.1,7.8,0.10,0.05
2025-12-31 14:33:47.116,0.2,7.8,0.10,0.05
2025-12-31 14:33:48.117,0.0,7.8,0.10,0.05
2025-12-31 14:33:49.119,0.1,7.8,0.10,0.05
2025-12-31 14:33:50.121,0.1,7.8,0.10,0.05
2025-12-31 14:33:51.122,0.1,7.8,0.10,0.05
2025-12-31 14:33:52.124,0.2,7.8,0.10,0.05
2025-12-31 14:33:53.125,0.1,7.8,0.10,0.05
2025-12-31 14:33:54.127,0.1,7.8,0.10,0.05
2025-12-31 14:33:55.128,0.2,7.8,0.10,0.05
2025-12-31 14:33:56.129,0.0,7.8,0.10,0.05
2025-12-31 14:33:57.130,0.1,7.8,0.10,0.05
2025-12-31 14:33:58.132,0.1,7.8,0.09,0.05
2025-12-31 14:33:59.134,0.2,7.8,0.10,0.05
2025-12-31 14:34:00.136,0.3,7.8,0.10,0.05
2025-12-31 14:34:01.137,0.3,7.8,0.10,0.05
2025-12-31 14:34:02.139,0.2,7.8,0.10,0.05
2025-12-31 14:34:03.140,0.2,7.8,0.10,0.05
2025-12-31 14:34:04.142,0.3,7.8,0.10,0.06
2025-12-31 14:34:05.143,0.3,7.8,0.10,0.06
2025-12-31 14:34:06.144,0.5,7.8,0.10,0.06
2025-12-31 14:34:07.145,0.2,7.8,0.10,0.06
2025-12-31 14:34:08.146,0.3,7.8,0.10,0.05
2025-12-31 14:34:09.147,0.3,7.8,0.10,0.06
2025-12-31 14:34:10.148,0.4,7.8,0.10,0.06
2025-12-31 14:34:11.149,0.2,7.8,0.10,0.05
2025-12-31 14:34:12.150,0.3,7.8,0.10,0.06
2025-12-31 14:34:13.152,0.2,7.8,0.10,0.06
2025-12-31 14:34:14.155,0.3,7.8,0.10,0.05
2025-12-31 14:34:15.158,0.4,7.8,0.10,0.06
2025-12-31 14:34:16.160,0.5,7.8,0.10,0.05
2025-12-31 14:34:17.161,0.2,7.8,0.10,0.05
2025-12-31 14:34:18.162,0.4,7.8,0.10,0.05
2025-12-31 14:34:19.164,0.1,7.8,0.10,0.05
2025-12-31 14:34:20.165,0.3,7.8,0.10,0.05
2025-12-31 14:34:21.167,0.2,7.8,0.10,0.05
2025-12-31 14:34:22.169,0.2,7.8,0.11,0.05
2025-12-31 14:34:23.169,0.2,7.8,0.10,0.05
2025-12-31 14:34:24.170,0.2,7.8,0.10,0.05
2025-12-31 14:34:25.172,0.1,7.8,0.10,0.05
2025-12-31 14:34:26.174,0.2,7.8,0.10,0.05
2025-12-31 14:34:27.175,0.2,7.8,0.10,0.05
2025-12-31 14:34:28.177,0.2,7.8,0.10,0.05
2025-12-31 14:34:29.178,0.1,7.8,0.10,0.05
2025-12-31 14:34:30.179,0.2,7.8,0.10,0.05
2025-12-31 14:34:31.181,0.2,7.8,0.10,0.05
2025-12-31 14:34:32.183,0.2,7.8,0.10,0.05
2025-12-31 14:34:33.185,0.2,7.8,0.10,0.05
2025-12-31 14:34:34.187,0.0,7.8,0.10,0.05
2025-12-31 14:34:35.189,0.2,7.8,0.10,0.05
2025-12-31 14:34:36.190,0.1,7.8,0.10,0.05
2025-12-31 14:34:37.192,0.1,7.8,0.10,0.05
2025-12-31 14:34:38.193,0.1,7.8,0.10,0.05
2025-12-31 14:34:39.194,0.1,7.8,0.10,0.05
2025-12-31 14:34:40.195,0.1,7.8,0.10,0.05
2025-12-31 14:34:41.196,0.1,7.8,0.10,0.05
2025-12-31 14:34:42.197,0.0,7.8,0.10,0.05
2025-12-31 14:34:43.198,0.2,7.8,0.10,0.05
2025-12-31 14:34:44.199,0.1,7.8,0.09,0.05
2025-12-31 14:34:45.200,0.2,7.8,0.10,0.05
2025-12-31 14:34:46.202,0.0,7.8,0.10,0.05
2025-12-31 14:34:47.203,0.2,7.8,0.10,0.05
2025-12-31 14:34:48.205,0.0,7.8,0.10,0.05
2025-12-31 14:34:49.207,0.2,7.8,0.10,0.05
2025-12-31 14:34:50.208,0.2,7.8,0.10,0.05
2025-12-31 14:34:51.210,0.0,7.8,0.10,0.05
2025-12-31 14:34:52.211,0.0,7.8,0.10,0.05
2025-12-31 14:34:53.213,0.2,7.8,0.10,0.06
2025-12-31 14:34:54.214,0.1,7.8,0.10,0.06
2025-12-31 14:34:55.215,0.1,7.8,0.10,0.05
2025-12-31 14:34:56.217,0.1,7.8,0.10,0.05
2025-12-31 14:34:57.218,0.0,7.8,0.10,0.05
2025-12-31 14:34:58.219,0.1,7.8,0.10,0.05
2025-12-31 14:34:59.221,0.0,7.8,0.10,0.05
2025-12-31 14:35:00.222,0.1,7.8,0.10,0.05
2025-12-31 14:35:01.224,0.0,7.8,0.10,0.05
2025-12-31 14:35:02.225,0.1,7.8,0.10,0.05
2025-12-31 14:35:03.227,0.1,7.8,0.10,0.05
2025-12-31 14:35:04.228,0.0,7.8,0.10,0.06
2025-12-31 14:35:05.229,0.2,7.8,0.10,0.08
2025-12-31 14:35:06.231,0.1,7.8,0.10,0.05
2025-12-31 14:35:07.232,0.1,7.8,0.10,0.06
2025-12-31 14:35:08.234,0.0,7.8,0.10,0.05
2025-12-31 14:35:09.236,0.1,7.8,0.10,0.06
2025-12-31 14:35:10.238,0.0,7.8,0.10,0.05
2025-12-31 14:35:11.239,0.0,7.8,0.10,0.05
2025-12-31 14:35:12.241,0.0,7.8,0.10,0.06
2025-12-31 14:35:13.243,0.2,7.8,0.10,0.05
2025-12-31 14:35:14.244,0.1,7.8,0.10,0.05
2025-12-31 14:35:15.245,0.0,7.8,0.10,0.05
2025-12-31 14:35:16.247,0.0,7.8,0.10,0.05
2025-12-31 14:35:17.248,0.2,7.8,0.10,0.05
2025-12-31 14:35:18.249,0.1,7.8,0.10,0.05
2025-12-31 14:35:19.250,0.0,7.8,0.10,0.05
2025-12-31 14:35:20.252,0.0,7.8,0.10,0.05
2025-12-31 14:35:21.253,0.0,7.8,0.10,0.05
2025-12-31 14:35:22.254,0.1,7.8,0.10,0.05
2025-12-31 14:35:23.256,0.1,7.8,0.10,0.05
2025-12-31 14:35:24.257,0.1,7.8,0.10,0.05
2025-12-31 14:35:25.258,0.0,7.8,0.10,0.05
2025-12-31 14:35:26.259,0.1,7.8,0.10,0.05
2025-12-31 14:35:27.261,0.0,7.8,0.10,0.05
2025-12-31 14:35:28.262,0.1,7.8,0.10,0.05
2025-12-31 14:35:29.263,0.0,7.8,0.09,0.05
2025-12-31 14:35:30.264,0.0,7.8,0.10,0.05
2025-12-31 14:35:31.265,0.1,7.8,0.10,0.05
2025-12-31 14:35:32.266,0.0,7.8,0.10,0.05
2025-12-31 14:35:33.267,0.0,7.8,0.10,0.05
2025-12-31 14:35:34.268,0.1,7.8,0.10,0.05
2025-12-31 14:35:35.270,0.0,7.8,0.10,0.05
2025-12-31 14:35:36.271,0.1,7.8,0.10,0.05
2025-12-31 14:35:37.273,0.0,7.8,0.10,0.05
2025-12-31 14:35:38.275,0.0,7.8,0.10,0.05
2025-12-31 14:35:39.276,0.0,7.8,0.09,0.05
2025-12-31 14:35:40.278,0.1,7.8,0.10,0.05
2025-12-31 14:35:41.279,0.1,7.8,0.10,0.05
2025-12-31 14:35:42.281,0.0,7.8,0.10,0.05
2025-12-31 14:35:43.282,0.0,7.8,0.10,0.05
2025-12-31 14:35:44.284,0.1,7.8,0.10,0.05
2025-12-31 14:35:45.286,0.1,7.8,0.11,0.06
2025-12-31 14:35:46.287,0.0,7.8,0.11,0.05
2025-12-31 14:35:47.288,0.1,7.8,0.10,0.05
2025-12-31 14:35:48.289,0.1,7.8,0.10,0.05
2025-12-31 14:35:49.290,0.0,7.8,0.10,0.05
2025-12-31 14:35:50.291,0.1,7.8,0.10,0.05
2025-12-31 14:35:51.292,0.0,7.8,0.10,0.05
2025-12-31 14:35:52.294,0.0,7.8,0.10,0.05
2025-12-31 14:35:53.295,0.1,7.8,0.10,0.05
2025-12-31 14:35:54.297,0.1,7.8,0.10,0.05
2025-12-31 14:35:55.298,0.0,7.8,0.09,0.05
2025-12-31 14:35:56.300,0.1,7.8,0.10,0.05
2025-12-31 14:35:57.301,0.0,7.8,0.10,0.05
2025-12-31 14:35:58.302,0.0,7.8,0.10,0.05
2025-12-31 14:35:59.303,0.1,7.8,0.10,0.05
2025-12-31 14:36:00.304,0.1,7.8,0.10,0.05
2025-12-31 14:36:01.306,0.1,7.8,0.11,0.05
2025-12-31 14:36:02.307,0.0,7.8,0.10,0.05
2025-12-31 14:36:03.308,0.0,7.8,0.10,0.05
2025-12-31 14:36:04.309,0.1,7.8,0.10,0.05
2025-12-31 14:36:05.310,0.1,7.8,0.10,0.05
2025-12-31 14:36:06.311,0.0,7.8,0.10,0.05
2025-12-31 14:36:07.313,0.0,7.8,0.09,0.05
2025-12-31 14:36:08.315,0.1,7.8,0.10,0.05
2025-12-31 14:36:09.317,0.1,7.8,0.10,0.05
2025-12-31 14:36:10.318,0.1,7.8,0.10,0.05
2025-12-31 14:36:11.319,0.0,7.8,0.10,0.05
2025-12-31 14:36:12.320,0.1,7.8,0.10,0.05
2025-12-31 14:36:13.322,0.1,7.8,0.10,0.05
2025-12-31 14:36:14.323,0.0,7.8,0.10,0.05
2025-12-31 14:36:15.324,0.0,7.8,0.10,0.05
2025-12-31 14:36:16.325,0.0,7.8,0.10,0.05
2025-12-31 14:36:17.326,0.1,7.8,0.10,0.05
2025-12-31 14:36:18.327,0.1,7.8,0.10,0.05
2025-12-31 14:36:19.329,0.0,7.8,0.10,0.05
2025-12-31 14:36:20.330,0.0,7.8,0.10,0.05
2025-12-31 14:36:21.331,0.1,7.8,0.10,0.05
2025-12-31 14:36:22.333,0.0,7.8,0.10,0.05
2025-12-31 14:36:23.334,0.0,7.8,0.09,0.05
2025-12-31 14:36:24.336,0.1,7.8,0.09,0.05
2025-12-31 14:36:25.337,0.0,7.8,0.10,0.05
2025-12-31 14:36:26.339,0.0,7.8,0.10,0.05
2025-12-31 14:36:27.340,0.1,7.8,0.09,0.05
2025-12-31 14:36:28.341,0.1,7.8,0.10,0.05
2025-12-31 14:36:29.343,0.0,7.8,0.10,0.05
2025-12-31 14:36:30.345,0.1,7.8,0.10,0.05
2025-12-31 14:36:31.346,0.0,7.8,0.10,0.05
2025-12-31 14:36:32.348,0.1,7.8,0.10,0.05
2025-12-31 14:36:33.349,0.0,7.8,0.10,0.05
2025-12-31 14:36:34.351,0.2,7.8,0.10,0.05
2025-12-31 14:36:35.353,0.0,7.8,0.10,0.05
2025-12-31 14:36:36.355,0.1,7.8,0.10,0.05
2025-12-31 14:36:37.356,0.0,7.8,0.10,0.05
2025-12-31 14:36:38.358,0.1,7.8,0.10,0.05
2025-12-31 14:36:39.360,0.1,7.8,0.10,0.05
2025-12-31 14:36:40.361,0.0,7.8,0.09,0.05
2025-12-31 14:36:41.364,0.2,7.8,0.10,0.05
2025-12-31 14:36:42.365,0.0,7.8,0.10,0.05
2025-12-31 14:36:43.366,0.1,7.8,0.10,0.05
2025-12-31 14:36:44.368,0.1,7.8,0.10,0.05
2025-12-31 14:36:45.369,0.0,7.8,0.10,0.05
2025-12-31 14:36:46.371,0.0,7.8,0.09,0.05
2025-12-31 14:36:47.373,0.3,7.8,0.10,0.05
2025-12-31 14:36:48.374,0.1,7.8,0.09,0.05
2025-12-31 14:36:49.375,0.2,7.8,0.10,0.05
2025-12-31 14:36:50.377,0.2,7.8,0.09,0.05
2025-12-31 14:36:51.378,0.2,7.8,0.10,0.05
2025-12-31 14:36:52.379,0.2,7.8,0.10,0.05
2025-12-31 14:36:53.380,0.2,7.8,0.10,0.05
2025-12-31 14:36:54.382,0.2,7.8,0.10,0.05
2025-12-31 14:36:55.383,0.3,7.8,0.10,0.05
2025-12-31 14:36:56.385,0.3,7.8,0.10,0.05
2025-12-31 14:36:57.386,0.2,7.8,0.10,0.05
2025-12-31 14:36:58.388,0.2,7.8,0.10,0.05
2025-12-31 14:36:59.390,0.2,7.8,0.10,0.05
2025-12-31 14:37:00.391,0.3,7.8,0.09,0.05
2025-12-31 14:37:01.393,0.2,7.8,0.10,0.05
2025-12-31 14:37:02.395,0.1,7.8,0.10,0.05
2025-12-31 14:37:03.396,0.1,7.8,0.10,0.05
2025-12-31 14:37:04.398,0.2,7.8,0.09,0.05
2025-12-31 14:37:05.399,0.2,7.8,0.10,0.05
2025-12-31 14:37:06.401,0.2,7.8,0.09,0.05
2025-12-31 14:37:07.402,0.2,7.8,0.10,0.05
2025-12-31 14:37:08.404,0.1,7.8,0.09,0.05
2025-12-31 14:37:09.405,0.2,7.8,0.10,0.05
2025-12-31 14:37:10.406,0.1,7.8,0.09,0.05
2025-12-31 14:37:11.407,0.1,7.8,0.09,0.05
2025-12-31 14:37:12.409,0.2,7.8,0.10,0.05
2025-12-31 14:37:13.410,0.2,7.8,0.09,0.05
2025-12-31 14:37:14.412,0.2,7.8,0.10,0.05
2025-12-31 14:37:15.413,0.3,7.8,0.10,0.05
2025-12-31 14:37:16.415,0.1,7.8,0.10,0.05
2025-12-31 14:37:17.417,0.3,7.8,0.10,0.05
2025-12-31 14:37:18.418,0.1,7.8,0.10,0.05
2025-12-31 14:37:19.419,0.2,7.8,0.10,0.05
2025-12-31 14:37:20.421,0.2,7.8,0.10,0.05
2025-12-31 14:37:21.423,0.2,7.8,0.10,0.05
2025-12-31 14:37:22.424,0.1,7.8,0.10,0.05
2025-12-31 14:37:23.426,0.4,7.8,0.10,0.05
2025-12-31 14:37:24.428,0.1,7.8,0.10,0.05
2025-12-31 14:37:25.429,0.2,7.8,0.10,0.05
2025-12-31 14:37:26.430,0.2,7.8,0.10,0.05
2025-12-31 14:37:27.431,0.2,7.8,0.10,0.05
2025-12-31 14:37:28.432,0.2,7.8,0.10,0.05
2025-12-31 14:37:29.433,0.1,7.8,0.09,0.05
2025-12-31 14:37:30.435,0.2,7.8,0.10,0.05
2025-12-31 14:37:31.436,0.2,7.8,0.10,0.05
2025-12-31 14:37:32.437,0.2,7.8,0.10,0.05
2025-12-31 14:37:33.439,0.2,7.8,0.09,0.05
2025-12-31 14:37:34.441,0.2,7.8,0.09,0.05
2025-12-31 14:37:35.442,0.2,7.8,0.10,0.05
2025-12-31 14:37:36.488,0.2,7.8,0.09,0.05
2025-12-31 14:37:37.490,0.2,7.8,0.10,0.05
2025-12-31 14:37:38.491,0.3,7.8,0.10,0.05
2025-12-31 14:37:39.492,0.2,7.8,0.10,0.05
2025-12-31 14:37:40.494,0.2,7.8,0.10,0.05
2025-12-31 14:37:41.495,0.2,7.8,0.10,0.05
2025-12-31 14:37:42.496,0.2,7.8,0.10,0.05
2025-12-31 14:37:43.498,0.2,7.8,0.10,0.05
2025-12-31 14:37:44.499,0.2,7.8,0.10,0.05
2025-12-31 14:37:45.500,0.1,7.8,0.10,0.05
2025-12-31 14:37:46.501,0.2,7.8,0.10,0.05
2025-12-31 14:37:47.502,0.1,7.8,0.10,0.05
2025-12-31 14:37:48.503,0.2,7.8,0.10,0.05
2025-12-31 14:37:49.504,0.2,7.8,0.10,0.05
2025-12-31 14:37:50.505,0.1,7.8,0.10,0.05
2025-12-31 14:37:51.506,0.2,7.8,0.10,0.05
2025-12-31 14:37:52.508,0.2,7.8,0.10,0.05
2025-12-31 14:37:53.510,0.2,7.8,0.10,0.05
2025-12-31 14:37:54.511,0.1,7.8,0.10,0.05
2025-12-31 14:37:55.512,0.1,7.8,0.10,0.05
2025-12-31 14:37:56.513,0.1,7.8,0.10,0.05
2025-12-31 14:37:57.514,0.2,7.8,0.10,0.05
2025-12-31 14:37:58.516,0.2,7.8,0.09,0.05
2025-12-31 14:37:59.517,0.0,7.8,0.10,0.05
2025-12-31 14:38:00.519,0.1,7.8,0.10,0.05
2025-12-31 14:38:01.520,0.0,7.8,0.09,0.05
2025-12-31 14:38:02.522,0.1,7.8,0.10,0.05
2025-12-31 14:38:03.523,0.1,7.8,0.10,0.05
2025-12-31 14:38:04.525,0.0,7.8,0.09,0.05
2025-12-31 14:38:05.528,0.1,7.8,0.09,0.05
2025-12-31 14:38:06.529,0.2,7.8,0.10,0.05
2025-12-31 14:38:07.530,0.0,7.8,0.10,0.05
2025-12-31 14:38:08.532,0.1,7.8,0.10,0.05
2025-12-31 14:38:09.534,0.0,7.8,0.10,0.05
2025-12-31 14:38:10.535,0.1,7.8,0.10,0.05
2025-12-31 14:38:11.537,0.1,7.8,0.10,0.05
2025-12-31 14:38:12.538,0.1,7.8,0.10,0.05
2025-12-31 14:38:13.539,0.0,7.8,0.10,0.05
2025-12-31 14:38:14.541,0.0,7.8,0.10,0.05
2025-12-31 14:38:15.543,0.1,7.8,0.10,0.05
2025-12-31 14:38:16.545,0.2,7.8,0.10,0.05
2025-12-31 14:38:17.548,0.0,7.8,0.10,0.05
2025-12-31 14:38:18.549,0.0,7.8,0.10,0.05
2025-12-31 14:38:19.550,0.0,7.8,0.10,0.05
2025-12-31 14:38:20.551,0.2,7.8,0.10,0.05
2025-12-31 14:38:21.553,0.0,7.8,0.10,0.05
2025-12-31 14:38:22.554,0.1,7.8,0.10,0.05
2025-12-31 14:38:23.555,0.0,7.8,0.10,0.05
2025-12-31 14:38:24.557,0.0,7.8,0.10,0.05
2025-12-31 14:38:25.558,0.1,7.8,0.10,0.05
2025-12-31 14:38:26.561,0.0,7.8,0.09,0.05
2025-12-31 14:38:27.562,0.0,7.8,0.10,0.05
2025-12-31 14:38:28.563,0.1,7.8,0.10,0.05
2025-12-31 14:38:29.565,0.0,7.8,0.10,0.05
2025-12-31 14:38:30.566,0.1,7.8,0.10,0.05
2025-12-31 14:38:31.567,0.0,7.8,0.10,0.05
2025-12-31 14:38:32.569,0.1,7.8,0.10,0.05
2025-12-31 14:38:33.570,0.1,7.8,0.10,0.05
2025-12-31 14:38:34.572,0.0,7.8,0.10,0.05
2025-12-31 14:38:35.573,0.0,7.8,0.10,0.05
2025-12-31 14:38:36.575,0.0,7.8,0.10,0.05
2025-12-31 14:38:37.576,0.1,7.8,0.10,0.05
2025-12-31 14:38:38.577,0.0,7.8,0.10,0.05
2025-12-31 14:38:39.579,0.0,7.8,0.10,0.05
2025-12-31 14:38:40.580,0.0,7.8,0.10,0.05
2025-12-31 14:38:41.582,0.1,7.8,0.10,0.05
2025-12-31 14:38:42.584,0.0,7.8,0.10,0.05
2025-12-31 14:38:43.585,0.1,7.8,0.10,0.05
2025-12-31 14:38:44.587,0.1,7.8,0.10,0.05
2025-12-31 14:38:45.589,0.0,7.8,0.10,0.05
2025-12-31 14:38:46.590,0.1,7.8,0.10,0.05
2025-12-31 14:38:47.591,0.1,7.8,0.10,0.05
2025-12-31 14:38:48.593,0.1,7.8,0.09,0.05
2025-12-31 14:38:49.595,0.0,7.8,0.10,0.05
2025-12-31 14:38:50.596,0.0,7.8,0.10,0.05
2025-12-31 14:38:51.598,0.1,7.8,0.10,0.05
2025-12-31 14:38:52.600,0.1,7.8,0.10,0.05
2025-12-31 14:38:53.601,0.0,7.8,0.10,0.05
2025-12-31 14:38:54.603,0.0,7.8,0.10,0.05
2025-12-31 14:38:55.604,0.2,7.8,0.10,0.05
2025-12-31 14:38:56.605,0.1,7.8,0.10,0.05
2025-12-31 14:38:57.606,0.0,7.8,0.10,0.05
2025-12-31 14:38:58.607,0.0,7.8,0.09,0.05
2025-12-31 14:38:59.608,0.1,7.8,0.10,0.05
2025-12-31 14:39:00.610,0.0,7.8,0.10,0.05
2025-12-31 14:39:01.611,0.1,7.8,0.10,0.05
2025-12-31 14:39:02.612,0.0,7.8,0.10,0.05
2025-12-31 14:39:03.613,0.0,7.8,0.10,0.05
2025-12-31 14:39:04.614,0.0,7.8,0.10,0.05
2025-12-31 14:39:05.616,0.1,7.8,0.10,0.05
2025-12-31 14:39:06.617,0.1,7.8,0.10,0.05
2025-12-31 14:39:07.618,0.0,7.8,0.10,0.05
2025-12-31 14:39:08.621,0.1,7.8,0.10,0.05
2025-12-31 14:39:09.623,0.0,7.8,0.10,0.05
2025-12-31 14:39:10.625,0.1,7.8,0.09,0.05
2025-12-31 14:39:11.626,0.0,7.8,0.10,0.05
2025-12-31 14:39:12.628,0.0,7.8,0.10,0.05
2025-12-31 14:39:13.630,0.1,7.8,0.10,0.05
2025-12-31 14:39:14.631,0.1,7.8,0.10,0.05
2025-12-31 14:39:15.633,0.0,7.8,0.10,0.05
2025-12-31 14:39:16.634,0.0,7.8,0.10,0.05
2025-12-31 14:39:17.636,0.2,7.8,0.10,0.05
2025-12-31 14:39:18.637,0.0,7.8,0.09,0.05
2025-12-31 14:39:19.639,0.1,7.8,0.10,0.05
2025-12-31 14:39:20.641,0.1,7.8,0.10,0.05
2025-12-31 14:39:21.642,0.1,7.8,0.10,0.05
2025-12-31 14:39:22.644,0.0,7.8,0.10,0.05
2025-12-31 14:39:23.646,0.0,7.8,0.10,0.05
2025-12-31 14:39:24.648,0.1,7.8,0.11,0.05
2025-12-31 14:39:25.649,0.0,7.8,0.10,0.05
2025-12-31 14:39:26.650,0.1,7.8,0.10,0.05
2025-12-31 14:39:27.652,0.0,7.8,0.10,0.05
2025-12-31 14:39:28.653,0.0,7.8,0.10,0.05
2025-12-31 14:39:29.655,0.1,7.8,0.10,0.05
2025-12-31 14:39:30.656,0.0,7.8,0.10,0.05
2025-12-31 14:39:31.657,0.1,7.8,0.10,0.05
2025-12-31 14:39:32.658,0.0,7.8,0.10,0.05
2025-12-31 14:39:33.659,0.0,7.8,0.10,0.05
2025-12-31 14:39:34.660,0.1,7.8,0.10,0.05
2025-12-31 14:39:35.661,0.1,7.8,0.10,0.05
2025-12-31 14:39:36.662,0.1,7.8,0.10,0.05
2025-12-31 14:39:37.663,0.2,7.8,0.09,0.05
2025-12-31 14:39:38.665,0.0,7.8,0.10,0.05
2025-12-31 14:39:39.666,0.2,7.8,0.10,0.05
2025-12-31 14:39:40.667,0.1,7.8,0.10,0.05
2025-12-31 14:39:41.668,0.1,7.8,0.10,0.05
2025-12-31 14:39:42.669,0.1,7.8,0.10,0.05
2025-12-31 14:39:43.670,0.2,7.8,0.10,0.05
2025-12-31 14:39:44.671,0.2,7.8,0.10,0.05
2025-12-31 14:39:45.672,0.1,7.8,0.10,0.05
2025-12-31 14:39:46.673,0.2,7.8,0.10,0.05
2025-12-31 14:39:47.674,0.1,7.8,0.09,0.05
2025-12-31 14:39:48.675,0.1,7.8,0.10,0.05
2025-12-31 14:39:49.676,0.2,7.8,0.10,0.05
2025-12-31 14:39:50.677,0.1,7.8,0.10,0.05
2025-12-31 14:39:51.678,0.0,7.8,0.10,0.05
2025-12-31 14:39:52.680,0.0,7.8,0.10,0.05
2025-12-31 14:39:53.682,0.0,7.8,0.10,0.05
2025-12-31 14:39:54.683,0.1,7.8,0.10,0.05
2025-12-31 14:39:55.685,0.1,7.8,0.10,0.05
2025-12-31 14:39:56.686,0.1,7.8,0.10,0.05
2025-12-31 14:39:57.688,0.0,7.8,0.10,0.05
2025-12-31 14:39:58.690,0.0,7.8,0.10,0.05
2025-12-31 14:39:59.691,0.1,7.8,0.10,0.05
2025-12-31 14:40:00.693,0.0,7.8,0.10,0.05
2025-12-31 14:40:01.696,0.1,7.8,0.10,0.05
2025-12-31 14:40:02.697,0.1,7.8,0.10,0.05
2025-12-31 14:40:03.699,0.0,7.8,0.10,0.05
2025-12-31 14:40:04.701,0.1,7.8,0.10,0.05
2025-12-31 14:40:05.702,0.1,7.8,0.10,0.05
2025-12-31 14:40:06.704,0.0,7.8,0.10,0.05
2025-12-31 14:40:07.706,0.2,7.8,0.09,0.05
2025-12-31 14:40:08.707,0.1,7.8,0.10,0.05
2025-12-31 14:40:09.709,0.2,7.8,0.09,0.05
2025-12-31 14:40:10.711,0.2,7.8,0.10,0.05
2025-12-31 14:40:11.713,0.1,7.8,0.09,0.05
2025-12-31 14:40:12.714,0.3,7.8,0.10,0.05
2025-12-31 14:40:13.716,0.5,7.8,0.10,0.05
2025-12-31 14:40:14.717,0.2,7.8,0.10,0.05
2025-12-31 14:40:15.718,0.2,7.8,0.10,0.05
2025-12-31 14:40:16.719,0.5,7.8,0.09,0.05
2025-12-31 14:40:17.720,0.3,7.8,0.09,0.05
2025-12-31 14:40:18.722,0.3,7.8,0.10,0.05
2025-12-31 14:40:19.723,0.4,7.8,0.10,0.05
2025-12-31 14:40:20.725,0.2,7.8,0.10,0.05
2025-12-31 14:40:21.726,0.2,7.8,0.10,0.05
2025-12-31 14:40:22.728,0.2,7.8,0.10,0.05
2025-12-31 14:40:23.729,0.4,7.8,0.10,0.05
2025-12-31 14:40:24.731,0.4,7.8,0.10,0.05
2025-12-31 14:40:25.732,0.4,7.8,0.10,0.05
2025-12-31 14:40:26.734,0.3,7.8,0.10,0.05
2025-12-31 14:40:27.735,0.2,7.8,0.10,0.05
2025-12-31 14:40:28.738,0.4,7.8,0.10,0.05
2025-12-31 14:40:29.739,0.3,7.8,0.10,0.05
2025-12-31 14:40:30.741,0.3,7.8,0.10,0.05
2025-12-31 14:40:31.742,0.2,7.8,0.09,0.05
2025-12-31 14:40:32.744,0.2,7.8,0.10,0.05
2025-12-31 14:40:33.746,0.1,7.8,0.10,0.05
2025-12-31 14:40:34.748,0.2,7.8,0.10,0.05
2025-12-31 14:40:35.750,0.2,7.8,0.10,0.05
2025-12-31 14:40:36.751,0.1,7.8,0.10,0.05
2025-12-31 14:40:37.753,0.1,7.8,0.10,0.05
2025-12-31 14:40:38.755,0.2,7.8,0.10,0.05
2025-12-31 14:40:39.756,0.2,7.8,0.10,0.05
2025-12-31 14:40:40.758,0.2,7.8,0.10,0.06
2025-12-31 14:40:41.760,0.1,7.8,0.10,0.05
2025-12-31 14:40:42.761,0.2,7.8,0.10,0.05
2025-12-31 14:40:43.762,0.1,7.8,0.10,0.05
2025-12-31 14:40:44.764,0.1,7.8,0.10,0.05
2025-12-31 14:40:45.765,0.0,7.8,0.10,0.05
2025-12-31 14:40:46.766,0.2,7.8,0.10,0.05
2025-12-31 14:40:47.767,0.1,7.8,0.10,0.05
2025-12-31 14:40:48.769,0.2,7.8,0.10,0.05
2025-12-31 14:40:49.770,0.2,7.8,0.10,0.05
2025-12-31 14:40:50.771,0.1,7.8,0.09,0.05
2025-12-31 14:40:51.772,0.2,7.8,0.10,0.05
2025-12-31 14:40:52.773,0.1,7.8,0.10,0.05
2025-12-31 14:40:53.774,0.3,7.8,0.10,0.05
2025-12-31 14:40:54.775,0.1,7.8,0.10,0.05
2025-12-31 14:40:55.776,0.1,7.8,0.10,0.05
2025-12-31 14:40:56.777,0.3,7.8,0.10,0.05
2025-12-31 14:40:57.778,0.0,7.8,0.10,0.05
2025-12-31 14:40:58.779,0.2,7.8,0.11,0.05
2025-12-31 14:40:59.780,0.3,7.8,0.10,0.05
2025-12-31 14:41:00.781,0.2,7.8,0.09,0.05
2025-12-31 14:41:01.782,0.2,7.8,0.10,0.05
2025-12-31 14:41:02.783,0.2,7.8,0.10,0.05
2025-12-31 14:41:03.784,0.0,7.8,0.10,0.05
2025-12-31 14:41:04.786,0.1,7.8,0.10,0.05
2025-12-31 14:41:05.786,0.2,7.8,0.10,0.05
2025-12-31 14:41:06.788,0.2,7.8,0.10,0.05
2025-12-31 14:41:07.789,0.0,7.8,0.10,0.05
2025-12-31 14:41:08.790,0.1,7.8,0.10,0.05
2025-12-31 14:41:09.792,0.2,7.8,0.10,0.05
2025-12-31 14:41:10.793,0.2,7.8,0.10,0.05
2025-12-31 14:41:11.795,0.1,7.8,0.10,0.05
2025-12-31 14:41:12.797,0.1,7.8,0.10,0.05
2025-12-31 14:41:13.798,0.1,7.8,0.10,0.05
2025-12-31 14:41:14.799,0.2,7.8,0.11,0.05
2025-12-31 14:41:15.800,0.1,7.8,0.10,0.05
2025-12-31 14:41:16.801,0.1,7.8,0.10,0.05
2025-12-31 14:41:17.803,0.1,7.8,0.10,0.05
2025-12-31 14:41:18.803,0.2,7.8,0.10,0.05
2025-12-31 14:41:19.805,0.2,7.8,0.10,0.05
2025-12-31 14:41:20.807,0.1,7.8,0.10,0.05
2025-12-31 14:41:21.808,0.2,7.8,0.10,0.05
2025-12-31 14:41:22.810,0.2,7.8,0.10,0.05
2025-12-31 14:41:23.811,0.0,7.8,0.10,0.05
2025-12-31 14:41:24.812,0.0,7.8,0.10,0.05
2025-12-31 14:41:25.813,0.2,7.8,0.10,0.05
2025-12-31 14:41:26.815,0.1,7.8,0.10,0.05
2025-12-31 14:41:27.817,0.1,7.8,0.09,0.05
2025-12-31 14:41:28.819,0.0,7.8,0.10,0.05
2025-12-31 14:41:29.820,0.1,7.8,0.10,0.05
2025-12-31 14:41:30.821,0.0,7.8,0.10,0.05
2025-12-31 14:41:31.822,0.0,7.8,0.10,0.05
2025-12-31 14:41:32.824,0.1,7.8,0.10,0.05
2025-12-31 14:41:33.825,0.0,7.8,0.10,0.05
2025-12-31 14:41:34.826,0.1,7.8,0.10,0.05
2025-12-31 14:41:35.828,0.0,7.8,0.10,0.05
2025-12-31 14:41:36.829,0.0,7.8,0.10,0.05
2025-12-31 14:41:37.831,0.1,7.8,0.10,0.05
2025-12-31 14:41:38.832,0.0,7.8,0.10,0.05
2025-12-31 14:41:39.833,0.0,7.8,0.10,0.05
2025-12-31 14:41:40.835,0.1,7.8,0.10,0.05
2025-12-31 14:41:41.836,0.0,7.8,0.10,0.05
2025-12-31 14:41:42.837,0.1,7.8,0.10,0.05
2025-12-31 14:41:43.838,0.0,7.8,0.10,0.05
2025-12-31 14:41:44.839,0.1,7.8,0.10,0.05
2025-12-31 14:41:45.841,0.0,7.8,0.10,0.05
2025-12-31 14:41:46.842,0.0,7.8,0.10,0.05
2025-12-31 14:41:47.844,0.2,7.8,0.09,0.05
2025-12-31 14:41:48.845,0.1,7.8,0.10,0.05
2025-12-31 14:41:49.847,0.2,7.8,0.10,0.05
2025-12-31 14:41:50.848,0.1,7.8,0.09,0.05
2025-12-31 14:41:51.849,0.1,7.8,0.10,0.05
2025-12-31 14:41:52.850,0.0,7.8,0.10,0.05
2025-12-31 14:41:53.851,0.0,7.8,0.10,0.05
2025-12-31 14:41:54.853,0.1,7.8,0.10,0.05
2025-12-31 14:41:55.854,0.0,7.8,0.10,0.05
2025-12-31 14:41:56.855,0.1,7.8,0.10,0.05
2025-12-31 14:41:57.856,0.0,7.8,0.10,0.05
2025-12-31 14:41:58.857,0.1,7.8,0.10,0.05
2025-12-31 14:41:59.858,0.0,7.8,0.10,0.05
2025-12-31 14:42:00.859,0.0,7.8,0.10,0.05
2025-12-31 14:42:01.860,0.1,7.8,0.10,0.05
2025-12-31 14:42:02.861,0.0,7.8,0.10,0.05
2025-12-31 14:42:03.862,0.0,7.8,0.10,0.05
2025-12-31 14:42:04.864,0.1,7.8,0.10,0.05
2025-12-31 14:42:05.865,0.1,7.8,0.10,0.05
2025-12-31 14:42:06.866,0.0,7.8,0.10,0.05
2025-12-31 14:42:07.867,0.0,7.8,0.10,0.05
2025-12-31 14:42:08.868,0.0,7.8,0.10,0.05
2025-12-31 14:42:09.869,0.1,7.8,0.10,0.05
2025-12-31 14:42:10.870,0.0,7.8,0.09,0.05
2025-12-31 14:42:11.872,0.1,7.8,0.10,0.05
2025-12-31 14:42:12.873,0.0,7.8,0.10,0.05
2025-12-31 14:42:13.874,0.1,7.8,0.10,0.05
2025-12-31 14:42:14.876,0.1,7.8,0.09,0.05
2025-12-31 14:42:15.878,0.0,7.8,0.10,0.05
2025-12-31 14:42:16.880,0.2,7.8,0.10,0.05
2025-12-31 14:42:17.882,0.1,7.8,0.10,0.05
2025-12-31 14:42:18.884,0.0,7.8,0.10,0.05
2025-12-31 14:42:19.885,0.2,7.8,0.10,0.05
2025-12-31 14:42:20.887,0.0,7.8,0.10,0.05
2025-12-31 14:42:21.889,0.0,7.8,0.10,0.05
2025-12-31 14:42:22.890,0.2,7.8,0.10,0.05
2025-12-31 14:42:23.891,0.2,7.8,0.10,0.05
2025-12-31 14:42:24.892,0.0,7.8,0.10,0.05
2025-12-31 14:42:25.894,0.0,7.8,0.10,0.05
2025-12-31 14:42:26.895,0.1,7.8,0.10,0.05
2025-12-31 14:42:27.896,0.0,7.8,0.10,0.05
2025-12-31 14:42:28.897,0.0,7.8,0.10,0.05
2025-12-31 14:42:29.898,0.1,7.8,0.10,0.05
2025-12-31 14:42:30.899,0.0,7.8,0.10,0.05
2025-12-31 14:42:31.900,0.0,7.8,0.10,0.05
2025-12-31 14:42:32.902,0.1,7.8,0.10,0.05
2025-12-31 14:42:33.904,0.1,7.8,0.10,0.05
2025-12-31 14:42:34.905,0.1,7.8,0.11,0.06
2025-12-31 14:42:35.907,0.0,7.8,0.10,0.05
2025-12-31 14:42:36.908,0.0,7.8,0.09,0.05
2025-12-31 14:42:37.910,0.0,7.8,0.10,0.05
2025-12-31 14:42:38.911,0.1,7.8,0.09,0.05
2025-12-31 14:42:39.913,0.0,7.8,0.10,0.05
2025-12-31 14:42:40.914,0.1,7.8,0.10,0.05
2025-12-31 14:42:41.916,0.0,7.8,0.09,0.05
2025-12-31 14:42:42.917,0.1,7.8,0.10,0.05
2025-12-31 14:42:43.918,0.0,7.8,0.10,0.05
2025-12-31 14:42:44.920,0.1,7.8,0.10,0.05
2025-12-31 14:42:45.921,0.0,7.8,0.10,0.05
2025-12-31 14:42:46.922,0.1,7.8,0.10,0.05
2025-12-31 14:42:47.923,0.1,7.8,0.10,0.05
2025-12-31 14:42:48.924,0.0,7.8,0.10,0.05
2025-12-31 14:42:49.925,0.0,7.8,0.10,0.05
2025-12-31 14:42:50.926,0.0,7.8,0.10,0.05
2025-12-31 14:42:51.927,0.1,7.8,0.10,0.05
2025-12-31 14:42:52.928,0.1,7.8,0.10,0.05
2025-12-31 14:42:53.929,0.0,7.8,0.10,0.05
2025-12-31 14:42:54.931,0.0,7.8,0.10,0.05
2025-12-31 14:42:55.931,0.1,7.8,0.10,0.05
2025-12-31 14:42:56.933,0.1,7.8,0.10,0.05
2025-12-31 14:42:57.934,0.2,7.8,0.09,0.05
2025-12-31 14:42:58.935,0.0,7.8,0.10,0.05
2025-12-31 14:42:59.937,0.2,7.8,0.10,0.05
2025-12-31 14:43:00.938,0.2,7.8,0.10,0.05
2025-12-31 14:43:01.940,0.0,7.8,0.09,0.05
2025-12-31 14:43:02.942,0.1,7.8,0.10,0.05
2025-12-31 14:43:03.944,0.2,7.8,0.09,0.05
2025-12-31 14:43:04.946,0.2,7.8,0.10,0.05
2025-12-31 14:43:05.947,0.3,7.8,0.10,0.05
2025-12-31 14:43:06.949,0.2,7.8,0.10,0.05
2025-12-31 14:43:07.951,0.2,7.8,0.09,0.05
2025-12-31 14:43:08.953,0.3,7.8,0.10,0.05
2025-12-31 14:43:09.955,0.2,7.8,0.10,0.05
2025-12-31 14:43:10.956,0.2,7.8,0.10,0.05
2025-12-31 14:43:11.957,0.1,7.8,0.10,0.05
2025-12-31 14:43:12.959,0.2,7.8,0.10,0.05
2025-12-31 14:43:13.960,0.2,7.8,0.10,0.05
2025-12-31 14:43:14.961,0.2,7.8,0.10,0.05
2025-12-31 14:43:15.963,0.1,7.8,0.10,0.05
2025-12-31 14:43:16.964,0.2,7.8,0.10,0.05
2025-12-31 14:43:17.965,0.2,7.8,0.10,0.05
2025-12-31 14:43:18.967,0.2,7.8,0.09,0.05
2025-12-31 14:43:19.968,0.2,7.8,0.10,0.05
2025-12-31 14:43:20.970,0.2,7.8,0.09,0.05
2025-12-31 14:43:21.972,0.2,7.8,0.09,0.05
2025-12-31 14:43:22.973,0.1,7.8,0.10,0.05
2025-12-31 14:43:23.974,0.2,7.8,0.09,0.05
2025-12-31 14:43:24.976,0.0,7.8,0.10,0.05
2025-12-31 14:43:25.977,0.1,7.8,0.09,0.05
2025-12-31 14:43:26.979,0.1,7.8,0.10,0.05
2025-12-31 14:43:27.980,0.1,7.8,0.10,0.05
2025-12-31 14:43:28.982,0.1,7.8,0.10,0.05
2025-12-31 14:43:29.983,0.1,7.8,0.09,0.05
2025-12-31 14:43:30.984,0.1,7.8,0.10,0.05
2025-12-31 14:43:31.985,0.2,7.8,0.10,0.05
2025-12-31 14:43:32.986,0.2,7.8,0.10,0.05
2025-12-31 14:43:33.987,0.2,7.8,0.10,0.05
2025-12-31 14:43:34.989,0.2,7.8,0.10,0.05
2025-12-31 14:43:35.990,0.1,7.8,0.10,0.05
2025-12-31 14:43:36.992,0.2,7.8,0.10,0.05
2025-12-31 14:43:37.994,0.4,7.8,0.10,0.05
2025-12-31 14:43:38.995,0.2,7.8,0.10,0.05
2025-12-31 14:43:39.997,0.2,7.8,0.10,0.05
2025-12-31 14:43:40.998,0.2,7.8,0.10,0.05
2025-12-31 14:43:42.000,0.2,7.8,0.10,0.05
2025-12-31 14:43:43.001,0.2,7.8,0.10,0.05
2025-12-31 14:43:44.003,0.3,7.8,0.09,0.05
2025-12-31 14:43:45.005,0.0,7.8,0.10,0.05
2025-12-31 14:43:46.006,0.4,7.8,0.10,0.05
2025-12-31 14:43:47.007,0.4,7.8,0.09,0.05
2025-12-31 14:43:48.009,0.3,7.8,0.10,0.05
2025-12-31 14:43:49.011,0.2,7.8,0.10,0.05
2025-12-31 14:43:50.012,0.2,7.8,0.10,0.05
2025-12-31 14:43:51.013,0.2,7.8,0.10,0.05
2025-12-31 14:43:52.015,0.2,7.8,0.09,0.05
2025-12-31 14:43:53.017,0.3,7.8,0.10,0.05
2025-12-31 14:43:54.018,0.2,7.8,0.10,0.05
2025-12-31 14:43:55.020,0.3,7.8,0.10,0.05
2025-12-31 14:43:56.021,0.2,7.8,0.10,0.05
2025-12-31 14:43:57.023,0.1,7.8,0.10,0.05
2025-12-31 14:43:58.024,0.2,7.8,0.10,0.05
2025-12-31 14:43:59.025,0.0,7.8,0.10,0.05
2025-12-31 14:44:00.027,0.2,7.8,0.10,0.05
2025-12-31 14:44:01.029,0.2,7.8,0.10,0.05
2025-12-31 14:44:02.030,0.2,7.8,0.10,0.05
2025-12-31 14:44:03.032,0.3,7.8,0.10,0.05
2025-12-31 14:44:04.033,0.2,7.8,0.10,0.05
2025-12-31 14:44:05.035,0.2,7.8,0.10,0.06
2025-12-31 14:44:06.036,0.2,7.8,0.10,0.06
2025-12-31 14:44:07.037,0.0,7.8,0.10,0.05
2025-12-31 14:44:08.038,0.2,7.8,0.10,0.05
2025-12-31 14:44:09.039,0.1,7.8,0.09,0.05
2025-12-31 14:44:10.040,0.2,7.8,0.09,0.05
2025-12-31 14:44:11.041,0.1,7.8,0.10,0.05
2025-12-31 14:44:12.042,0.1,7.8,0.10,0.06
2025-12-31 14:44:13.043,0.2,7.8,0.10,0.06
2025-12-31 14:44:14.044,0.0,7.8,0.09,0.05
2025-12-31 14:44:15.046,0.1,7.8,0.10,0.06
2025-12-31 14:44:16.047,0.0,7.8,0.09,0.05
2025-12-31 14:44:17.049,0.2,7.8,0.10,0.05
2025-12-31 14:44:18.050,0.1,7.8,0.10,0.05
2025-12-31 14:44:19.052,0.1,7.8,0.09,0.05
2025-12-31 14:44:20.053,0.0,7.8,0.09,0.05
2025-12-31 14:44:21.055,0.0,7.8,0.10,0.05
2025-12-31 14:44:22.056,0.2,7.8,0.10,0.05
2025-12-31 14:44:23.057,0.1,7.8,0.10,0.05
2025-12-31 14:44:24.058,0.1,7.8,0.10,0.05
2025-12-31 14:44:25.059,0.1,7.8,0.10,0.05
2025-12-31 14:44:26.061,0.1,7.8,0.10,0.05
2025-12-31 14:44:27.062,0.0,7.8,0.09,0.05
2025-12-31 14:44:28.063,0.1,7.8,0.10,0.05
2025-12-31 14:44:29.065,0.0,7.8,0.10,0.05
2025-12-31 14:44:30.066,0.1,7.8,0.10,0.05
2025-12-31 14:44:31.068,0.0,7.8,0.10,0.05
2025-12-31 14:44:32.070,0.0,7.8,0.10,0.05
2025-12-31 14:44:33.071,0.2,7.8,0.10,0.05
2025-12-31 14:44:34.072,0.1,7.8,0.10,0.05
2025-12-31 14:44:35.074,0.0,7.8,0.10,0.05
2025-12-31 14:44:36.076,0.0,7.8,0.10,0.05
2025-12-31 14:44:37.077,0.1,7.8,0.09,0.05
2025-12-31 14:44:38.079,0.1,7.8,0.09,0.05
2025-12-31 14:44:39.080,0.0,7.8,0.10,0.05
2025-12-31 14:44:40.082,0.2,7.8,0.10,0.05
2025-12-31 14:44:41.084,0.1,7.8,0.09,0.05
2025-12-31 14:44:42.085,0.0,7.8,0.09,0.05
2025-12-31 14:44:43.087,0.0,7.8,0.10,0.05
2025-12-31 14:44:44.088,0.0,7.8,0.10,0.05
2025-12-31 14:44:45.089,0.1,7.8,0.09,0.05
2025-12-31 14:44:46.092,0.1,7.8,0.10,0.05
2025-12-31 14:44:47.093,0.1,7.8,0.09,0.05
2025-12-31 14:44:48.094,0.0,7.8,0.10,0.05
2025-12-31 14:44:49.095,0.2,7.8,0.10,0.05
2025-12-31 14:44:50.096,0.1,7.8,0.09,0.05
2025-12-31 14:44:51.097,0.0,7.8,0.10,0.05
2025-12-31 14:44:52.099,0.0,7.8,0.10,0.05
2025-12-31 14:44:53.100,0.1,7.8,0.10,0.05
2025-12-31 14:44:54.101,0.0,7.8,0.10,0.05
2025-12-31 14:44:55.103,0.1,7.8,0.10,0.05
2025-12-31 14:44:56.104,0.0,7.8,0.10,0.05
2025-12-31 14:44:57.105,0.0,7.8,0.10,0.06
2025-12-31 14:44:58.106,0.1,7.8,0.10,0.05
2025-12-31 14:44:59.108,0.0,7.8,0.10,0.05
2025-12-31 14:45:00.109,0.0,7.8,0.10,0.05
2025-12-31 14:45:01.110,0.1,7.8,0.10,0.05
2025-12-31 14:45:02.112,0.0,7.8,0.10,0.05
2025-12-31 14:45:03.113,0.1,7.8,0.09,0.05
2025-12-31 14:45:04.114,0.0,7.8,0.10,0.05
2025-12-31 14:45:05.116,0.0,7.8,0.09,0.09
2025-12-31 14:45:06.117,0.1,7.8,0.10,0.06
2025-12-31 14:45:07.119,0.0,7.8,0.10,0.06
2025-12-31 14:45:08.120,0.1,7.8,0.10,0.05
2025-12-31 14:45:09.122,0.0,7.8,0.09,0.05
2025-12-31 14:45:10.124,0.1,7.8,0.10,0.05
2025-12-31 14:45:11.125,0.0,7.8,0.09,0.05
2025-12-31 14:45:12.127,0.0,7.8,0.09,0.05
2025-12-31 14:45:13.129,0.1,7.8,0.10,0.05
2025-12-31 14:45:14.131,0.1,7.8,0.10,0.05
2025-12-31 14:45:15.132,0.0,7.8,0.09,0.05
2025-12-31 14:45:16.133,0.1,7.8,0.10,0.05
2025-12-31 14:45:17.135,0.1,7.8,0.10,0.05
2025-12-31 14:45:18.137,0.1,7.8,0.10,0.05
2025-12-31 14:45:19.139,0.0,7.8,0.10,0.05
2025-12-31 14:45:20.141,0.0,7.8,0.10,0.05
2025-12-31 14:45:21.142,0.1,7.8,0.09,0.05
2025-12-31 14:45:22.144,0.1,7.8,0.10,0.05
2025-12-31 14:45:23.146,0.0,7.8,0.10,0.05
2025-12-31 14:45:24.148,0.0,7.8,0.10,0.05
2025-12-31 14:45:25.149,0.0,7.8,0.10,0.05
2025-12-31 14:45:26.151,0.1,7.8,0.10,0.05
2025-12-31 14:45:27.153,0.1,7.8,0.09,0.05
2025-12-31 14:45:28.154,0.0,7.8,0.10,0.05
2025-12-31 14:45:29.155,0.2,7.8,0.09,0.05
2025-12-31 14:45:30.157,0.1,7.8,0.10,0.05
2025-12-31 14:45:31.158,0.0,7.8,0.09,0.05
2025-12-31 14:45:32.160,0.1,7.8,0.10,0.05
2025-12-31 14:45:33.161,0.0,7.8,0.10,0.05
2025-12-31 14:45:34.163,0.0,7.8,0.10,0.05
2025-12-31 14:45:35.164,0.1,7.8,0.10,0.05
2025-12-31 14:45:36.166,0.0,7.8,0.10,0.05
2025-12-31 14:45:37.167,0.0,7.8,0.10,0.05
2025-12-31 14:45:38.168,0.1,7.8,0.09,0.05
2025-12-31 14:45:39.170,0.0,7.8,0.09,0.05
2025-12-31 14:45:40.171,0.0,7.8,0.10,0.05
2025-12-31 14:45:41.173,0.0,7.8,0.10,0.05
2025-12-31 14:45:42.175,0.1,7.8,0.10,0.05
2025-12-31 14:45:43.177,0.1,7.8,0.09,0.05
2025-12-31 14:45:44.178,0.0,7.8,0.10,0.05
2025-12-31 14:45:45.179,0.1,7.8,0.10,0.05
2025-12-31 14:45:46.181,0.0,7.8,0.09,0.05
2025-12-31 14:45:47.184,0.2,7.8,0.10,0.05
2025-12-31 14:45:48.185,0.1,7.8,0.10,0.05
2025-12-31 14:45:49.187,0.1,7.8,0.10,0.05
2025-12-31 14:45:50.189,0.0,7.8,0.10,0.05
2025-12-31 14:45:51.190,0.1,7.8,0.09,0.05
2025-12-31 14:45:52.192,0.0,7.8,0.10,0.05
2025-12-31 14:45:53.193,0.1,7.8,0.10,0.05
2025-12-31 14:45:54.196,0.1,7.8,0.10,0.05
2025-12-31 14:45:55.197,0.2,7.8,0.10,0.05
2025-12-31 14:45:56.199,0.2,7.8,0.09,0.05
2025-12-31 14:45:57.200,0.1,7.8,0.09,0.05
2025-12-31 14:45:58.202,0.1,7.8,0.09,0.05
2025-12-31 14:45:59.203,0.2,7.8,0.10,0.05
2025-12-31 14:46:00.204,0.0,7.8,0.10,0.05
2025-12-31 14:46:01.206,0.2,7.8,0.09,0.05
2025-12-31 14:46:02.207,0.2,7.8,0.09,0.05
2025-12-31 14:46:03.209,0.0,7.8,0.10,0.05
2025-12-31 14:46:04.211,0.1,7.8,0.10,0.05
2025-12-31 14:46:05.213,0.0,7.8,0.09,0.05
2025-12-31 14:46:06.215,0.2,7.8,0.10,0.05
2025-12-31 14:46:07.216,0.0,7.8,0.09,0.05
2025-12-31 14:46:08.218,0.0,7.8,0.10,0.05
2025-12-31 14:46:09.220,0.2,7.8,0.10,0.05
2025-12-31 14:46:10.221,0.1,7.8,0.10,0.05
2025-12-31 14:46:11.223,0.0,7.8,0.10,0.05
2025-12-31 14:46:12.225,0.1,7.8,0.10,0.05
2025-12-31 14:46:13.227,0.0,7.8,0.09,0.05
2025-12-31 14:46:14.228,0.1,7.8,0.10,0.05
2025-12-31 14:46:15.229,0.0,7.8,0.10,0.05
2025-12-31 14:46:16.230,0.0,7.8,0.10,0.05
2025-12-31 14:46:17.232,0.2,7.8,0.10,0.05
2025-12-31 14:46:18.234,0.2,7.8,0.09,0.05
2025-12-31 14:46:19.236,0.2,7.8,0.10,0.05
2025-12-31 14:46:20.237,0.2,7.8,0.10,0.05
2025-12-31 14:46:21.239,0.2,7.8,0.09,0.05
2025-12-31 14:46:22.240,0.1,7.8,0.10,0.05
2025-12-31 14:46:23.242,0.2,7.8,0.10,0.05
2025-12-31 14:46:24.243,0.2,7.8,0.10,0.05
2025-12-31 14:46:25.245,0.1,7.8,0.10,0.05
2025-12-31 14:46:26.247,0.2,7.8,0.10,0.05
2025-12-31 14:46:27.248,0.1,7.8,0.10,0.05
2025-12-31 14:46:28.249,0.2,7.8,0.10,0.05
2025-12-31 14:46:29.251,0.2,7.8,0.10,0.05
2025-12-31 14:46:30.252,0.3,7.8,0.10,0.05
2025-12-31 14:46:31.253,0.2,7.8,0.10,0.05
2025-12-31 14:46:32.254,0.3,7.8,0.10,0.05
2025-12-31 14:46:33.255,0.5,7.8,0.10,0.05
2025-12-31 14:46:34.256,0.3,7.8,0.10,0.05
2025-12-31 14:46:35.258,0.2,7.8,0.10,0.05
2025-12-31 14:46:36.260,0.3,7.8,0.10,0.05
2025-12-31 14:46:37.262,0.4,7.8,0.10,0.05
2025-12-31 14:46:38.263,0.2,7.8,0.10,0.05
2025-12-31 14:46:39.264,0.4,7.8,0.10,0.05
2025-12-31 14:46:40.266,0.2,7.8,0.10,0.05
2025-12-31 14:46:41.268,0.4,7.8,0.11,0.05
2025-12-31 14:46:42.269,0.2,7.8,0.10,0.05
2025-12-31 14:46:43.271,0.4,7.8,0.10,0.05
2025-12-31 14:46:44.273,0.3,7.8,0.12,0.06
2025-12-31 14:46:45.274,0.2,7.8,0.10,0.05
2025-12-31 14:46:46.275,0.3,7.8,0.09,0.05
2025-12-31 14:46:47.276,0.3,7.8,0.10,0.05
2025-12-31 14:46:48.277,0.2,7.8,0.09,0.05
2025-12-31 14:46:49.278,0.3,7.8,0.10,0.05
2025-12-31 14:46:50.279,0.1,7.8,0.09,0.05
2025-12-31 14:46:51.280,0.2,7.8,0.09,0.05
2025-12-31 14:46:52.282,0.2,7.8,0.10,0.05
2025-12-31 14:46:53.284,0.2,7.8,0.10,0.05
2025-12-31 14:46:54.285,0.3,7.8,0.10,0.05
2025-12-31 14:46:55.286,0.2,7.8,0.10,0.05
2025-12-31 14:46:56.288,0.2,7.8,0.09,0.05
2025-12-31 14:46:57.289,0.2,7.8,0.10,0.05
2025-12-31 14:46:58.291,0.1,7.8,0.10,0.05
2025-12-31 14:46:59.292,0.2,7.8,0.10,0.05
2025-12-31 14:47:00.293,0.2,7.8,0.09,0.05
2025-12-31 14:47:01.294,0.2,7.8,0.10,0.05
2025-12-31 14:47:02.295,0.2,7.8,0.09,0.05
2025-12-31 14:47:03.296,0.1,7.8,0.09,0.05
2025-12-31 14:47:04.298,0.2,7.8,0.10,0.05
2025-12-31 14:47:05.300,0.3,7.8,0.09,0.05
2025-12-31 14:47:06.301,0.2,7.8,0.09,0.05
2025-12-31 14:47:07.302,0.2,7.8,0.09,0.05
2025-12-31 14:47:08.304,0.2,7.8,0.09,0.05
2025-12-31 14:47:09.305,0.2,7.8,0.10,0.05
2025-12-31 14:47:10.307,0.1,7.8,0.10,0.05
2025-12-31 14:47:11.308,0.2,7.8,0.09,0.05
2025-12-31 14:47:12.310,0.1,7.8,0.09,0.05
2025-12-31 14:47:13.312,0.2,7.8,0.10,0.05
2025-12-31 14:47:14.313,0.2,7.8,0.10,0.05
2025-12-31 14:47:15.315,0.0,7.8,0.09,0.05
2025-12-31 14:47:16.316,0.2,7.8,0.10,0.05
2025-12-31 14:47:17.318,0.2,7.8,0.10,0.05
2025-12-31 14:47:18.320,0.1,7.8,0.09,0.05
2025-12-31 14:47:19.321,0.2,7.8,0.09,0.05
2025-12-31 14:47:20.322,0.1,7.8,0.10,0.05
2025-12-31 14:47:21.324,0.2,7.8,0.10,0.05
2025-12-31 14:47:22.326,0.0,7.8,0.10,0.05
2025-12-31 14:47:23.328,0.1,7.8,0.09,0.05
2025-12-31 14:47:24.329,0.3,7.8,0.10,0.05
2025-12-31 14:47:25.330,0.1,7.8,0.10,0.05
2025-12-31 14:47:26.332,0.2,7.8,0.09,0.05
2025-12-31 14:47:27.333,0.0,7.8,0.10,0.05
2025-12-31 14:47:28.334,0.1,7.8,0.10,0.05
2025-12-31 14:47:29.336,0.1,7.8,0.10,0.05
2025-12-31 14:47:30.337,0.1,7.8,0.09,0.05
2025-12-31 14:47:31.339,0.2,7.8,0.10,0.05
2025-12-31 14:47:32.341,0.1,7.8,0.09,0.05
2025-12-31 14:47:33.343,0.2,7.8,0.10,0.05
2025-12-31 14:47:34.345,0.2,7.8,0.10,0.05
2025-12-31 14:47:35.347,0.1,7.8,0.10,0.05
2025-12-31 14:47:36.349,0.2,7.8,0.09,0.05
2025-12-31 14:47:37.351,0.0,7.8,0.10,0.05
2025-12-31 14:47:38.353,0.1,7.8,0.09,0.05
2025-12-31 14:47:39.355,0.1,7.8,0.10,0.05
2025-12-31 14:47:40.357,0.0,7.8,0.09,0.05
2025-12-31 14:47:41.358,0.2,7.8,0.10,0.05
2025-12-31 14:47:42.359,0.0,7.8,0.09,0.05
2025-12-31 14:47:43.360,0.2,7.8,0.10,0.05
2025-12-31 14:47:44.362,0.1,7.8,0.10,0.05
2025-12-31 14:47:45.364,0.0,7.8,0.10,0.05
2025-12-31 14:47:46.366,0.0,7.8,0.09,0.05
2025-12-31 14:47:47.367,0.2,7.8,0.10,0.05
2025-12-31 14:47:48.369,0.0,7.8,0.09,0.05
2025-12-31 14:47:49.371,0.1,7.8,0.10,0.05
2025-12-31 14:47:50.373,0.0,7.8,0.10,0.05
2025-12-31 14:47:51.374,0.1,7.8,0.10,0.05
2025-12-31 14:47:52.375,0.0,7.8,0.09,0.05
2025-12-31 14:47:53.377,0.1,7.8,0.10,0.05
2025-12-31 14:47:54.379,0.0,7.8,0.10,0.05
2025-12-31 14:47:55.380,0.1,7.8,0.10,0.05
2025-12-31 14:47:56.382,0.1,7.8,0.09,0.05
2025-12-31 14:47:57.384,0.0,7.8,0.10,0.05
2025-12-31 14:47:58.385,0.1,7.8,0.09,0.05
2025-12-31 14:47:59.386,0.0,7.8,0.10,0.05
2025-12-31 14:48:00.388,0.1,7.8,0.10,0.05
2025-12-31 14:48:01.389,0.0,7.8,0.09,0.05
2025-12-31 14:48:02.391,0.0,7.8,0.09,0.05
2025-12-31 14:48:03.392,0.1,7.8,0.09,0.05
2025-12-31 14:48:04.393,0.2,7.8,0.10,0.05
2025-12-31 14:48:05.395,0.1,7.8,0.09,0.05
2025-12-31 14:48:06.396,0.0,7.8,0.10,0.05
2025-12-31 14:48:07.397,0.1,7.8,0.09,0.05
2025-12-31 14:48:08.399,0.2,7.8,0.10,0.05
2025-12-31 14:48:09.401,0.0,7.8,0.10,0.05
2025-12-31 14:48:10.402,0.1,7.8,0.09,0.05
2025-12-31 14:48:11.404,0.1,7.8,0.10,0.05
2025-12-31 14:48:12.405,0.1,7.8,0.09,0.05
2025-12-31 14:48:13.407,0.1,7.8,0.10,0.05
2025-12-31 14:48:14.408,0.1,7.8,0.10,0.05
2025-12-31 14:48:15.410,0.3,7.8,0.10,0.05
2025-12-31 14:48:16.412,0.0,7.8,0.09,0.05
2025-12-31 14:48:17.413,0.2,7.8,0.10,0.05
2025-12-31 14:48:18.415,0.0,7.8,0.10,0.05
2025-12-31 14:48:19.417,0.1,7.8,0.09,0.05
2025-12-31 14:48:20.420,0.1,7.8,0.09,0.05
2025-12-31 14:48:21.422,0.2,7.8,0.09,0.05
2025-12-31 14:48:22.424,0.0,7.8,0.09,0.05
2025-12-31 14:48:23.425,0.1,7.8,0.09,0.05
2025-12-31 14:48:24.427,0.1,7.8,0.10,0.05
2025-12-31 14:48:25.429,0.0,7.8,0.09,0.05
2025-12-31 14:48:26.431,0.1,7.8,0.10,0.05
2025-12-31 14:48:27.432,0.2,7.8,0.09,0.05
2025-12-31 14:48:28.433,0.0,7.8,0.09,0.05
2025-12-31 14:48:29.435,0.1,7.8,0.09,0.05
2025-12-31 14:48:30.436,0.1,7.8,0.10,0.05
2025-12-31 14:48:31.439,0.0,7.8,0.09,0.05
2025-12-31 14:48:32.440,0.1,7.8,0.09,0.05
2025-12-31 14:48:33.442,0.0,7.8,0.10,0.05
2025-12-31 14:48:34.443,0.1,7.8,0.10,0.05
2025-12-31 14:48:35.445,0.1,7.8,0.09,0.05
2025-12-31 14:48:36.446,0.0,7.8,0.09,0.05
2025-12-31 14:48:37.448,0.2,7.8,0.10,0.05
2025-12-31 14:48:38.449,0.0,7.8,0.10,0.05
2025-12-31 14:48:39.450,0.0,7.8,0.10,0.05
2025-12-31 14:48:40.451,0.1,7.8,0.10,0.05
2025-12-31 14:48:41.452,0.0,7.8,0.10,0.05
2025-12-31 14:48:42.454,0.1,7.8,0.10,0.05
2025-12-31 14:48:43.456,0.1,7.8,0.10,0.05
2025-12-31 14:48:44.457,0.1,7.8,0.10,0.05
2025-12-31 14:48:45.459,0.0,7.8,0.10,0.05
2025-12-31 14:48:46.460,0.2,7.8,0.10,0.05
2025-12-31 14:48:47.461,0.0,7.8,0.09,0.05
2025-12-31 14:48:48.463,0.0,7.8,0.10,0.05
2025-12-31 14:48:49.465,0.2,7.8,0.09,0.05
2025-12-31 14:48:50.466,0.0,7.8,0.10,0.05
2025-12-31 14:48:51.467,0.0,7.8,0.09,0.05
2025-12-31 14:48:52.469,0.0,7.8,0.09,0.05
2025-12-31 14:48:53.470,0.1,7.8,0.09,0.05
2025-12-31 14:48:54.472,0.0,7.8,0.10,0.05
2025-12-31 14:48:55.474,0.1,7.8,0.10,0.05
2025-12-31 14:48:56.475,0.0,7.8,0.09,0.05
2025-12-31 14:48:57.477,0.1,7.8,0.09,0.05
2025-12-31 14:48:58.479,0.0,7.8,0.09,0.05
2025-12-31 14:48:59.480,0.0,7.8,0.10,0.05
2025-12-31 14:49:00.482,0.1,7.8,0.09,0.05
2025-12-31 14:49:01.484,0.1,7.8,0.10,0.05
2025-12-31 14:49:02.486,0.1,7.8,0.10,0.05
2025-12-31 14:49:03.488,0.0,7.8,0.09,0.05
2025-12-31 14:49:04.489,0.0,7.8,0.10,0.05
2025-12-31 14:49:05.491,0.2,7.8,0.10,0.05
2025-12-31 14:49:06.493,0.0,7.8,0.10,0.05
2025-12-31 14:49:07.495,0.1,7.8,0.10,0.05
2025-12-31 14:49:08.496,0.0,7.8,0.09,0.05
2025-12-31 14:49:09.498,0.0,7.8,0.10,0.05
2025-12-31 14:49:10.499,0.2,7.8,0.10,0.05
2025-12-31 14:49:11.501,0.0,7.8,0.09,0.05
2025-12-31 14:49:12.502,0.1,7.8,0.10,0.05
2025-12-31 14:49:13.504,0.0,7.8,0.10,0.05
2025-12-31 14:49:14.505,0.1,7.8,0.10,0.05
2025-12-31 14:49:15.507,0.2,7.8,0.09,0.05
2025-12-31 14:49:16.508,0.2,7.8,0.09,0.05
2025-12-31 14:49:17.509,0.1,7.8,0.09,0.05
2025-12-31 14:49:18.511,0.0,7.8,0.09,0.05
2025-12-31 14:49:19.513,0.2,7.8,0.09,0.05
2025-12-31 14:49:20.514,0.2,7.8,0.09,0.05
2025-12-31 14:49:21.516,0.2,7.8,0.10,0.05
2025-12-31 14:49:22.517,0.2,7.8,0.10,0.05
2025-12-31 14:49:23.519,0.3,7.8,0.09,0.05
2025-12-31 14:49:24.521,0.2,7.8,0.10,0.05
2025-12-31 14:49:25.523,0.2,7.8,0.10,0.05
2025-12-31 14:49:26.524,0.2,7.8,0.10,0.05
2025-12-31 14:49:27.525,0.2,7.8,0.09,0.05
2025-12-31 14:49:28.526,0.3,7.8,0.10,0.05
2025-12-31 14:49:29.527,0.3,7.8,0.09,0.05
2025-12-31 14:49:30.529,0.3,7.8,0.10,0.05
2025-12-31 14:49:31.531,0.2,7.8,0.09,0.05
2025-12-31 14:49:32.532,0.3,7.8,0.10,0.05
2025-12-31 14:49:33.534,0.3,7.8,0.10,0.05
2025-12-31 14:49:34.536,0.3,7.8,0.10,0.05
2025-12-31 14:49:35.537,0.2,7.8,0.09,0.05
2025-12-31 14:49:36.539,0.2,7.8,0.09,0.05
2025-12-31 14:49:37.541,0.2,7.8,0.09,0.05
2025-12-31 14:49:38.542,0.1,7.8,0.10,0.05
2025-12-31 14:49:39.544,0.3,7.8,0.10,0.05
2025-12-31 14:49:40.546,0.2,7.8,0.09,0.05
2025-12-31 14:49:41.548,0.1,7.8,0.10,0.05
2025-12-31 14:49:42.549,0.1,7.8,0.09,0.05
2025-12-31 14:49:43.550,0.1,7.8,0.10,0.05
2025-12-31 14:49:44.551,0.2,7.8,0.10,0.05
2025-12-31 14:49:45.552,0.1,7.8,0.09,0.05
2025-12-31 14:49:46.554,0.2,7.8,0.10,0.05
2025-12-31 14:49:47.556,0.2,7.8,0.09,0.05
2025-12-31 14:49:48.557,0.0,7.8,0.10,0.05
2025-12-31 14:49:49.558,0.1,7.8,0.09,0.05
2025-12-31 14:49:50.560,0.2,7.8,0.10,0.05
2025-12-31 14:49:51.562,0.2,7.8,0.09,0.05
2025-12-31 14:49:52.563,0.2,7.8,0.09,0.05
2025-12-31 14:49:53.565,0.2,7.8,0.10,0.05
2025-12-31 14:49:54.566,0.1,7.8,0.10,0.05
2025-12-31 14:49:55.568,0.2,7.8,0.09,0.05
2025-12-31 14:49:56.569,0.0,7.8,0.10,0.05
2025-12-31 14:49:57.571,0.2,7.8,0.10,0.05
2025-12-31 14:49:58.572,0.1,7.8,0.10,0.05
2025-12-31 14:49:59.574,0.2,7.8,0.10,0.05
2025-12-31 14:50:00.576,0.2,7.8,0.10,0.05
2025-12-31 14:50:01.577,0.2,7.8,0.09,0.05
2025-12-31 14:50:02.578,0.2,7.8,0.10,0.05
2025-12-31 14:50:03.580,0.2,7.8,0.10,0.05
2025-12-31 14:50:04.582,0.2,7.8,0.10,0.05
2025-12-31 14:50:05.583,0.2,7.8,0.10,0.05
2025-12-31 14:50:06.585,0.2,7.8,0.09,0.05
2025-12-31 14:50:07.586,0.2,7.8,0.09,0.05
2025-12-31 14:50:08.588,0.0,7.8,0.09,0.05
2025-12-31 14:50:09.590,0.1,7.8,0.10,0.05
2025-12-31 14:50:10.592,0.1,7.8,0.09,0.05
2025-12-31 14:50:11.593,0.2,7.8,0.10,0.06
2025-12-31 14:50:12.595,0.1,7.8,0.09,0.05
2025-12-31 14:50:13.596,0.2,7.8,0.10,0.05
2025-12-31 14:50:14.598,0.1,7.8,0.10,0.05
2025-12-31 14:50:15.600,0.1,7.8,0.10,0.05
2025-12-31 14:50:16.601,0.2,7.8,0.10,0.05
2025-12-31 14:50:17.603,0.1,7.8,0.10,0.05
2025-12-31 14:50:18.605,0.1,7.8,0.09,0.05
2025-12-31 14:50:19.607,0.1,7.8,0.10,0.05
2025-12-31 14:50:20.608,0.2,7.8,0.09,0.05
2025-12-31 14:50:21.610,0.0,7.8,0.10,0.05
2025-12-31 14:50:22.611,0.2,7.8,0.09,0.05
2025-12-31 14:50:23.613,0.2,7.8,0.10,0.05
2025-12-31 14:50:24.615,0.2,7.8,0.10,0.05
2025-12-31 14:50:25.617,0.1,7.8,0.09,0.05
2025-12-31 14:50:26.618,0.1,7.8,0.09,0.05
2025-12-31 14:50:27.620,0.1,7.8,0.10,0.05
2025-12-31 14:50:28.622,0.2,7.8,0.09,0.05
2025-12-31 14:50:29.624,0.0,7.8,0.09,0.05
2025-12-31 14:50:30.626,0.1,7.8,0.09,0.05
2025-12-31 14:50:31.628,0.2,7.8,0.10,0.05
2025-12-31 14:50:32.631,0.1,7.8,0.09,0.05
2025-12-31 14:50:33.632,0.0,7.8,0.09,0.05
2025-12-31 14:50:34.635,0.1,7.8,0.10,0.05
2025-12-31 14:50:35.636,0.1,7.8,0.09,0.05
2025-12-31 14:50:36.637,0.0,7.8,0.10,0.05
2025-12-31 14:50:37.639,0.0,7.8,0.09,0.05
2025-12-31 14:50:38.641,0.0,7.8,0.10,0.05
2025-12-31 14:50:39.643,0.1,7.8,0.10,0.05
2025-12-31 14:50:40.645,0.1,7.8,0.10,0.05
2025-12-31 14:50:41.646,0.0,7.8,0.10,0.05
2025-12-31 14:50:42.648,0.1,7.8,0.10,0.05
2025-12-31 14:50:43.649,0.1,7.8,0.09,0.05
2025-12-31 14:50:44.650,0.0,7.8,0.10,0.05
2025-12-31 14:50:45.652,0.0,7.8,0.10,0.05
2025-12-31 14:50:46.653,0.2,7.8,0.10,0.05
2025-12-31 14:50:47.655,0.0,7.8,0.10,0.05
2025-12-31 14:50:48.657,0.1,7.8,0.09,0.05
2025-12-31 14:50:49.658,0.0,7.8,0.10,0.06
2025-12-31 14:50:50.660,0.1,7.8,0.10,0.05
2025-12-31 14:50:51.661,0.0,7.8,0.10,0.05
2025-12-31 14:50:52.663,0.1,7.8,0.09,0.05
2025-12-31 14:50:53.664,0.1,7.8,0.10,0.05
2025-12-31 14:50:54.666,0.1,7.8,0.10,0.05
2025-12-31 14:50:55.668,0.1,7.8,0.09,0.05
2025-12-31 14:50:56.669,0.1,7.8,0.09,0.05
2025-12-31 14:50:57.670,0.0,7.8,0.09,0.05
2025-12-31 14:50:58.671,0.2,7.8,0.09,0.05
2025-12-31 14:50:59.673,0.1,7.8,0.10,0.05
2025-12-31 14:51:00.674,0.1,7.8,0.10,0.05
2025-12-31 14:51:01.675,0.1,7.8,0.09,0.05
2025-12-31 14:51:02.678,0.0,7.8,0.09,0.05
2025-12-31 14:51:03.679,0.1,7.8,0.10,0.05
2025-12-31 14:51:04.681,0.2,7.8,0.10,0.05
2025-12-31 14:51:05.683,0.2,7.8,0.10,0.05
2025-12-31 14:51:06.685,0.1,7.8,0.09,0.05
2025-12-31 14:51:07.686,0.1,7.8,0.10,0.05
2025-12-31 14:51:08.687,0.0,7.8,0.10,0.05
2025-12-31 14:51:09.689,0.1,7.8,0.09,0.05
2025-12-31 14:51:10.691,0.1,7.8,0.09,0.05
2025-12-31 14:51:11.693,0.1,7.8,0.10,0.05
2025-12-31 14:51:12.695,0.1,7.8,0.09,0.05
2025-12-31 14:51:13.697,0.0,7.8,0.10,0.05
2025-12-31 14:51:14.699,0.2,7.8,0.10,0.05
2025-12-31 14:51:15.701,0.1,7.8,0.10,0.05
2025-12-31 14:51:16.703,0.2,7.8,0.09,0.05
2025-12-31 14:51:17.704,0.1,7.8,0.09,0.05
2025-12-31 14:51:18.706,0.0,7.8,0.09,0.05
2025-12-31 14:51:19.707,0.1,7.8,0.09,0.05
2025-12-31 14:51:20.709,0.1,7.8,0.09,0.05
2025-12-31 14:51:21.711,0.0,7.8,0.10,0.05
2025-12-31 14:51:22.712,0.2,7.8,0.09,0.05
2025-12-31 14:51:23.714,0.0,7.8,0.10,0.05
2025-12-31 14:51:24.716,0.2,7.8,0.10,0.05
2025-12-31 14:51:25.718,0.1,7.8,0.09,0.05
2025-12-31 14:51:26.719,0.0,7.8,0.10,0.05
2025-12-31 14:51:27.721,0.0,7.8,0.10,0.05
2025-12-31 14:51:28.722,0.0,7.8,0.09,0.05
2025-12-31 14:51:29.724,0.1,7.8,0.09,0.05
2025-12-31 14:51:30.726,0.1,7.8,0.09,0.05
2025-12-31 14:51:31.728,0.1,7.8,0.10,0.05
2025-12-31 14:51:32.729,0.0,7.8,0.10,0.05
2025-12-31 14:51:33.731,0.0,7.8,0.09,0.05
2025-12-31 14:51:34.733,0.0,7.8,0.10,0.05
2025-12-31 14:51:35.734,0.1,7.8,0.10,0.05
2025-12-31 14:51:36.736,0.1,7.8,0.10,0.05
2025-12-31 14:51:37.738,0.0,7.8,0.09,0.05
2025-12-31 14:51:38.739,0.1,7.8,0.10,0.05
2025-12-31 14:51:39.741,0.2,7.8,0.10,0.05
2025-12-31 14:51:40.742,0.1,7.8,0.09,0.05
2025-12-31 14:51:41.744,0.0,7.8,0.09,0.05
2025-12-31 14:51:42.746,0.0,7.8,0.10,0.05
2025-12-31 14:51:43.747,0.1,7.8,0.10,0.05
2025-12-31 14:51:44.748,0.1,7.8,0.10,0.05
2025-12-31 14:51:45.749,0.0,7.8,0.10,0.05
2025-12-31 14:51:46.751,0.2,7.8,0.09,0.05
2025-12-31 14:51:47.752,0.1,7.8,0.10,0.05
2025-12-31 14:51:48.753,0.0,7.8,0.10,0.05
2025-12-31 14:51:49.755,0.1,7.8,0.09,0.05
2025-12-31 14:51:50.757,0.1,7.8,0.09,0.05
2025-12-31 14:51:51.759,0.0,7.8,0.09,0.05
2025-12-31 14:51:52.760,0.1,7.8,0.10,0.05
2025-12-31 14:51:53.762,0.0,7.8,0.09,0.05
2025-12-31 14:51:54.764,0.1,7.8,0.10,0.05
2025-12-31 14:51:55.766,0.0,7.8,0.12,0.06
2025-12-31 14:51:56.767,0.0,7.8,0.10,0.05
2025-12-31 14:51:57.768,0.2,7.8,0.09,0.05
2025-12-31 14:51:58.769,0.1,7.8,0.10,0.05
2025-12-31 14:51:59.770,0.0,7.8,0.10,0.05
2025-12-31 14:52:00.771,0.1,7.8,0.10,0.05
2025-12-31 14:52:01.772,0.0,7.8,0.10,0.05
2025-12-31 14:52:02.773,0.0,7.8,0.09,0.05
2025-12-31 14:52:03.775,0.1,7.8,0.09,0.05
2025-12-31 14:52:04.777,0.0,7.8,0.10,0.05
2025-12-31 14:52:05.778,0.1,7.8,0.10,0.05
2025-12-31 14:52:06.779,0.0,7.8,0.10,0.05
2025-12-31 14:52:07.781,0.0,7.8,0.10,0.05
2025-12-31 14:52:08.782,0.0,7.8,0.09,0.05
2025-12-31 14:52:09.783,0.1,7.8,0.09,0.05
2025-12-31 14:52:10.785,0.1,7.8,0.09,0.05
2025-12-31 14:52:11.797,0.1,7.8,0.10,0.05
2025-12-31 14:52:12.800,0.1,7.8,0.09,0.05
2025-12-31 14:52:13.801,0.2,7.8,0.09,0.05
2025-12-31 14:52:14.802,0.2,7.8,0.10,0.05
2025-12-31 14:52:15.804,0.2,7.8,0.09,0.05
2025-12-31 14:52:16.806,0.2,7.8,0.10,0.05
2025-12-31 14:52:17.807,0.2,7.8,0.10,0.05
2025-12-31 14:52:18.808,0.2,7.8,0.10,0.05
2025-12-31 14:52:19.810,0.1,7.8,0.10,0.05
2025-12-31 14:52:20.812,0.0,7.8,0.10,0.05
2025-12-31 14:52:21.813,0.1,7.8,0.10,0.05
2025-12-31 14:52:22.814,0.1,7.8,0.10,0.05
2025-12-31 14:52:23.816,0.1,7.8,0.10,0.05
2025-12-31 14:52:24.817,0.2,7.8,0.11,0.05
2025-12-31 14:52:25.818,0.1,7.8,0.10,0.05
2025-12-31 14:52:26.820,0.1,7.8,0.10,0.05
2025-12-31 14:52:27.821,0.0,7.8,0.10,0.05
2025-12-31 14:52:28.823,0.0,7.8,0.10,0.05
2025-12-31 14:52:29.825,0.1,7.8,0.10,0.05
2025-12-31 14:52:30.827,0.1,7.8,0.10,0.05
2025-12-31 14:52:31.829,0.2,7.8,0.09,0.05
2025-12-31 14:52:32.830,0.2,7.8,0.10,0.05
2025-12-31 14:52:33.831,0.1,7.8,0.09,0.05
2025-12-31 14:52:34.833,0.1,7.8,0.10,0.05
2025-12-31 14:52:35.834,0.1,7.8,0.09,0.05
2025-12-31 14:52:36.836,0.2,7.8,0.09,0.05
2025-12-31 14:52:37.838,0.2,7.8,0.10,0.05
2025-12-31 14:52:38.840,0.2,7.8,0.10,0.05
2025-12-31 14:52:39.841,0.1,7.8,0.09,0.05
2025-12-31 14:52:40.843,0.2,7.8,0.09,0.05
2025-12-31 14:52:41.845,0.2,7.8,0.10,0.05
2025-12-31 14:52:42.846,0.2,7.8,0.09,0.05
2025-12-31 14:52:43.847,0.2,7.8,0.10,0.05
2025-12-31 14:52:44.848,0.2,7.8,0.10,0.05
2025-12-31 14:52:45.849,0.2,7.8,0.09,0.05
2025-12-31 14:52:46.851,0.4,7.8,0.10,0.05
2025-12-31 14:52:47.853,0.2,7.8,0.09,0.05
2025-12-31 14:52:48.854,0.2,7.8,0.09,0.05
2025-12-31 14:52:49.856,0.4,7.8,0.10,0.05
2025-12-31 14:52:50.857,0.2,7.8,0.09,0.05
2025-12-31 14:52:51.859,0.3,7.8,0.09,0.05
2025-12-31 14:52:52.861,0.4,7.8,0.10,0.05
2025-12-31 14:52:53.863,0.3,7.8,0.09,0.05
2025-12-31 14:52:54.864,0.2,7.8,0.10,0.05
2025-12-31 14:52:55.865,0.4,7.8,0.09,0.05
2025-12-31 14:52:56.867,0.2,7.8,0.10,0.05
2025-12-31 14:52:57.869,0.4,7.8,0.09,0.05
2025-12-31 14:52:58.870,0.2,7.8,0.09,0.05
2025-12-31 14:52:59.871,0.4,7.8,0.10,0.05
2025-12-31 14:53:00.873,0.2,7.8,0.10,0.05
2025-12-31 14:53:01.874,0.3,7.8,0.10,0.05
2025-12-31 14:53:02.876,0.2,7.8,0.09,0.05
2025-12-31 14:53:03.877,0.1,7.8,0.09,0.05
2025-12-31 14:53:04.879,0.1,7.8,0.10,0.05
2025-12-31 14:53:05.880,0.2,7.8,0.09,0.05
2025-12-31 14:53:06.882,0.2,7.8,0.09,0.05
2025-12-31 14:53:07.883,0.2,7.8,0.09,0.05
2025-12-31 14:53:08.885,0.2,7.8,0.10,0.05
2025-12-31 14:53:09.887,0.2,7.8,0.10,0.05
2025-12-31 14:53:10.888,0.2,7.8,0.09,0.05
2025-12-31 14:53:11.890,0.2,7.8,0.10,0.05
2025-12-31 14:53:12.891,0.2,7.8,0.10,0.05
2025-12-31 14:53:13.893,0.2,7.8,0.09,0.05
2025-12-31 14:53:14.894,0.1,7.8,0.10,0.05
2025-12-31 14:53:15.896,0.1,7.8,0.10,0.05
2025-12-31 14:53:16.898,0.2,7.8,0.10,0.05
2025-12-31 14:53:17.899,0.2,7.8,0.09,0.05
2025-12-31 14:53:18.900,0.1,7.8,0.09,0.05
2025-12-31 14:53:19.902,0.1,7.8,0.09,0.05
2025-12-31 14:53:20.903,0.1,7.8,0.10,0.05
2025-12-31 14:53:21.905,0.2,7.8,0.10,0.05
2025-12-31 14:53:22.907,0.2,7.8,0.10,0.05
2025-12-31 14:53:23.908,0.1,7.8,0.10,0.05
2025-12-31 14:53:24.910,0.1,7.8,0.10,0.05
2025-12-31 14:53:25.911,0.1,7.8,0.09,0.05
2025-12-31 14:53:26.913,0.1,7.8,0.09,0.05
2025-12-31 14:53:27.915,0.1,7.8,0.09,0.05
2025-12-31 14:53:28.917,0.1,7.8,0.09,0.05
2025-12-31 14:53:29.918,0.0,7.8,0.09,0.05
2025-12-31 14:53:30.920,0.2,7.8,0.09,0.05
2025-12-31 14:53:31.921,0.0,7.8,0.10,0.05
2025-12-31 14:53:32.923,0.0,7.8,0.10,0.05
2025-12-31 14:53:33.925,0.1,7.8,0.10,0.05
2025-12-31 14:53:34.926,0.2,7.8,0.10,0.05
2025-12-31 14:53:35.928,0.1,7.8,0.09,0.05
2025-12-31 14:53:36.930,0.1,7.8,0.10,0.05
2025-12-31 14:53:37.931,0.0,7.8,0.10,0.05
2025-12-31 14:53:38.933,0.2,7.8,0.09,0.05
2025-12-31 14:53:39.935,0.1,7.8,0.10,0.05
2025-12-31 14:53:40.936,0.1,7.8,0.10,0.05
2025-12-31 14:53:41.938,0.1,7.8,0.10,0.05
2025-12-31 14:53:42.939,0.2,7.8,0.09,0.05
2025-12-31 14:53:43.940,0.2,7.8,0.09,0.05
2025-12-31 14:53:44.941,0.1,7.8,0.10,0.05
2025-12-31 14:53:45.943,0.0,7.8,0.10,0.05
2025-12-31 14:53:46.944,0.2,7.8,0.09,0.05
2025-12-31 14:53:47.945,0.0,7.8,0.09,0.05
2025-12-31 14:53:48.946,0.1,7.8,0.09,0.05
2025-12-31 14:53:49.948,0.1,7.8,0.09,0.05
2025-12-31 14:53:50.949,0.0,7.8,0.09,0.05
2025-12-31 14:53:51.950,0.1,7.8,0.10,0.05
2025-12-31 14:53:52.952,0.1,7.8,0.10,0.05
2025-12-31 14:53:53.953,0.1,7.8,0.09,0.05
2025-12-31 14:53:54.955,0.1,7.8,0.10,0.05
2025-12-31 14:53:55.957,0.1,7.8,0.10,0.05
2025-12-31 14:53:56.958,0.0,7.8,0.09,0.05
2025-12-31 14:53:57.960,0.1,7.8,0.10,0.05
2025-12-31 14:53:58.961,0.1,7.8,0.09,0.05
2025-12-31 14:53:59.962,0.1,7.8,0.10,0.05
2025-12-31 14:54:00.964,0.1,7.8,0.10,0.05
2025-12-31 14:54:01.966,0.1,7.8,0.10,0.05
2025-12-31 14:54:02.967,0.0,7.8,0.10,0.05
2025-12-31 14:54:03.969,0.1,7.8,0.09,0.05
2025-12-31 14:54:04.971,0.1,7.8,0.10,0.06
2025-12-31 14:54:05.973,0.1,7.8,0.09,0.06
2025-12-31 14:54:06.976,0.1,7.8,0.10,0.06
2025-12-31 14:54:07.977,0.1,7.8,0.09,0.05
2025-12-31 14:54:08.980,0.0,7.8,0.09,0.05
2025-12-31 14:54:09.981,0.1,7.8,0.10,0.05
2025-12-31 14:54:10.983,0.1,7.8,0.10,0.05
2025-12-31 14:54:11.985,0.1,7.8,0.09,0.05
2025-12-31 14:54:12.987,0.0,7.8,0.09,0.05
2025-12-31 14:54:13.989,0.1,7.8,0.10,0.05
2025-12-31 14:54:14.990,0.2,7.8,0.10,0.06
2025-12-31 14:54:15.992,0.1,7.8,0.09,0.05
2025-12-31 14:54:16.994,0.1,7.8,0.09,0.05
2025-12-31 14:54:17.995,0.2,7.8,0.10,0.05
2025-12-31 14:54:18.997,0.0,7.8,0.10,0.05
2025-12-31 14:54:19.999,0.1,7.8,0.10,0.05
2025-12-31 14:54:21.000,0.1,7.8,0.09,0.05
2025-12-31 14:54:22.002,0.0,7.8,0.09,0.05
2025-12-31 14:54:23.003,0.0,7.8,0.09,0.05
2025-12-31 14:54:24.005,0.1,7.8,0.10,0.05
2025-12-31 14:54:25.007,0.1,7.8,0.10,0.06
2025-12-31 14:54:26.008,0.0,7.8,0.09,0.05
2025-12-31 14:54:27.009,0.1,7.8,0.09,0.05
2025-12-31 14:54:28.011,0.1,7.8,0.10,0.05
2025-12-31 14:54:29.012,0.0,7.8,0.10,0.05
2025-12-31 14:54:30.014,0.1,7.8,0.10,0.05
2025-12-31 14:54:31.015,0.2,7.8,0.10,0.05
2025-12-31 14:54:32.017,0.1,7.8,0.09,0.05
2025-12-31 14:54:33.018,0.1,7.8,0.10,0.05
2025-12-31 14:54:34.020,0.0,7.8,0.10,0.05
2025-12-31 14:54:35.022,0.1,7.8,0.10,0.05
2025-12-31 14:54:36.023,0.1,7.8,0.10,0.05
2025-12-31 14:54:37.025,0.0,7.8,0.09,0.05
2025-12-31 14:54:38.027,0.2,7.8,0.10,0.05
2025-12-31 14:54:39.028,0.0,7.8,0.10,0.05
2025-12-31 14:54:40.030,0.0,7.8,0.10,0.05
2025-12-31 14:54:41.031,0.0,7.8,0.10,0.05
2025-12-31 14:54:42.032,0.2,7.8,0.10,0.05
2025-12-31 14:54:43.034,0.0,7.8,0.10,0.05
2025-12-31 14:54:44.035,0.1,7.8,0.09,0.05
2025-12-31 14:54:45.037,0.0,7.8,0.10,0.05
2025-12-31 14:54:46.038,0.1,7.8,0.10,0.05
2025-12-31 14:54:47.040,0.1,7.8,0.09,0.05
2025-12-31 14:54:48.042,0.0,7.8,0.10,0.05
2025-12-31 14:54:49.043,0.1,7.8,0.10,0.05
2025-12-31 14:54:50.044,0.1,7.8,0.10,0.05
2025-12-31 14:54:51.045,0.0,7.8,0.10,0.05
2025-12-31 14:54:52.047,0.1,7.8,0.09,0.05
2025-12-31 14:54:53.049,0.0,7.8,0.09,0.05
2025-12-31 14:54:54.050,0.0,7.8,0.10,0.05
2025-12-31 14:54:55.051,0.1,7.8,0.10,0.05
2025-12-31 14:54:56.053,0.0,7.8,0.09,0.05
2025-12-31 14:54:57.054,0.1,7.8,0.09,0.05
2025-12-31 14:54:58.055,0.0,7.8,0.09,0.05
2025-12-31 14:54:59.057,0.1,7.8,0.09,0.05
2025-12-31 14:55:00.058,0.0,7.8,0.10,0.05
2025-12-31 14:55:01.060,0.0,7.8,0.09,0.05
2025-12-31 14:55:02.061,0.0,7.8,0.10,0.05
2025-12-31 14:55:03.062,0.0,7.8,0.10,0.05
2025-12-31 14:55:04.063,0.0,7.8,0.09,0.05
2025-12-31 14:55:05.064,0.1,7.8,0.10,0.08
2025-12-31 14:55:06.066,0.1,7.8,0.10,0.07
2025-12-31 14:55:07.067,0.0,7.8,0.10,0.05
2025-12-31 14:55:08.068,0.0,7.8,0.09,0.06
2025-12-31 14:55:09.069,0.0,7.8,0.09,0.05
2025-12-31 14:55:10.071,0.1,7.8,0.10,0.06
2025-12-31 14:55:11.072,0.1,7.8,0.09,0.05
2025-12-31 14:55:12.074,0.0,7.8,0.09,0.05
2025-12-31 14:55:13.075,0.0,7.8,0.10,0.05
2025-12-31 14:55:14.077,0.1,7.8,0.09,0.05
2025-12-31 14:55:15.079,0.0,7.8,0.10,0.05
2025-12-31 14:55:16.080,0.0,7.8,0.10,0.05
2025-12-31 14:55:17.081,0.2,7.8,0.09,0.05
2025-12-31 14:55:18.083,0.0,7.8,0.09,0.05
2025-12-31 14:55:19.084,0.0,7.8,0.09,0.05
2025-12-31 14:55:20.085,0.1,7.8,0.10,0.05
2025-12-31 14:55:21.087,0.1,7.8,0.10,0.05
2025-12-31 14:55:22.089,0.0,7.8,0.10,0.05
2025-12-31 14:55:23.091,0.1,7.8,0.09,0.05
2025-12-31 14:55:24.093,0.0,7.8,0.10,0.05
2025-12-31 14:55:25.094,0.1,7.8,0.10,0.05
2025-12-31 14:55:26.096,0.0,7.8,0.10,0.05
2025-12-31 14:55:27.098,0.1,7.8,0.09,0.05
2025-12-31 14:55:28.100,0.0,7.8,0.09,0.05
2025-12-31 14:55:29.101,0.0,7.8,0.10,0.05
2025-12-31 14:55:30.103,0.1,7.8,0.10,0.05
2025-12-31 14:55:31.105,0.2,7.8,0.09,0.05
2025-12-31 14:55:32.106,0.0,7.8,0.09,0.05
2025-12-31 14:55:33.108,0.1,7.8,0.09,0.05
2025-12-31 14:55:34.110,0.1,7.8,0.09,0.05
2025-12-31 14:55:35.112,0.2,7.8,0.10,0.05
2025-12-31 14:55:36.114,0.2,7.8,0.10,0.05
2025-12-31 14:55:37.116,0.3,7.8,0.09,0.05
2025-12-31 14:55:38.119,0.5,7.8,0.10,0.05
2025-12-31 14:55:39.121,0.4,7.8,0.09,0.05
2025-12-31 14:55:40.123,0.2,7.8,0.10,0.05
2025-12-31 14:55:41.125,0.3,7.8,0.09,0.05
2025-12-31 14:55:42.126,0.2,7.8,0.10,0.05
2025-12-31 14:55:43.127,0.5,7.8,0.09,0.05
2025-12-31 14:55:44.128,0.2,7.8,0.09,0.05
2025-12-31 14:55:45.131,0.2,7.8,0.10,0.05
2025-12-31 14:55:46.132,0.2,7.8,0.10,0.05
2025-12-31 14:55:47.133,0.4,7.8,0.09,0.05
2025-12-31 14:55:48.135,0.3,7.8,0.10,0.05
2025-12-31 14:55:49.137,0.2,7.8,0.10,0.05
2025-12-31 14:55:50.138,0.3,7.8,0.10,0.05
2025-12-31 14:55:51.140,0.2,7.8,0.10,0.05
2025-12-31 14:55:52.141,0.2,7.8,0.10,0.05
2025-12-31 14:55:53.142,0.1,7.8,0.09,0.05
2025-12-31 14:55:54.143,0.3,7.8,0.10,0.05
2025-12-31 14:55:55.145,0.2,7.8,0.10,0.05
2025-12-31 14:55:56.146,0.2,7.8,0.09,0.05
2025-12-31 14:55:57.147,0.2,7.8,0.10,0.05
2025-12-31 14:55:58.149,0.1,7.8,0.09,0.05
2025-12-31 14:55:59.150,0.2,7.8,0.09,0.05
2025-12-31 14:56:00.152,0.3,7.8,0.10,0.05
2025-12-31 14:56:01.153,0.1,7.8,0.09,0.05
2025-12-31 14:56:02.155,0.2,7.8,0.09,0.05
2025-12-31 14:56:03.156,0.2,7.8,0.10,0.05
2025-12-31 14:56:04.158,0.1,7.8,0.10,0.05
2025-12-31 14:56:05.159,0.2,7.8,0.10,0.05
2025-12-31 14:56:06.161,0.0,7.8,0.09,0.05
2025-12-31 14:56:07.163,0.1,7.8,0.09,0.05
2025-12-31 14:56:08.164,0.2,7.8,0.10,0.05
2025-12-31 14:56:09.166,0.1,7.8,0.10,0.05
2025-12-31 14:56:10.167,0.2,7.8,0.09,0.05
2025-12-31 14:56:11.169,0.2,7.8,0.09,0.05
2025-12-31 14:56:12.170,0.1,7.8,0.10,0.05
2025-12-31 14:56:13.172,0.2,7.8,0.09,0.05
2025-12-31 14:56:14.174,0.2,7.8,0.09,0.05
2025-12-31 14:56:15.175,0.1,7.8,0.10,0.05
2025-12-31 14:56:16.176,0.3,7.8,0.09,0.05
2025-12-31 14:56:17.179,0.2,7.8,0.09,0.05
2025-12-31 14:56:18.181,0.2,7.8,0.09,0.05
2025-12-31 14:56:19.182,0.2,7.8,0.10,0.05
2025-12-31 14:56:20.184,0.4,7.8,0.09,0.05
2025-12-31 14:56:21.186,0.2,7.8,0.09,0.05
2025-12-31 14:56:22.188,0.2,7.8,0.09,0.05
2025-12-31 14:56:23.189,0.2,7.8,0.10,0.05
2025-12-31 14:56:24.191,0.1,7.8,0.09,0.05
2025-12-31 14:56:25.193,0.2,7.8,0.11,0.05
2025-12-31 14:56:26.194,0.1,7.8,0.09,0.05
2025-12-31 14:56:27.195,0.2,7.8,0.10,0.05
2025-12-31 14:56:28.197,0.2,7.8,0.10,0.05
2025-12-31 14:56:29.199,0.1,7.8,0.10,0.05
2025-12-31 14:56:30.201,0.1,7.8,0.10,0.05
2025-12-31 14:56:31.202,0.1,7.8,0.10,0.05
2025-12-31 14:56:32.204,0.2,7.8,0.09,0.05
2025-12-31 14:56:33.205,0.1,7.8,0.09,0.05
2025-12-31 14:56:34.207,0.1,7.8,0.09,0.05
2025-12-31 14:56:35.208,0.2,7.8,0.10,0.05
2025-12-31 14:56:36.210,0.1,7.8,0.09,0.05
2025-12-31 14:56:37.212,0.0,7.8,0.10,0.05
2025-12-31 14:56:38.214,0.2,7.8,0.09,0.05
2025-12-31 14:56:39.215,0.2,7.8,0.09,0.05
2025-12-31 14:56:40.216,0.2,7.8,0.09,0.05
2025-12-31 14:56:41.217,0.2,7.8,0.10,0.05
2025-12-31 14:56:42.218,0.1,7.8,0.09,0.05
2025-12-31 14:56:43.219,0.1,7.8,0.10,0.05
2025-12-31 14:56:44.221,0.1,7.8,0.09,0.05
2025-12-31 14:56:45.223,0.0,7.8,0.10,0.05
2025-12-31 14:56:46.225,0.2,7.8,0.10,0.05
2025-12-31 14:56:47.226,0.1,7.8,0.09,0.05
2025-12-31 14:56:48.228,0.1,7.8,0.09,0.05
2025-12-31 14:56:49.230,0.1,7.8,0.10,0.05
2025-12-31 14:56:50.232,0.1,7.8,0.09,0.05
2025-12-31 14:56:51.234,0.1,7.8,0.10,0.05
2025-12-31 14:56:52.235,0.1,7.8,0.10,0.05
2025-12-31 14:56:53.236,0.1,7.8,0.09,0.05
2025-12-31 14:56:54.238,0.0,7.8,0.09,0.05
2025-12-31 14:56:55.240,0.0,7.8,0.10,0.05
2025-12-31 14:56:56.241,0.1,7.8,0.10,0.05
2025-12-31 14:56:57.242,0.0,7.8,0.09,0.05
2025-12-31 14:56:58.244,0.2,7.8,0.09,0.05
2025-12-31 14:56:59.246,0.0,7.8,0.10,0.05
2025-12-31 14:57:00.247,0.1,7.8,0.09,0.05
2025-12-31 14:57:01.249,0.1,7.8,0.09,0.05
2025-12-31 14:57:02.250,0.0,7.8,0.09,0.05
2025-12-31 14:57:03.252,0.0,7.8,0.10,0.05
2025-12-31 14:57:04.253,0.1,7.8,0.09,0.05
2025-12-31 14:57:05.254,0.0,7.8,0.10,0.05
2025-12-31 14:57:06.256,0.1,7.8,0.10,0.05
2025-12-31 14:57:07.258,0.0,7.8,0.10,0.05
2025-12-31 14:57:08.259,0.0,7.8,0.11,0.05
2025-12-31 14:57:09.260,0.1,7.8,0.10,0.05
2025-12-31 14:57:10.261,0.1,7.8,0.10,0.05
2025-12-31 14:57:11.262,0.0,7.8,0.09,0.05
2025-12-31 14:57:12.264,0.0,7.8,0.09,0.05
2025-12-31 14:57:13.265,0.1,7.8,0.10,0.05
2025-12-31 14:57:14.266,0.1,7.8,0.10,0.05
2025-12-31 14:57:15.268,0.1,7.8,0.10,0.05
2025-12-31 14:57:16.269,0.0,7.8,0.09,0.05
2025-12-31 14:57:17.270,0.1,7.8,0.10,0.05
2025-12-31 14:57:18.272,0.1,7.8,0.10,0.05
2025-12-31 14:57:19.273,0.0,7.8,0.10,0.05
2025-12-31 14:57:20.275,0.1,7.8,0.09,0.05
2025-12-31 14:57:21.276,0.1,7.8,0.10,0.05
2025-12-31 14:57:22.278,0.0,7.8,0.09,0.05
2025-12-31 14:57:23.279,0.1,7.8,0.11,0.05
2025-12-31 14:57:24.280,0.0,7.8,0.09,0.05
2025-12-31 14:57:25.281,0.1,7.8,0.11,0.06
2025-12-31 14:57:26.282,0.0,7.8,0.09,0.05
2025-12-31 14:57:27.284,0.0,7.8,0.09,0.05
2025-12-31 14:57:28.286,0.2,7.8,0.10,0.05
2025-12-31 14:57:29.287,0.1,7.8,0.09,0.05
2025-12-31 14:57:30.288,0.0,7.8,0.09,0.05
2025-12-31 14:57:31.290,0.0,7.8,0.09,0.05
2025-12-31 14:57:32.291,0.0,7.8,0.09,0.05
2025-12-31 14:57:33.293,0.1,7.8,0.09,0.05
2025-12-31 14:57:34.294,0.1,7.8,0.10,0.05
2025-12-31 14:57:35.295,0.1,7.8,0.10,0.05
2025-12-31 14:57:36.297,0.1,7.8,0.10,0.05
2025-12-31 14:57:37.298,0.1,7.8,0.10,0.05
2025-12-31 14:57:38.300,0.0,7.8,0.09,0.05
2025-12-31 14:57:39.302,0.0,7.8,0.09,0.05
2025-12-31 14:57:40.303,0.2,7.8,0.09,0.05
2025-12-31 14:57:41.305,0.0,7.8,0.09,0.05
2025-12-31 14:57:42.306,0.1,7.8,0.09,0.05
2025-12-31 14:57:43.307,0.0,7.8,0.09,0.05
2025-12-31 14:57:44.308,0.0,7.8,0.10,0.05
2025-12-31 14:57:45.309,0.1,7.8,0.10,0.05
2025-12-31 14:57:46.311,0.0,7.8,0.09,0.05
2025-12-31 14:57:47.313,0.1,7.8,0.10,0.05
2025-12-31 14:57:48.314,0.0,7.8,0.10,0.05
2025-12-31 14:57:49.316,0.0,7.8,0.09,0.05
2025-12-31 14:57:50.317,0.0,7.8,0.09,0.05
2025-12-31 14:57:51.318,0.1,7.8,0.09,0.05
2025-12-31 14:57:52.319,0.0,7.8,0.10,0.05
2025-12-31 14:57:53.320,0.2,7.8,0.10,0.05
2025-12-31 14:57:54.321,0.0,7.8,0.09,0.05
2025-12-31 14:57:55.322,0.0,7.8,0.10,0.05
2025-12-31 14:57:56.324,0.1,7.8,0.10,0.05
2025-12-31 14:57:57.326,0.0,7.8,0.09,0.05
2025-12-31 14:57:58.328,0.1,7.8,0.10,0.05
2025-12-31 14:57:59.329,0.0,7.8,0.09,0.05
2025-12-31 14:58:00.331,0.1,7.8,0.10,0.05
2025-12-31 14:58:01.332,0.1,7.8,0.09,0.05
2025-12-31 14:58:02.333,0.0,7.8,0.09,0.05
2025-12-31 14:58:03.335,0.0,7.8,0.09,0.05
2025-12-31 14:58:04.336,0.2,7.8,0.09,0.05
2025-12-31 14:58:05.338,0.0,7.8,0.10,0.05
2025-12-31 14:58:06.339,0.0,7.8,0.09,0.05
2025-12-31 14:58:07.340,0.1,7.8,0.10,0.05
2025-12-31 14:58:08.342,0.0,7.8,0.09,0.05
2025-12-31 14:58:09.343,0.1,7.8,0.10,0.05
2025-12-31 14:58:10.344,0.0,7.8,0.09,0.05
2025-12-31 14:58:11.346,0.0,7.8,0.10,0.05
2025-12-31 14:58:12.348,0.1,7.8,0.09,0.05
2025-12-31 14:58:13.350,0.0,7.8,0.10,0.05
2025-12-31 14:58:14.351,0.1,7.8,0.09,0.05
2025-12-31 14:58:15.352,0.1,7.8,0.10,0.05
2025-12-31 14:58:16.354,0.1,7.8,0.09,0.05
2025-12-31 14:58:17.356,0.1,7.8,0.10,0.05
2025-12-31 14:58:18.357,0.1,7.8,0.09,0.05
2025-12-31 14:58:19.359,0.0,7.8,0.10,0.05
2025-12-31 14:58:20.360,0.1,7.8,0.10,0.05
2025-12-31 14:58:21.362,0.0,7.8,0.10,0.05
2025-12-31 14:58:22.364,0.1,7.8,0.10,0.05
2025-12-31 14:58:23.365,0.0,7.8,0.10,0.05
2025-12-31 14:58:24.367,0.0,7.8,0.10,0.05
2025-12-31 14:58:25.368,0.1,7.8,0.11,0.06
2025-12-31 14:58:26.370,0.1,7.8,0.09,0.05
2025-12-31 14:58:27.371,0.2,7.8,0.10,0.05
2025-12-31 14:58:28.372,0.1,7.8,0.10,0.05
2025-12-31 14:58:29.374,0.2,7.8,0.09,0.05
2025-12-31 14:58:30.375,0.1,7.8,0.09,0.05
2025-12-31 14:58:31.376,0.2,7.8,0.10,0.05
2025-12-31 14:58:32.377,0.2,7.8,0.09,0.05
2025-12-31 14:58:33.379,0.2,7.8,0.10,0.05
2025-12-31 14:58:34.380,0.1,7.8,0.09,0.05
2025-12-31 14:58:35.382,0.2,7.8,0.10,0.05
2025-12-31 14:58:36.383,0.2,7.8,0.10,0.05
2025-12-31 14:58:37.384,0.1,7.8,0.09,0.05
2025-12-31 14:58:38.386,0.2,7.8,0.09,0.05
2025-12-31 14:58:39.387,0.2,7.8,0.09,0.05
2025-12-31 14:58:40.389,0.2,7.8,0.10,0.05
2025-12-31 14:58:41.390,0.2,7.8,0.10,0.05
2025-12-31 14:58:42.392,0.1,7.8,0.10,0.05
2025-12-31 14:58:43.393,0.0,7.8,0.09,0.05
2025-12-31 14:58:44.395,0.1,7.8,0.09,0.05
2025-12-31 14:58:45.396,0.2,7.8,0.10,0.05
2025-12-31 14:58:46.398,0.2,7.8,0.09,0.05
2025-12-31 14:58:47.400,0.2,7.8,0.10,0.05
2025-12-31 14:58:48.402,0.1,7.8,0.10,0.05
2025-12-31 14:58:49.403,0.0,7.8,0.09,0.05
2025-12-31 14:58:50.404,0.0,7.8,0.10,0.05
2025-12-31 14:58:51.405,0.2,7.8,0.09,0.05
2025-12-31 14:58:52.407,0.1,7.8,0.09,0.05
2025-12-31 14:58:53.408,0.2,7.8,0.10,0.05
2025-12-31 14:58:54.410,0.2,7.8,0.10,0.05
2025-12-31 14:58:55.412,0.1,7.8,0.10,0.05
2025-12-31 14:58:56.413,0.2,7.8,0.09,0.05
2025-12-31 14:58:57.415,0.2,7.8,0.10,0.05
2025-12-31 14:58:58.416,0.2,7.8,0.10,0.05
2025-12-31 14:58:59.417,0.2,7.8,0.09,0.05
2025-12-31 14:59:00.418,0.2,7.8,0.10,0.05
2025-12-31 14:59:01.419,0.2,7.8,0.09,0.05
2025-12-31 14:59:02.421,0.2,7.8,0.09,0.05
2025-12-31 14:59:03.422,0.2,7.8,0.10,0.05
2025-12-31 14:59:04.423,0.3,7.8,0.10,0.05
2025-12-31 14:59:05.425,0.2,7.8,0.10,0.05
2025-12-31 14:59:06.426,0.5,7.8,0.09,0.05
2025-12-31 14:59:07.428,0.2,7.8,0.09,0.05
2025-12-31 14:59:08.429,0.2,7.8,0.09,0.05
2025-12-31 14:59:09.432,0.3,7.8,0.09,0.05
2025-12-31 14:59:10.434,0.2,7.8,0.09,0.05
2025-12-31 14:59:11.435,0.4,7.8,0.09,0.05
2025-12-31 14:59:12.437,0.5,7.8,0.10,0.05
2025-12-31 14:59:13.438,0.3,7.8,0.10,0.05
2025-12-31 14:59:14.439,0.2,7.8,0.09,0.05
2025-12-31 14:59:15.441,0.3,7.8,0.10,0.05
2025-12-31 14:59:16.443,0.4,7.8,0.09,0.05
2025-12-31 14:59:17.444,0.2,7.8,0.09,0.05
2025-12-31 14:59:18.446,0.1,7.8,0.09,0.05
2025-12-31 14:59:19.448,0.2,7.8,0.09,0.05
2025-12-31 14:59:20.450,0.2,7.8,0.09,0.05
2025-12-31 14:59:21.451,0.3,7.8,0.10,0.05
2025-12-31 14:59:22.453,0.2,7.8,0.09,0.05
2025-12-31 14:59:23.454,0.1,7.8,0.09,0.05
2025-12-31 14:59:24.456,0.2,7.8,0.10,0.05
2025-12-31 14:59:25.457,0.2,7.8,0.10,0.05
2025-12-31 14:59:26.459,0.2,7.8,0.10,0.05
2025-12-31 14:59:27.461,0.2,7.8,0.09,0.05
2025-12-31 14:59:28.463,0.2,7.8,0.09,0.05
2025-12-31 14:59:29.464,0.2,7.8,0.09,0.05
2025-12-31 14:59:30.466,0.1,7.8,0.10,0.05
2025-12-31 14:59:31.467,0.2,7.8,0.09,0.05
2025-12-31 14:59:32.468,0.2,7.8,0.09,0.05
2025-12-31 14:59:33.469,0.2,7.8,0.10,0.05
2025-12-31 14:59:34.471,0.2,7.8,0.10,0.05
2025-12-31 14:59:35.473,0.1,7.8,0.10,0.05
2025-12-31 14:59:36.475,0.2,7.8,0.10,0.05
2025-12-31 14:59:37.477,0.2,7.8,0.10,0.05
2025-12-31 14:59:38.478,0.2,7.8,0.09,0.05
2025-12-31 14:59:39.479,0.2,7.8,0.10,0.05
2025-12-31 14:59:40.480,0.1,7.8,0.09,0.05
2025-12-31 14:59:41.482,0.2,7.8,0.10,0.06
2025-12-31 14:59:42.483,0.0,7.8,0.09,0.05
2025-12-31 14:59:43.485,0.2,7.8,0.10,0.05
2025-12-31 14:59:44.487,0.0,7.8,0.09,0.05
2025-12-31 14:59:45.488,0.1,7.8,0.10,0.05
2025-12-31 14:59:46.491,0.2,7.8,0.09,0.05
2025-12-31 14:59:47.493,0.1,7.8,0.09,0.05
2025-12-31 14:59:48.494,0.0,7.8,0.10,0.05
2025-12-31 14:59:49.496,0.1,7.8,0.10,0.05
2025-12-31 14:59:50.498,0.1,7.8,0.09,0.05
2025-12-31 14:59:51.500,0.1,7.8,0.09,0.05
2025-12-31 14:59:52.501,0.0,7.8,0.10,0.05
2025-12-31 14:59:53.503,0.1,7.8,0.09,0.05
2025-12-31 14:59:54.505,0.1,7.8,0.09,0.05
2025-12-31 14:59:55.506,0.0,7.8,0.10,0.05
2025-12-31 14:59:56.508,0.1,7.8,0.09,0.05
2025-12-31 14:59:57.509,0.0,7.8,0.10,0.05
2025-12-31 14:59:58.511,0.2,7.8,0.09,0.05
2025-12-31 14:59:59.513,0.0,7.8,0.10,0.05
2025-12-31 15:00:00.516,0.2,7.8,0.09,0.05
2025-12-31 15:00:01.518,0.1,7.8,0.09,0.05
2025-12-31 15:00:02.520,0.0,7.8,0.10,0.05
2025-12-31 15:00:03.522,0.0,7.8,0.09,0.05
2025-12-31 15:00:04.523,0.1,7.8,0.09,0.05
2025-12-31 15:00:05.524,0.1,7.8,0.10,0.05
2025-12-31 15:00:06.526,0.1,7.8,0.09,0.05
2025-12-31 15:00:07.527,0.0,7.8,0.09,0.05
2025-12-31 15:00:08.529,0.2,7.8,0.10,0.05
2025-12-31 15:00:09.530,0.1,7.8,0.10,0.05
2025-12-31 15:00:10.531,0.1,7.8,0.10,0.05
2025-12-31 15:00:11.533,0.1,7.8,0.10,0.05
2025-12-31 15:00:12.535,0.0,7.8,0.10,0.05
2025-12-31 15:00:13.536,0.1,7.8,0.09,0.05
2025-12-31 15:00:14.537,0.0,7.8,0.10,0.05
2025-12-31 15:00:15.538,0.1,7.8,0.10,0.05
2025-12-31 15:00:16.539,0.1,7.8,0.10,0.05
2025-12-31 15:00:17.541,0.0,7.8,0.09,0.05
2025-12-31 15:00:18.542,0.0,7.8,0.09,0.05
2025-12-31 15:00:19.543,0.1,7.8,0.10,0.06
2025-12-31 15:00:20.545,0.0,7.8,0.09,0.05
2025-12-31 15:00:21.546,0.1,7.8,0.10,0.05
2025-12-31 15:00:22.547,0.0,7.8,0.10,0.05
2025-12-31 15:00:23.548,0.0,7.8,0.10,0.05
2025-12-31 15:00:24.549,0.1,7.8,0.10,0.05
2025-12-31 15:00:25.551,0.1,7.8,0.10,0.05
2025-12-31 15:00:26.552,0.1,7.8,0.09,0.05
2025-12-31 15:00:27.554,0.0,7.8,0.09,0.05
2025-12-31 15:00:28.556,0.1,7.8,0.09,0.05
2025-12-31 15:00:29.557,0.0,7.8,0.10,0.05
2025-12-31 15:00:30.558,0.0,7.8,0.09,0.05
2025-12-31 15:00:31.560,0.1,7.8,0.09,0.05
2025-12-31 15:00:32.562,0.0,7.8,0.10,0.05
2025-12-31 15:00:33.564,0.1,7.8,0.09,0.05
2025-12-31 15:00:34.565,0.0,7.8,0.10,0.05
2025-12-31 15:00:35.566,0.1,7.8,0.10,0.05
2025-12-31 15:00:36.568,0.1,7.8,0.09,0.05
2025-12-31 15:00:37.569,0.0,7.8,0.10,0.05
2025-12-31 15:00:38.571,0.2,7.8,0.10,0.05
2025-12-31 15:00:39.573,0.1,7.8,0.10,0.05
2025-12-31 15:00:40.574,0.0,7.8,0.09,0.05
2025-12-31 15:00:41.576,0.1,7.8,0.09,0.05
2025-12-31 15:00:42.578,0.1,7.8,0.09,0.05
2025-12-31 15:00:43.579,0.0,7.8,0.10,0.05
2025-12-31 15:00:44.581,0.1,7.8,0.09,0.05
2025-12-31 15:00:45.582,0.1,7.8,0.10,0.05
2025-12-31 15:00:46.584,0.2,7.8,0.09,0.05
2025-12-31 15:00:47.585,0.0,7.8,0.10,0.05
2025-12-31 15:00:48.587,0.0,7.8,0.09,0.05
2025-12-31 15:00:49.589,0.0,7.8,0.10,0.05
2025-12-31 15:00:50.591,0.1,7.8,0.09,0.05
2025-12-31 15:00:51.592,0.1,7.8,0.09,0.05
2025-12-31 15:00:52.594,0.0,7.8,0.09,0.05
2025-12-31 15:00:53.595,0.1,7.8,0.10,0.05
2025-12-31 15:00:54.596,0.0,7.8,0.10,0.05
2025-12-31 15:00:55.598,0.1,7.8,0.10,0.05
2025-12-31 15:00:56.599,0.0,7.8,0.09,0.05
2025-12-31 15:00:57.600,0.1,7.8,0.10,0.05
2025-12-31 15:00:58.601,0.0,7.8,0.09,0.05
2025-12-31 15:00:59.603,0.1,7.8,0.09,0.05
2025-12-31 15:01:00.604,0.1,7.8,0.10,0.05
2025-12-31 15:01:01.605,0.0,7.8,0.10,0.05
2025-12-31 15:01:02.607,0.1,7.8,0.10,0.05
2025-12-31 15:01:03.608,0.0,7.8,0.09,0.05
2025-12-31 15:01:04.610,0.0,7.8,0.09,0.05
2025-12-31 15:01:05.611,0.1,7.8,0.10,0.05
2025-12-31 15:01:06.613,0.1,7.8,0.10,0.05
2025-12-31 15:01:07.615,0.0,7.8,0.09,0.05
2025-12-31 15:01:08.616,0.0,7.8,0.09,0.05
2025-12-31 15:01:09.618,0.1,7.8,0.10,0.05
2025-12-31 15:01:10.619,0.1,7.8,0.10,0.05
2025-12-31 15:01:11.620,0.0,7.8,0.10,0.05
2025-12-31 15:01:12.622,0.0,7.8,0.09,0.05
2025-12-31 15:01:13.623,0.1,7.8,0.09,0.05
2025-12-31 15:01:14.625,0.0,7.8,0.09,0.05
2025-12-31 15:01:15.626,0.1,7.8,0.10,0.05
2025-12-31 15:01:16.627,0.1,7.8,0.10,0.05
2025-12-31 15:01:17.629,0.0,7.8,0.10,0.05
2025-12-31 15:01:18.630,0.1,7.8,0.10,0.05
2025-12-31 15:01:19.632,0.1,7.8,0.10,0.05
2025-12-31 15:01:20.633,0.0,7.8,0.09,0.05
2025-12-31 15:01:21.634,0.1,7.8,0.10,0.05
2025-12-31 15:01:22.636,0.2,7.8,0.09,0.05
2025-12-31 15:01:23.637,0.1,7.8,0.09,0.05
2025-12-31 15:01:24.639,0.1,7.8,0.10,0.05
2025-12-31 15:01:25.640,0.3,7.8,0.10,0.05
2025-12-31 15:01:26.641,0.2,7.8,0.10,0.05
2025-12-31 15:01:27.642,0.2,7.8,0.10,0.05
2025-12-31 15:01:28.643,0.1,7.8,0.09,0.05
2025-12-31 15:01:29.644,0.1,7.8,0.09,0.05
2025-12-31 15:01:30.646,0.1,7.8,0.09,0.05
2025-12-31 15:01:31.647,0.1,7.8,0.09,0.05
2025-12-31 15:01:32.648,0.1,7.8,0.09,0.05
2025-12-31 15:01:33.650,0.0,7.8,0.09,0.05
2025-12-31 15:01:34.652,0.1,7.8,0.09,0.05
2025-12-31 15:01:35.653,0.0,7.8,0.11,0.06
2025-12-31 15:01:36.655,0.1,7.8,0.09,0.05
2025-12-31 15:01:37.657,0.0,7.8,0.09,0.05
2025-12-31 15:01:38.658,0.1,7.8,0.10,0.05
2025-12-31 15:01:39.660,0.1,7.8,0.09,0.05
2025-12-31 15:01:40.661,0.0,7.8,0.10,0.05
2025-12-31 15:01:41.662,0.1,7.8,0.09,0.05
2025-12-31 15:01:42.664,0.1,7.8,0.09,0.05
2025-12-31 15:01:43.665,0.0,7.8,0.09,0.05
2025-12-31 15:01:44.667,0.1,7.8,0.09,0.05
2025-12-31 15:01:45.668,0.1,7.8,0.10,0.06
2025-12-31 15:01:46.670,0.1,7.8,0.10,0.05
2025-12-31 15:01:47.671,0.0,7.8,0.09,0.05
2025-12-31 15:01:48.672,0.3,7.8,0.09,0.05
2025-12-31 15:01:49.674,0.1,7.8,0.10,0.05
2025-12-31 15:01:50.677,0.1,7.8,0.09,0.05
2025-12-31 15:01:51.678,0.1,7.8,0.10,0.05
2025-12-31 15:01:52.680,0.0,7.8,0.10,0.05
2025-12-31 15:01:53.681,0.1,7.8,0.10,0.05
2025-12-31 15:01:54.683,0.3,7.8,0.09,0.05
2025-12-31 15:01:55.685,0.2,7.8,0.10,0.05
2025-12-31 15:01:56.687,0.3,7.8,0.10,0.05
2025-12-31 15:01:57.689,0.2,7.8,0.09,0.05
2025-12-31 15:01:58.690,0.2,7.8,0.09,0.05
2025-12-31 15:01:59.691,0.2,7.8,0.09,0.05
2025-12-31 15:02:00.693,0.2,7.8,0.10,0.05
2025-12-31 15:02:01.695,0.3,7.8,0.09,0.05
2025-12-31 15:02:02.697,0.2,7.8,0.10,0.05
2025-12-31 15:02:03.699,0.3,7.8,0.09,0.05
2025-12-31 15:02:04.701,0.3,7.8,0.09,0.05
2025-12-31 15:02:05.703,0.2,7.8,0.10,0.05
2025-12-31 15:02:06.705,0.2,7.8,0.10,0.05
2025-12-31 15:02:07.706,0.4,7.8,0.10,0.05
2025-12-31 15:02:08.707,0.3,7.8,0.09,0.05
2025-12-31 15:02:09.709,0.4,7.8,0.09,0.05
2025-12-31 15:02:10.710,0.3,7.8,0.10,0.05
2025-12-31 15:02:11.712,0.4,7.8,0.10,0.05
2025-12-31 15:02:12.714,0.4,7.8,0.09,0.05
2025-12-31 15:02:13.715,0.3,7.8,0.10,0.05
2025-12-31 15:02:14.717,0.2,7.8,0.09,0.05
2025-12-31 15:02:15.719,0.2,7.8,0.10,0.05
2025-12-31 15:02:16.721,0.2,7.8,0.10,0.05
2025-12-31 15:02:17.722,0.3,7.8,0.09,0.05
2025-12-31 15:02:18.724,0.2,7.8,0.09,0.05
2025-12-31 15:02:19.726,0.1,7.8,0.09,0.05
2025-12-31 15:02:20.727,0.1,7.8,0.10,0.05
2025-12-31 15:02:21.729,0.2,7.8,0.10,0.05
2025-12-31 15:02:22.730,0.2,7.8,0.10,0.05
2025-12-31 15:02:23.732,0.2,7.8,0.10,0.05
2025-12-31 15:02:24.733,0.2,7.8,0.10,0.05
2025-12-31 15:02:25.734,0.2,7.8,0.10,0.05
2025-12-31 15:02:26.736,0.2,7.8,0.10,0.05
2025-12-31 15:02:27.738,0.1,7.8,0.09,0.05
2025-12-31 15:02:28.740,0.2,7.8,0.09,0.05
2025-12-31 15:02:29.741,0.2,7.8,0.09,0.05
2025-12-31 15:02:30.742,0.1,7.8,0.09,0.05
2025-12-31 15:02:31.744,0.1,7.8,0.09,0.05
2025-12-31 15:02:32.745,0.2,7.8,0.10,0.05
2025-12-31 15:02:33.747,0.2,7.8,0.10,0.05
2025-12-31 15:02:34.748,0.2,7.8,0.10,0.05
2025-12-31 15:02:35.749,0.2,7.8,0.10,0.05
2025-12-31 15:02:36.752,0.2,7.8,0.09,0.05
2025-12-31 15:02:37.753,0.3,7.8,0.12,0.05
2025-12-31 15:02:38.754,0.2,7.8,0.10,0.05
2025-12-31 15:02:39.755,0.1,7.8,0.09,0.05
2025-12-31 15:02:40.756,0.0,7.8,0.09,0.05
2025-12-31 15:02:41.757,0.2,7.8,0.10,0.05
2025-12-31 15:02:42.758,0.1,7.8,0.09,0.05
2025-12-31 15:02:43.759,0.1,7.8,0.10,0.05
2025-12-31 15:02:44.760,0.2,7.8,0.10,0.05
2025-12-31 15:02:45.761,0.2,7.8,0.10,0.05
2025-12-31 15:02:46.763,0.2,7.8,0.09,0.05
2025-12-31 15:02:47.764,0.2,7.8,0.10,0.05
2025-12-31 15:02:48.765,0.1,7.8,0.09,0.05
2025-12-31 15:02:49.768,0.0,7.8,0.10,0.05
2025-12-31 15:02:50.769,0.1,7.8,0.09,0.05
2025-12-31 15:02:51.771,0.1,7.8,0.10,0.05
2025-12-31 15:02:52.772,0.2,7.8,0.09,0.05
2025-12-31 15:02:53.773,0.1,7.8,0.09,0.05
2025-12-31 15:02:54.774,0.2,7.8,0.10,0.05
2025-12-31 15:02:55.776,0.1,7.8,0.10,0.05
2025-12-31 15:02:56.777,0.1,7.8,0.09,0.05
2025-12-31 15:02:57.779,0.1,7.8,0.10,0.05
2025-12-31 15:02:58.781,0.2,7.8,0.09,0.05
2025-12-31 15:02:59.782,0.1,7.8,0.10,0.05
2025-12-31 15:03:00.784,0.1,7.8,0.09,0.05
2025-12-31 15:03:01.786,0.1,7.8,0.09,0.05
2025-12-31 15:03:02.787,0.2,7.8,0.09,0.05
2025-12-31 15:03:03.789,0.1,7.8,0.10,0.05
2025-12-31 15:03:04.791,0.1,7.8,0.09,0.05
2025-12-31 15:03:05.792,0.0,7.8,0.10,0.05
2025-12-31 15:03:06.793,0.2,7.8,0.10,0.05
2025-12-31 15:03:07.794,0.0,7.8,0.09,0.05
2025-12-31 15:03:08.796,0.2,7.8,0.09,0.05
2025-12-31 15:03:09.797,0.2,7.8,0.09,0.05
2025-12-31 15:03:10.799,0.1,7.8,0.09,0.05
2025-12-31 15:03:11.800,0.0,7.8,0.09,0.05
2025-12-31 15:03:12.802,0.0,7.8,0.09,0.05
2025-12-31 15:03:13.804,0.2,7.8,0.09,0.05
2025-12-31 15:03:14.805,0.1,7.8,0.09,0.05
2025-12-31 15:03:15.807,0.0,7.8,0.10,0.05
2025-12-31 15:03:16.808,0.2,7.8,0.10,0.05
2025-12-31 15:03:17.810,0.0,7.8,0.09,0.05
2025-12-31 15:03:18.811,0.1,7.8,0.09,0.05
2025-12-31 15:03:19.813,0.0,7.8,0.10,0.05
2025-12-31 15:03:20.814,0.1,7.8,0.09,0.05
2025-12-31 15:03:21.816,0.0,7.8,0.10,0.05
2025-12-31 15:03:22.817,0.1,7.8,0.09,0.05
2025-12-31 15:03:23.819,0.0,7.8,0.10,0.05
2025-12-31 15:03:24.821,0.0,7.8,0.10,0.05
2025-12-31 15:03:25.824,0.0,7.8,0.10,0.05
2025-12-31 15:03:26.826,0.1,7.8,0.09,0.05
2025-12-31 15:03:27.827,0.1,7.8,0.10,0.05
2025-12-31 15:03:28.829,0.1,7.8,0.10,0.05
2025-12-31 15:03:29.830,0.0,7.8,0.10,0.05
2025-12-31 15:03:30.831,0.1,7.8,0.10,0.05
2025-12-31 15:03:31.833,0.0,7.8,0.09,0.05
2025-12-31 15:03:32.834,0.1,7.8,0.09,0.05
2025-12-31 15:03:33.835,0.0,7.8,0.09,0.05
2025-12-31 15:03:34.837,0.0,7.8,0.09,0.05
2025-12-31 15:03:35.839,0.1,7.8,0.10,0.05
2025-12-31 15:03:36.841,0.0,7.8,0.09,0.05
2025-12-31 15:03:37.842,0.0,7.8,0.10,0.05
2025-12-31 15:03:38.843,0.1,7.8,0.10,0.05
2025-12-31 15:03:39.844,0.1,7.8,0.09,0.05
2025-12-31 15:03:40.846,0.1,7.8,0.09,0.05
2025-12-31 15:03:41.847,0.0,7.8,0.09,0.05
2025-12-31 15:03:42.848,0.2,7.8,0.09,0.05
2025-12-31 15:03:43.850,0.0,7.8,0.10,0.05
2025-12-31 15:03:44.852,0.0,7.8,0.09,0.05
2025-12-31 15:03:45.853,0.0,7.8,0.10,0.05
2025-12-31 15:03:46.855,0.2,7.8,0.09,0.05
2025-12-31 15:03:47.856,0.0,7.8,0.10,0.05
2025-12-31 15:03:48.858,0.1,7.8,0.10,0.05
2025-12-31 15:03:49.860,0.0,7.8,0.10,0.05
2025-12-31 15:03:50.862,0.1,7.8,0.09,0.05
2025-12-31 15:03:51.863,0.1,7.8,0.10,0.05
2025-12-31 15:03:52.865,0.1,7.8,0.09,0.05
2025-12-31 15:03:53.867,0.1,7.8,0.09,0.05
2025-12-31 15:03:54.869,0.0,7.8,0.09,0.05
2025-12-31 15:03:55.871,0.1,7.8,0.10,0.05
2025-12-31 15:03:56.872,0.1,7.8,0.09,0.05
2025-12-31 15:03:57.874,0.0,7.8,0.09,0.05
2025-12-31 15:03:58.875,0.1,7.8,0.09,0.05
2025-12-31 15:03:59.877,0.0,7.8,0.10,0.05
2025-12-31 15:04:00.878,0.0,7.8,0.10,0.05
2025-12-31 15:04:01.880,0.1,7.8,0.09,0.05
2025-12-31 15:04:02.881,0.0,7.8,0.09,0.05
2025-12-31 15:04:03.883,0.0,7.8,0.10,0.05
2025-12-31 15:04:04.884,0.2,7.8,0.09,0.06
2025-12-31 15:04:05.885,0.0,7.8,0.10,0.06
2025-12-31 15:04:06.887,0.1,7.8,0.09,0.06
2025-12-31 15:04:07.889,0.0,7.8,0.10,0.06
2025-12-31 15:04:08.891,0.1,7.8,0.09,0.05
2025-12-31 15:04:09.893,0.1,7.8,0.09,0.05
2025-12-31 15:04:10.894,0.0,7.8,0.09,0.06
2025-12-31 15:04:11.897,0.1,7.8,0.10,0.05
2025-12-31 15:04:12.898,0.0,7.8,0.10,0.06
2025-12-31 15:04:13.900,0.1,7.8,0.09,0.05
2025-12-31 15:04:14.902,0.1,7.8,0.09,0.06
2025-12-31 15:04:15.904,0.0,7.8,0.10,0.06
2025-12-31 15:04:16.906,0.1,7.8,0.09,0.05
2025-12-31 15:04:17.908,0.1,7.8,0.09,0.05
2025-12-31 15:04:18.909,0.1,7.8,0.09,0.05
2025-12-31 15:04:19.912,0.2,7.8,0.09,0.05
2025-12-31 15:04:20.914,0.0,7.8,0.09,0.05
2025-12-31 15:04:21.916,0.0,7.8,0.10,0.05
2025-12-31 15:04:22.918,0.1,7.8,0.10,0.05
2025-12-31 15:04:23.920,0.0,7.8,0.10,0.05
2025-12-31 15:04:24.922,0.0,7.8,0.10,0.05
2025-12-31 15:04:25.924,0.0,7.8,0.10,0.05
2025-12-31 15:04:26.926,0.1,7.8,0.09,0.05
2025-12-31 15:04:27.927,0.1,7.8,0.09,0.05
2025-12-31 15:04:28.928,0.0,7.8,0.10,0.05
2025-12-31 15:04:29.929,0.0,7.8,0.10,0.05
2025-12-31 15:04:30.930,0.1,7.8,0.10,0.05
2025-12-31 15:04:31.931,0.1,7.8,0.09,0.05
2025-12-31 15:04:32.933,0.0,7.8,0.09,0.05
2025-12-31 15:04:33.934,0.0,7.8,0.10,0.05
2025-12-31 15:04:34.936,0.1,7.8,0.09,0.05
2025-12-31 15:04:35.937,0.0,7.8,0.10,0.05
2025-12-31 15:04:36.939,0.1,7.8,0.09,0.05
2025-12-31 15:04:37.941,0.1,7.8,0.10,0.05
2025-12-31 15:04:38.942,0.0,7.8,0.10,0.05
2025-12-31 15:04:39.944,0.0,7.8,0.09,0.05
2025-12-31 15:04:40.945,0.2,7.8,0.09,0.05
2025-12-31 15:04:41.946,0.0,7.8,0.09,0.05
2025-12-31 15:04:42.948,0.2,7.8,0.09,0.05
2025-12-31 15:04:43.949,0.2,7.8,0.10,0.05
2025-12-31 15:04:44.950,0.2,7.8,0.10,0.05
2025-12-31 15:04:45.951,0.2,7.8,0.10,0.05
2025-12-31 15:04:46.952,0.4,7.8,0.10,0.05
2025-12-31 15:04:47.954,0.2,7.8,0.09,0.05
2025-12-31 15:04:48.956,0.2,7.8,0.09,0.05
2025-12-31 15:04:49.958,0.2,7.8,0.09,0.05
2025-12-31 15:04:50.960,0.3,7.8,0.09,0.05
2025-12-31 15:04:51.961,0.2,7.8,0.09,0.05
2025-12-31 15:04:52.963,0.3,7.8,0.09,0.05
2025-12-31 15:04:53.965,0.4,7.8,0.09,0.05
2025-12-31 15:04:54.967,0.2,7.8,0.09,0.05
2025-12-31 15:04:55.969,0.3,7.8,0.10,0.05
2025-12-31 15:04:56.970,0.4,7.8,0.10,0.05
2025-12-31 15:04:57.971,0.3,7.8,0.09,0.05
2025-12-31 15:04:58.973,0.2,7.8,0.09,0.05
2025-12-31 15:04:59.975,0.2,7.8,0.09,0.05
2025-12-31 15:05:00.977,0.3,7.8,0.10,0.05
2025-12-31 15:05:01.979,0.3,7.8,0.10,0.06
2025-12-31 15:05:02.980,0.2,7.8,0.10,0.05
2025-12-31 15:05:03.982,0.2,7.8,0.09,0.05
2025-12-31 15:05:04.985,0.2,7.8,0.10,0.08
2025-12-31 15:05:05.986,0.2,7.8,0.10,0.07
2025-12-31 15:05:06.988,0.2,7.8,0.10,0.05
2025-12-31 15:05:07.989,0.2,7.8,0.09,0.06
2025-12-31 15:05:08.990,0.1,7.8,0.10,0.05
2025-12-31 15:05:09.991,0.2,7.8,0.10,0.06
2025-12-31 15:05:10.993,0.2,7.8,0.10,0.05
2025-12-31 15:05:11.995,0.1,7.8,0.09,0.05
2025-12-31 15:05:12.996,0.1,7.8,0.10,0.05
2025-12-31 15:05:13.997,0.2,7.8,0.09,0.05
2025-12-31 15:05:14.999,0.3,7.8,0.09,0.05
2025-12-31 15:05:16.000,0.2,7.8,0.10,0.05
2025-12-31 15:05:17.001,0.3,7.8,0.10,0.05
2025-12-31 15:05:18.003,0.3,7.8,0.10,0.05
2025-12-31 15:05:19.004,0.2,7.8,0.09,0.05
2025-12-31 15:05:20.005,0.2,7.8,0.10,0.05
2025-12-31 15:05:21.006,0.2,7.8,0.09,0.05
2025-12-31 15:05:22.008,0.2,7.8,0.10,0.05
2025-12-31 15:05:23.009,0.1,7.8,0.10,0.05
2025-12-31 15:05:24.010,0.2,7.8,0.10,0.05
2025-12-31 15:05:25.012,0.2,7.8,0.10,0.05
2025-12-31 15:05:26.013,0.2,7.8,0.10,0.05
2025-12-31 15:05:27.014,0.2,7.8,0.09,0.05
2025-12-31 15:05:28.016,0.2,7.8,0.10,0.05
2025-12-31 15:05:29.018,0.3,7.8,0.10,0.05
2025-12-31 15:05:30.020,0.2,7.8,0.10,0.05
2025-12-31 15:05:31.022,0.2,7.8,0.10,0.05
2025-12-31 15:05:32.024,0.2,7.8,0.09,0.05
2025-12-31 15:05:33.026,0.2,7.8,0.10,0.05
2025-12-31 15:05:34.028,0.2,7.8,0.09,0.05
2025-12-31 15:05:35.029,0.2,7.8,0.10,0.05
2025-12-31 15:05:36.030,0.2,7.8,0.10,0.05
2025-12-31 15:05:37.031,0.2,7.8,0.10,0.05
2025-12-31 15:05:38.033,0.2,7.8,0.09,0.05
2025-12-31 15:05:39.034,0.1,7.8,0.09,0.05
2025-12-31 15:05:40.035,0.0,7.8,0.10,0.05
2025-12-31 15:05:41.036,0.0,7.8,0.10,0.05
2025-12-31 15:05:42.037,0.2,7.8,0.10,0.05
2025-12-31 15:05:43.039,0.0,7.8,0.09,0.05
2025-12-31 15:05:44.041,0.2,7.8,0.10,0.05
2025-12-31 15:05:45.042,0.0,7.8,0.09,0.05
2025-12-31 15:05:46.044,0.3,7.8,0.10,0.05
2025-12-31 15:05:47.045,0.2,7.8,0.10,0.05
2025-12-31 15:05:48.046,0.1,7.8,0.09,0.05
2025-12-31 15:05:49.048,0.1,7.8,0.09,0.05
2025-12-31 15:05:50.049,0.1,7.8,0.09,0.05
2025-12-31 15:05:51.050,0.1,7.8,0.10,0.05
2025-12-31 15:05:52.051,0.1,7.8,0.09,0.05
2025-12-31 15:05:53.052,0.2,7.8,0.10,0.05
2025-12-31 15:05:54.054,0.2,7.8,0.09,0.05
2025-12-31 15:05:55.056,0.1,7.8,0.09,0.05
2025-12-31 15:05:56.057,0.2,7.8,0.10,0.05
2025-12-31 15:05:57.058,0.1,7.8,0.10,0.05
2025-12-31 15:05:58.060,0.2,7.8,0.09,0.05
2025-12-31 15:05:59.062,0.1,7.8,0.10,0.05
2025-12-31 15:06:00.064,0.1,7.8,0.09,0.05
2025-12-31 15:06:01.065,0.1,7.8,0.10,0.05
2025-12-31 15:06:02.066,0.1,7.8,0.10,0.05
2025-12-31 15:06:03.068,0.1,7.8,0.09,0.05
2025-12-31 15:06:04.070,0.1,7.8,0.10,0.05
2025-12-31 15:06:05.072,0.0,7.8,0.10,0.05
2025-12-31 15:06:06.073,0.1,7.8,0.10,0.05
2025-12-31 15:06:07.075,0.2,7.8,0.09,0.05
2025-12-31 15:06:08.076,0.0,7.8,0.09,0.05
2025-12-31 15:06:09.078,0.1,7.8,0.10,0.05
2025-12-31 15:06:10.079,0.0,7.8,0.09,0.05
2025-12-31 15:06:11.081,0.0,7.8,0.09,0.05
2025-12-31 15:06:12.082,0.1,7.8,0.09,0.05
2025-12-31 15:06:13.084,0.1,7.8,0.10,0.05
2025-12-31 15:06:14.085,0.0,7.8,0.09,0.05
2025-12-31 15:06:15.087,0.1,7.8,0.09,0.05
2025-12-31 15:06:16.089,0.1,7.8,0.10,0.05
2025-12-31 15:06:17.091,0.2,7.8,0.10,0.05
2025-12-31 15:06:18.094,0.1,7.8,0.09,0.05
2025-12-31 15:06:19.095,0.0,7.8,0.10,0.05
2025-12-31 15:06:20.097,0.0,7.8,0.09,0.05
2025-12-31 15:06:21.098,0.1,7.8,0.10,0.05
2025-12-31 15:06:22.100,0.0,7.8,0.10,0.05
2025-12-31 15:06:23.101,0.1,7.8,0.09,0.05
2025-12-31 15:06:24.103,0.1,7.8,0.10,0.05
2025-12-31 15:06:25.105,0.1,7.8,0.10,0.05
2025-12-31 15:06:26.107,0.0,7.8,0.10,0.05
2025-12-31 15:06:27.108,0.1,7.8,0.09,0.05
2025-12-31 15:06:28.110,0.1,7.8,0.09,0.05
2025-12-31 15:06:29.113,0.0,7.8,0.10,0.05
2025-12-31 15:06:30.114,0.0,7.8,0.09,0.05
2025-12-31 15:06:31.115,0.0,7.8,0.09,0.05
2025-12-31 15:06:32.117,0.0,7.8,0.10,0.05
2025-12-31 15:06:33.118,0.1,7.8,0.10,0.05
2025-12-31 15:06:34.120,0.0,7.8,0.09,0.05
2025-12-31 15:06:35.121,0.0,7.8,0.10,0.05
2025-12-31 15:06:36.123,0.1,7.8,0.10,0.05
2025-12-31 15:06:37.124,0.1,7.8,0.09,0.05
2025-12-31 15:06:38.126,0.1,7.8,0.10,0.05
2025-12-31 15:06:39.127,0.1,7.8,0.10,0.05
2025-12-31 15:06:40.128,0.0,7.8,0.10,0.05
2025-12-31 15:06:41.129,0.0,7.8,0.09,0.05
2025-12-31 15:06:42.131,0.1,7.8,0.10,0.05
2025-12-31 15:06:43.132,0.1,7.8,0.10,0.05
2025-12-31 15:06:44.133,0.0,7.8,0.09,0.05
2025-12-31 15:06:45.135,0.1,7.8,0.10,0.05
2025-12-31 15:06:46.136,0.0,7.8,0.10,0.05
2025-12-31 15:06:47.138,0.2,7.8,0.09,0.05
2025-12-31 15:06:48.140,0.0,7.8,0.09,0.05
2025-12-31 15:06:49.141,0.0,7.8,0.09,0.05
2025-12-31 15:06:50.143,0.1,7.8,0.10,0.05
2025-12-31 15:06:51.145,0.1,7.8,0.09,0.05
2025-12-31 15:06:52.146,0.0,7.8,0.09,0.05
2025-12-31 15:06:53.147,0.1,7.8,0.09,0.05
2025-12-31 15:06:54.149,0.0,7.8,0.10,0.05
2025-12-31 15:06:55.151,0.1,7.8,0.10,0.05
2025-12-31 15:06:56.153,0.0,7.8,0.10,0.05
2025-12-31 15:06:57.154,0.0,7.8,0.10,0.05
2025-12-31 15:06:58.156,0.1,7.8,0.09,0.05
2025-12-31 15:06:59.157,0.0,7.8,0.09,0.05
2025-12-31 15:07:00.159,0.2,7.8,0.09,0.05
2025-12-31 15:07:01.161,0.0,7.8,0.09,0.05
2025-12-31 15:07:02.164,0.0,7.8,0.09,0.05
2025-12-31 15:07:03.166,0.1,7.8,0.09,0.05
2025-12-31 15:07:04.168,0.1,7.8,0.09,0.05
2025-12-31 15:07:05.170,0.0,7.8,0.09,0.05
2025-12-31 15:07:06.171,0.2,7.8,0.10,0.05
2025-12-31 15:07:07.173,0.0,7.8,0.10,0.05
2025-12-31 15:07:08.175,0.1,7.8,0.10,0.05
2025-12-31 15:07:09.176,0.0,7.8,0.09,0.05
2025-12-31 15:07:10.178,0.0,7.8,0.10,0.05
2025-12-31 15:07:11.180,0.1,7.8,0.10,0.05
2025-12-31 15:07:12.181,0.0,7.8,0.09,0.05
2025-12-31 15:07:13.183,0.1,7.8,0.09,0.05
2025-12-31 15:07:14.184,0.0,7.8,0.10,0.05
2025-12-31 15:07:15.187,0.0,7.8,0.10,0.05
2025-12-31 15:07:16.188,0.0,7.8,0.10,0.05
2025-12-31 15:07:17.189,0.2,7.8,0.09,0.05
2025-12-31 15:07:18.190,0.0,7.8,0.10,0.05
2025-12-31 15:07:19.192,0.1,7.8,0.10,0.05
2025-12-31 15:07:20.194,0.0,7.8,0.09,0.05
2025-12-31 15:07:21.196,0.1,7.8,0.09,0.05
2025-12-31 15:07:22.197,0.0,7.8,0.10,0.05
2025-12-31 15:07:23.198,0.0,7.8,0.09,0.05
2025-12-31 15:07:24.200,0.1,7.8,0.10,0.05
2025-12-31 15:07:25.202,0.1,7.8,0.10,0.05
2025-12-31 15:07:26.204,0.0,7.8,0.10,0.05
2025-12-31 15:07:27.206,0.0,7.8,0.09,0.05
2025-12-31 15:07:28.207,0.1,7.8,0.09,0.05
2025-12-31 15:07:29.209,0.1,7.8,0.09,0.05
2025-12-31 15:07:30.211,0.1,7.8,0.10,0.05
2025-12-31 15:07:31.213,0.0,7.8,0.09,0.05
2025-12-31 15:07:32.215,0.0,7.8,0.10,0.05
2025-12-31 15:07:33.217,0.2,7.8,0.09,0.05
2025-12-31 15:07:34.218,0.0,7.8,0.10,0.05
2025-12-31 15:07:35.220,0.1,7.8,0.09,0.05
2025-12-31 15:07:36.222,0.1,7.8,0.10,0.05
2025-12-31 15:07:37.224,0.0,7.8,0.10,0.05
2025-12-31 15:07:38.226,0.1,7.8,0.10,0.05
2025-12-31 15:07:39.227,0.1,7.8,0.09,0.05
2025-12-31 15:07:40.228,0.2,7.8,0.09,0.05
2025-12-31 15:07:41.229,0.1,7.8,0.10,0.05
2025-12-31 15:07:42.231,0.2,7.8,0.09,0.05
2025-12-31 15:07:43.233,0.2,7.8,0.09,0.05
2025-12-31 15:07:44.234,0.2,7.8,0.09,0.05
2025-12-31 15:07:45.235,0.2,7.8,0.09,0.05
2025-12-31 15:07:46.237,0.2,7.8,0.10,0.05
2025-12-31 15:07:47.238,0.5,7.8,0.09,0.05
2025-12-31 15:07:48.240,0.4,7.8,0.09,0.05
2025-12-31 15:07:49.241,0.2,7.8,0.09,0.05
2025-12-31 15:07:50.243,0.2,7.8,0.10,0.05
2025-12-31 15:07:51.244,0.2,7.8,0.11,0.06
2025-12-31 15:07:52.245,0.2,7.8,0.09,0.05
2025-12-31 15:07:53.247,0.2,7.8,0.10,0.05
2025-12-31 15:07:54.248,0.2,7.8,0.10,0.05
2025-12-31 15:07:55.249,0.1,7.8,0.09,0.05
2025-12-31 15:07:56.250,0.0,7.8,0.10,0.05
2025-12-31 15:07:57.251,0.1,7.8,0.10,0.05
2025-12-31 15:07:58.252,0.2,7.8,0.09,0.05
2025-12-31 15:07:59.254,0.2,7.8,0.09,0.05
2025-12-31 15:08:00.255,0.1,7.8,0.10,0.05
2025-12-31 15:08:01.257,0.2,7.8,0.09,0.05
2025-12-31 15:08:02.259,0.1,7.8,0.10,0.05
2025-12-31 15:08:03.260,0.2,7.8,0.10,0.05
2025-12-31 15:08:04.262,0.1,7.8,0.09,0.05
2025-12-31 15:08:05.264,0.0,7.8,0.10,0.05
2025-12-31 15:08:06.265,0.2,7.8,0.11,0.05
2025-12-31 15:08:07.266,0.2,7.8,0.10,0.05
2025-12-31 15:08:08.267,0.2,7.8,0.10,0.05
2025-12-31 15:08:09.268,0.1,7.8,0.10,0.05
2025-12-31 15:08:10.270,0.2,7.8,0.10,0.05
2025-12-31 15:08:11.271,0.2,7.8,0.10,0.05
2025-12-31 15:08:12.273,0.2,7.8,0.09,0.05
2025-12-31 15:08:13.274,0.2,7.8,0.10,0.05
2025-12-31 15:08:14.276,0.1,7.8,0.10,0.05
2025-12-31 15:08:15.277,0.3,7.8,0.09,0.05
2025-12-31 15:08:16.279,0.2,7.8,0.10,0.05
2025-12-31 15:08:17.281,0.3,7.8,0.09,0.05
2025-12-31 15:08:18.282,0.2,7.8,0.10,0.05
2025-12-31 15:08:19.283,0.1,7.8,0.10,0.05
2025-12-31 15:08:20.284,0.2,7.8,0.09,0.05
2025-12-31 15:08:21.285,0.3,7.8,0.09,0.05
2025-12-31 15:08:22.286,0.3,7.8,0.09,0.05
2025-12-31 15:08:23.287,0.5,7.8,0.09,0.05
2025-12-31 15:08:24.289,0.2,7.8,0.10,0.05
2025-12-31 15:08:25.290,0.5,7.8,0.10,0.05
2025-12-31 15:08:26.292,0.2,7.8,0.10,0.05
2025-12-31 15:08:27.293,0.2,7.8,0.10,0.05
2025-12-31 15:08:28.295,0.3,7.8,0.09,0.05
2025-12-31 15:08:29.297,0.4,7.8,0.09,0.05
2025-12-31 15:08:30.298,0.3,7.8,0.09,0.05
2025-12-31 15:08:31.300,0.3,7.8,0.10,0.05
2025-12-31 15:08:32.302,0.2,7.8,0.09,0.05
2025-12-31 15:08:33.303,0.3,7.8,0.09,0.05
2025-12-31 15:08:34.305,0.2,7.8,0.10,0.05
2025-12-31 15:08:35.306,0.2,7.8,0.10,0.05
2025-12-31 15:08:36.308,0.2,7.8,0.10,0.05
2025-12-31 15:08:37.309,0.2,7.8,0.10,0.05
2025-12-31 15:08:38.310,0.2,7.8,0.09,0.05
2025-12-31 15:08:39.312,0.2,7.8,0.10,0.05
2025-12-31 15:08:40.314,0.2,7.8,0.09,0.05
2025-12-31 15:08:41.315,0.2,7.8,0.09,0.05
2025-12-31 15:08:42.317,0.2,7.8,0.09,0.05
2025-12-31 15:08:43.318,0.1,7.8,0.09,0.05
2025-12-31 15:08:44.320,0.2,7.8,0.09,0.05
2025-12-31 15:08:45.322,0.2,7.8,0.09,0.05
2025-12-31 15:08:46.324,0.2,7.8,0.10,0.05
2025-12-31 15:08:47.326,0.2,7.8,0.10,0.05
2025-12-31 15:08:48.327,0.2,7.8,0.10,0.05
2025-12-31 15:08:49.329,0.2,7.8,0.10,0.05
2025-12-31 15:08:50.330,0.2,7.8,0.09,0.05
2025-12-31 15:08:51.331,0.2,7.8,0.10,0.05
2025-12-31 15:08:52.333,0.1,7.8,0.09,0.05
2025-12-31 15:08:53.335,0.1,7.8,0.10,0.05
2025-12-31 15:08:54.337,0.2,7.8,0.09,0.05
2025-12-31 15:08:55.338,0.2,7.8,0.10,0.05
2025-12-31 15:08:56.340,0.0,7.8,0.10,0.05
2025-12-31 15:08:57.341,0.1,7.8,0.10,0.05
2025-12-31 15:08:58.343,0.2,7.8,0.09,0.05
2025-12-31 15:08:59.345,0.0,7.8,0.10,0.05
2025-12-31 15:09:00.346,0.0,7.8,0.09,0.05
2025-12-31 15:09:01.348,0.1,7.8,0.09,0.05
2025-12-31 15:09:02.349,0.2,7.8,0.09,0.05
2025-12-31 15:09:03.351,0.0,7.8,0.09,0.05
2025-12-31 15:09:04.352,0.0,7.8,0.09,0.05
2025-12-31 15:09:05.354,0.1,7.8,0.09,0.05
2025-12-31 15:09:06.355,0.2,7.8,0.10,0.05
2025-12-31 15:09:07.357,0.0,7.8,0.10,0.05
2025-12-31 15:09:08.359,0.0,7.8,0.09,0.05
2025-12-31 15:09:09.360,0.1,7.8,0.10,0.05
2025-12-31 15:09:10.362,0.1,7.8,0.10,0.05
2025-12-31 15:09:11.364,0.0,7.8,0.10,0.05
2025-12-31 15:09:12.365,0.0,7.8,0.10,0.05
2025-12-31 15:09:13.367,0.1,7.8,0.09,0.05
2025-12-31 15:09:14.368,0.1,7.8,0.10,0.05
2025-12-31 15:09:15.371,0.1,7.8,0.10,0.05
2025-12-31 15:09:16.372,0.0,7.8,0.10,0.05
2025-12-31 15:09:17.374,0.1,7.8,0.09,0.05
2025-12-31 15:09:18.376,0.1,7.8,0.09,0.05
2025-12-31 15:09:19.377,0.0,7.8,0.09,0.05
2025-12-31 15:09:20.378,0.0,7.8,0.10,0.05
2025-12-31 15:09:21.380,0.1,7.8,0.09,0.05
2025-12-31 15:09:22.382,0.0,7.8,0.10,0.05
2025-12-31 15:09:23.384,0.0,7.8,0.09,0.05
2025-12-31 15:09:24.386,0.1,7.8,0.10,0.05
2025-12-31 15:09:25.387,0.1,7.8,0.10,0.05
2025-12-31 15:09:26.389,0.1,7.8,0.10,0.05
2025-12-31 15:09:27.390,0.0,7.8,0.09,0.05
2025-12-31 15:09:28.391,0.2,7.8,0.09,0.05
2025-12-31 15:09:29.393,0.0,7.8,0.09,0.05
2025-12-31 15:09:30.396,0.0,7.8,0.09,0.05
2025-12-31 15:09:31.397,0.2,7.8,0.10,0.05
2025-12-31 15:09:32.399,0.0,7.8,0.09,0.05
2025-12-31 15:09:33.400,0.1,7.8,0.09,0.05
2025-12-31 15:09:34.401,0.0,7.8,0.10,0.05
2025-12-31 15:09:35.403,0.0,7.8,0.10,0.05
2025-12-31 15:09:36.405,0.1,7.8,0.10,0.05
2025-12-31 15:09:37.407,0.0,7.8,0.10,0.05
2025-12-31 15:09:38.408,0.1,7.8,0.09,0.05
2025-12-31 15:09:39.410,0.0,7.8,0.10,0.05
2025-12-31 15:09:40.412,0.0,7.8,0.09,0.05
2025-12-31 15:09:41.413,0.0,7.8,0.10,0.05
2025-12-31 15:09:42.414,0.1,7.8,0.10,0.05
2025-12-31 15:09:43.416,0.1,7.8,0.10,0.05
2025-12-31 15:09:44.418,0.0,7.8,0.09,0.05
2025-12-31 15:09:45.420,0.1,7.8,0.10,0.05
2025-12-31 15:09:46.422,0.0,7.8,0.10,0.05
2025-12-31 15:09:47.423,0.1,7.8,0.10,0.05
2025-12-31 15:09:48.424,0.1,7.8,0.10,0.05
2025-12-31 15:09:49.425,0.1,7.8,0.09,0.05
2025-12-31 15:09:50.427,0.0,7.8,0.10,0.05
2025-12-31 15:09:51.428,0.2,7.8,0.10,0.05
2025-12-31 15:09:52.429,0.0,7.8,0.10,0.05
2025-12-31 15:09:53.430,0.0,7.8,0.10,0.05
2025-12-31 15:09:54.432,0.0,7.8,0.09,0.05
2025-12-31 15:09:55.433,0.0,7.8,0.09,0.05
2025-12-31 15:09:56.435,0.1,7.8,0.10,0.05
2025-12-31 15:09:57.436,0.1,7.8,0.09,0.05
2025-12-31 15:09:58.438,0.0,7.8,0.09,0.05
2025-12-31 15:09:59.439,0.0,7.8,0.10,0.05
2025-12-31 15:10:00.440,0.1,7.8,0.10,0.05
2025-12-31 15:10:01.442,0.0,7.8,0.09,0.05
2025-12-31 15:10:02.444,0.2,7.8,0.09,0.05
2025-12-31 15:10:03.446,0.0,7.8,0.09,0.05
2025-12-31 15:10:04.448,0.1,7.8,0.10,0.05
2025-12-31 15:10:05.450,0.1,7.8,0.09,0.05
2025-12-31 15:10:06.452,0.0,7.8,0.10,0.05
2025-12-31 15:10:07.454,0.0,7.8,0.10,0.05
2025-12-31 15:10:08.456,0.1,7.8,0.10,0.05
2025-12-31 15:10:09.457,0.0,7.8,0.09,0.05
2025-12-31 15:10:10.459,0.1,7.8,0.09,0.05
2025-12-31 15:10:11.461,0.0,7.8,0.09,0.05
2025-12-31 15:10:12.462,0.1,7.8,0.10,0.05
2025-12-31 15:10:13.464,0.0,7.8,0.10,0.05
2025-12-31 15:10:14.465,0.0,7.8,0.10,0.05
2025-12-31 15:10:15.467,0.0,7.8,0.10,0.05
2025-12-31 15:10:16.469,0.1,7.8,0.10,0.05
2025-12-31 15:10:17.470,0.0,7.8,0.09,0.05
2025-12-31 15:10:18.472,0.1,7.8,0.09,0.05
2025-12-31 15:10:19.474,0.0,7.8,0.10,0.05
2025-12-31 15:10:20.476,0.1,7.8,0.10,0.05
2025-12-31 15:10:21.478,0.1,7.8,0.09,0.05
2025-12-31 15:10:22.480,0.0,7.8,0.09,0.05
2025-12-31 15:10:23.481,0.0,7.8,0.09,0.05
2025-12-31 15:10:24.482,0.1,7.8,0.09,0.05
2025-12-31 15:10:25.484,0.2,7.8,0.10,0.05
2025-12-31 15:10:26.486,0.0,7.8,0.10,0.05
2025-12-31 15:10:27.488,0.0,7.8,0.09,0.05
2025-12-31 15:10:28.489,0.1,7.8,0.10,0.05
2025-12-31 15:10:29.490,0.0,7.8,0.10,0.05
2025-12-31 15:10:30.492,0.0,7.8,0.10,0.05
2025-12-31 15:10:31.493,0.1,7.8,0.10,0.05
2025-12-31 15:10:32.495,0.1,7.8,0.10,0.05
2025-12-31 15:10:33.497,0.1,7.8,0.09,0.05
2025-12-31 15:10:34.499,0.2,7.8,0.09,0.05
2025-12-31 15:10:35.500,0.1,7.8,0.09,0.05
2025-12-31 15:10:36.502,0.1,7.8,0.10,0.05
2025-12-31 15:10:37.504,0.2,7.8,0.10,0.05
2025-12-31 15:10:38.505,0.1,7.8,0.09,0.05
2025-12-31 15:10:39.506,0.2,7.8,0.09,0.05
2025-12-31 15:10:40.508,0.2,7.8,0.10,0.05
2025-12-31 15:10:41.510,0.0,7.8,0.09,0.05
2025-12-31 15:10:42.512,0.2,7.8,0.09,0.05
2025-12-31 15:10:43.513,0.2,7.8,0.10,0.05
2025-12-31 15:10:44.515,0.0,7.8,0.09,0.05
2025-12-31 15:10:45.517,0.2,7.8,0.10,0.05
2025-12-31 15:10:46.520,0.3,7.8,0.10,0.05
2025-12-31 15:10:47.521,0.0,7.8,0.10,0.05
2025-12-31 15:10:48.522,0.1,7.8,0.10,0.05
2025-12-31 15:10:49.523,0.2,7.8,0.10,0.05
2025-12-31 15:10:50.524,0.0,7.8,0.09,0.05
2025-12-31 15:10:51.526,0.2,7.8,0.09,0.05
2025-12-31 15:10:52.527,0.1,7.8,0.09,0.05
2025-12-31 15:10:53.529,0.2,7.8,0.09,0.05
2025-12-31 15:10:54.530,0.0,7.8,0.09,0.05
2025-12-31 15:10:55.532,0.1,7.8,0.09,0.05
2025-12-31 15:10:56.533,0.0,7.8,0.10,0.05
2025-12-31 15:10:57.535,0.1,7.8,0.10,0.05
2025-12-31 15:10:58.537,0.0,7.8,0.10,0.05
2025-12-31 15:10:59.539,0.1,7.8,0.10,0.05
2025-12-31 15:11:00.540,0.1,7.8,0.10,0.05
2025-12-31 15:11:01.542,0.2,7.8,0.09,0.05
2025-12-31 15:11:02.543,0.2,7.8,0.09,0.05
2025-12-31 15:11:03.544,0.0,7.8,0.09,0.05
2025-12-31 15:11:04.545,0.2,7.8,0.10,0.05
2025-12-31 15:11:05.547,0.3,7.8,0.09,0.05
2025-12-31 15:11:06.549,0.4,7.8,0.10,0.05
2025-12-31 15:11:07.550,0.2,7.8,0.09,0.05
2025-12-31 15:11:08.551,0.2,7.8,0.09,0.05
2025-12-31 15:11:09.553,0.4,7.8,0.10,0.05
2025-12-31 15:11:10.555,0.4,7.8,0.10,0.05
2025-12-31 15:11:11.557,0.4,7.8,0.09,0.05
2025-12-31 15:11:12.558,0.2,7.8,0.09,0.05
2025-12-31 15:11:13.560,0.2,7.8,0.09,0.05
2025-12-31 15:11:14.561,0.3,7.8,0.10,0.05
2025-12-31 15:11:15.562,0.2,7.8,0.09,0.05
2025-12-31 15:11:16.563,0.4,7.8,0.10,0.05
2025-12-31 15:11:17.565,0.2,7.8,0.10,0.05
2025-12-31 15:11:18.567,0.4,7.8,0.09,0.05
2025-12-31 15:11:19.568,0.2,7.8,0.09,0.05
2025-12-31 15:11:20.569,0.3,7.8,0.09,0.05
2025-12-31 15:11:21.571,0.5,7.8,0.10,0.05
2025-12-31 15:11:22.572,0.5,7.8,0.09,0.05
2025-12-31 15:11:23.574,0.2,7.8,0.10,0.05
2025-12-31 15:11:24.576,0.2,7.8,0.10,0.05
2025-12-31 15:11:25.578,0.3,7.8,0.09,0.05
2025-12-31 15:11:26.580,0.3,7.8,0.10,0.05
2025-12-31 15:11:27.582,0.2,7.8,0.09,0.05
2025-12-31 15:11:28.584,0.2,7.8,0.09,0.05
2025-12-31 15:11:29.585,0.2,7.8,0.09,0.05
2025-12-31 15:11:30.586,0.2,7.8,0.09,0.05
2025-12-31 15:11:31.587,0.2,7.8,0.09,0.05
2025-12-31 15:11:32.588,0.2,7.8,0.10,0.05
2025-12-31 15:11:33.590,0.2,7.8,0.09,0.05
2025-12-31 15:11:34.591,0.2,7.8,0.09,0.05
2025-12-31 15:11:35.593,0.2,7.8,0.09,0.05
2025-12-31 15:11:36.595,0.2,7.8,0.10,0.05
2025-12-31 15:11:37.596,0.2,7.8,0.10,0.05
2025-12-31 15:11:38.598,0.3,7.8,0.09,0.05
2025-12-31 15:11:39.599,0.2,7.8,0.09,0.05
2025-12-31 15:11:40.601,0.2,7.8,0.09,0.05
2025-12-31 15:11:41.602,0.2,7.8,0.09,0.05
2025-12-31 15:11:42.603,0.2,7.8,0.09,0.05
2025-12-31 15:11:43.605,0.2,7.8,0.10,0.05
2025-12-31 15:11:44.607,0.1,7.8,0.10,0.05
2025-12-31 15:11:45.608,0.2,7.8,0.10,0.05
2025-12-31 15:11:46.610,0.2,7.8,0.10,0.05
2025-12-31 15:11:47.612,0.2,7.8,0.09,0.05
2025-12-31 15:11:48.614,0.2,7.8,0.09,0.05
2025-12-31 15:11:49.616,0.2,7.8,0.10,0.05
2025-12-31 15:11:50.619,0.1,7.8,0.09,0.05
2025-12-31 15:11:51.620,0.2,7.8,0.10,0.05
2025-12-31 15:11:52.621,0.1,7.8,0.09,0.05
2025-12-31 15:11:53.623,0.2,7.8,0.09,0.05
2025-12-31 15:11:54.624,0.1,7.8,0.10,0.05
2025-12-31 15:11:55.626,0.1,7.8,0.09,0.05
2025-12-31 15:11:56.628,0.2,7.8,0.10,0.05
2025-12-31 15:11:57.630,0.0,7.8,0.09,0.05
2025-12-31 15:11:58.631,0.1,7.8,0.10,0.05
2025-12-31 15:11:59.633,0.2,7.8,0.09,0.05
2025-12-31 15:12:00.634,0.0,7.8,0.09,0.05
2025-12-31 15:12:01.635,0.1,7.8,0.10,0.05
2025-12-31 15:12:02.637,0.1,7.8,0.09,0.05
2025-12-31 15:12:03.638,0.0,7.8,0.10,0.05
2025-12-31 15:12:04.640,0.1,7.8,0.09,0.05
2025-12-31 15:12:05.642,0.2,7.8,0.10,0.05
2025-12-31 15:12:06.643,0.1,7.8,0.10,0.05
2025-12-31 15:12:07.644,0.0,7.8,0.10,0.05
2025-12-31 15:12:08.646,0.2,7.8,0.10,0.05
2025-12-31 15:12:09.648,0.0,7.8,0.10,0.05
2025-12-31 15:12:10.649,0.0,7.8,0.09,0.05
2025-12-31 15:12:11.651,0.1,7.8,0.09,0.05
2025-12-31 15:12:12.653,0.1,7.8,0.09,0.05
2025-12-31 15:12:13.654,0.1,7.8,0.09,0.05
2025-12-31 15:12:14.656,0.0,7.8,0.09,0.05
2025-12-31 15:12:15.658,0.1,7.8,0.09,0.05
2025-12-31 15:12:16.660,0.2,7.8,0.10,0.05
2025-12-31 15:12:17.661,0.1,7.8,0.10,0.05
2025-12-31 15:12:18.663,0.0,7.8,0.09,0.05
2025-12-31 15:12:19.664,0.1,7.8,0.10,0.05
2025-12-31 15:12:20.666,0.2,7.8,0.09,0.05
2025-12-31 15:12:21.668,0.1,7.8,0.10,0.05
2025-12-31 15:12:22.669,0.0,7.8,0.10,0.05
2025-12-31 15:12:23.670,0.0,7.8,0.10,0.05
2025-12-31 15:12:24.671,0.1,7.8,0.10,0.05
2025-12-31 15:12:25.673,0.1,7.8,0.10,0.05
2025-12-31 15:12:26.675,0.0,7.8,0.10,0.05
2025-12-31 15:12:27.676,0.1,7.8,0.10,0.05
2025-12-31 15:12:28.679,0.0,7.8,0.09,0.05
2025-12-31 15:12:29.682,0.0,7.8,0.10,0.05
2025-12-31 15:12:30.683,0.1,7.8,0.09,0.05
2025-12-31 15:12:31.685,0.1,7.8,0.09,0.05
2025-12-31 15:12:32.686,0.0,7.8,0.09,0.05
2025-12-31 15:12:33.688,0.2,7.8,0.10,0.05
2025-12-31 15:12:34.689,0.0,7.8,0.09,0.05
2025-12-31 15:12:35.691,0.0,7.8,0.10,0.05
2025-12-31 15:12:36.693,0.1,7.8,0.10,0.06
2025-12-31 15:12:37.694,0.0,7.8,0.10,0.05
2025-12-31 15:12:38.696,0.0,7.8,0.09,0.05
2025-12-31 15:12:39.697,0.0,7.8,0.10,0.05
2025-12-31 15:12:40.698,0.1,7.8,0.09,0.05
2025-12-31 15:12:41.700,0.0,7.8,0.10,0.05
2025-12-31 15:12:42.701,0.0,7.8,0.10,0.05
2025-12-31 15:12:43.703,0.0,7.8,0.10,0.05
2025-12-31 15:12:44.704,0.1,7.8,0.10,0.05
2025-12-31 15:12:45.705,0.1,7.8,0.09,0.05
2025-12-31 15:12:46.707,0.1,7.8,0.10,0.05
2025-12-31 15:12:47.708,0.1,7.8,0.09,0.05
2025-12-31 15:12:48.710,0.1,7.8,0.10,0.05
2025-12-31 15:12:49.711,0.0,7.8,0.10,0.05
2025-12-31 15:12:50.713,0.1,7.8,0.09,0.05
2025-12-31 15:12:51.715,0.0,7.8,0.09,0.05
2025-12-31 15:12:52.717,0.1,7.8,0.10,0.05
2025-12-31 15:12:53.718,0.1,7.8,0.10,0.05
2025-12-31 15:12:54.719,0.0,7.8,0.09,0.05
2025-12-31 15:12:55.721,0.1,7.8,0.10,0.05
2025-12-31 15:12:56.722,0.1,7.8,0.10,0.05
2025-12-31 15:12:57.724,0.0,7.8,0.10,0.05
2025-12-31 15:12:58.725,0.0,7.8,0.09,0.05
2025-12-31 15:12:59.727,0.1,7.8,0.10,0.05
2025-12-31 15:13:00.728,0.0,7.8,0.10,0.05
2025-12-31 15:13:01.730,0.1,7.8,0.10,0.05
2025-12-31 15:13:02.731,0.1,7.8,0.09,0.05
2025-12-31 15:13:03.732,0.0,7.8,0.09,0.05
2025-12-31 15:13:04.734,0.1,7.8,0.09,0.05
2025-12-31 15:13:05.736,0.1,7.8,0.10,0.05
2025-12-31 15:13:06.738,0.0,7.8,0.11,0.06
2025-12-31 15:13:07.739,0.1,7.8,0.10,0.05
2025-12-31 15:13:08.740,0.0,7.8,0.10,0.05
2025-12-31 15:13:09.741,0.0,7.8,0.10,0.05
2025-12-31 15:13:10.742,0.1,7.8,0.10,0.05
2025-12-31 15:13:11.743,0.0,7.8,0.10,0.05
2025-12-31 15:13:12.745,0.0,7.8,0.09,0.05
2025-12-31 15:13:13.746,0.0,7.8,0.10,0.05
2025-12-31 15:13:14.748,0.1,7.8,0.09,0.05
2025-12-31 15:13:15.749,0.0,7.8,0.09,0.05
2025-12-31 15:13:16.750,0.1,7.8,0.10,0.05
2025-12-31 15:13:17.752,0.1,7.8,0.10,0.05
2025-12-31 15:13:18.753,0.0,7.8,0.09,0.05
2025-12-31 15:13:19.755,0.0,7.8,0.10,0.05
2025-12-31 15:13:20.756,0.2,7.8,0.10,0.05
2025-12-31 15:13:21.757,0.0,7.8,0.10,0.05
2025-12-31 15:13:22.759,0.1,7.8,0.10,0.05
2025-12-31 15:13:23.760,0.0,7.8,0.10,0.05
2025-12-31 15:13:24.761,0.1,7.8,0.10,0.05
2025-12-31 15:13:25.762,0.0,7.8,0.10,0.05
2025-12-31 15:13:26.764,0.1,7.8,0.10,0.05
2025-12-31 15:13:27.765,0.0,7.8,0.10,0.05
2025-12-31 15:13:28.767,0.0,7.8,0.09,0.05
2025-12-31 15:13:29.768,0.2,7.8,0.09,0.05
2025-12-31 15:13:30.769,0.0,7.8,0.10,0.05
2025-12-31 15:13:31.771,0.1,7.8,0.09,0.05
2025-12-31 15:13:32.773,0.1,7.8,0.10,0.05
2025-12-31 15:13:33.774,0.0,7.8,0.10,0.05
2025-12-31 15:13:34.775,0.0,7.8,0.10,0.05
2025-12-31 15:13:35.777,0.1,7.8,0.10,0.05
2025-12-31 15:13:36.779,0.2,7.8,0.10,0.05
2025-12-31 15:13:37.780,0.1,7.8,0.09,0.05
2025-12-31 15:13:38.782,0.1,7.8,0.10,0.05
2025-12-31 15:13:39.784,0.0,7.8,0.10,0.05
2025-12-31 15:13:40.785,0.0,7.8,0.09,0.05
2025-12-31 15:13:41.786,0.1,7.8,0.10,0.05
2025-12-31 15:13:42.788,0.0,7.8,0.09,0.05
2025-12-31 15:13:43.789,0.0,7.8,0.10,0.05
2025-12-31 15:13:44.791,0.2,7.8,0.10,0.05
2025-12-31 15:13:45.793,0.1,7.8,0.09,0.05
2025-12-31 15:13:46.794,0.1,7.8,0.10,0.05
2025-12-31 15:13:47.795,0.0,7.8,0.09,0.05
2025-12-31 15:13:48.796,0.1,7.8,0.10,0.05
2025-12-31 15:13:49.797,0.1,7.8,0.10,0.05
2025-12-31 15:13:50.800,0.0,7.8,0.10,0.05
2025-12-31 15:13:51.801,0.1,7.8,0.09,0.05
2025-12-31 15:13:52.803,0.0,7.8,0.10,0.05
2025-12-31 15:13:53.805,0.0,7.8,0.10,0.05
2025-12-31 15:13:54.806,0.1,7.8,0.10,0.05
2025-12-31 15:13:55.808,0.2,7.8,0.09,0.05
2025-12-31 15:13:56.809,0.1,7.8,0.10,0.05
2025-12-31 15:13:57.811,0.1,7.8,0.10,0.05
2025-12-31 15:13:58.813,0.2,7.8,0.09,0.05
2025-12-31 15:13:59.815,0.2,7.8,0.09,0.05
2025-12-31 15:14:00.816,0.2,7.8,0.10,0.05
2025-12-31 15:14:01.818,0.2,7.8,0.09,0.05
2025-12-31 15:14:02.819,0.2,7.8,0.09,0.05
2025-12-31 15:14:03.821,0.3,7.8,0.09,0.05
2025-12-31 15:14:04.822,0.2,7.8,0.09,0.06
2025-12-31 15:14:05.824,0.3,7.8,0.10,0.07
2025-12-31 15:14:06.825,0.2,7.8,0.10,0.06
2025-12-31 15:14:07.827,0.2,7.8,0.09,0.05
2025-12-31 15:14:08.828,0.4,7.8,0.09,0.05
2025-12-31 15:14:09.829,0.2,7.8,0.09,0.05
2025-12-31 15:14:10.831,0.3,7.8,0.10,0.05
2025-12-31 15:14:11.833,0.4,7.8,0.10,0.05
2025-12-31 15:14:12.835,0.3,7.8,0.09,0.05
2025-12-31 15:14:13.836,0.3,7.8,0.09,0.05
2025-12-31 15:14:14.838,0.2,7.8,0.10,0.05
2025-12-31 15:14:15.839,0.3,7.8,0.09,0.05
2025-12-31 15:14:16.841,0.4,7.8,0.10,0.06
2025-12-31 15:14:17.842,0.4,7.8,0.09,0.05
2025-12-31 15:14:18.844,0.2,7.8,0.10,0.05
2025-12-31 15:14:19.845,0.2,7.8,0.10,0.05
2025-12-31 15:14:20.847,0.3,7.8,0.10,0.05
2025-12-31 15:14:21.849,0.3,7.8,0.09,0.05
2025-12-31 15:14:22.850,0.2,7.8,0.10,0.05
2025-12-31 15:14:23.851,0.1,7.8,0.10,0.05
2025-12-31 15:14:24.853,0.4,7.8,0.10,0.05
2025-12-31 15:14:25.855,0.1,7.8,0.10,0.05
2025-12-31 15:14:26.856,0.2,7.8,0.10,0.05
2025-12-31 15:14:27.857,0.1,7.8,0.10,0.05
2025-12-31 15:14:28.858,0.1,7.8,0.09,0.05
2025-12-31 15:14:29.860,0.2,7.8,0.09,0.05
2025-12-31 15:14:30.861,0.3,7.8,0.10,0.05
2025-12-31 15:14:31.863,0.2,7.8,0.10,0.05
2025-12-31 15:14:32.865,0.5,7.8,0.10,0.05
2025-12-31 15:14:33.866,0.2,7.8,0.09,0.05
2025-12-31 15:14:34.868,0.2,7.8,0.10,0.05
2025-12-31 15:14:35.870,0.2,7.8,0.10,0.05
2025-12-31 15:14:36.872,0.2,7.8,0.10,0.05
2025-12-31 15:14:37.874,0.2,7.8,0.10,0.05
2025-12-31 15:14:38.875,0.2,7.8,0.10,0.05
2025-12-31 15:14:39.877,0.2,7.8,0.10,0.05
2025-12-31 15:14:40.879,0.2,7.8,0.10,0.05
2025-12-31 15:14:41.882,0.2,7.8,0.09,0.05
2025-12-31 15:14:42.884,0.2,7.8,0.09,0.05
2025-12-31 15:14:43.885,0.1,7.8,0.09,0.05
2025-12-31 15:14:44.886,0.1,7.8,0.09,0.05
2025-12-31 15:14:45.888,0.1,7.8,0.10,0.05
2025-12-31 15:14:46.890,0.3,7.8,0.10,0.05
2025-12-31 15:14:47.891,0.2,7.8,0.10,0.05
2025-12-31 15:14:48.892,0.1,7.8,0.09,0.05
2025-12-31 15:14:49.894,0.2,7.8,0.10,0.05
2025-12-31 15:14:50.896,0.2,7.8,0.10,0.05
2025-12-31 15:14:51.897,0.2,7.8,0.10,0.05
2025-12-31 15:14:52.899,0.2,7.8,0.09,0.05
2025-12-31 15:14:53.901,0.1,7.8,0.10,0.05
2025-12-31 15:14:54.903,0.0,7.8,0.10,0.05
2025-12-31 15:14:55.905,0.2,7.8,0.09,0.05
2025-12-31 15:14:56.906,0.3,7.8,0.10,0.05
2025-12-31 15:14:57.907,0.1,7.8,0.10,0.05
2025-12-31 15:14:58.909,0.2,7.8,0.09,0.05
2025-12-31 15:14:59.911,0.2,7.8,0.10,0.05
2025-12-31 15:15:00.912,0.1,7.8,0.10,0.05
2025-12-31 15:15:01.914,0.0,7.8,0.09,0.05
2025-12-31 15:15:02.916,0.2,7.8,0.10,0.05
2025-12-31 15:15:03.917,0.1,7.8,0.10,0.06
2025-12-31 15:15:04.918,0.2,7.8,0.10,0.09
2025-12-31 15:15:05.919,0.1,7.8,0.10,0.06
2025-12-31 15:15:06.921,0.2,7.8,0.10,0.06
2025-12-31 15:15:07.922,0.2,7.8,0.10,0.05
2025-12-31 15:15:08.923,0.2,7.8,0.10,0.05
2025-12-31 15:15:09.924,0.1,7.8,0.10,0.05
2025-12-31 15:15:10.926,0.2,7.8,0.10,0.05
2025-12-31 15:15:11.927,0.0,7.8,0.10,0.05
2025-12-31 15:15:12.929,0.1,7.8,0.09,0.05
2025-12-31 15:15:13.930,0.1,7.8,0.10,0.05
2025-12-31 15:15:14.932,0.1,7.8,0.10,0.05
2025-12-31 15:15:15.933,0.2,7.8,0.09,0.05
2025-12-31 15:15:16.935,0.2,7.8,0.10,0.05
2025-12-31 15:15:17.937,0.1,7.8,0.09,0.05
2025-12-31 15:15:18.939,0.0,7.8,0.09,0.05
2025-12-31 15:15:19.940,0.1,7.8,0.09,0.05
2025-12-31 15:15:20.941,0.0,7.8,0.09,0.05
2025-12-31 15:15:21.943,0.2,7.8,0.10,0.05
2025-12-31 15:15:22.946,0.0,7.8,0.10,0.05
2025-12-31 15:15:23.947,0.1,7.8,0.10,0.05
2025-12-31 15:15:24.949,0.1,7.8,0.10,0.05
2025-12-31 15:15:25.951,0.1,7.8,0.10,0.05
2025-12-31 15:15:26.952,0.1,7.8,0.10,0.05
2025-12-31 15:15:27.954,0.0,7.8,0.09,0.05
2025-12-31 15:15:28.955,0.1,7.8,0.10,0.05
2025-12-31 15:15:29.956,0.0,7.8,0.10,0.05
2025-12-31 15:15:30.958,0.0,7.8,0.10,0.05
2025-12-31 15:15:31.960,0.0,7.8,0.10,0.05
2025-12-31 15:15:32.962,0.1,7.8,0.10,0.05
2025-12-31 15:15:33.963,0.1,7.8,0.10,0.05
2025-12-31 15:15:34.964,0.0,7.8,0.10,0.05
2025-12-31 15:15:35.965,0.1,7.8,0.09,0.05
2025-12-31 15:15:36.967,0.1,7.8,0.10,0.05
2025-12-31 15:15:37.969,0.1,7.8,0.10,0.05
2025-12-31 15:15:38.971,0.0,7.8,0.10,0.05
2025-12-31 15:15:39.972,0.0,7.8,0.09,0.05
2025-12-31 15:15:40.974,0.1,7.8,0.09,0.05
2025-12-31 15:15:41.976,0.1,7.8,0.09,0.05
2025-12-31 15:15:42.978,0.1,7.8,0.10,0.05
2025-12-31 15:15:43.980,0.1,7.8,0.09,0.05
2025-12-31 15:15:44.981,0.0,7.8,0.10,0.05
2025-12-31 15:15:45.983,0.0,7.8,0.10,0.05
2025-12-31 15:15:46.985,0.2,7.8,0.10,0.05
2025-12-31 15:15:47.987,0.1,7.8,0.10,0.05
2025-12-31 15:15:48.988,0.0,7.8,0.10,0.05
2025-12-31 15:15:49.990,0.1,7.8,0.10,0.05
2025-12-31 15:15:50.992,0.0,7.8,0.10,0.05
2025-12-31 15:15:51.994,0.0,7.8,0.10,0.05
2025-12-31 15:15:52.995,0.1,7.8,0.10,0.05
2025-12-31 15:15:53.996,0.0,7.8,0.10,0.05
2025-12-31 15:15:54.998,0.2,7.8,0.10,0.05
2025-12-31 15:15:56.000,0.0,7.8,0.10,0.05
2025-12-31 15:15:57.001,0.1,7.8,0.10,0.05
2025-12-31 15:15:58.003,0.1,7.8,0.10,0.05
2025-12-31 15:15:59.005,0.1,7.8,0.10,0.05
2025-12-31 15:16:00.007,0.0,7.8,0.10,0.05
2025-12-31 15:16:01.009,0.1,7.8,0.10,0.05
2025-12-31 15:16:02.010,0.0,7.8,0.10,0.06
2025-12-31 15:16:03.011,0.1,7.8,0.10,0.05
2025-12-31 15:16:04.013,0.0,7.8,0.09,0.05
2025-12-31 15:16:05.014,0.0,7.8,0.11,0.05
2025-12-31 15:16:06.015,0.1,7.8,0.09,0.05
2025-12-31 15:16:07.016,0.0,7.8,0.10,0.05
2025-12-31 15:16:08.018,0.1,7.8,0.10,0.05
2025-12-31 15:16:09.020,0.0,7.8,0.09,0.05
2025-12-31 15:16:10.020,0.1,7.8,0.10,0.05
2025-12-31 15:16:11.022,0.0,7.8,0.10,0.05
2025-12-31 15:16:12.023,0.1,7.8,0.10,0.05
2025-12-31 15:16:13.024,0.0,7.8,0.10,0.05
2025-12-31 15:16:14.026,0.1,7.8,0.09,0.05
2025-12-31 15:16:15.027,0.1,7.8,0.10,0.05
2025-12-31 15:16:16.028,0.0,7.8,0.10,0.05
2025-12-31 15:16:17.030,0.2,7.9,0.10,0.05
2025-12-31 15:16:18.031,0.0,7.9,0.10,0.05
2025-12-31 15:16:19.033,0.1,7.8,0.09,0.05
2025-12-31 15:16:20.034,0.0,7.8,0.10,0.05
2025-12-31 15:16:21.035,0.1,7.8,0.09,0.05
2025-12-31 15:16:22.036,0.0,7.8,0.10,0.05
2025-12-31 15:16:23.038,0.1,7.8,0.10,0.05
2025-12-31 15:16:24.040,0.1,7.8,0.10,0.05
2025-12-31 15:16:25.041,0.0,7.8,0.11,0.05
2025-12-31 15:16:26.043,0.1,7.8,0.10,0.05
2025-12-31 15:16:27.044,0.0,7.8,0.10,0.05
2025-12-31 15:16:28.046,0.0,7.8,0.10,0.05
2025-12-31 15:16:29.047,0.0,7.8,0.10,0.05
2025-12-31 15:16:30.049,0.0,7.8,0.09,0.05
2025-12-31 15:16:31.050,0.2,7.8,0.10,0.05
2025-12-31 15:16:32.052,0.2,7.8,0.10,0.05
2025-12-31 15:16:33.053,0.0,7.8,0.09,0.05
2025-12-31 15:16:34.055,0.0,7.8,0.09,0.05
2025-12-31 15:16:35.056,0.2,7.8,0.10,0.05
2025-12-31 15:16:36.057,0.0,7.8,0.09,0.05
2025-12-31 15:16:37.059,0.0,7.8,0.10,0.05
2025-12-31 15:16:38.060,0.1,7.8,0.09,0.05
2025-12-31 15:16:39.062,0.0,7.8,0.09,0.05
2025-12-31 15:16:40.064,0.1,7.8,0.10,0.05
2025-12-31 15:16:41.065,0.0,7.8,0.10,0.05
2025-12-31 15:16:42.067,0.1,7.8,0.10,0.05
2025-12-31 15:16:43.068,0.1,7.8,0.10,0.05
2025-12-31 15:16:44.069,0.0,7.8,0.10,0.05
2025-12-31 15:16:45.071,0.0,7.8,0.10,0.05
2025-12-31 15:16:46.072,0.1,7.8,0.10,0.05
2025-12-31 15:16:47.073,0.2,7.8,0.10,0.05
2025-12-31 15:16:48.075,0.0,7.8,0.10,0.05
2025-12-31 15:16:49.077,0.1,7.8,0.10,0.05
2025-12-31 15:16:50.078,0.0,7.8,0.10,0.05
2025-12-31 15:16:51.079,0.1,7.8,0.10,0.05
2025-12-31 15:16:52.081,0.0,7.8,0.10,0.05
2025-12-31 15:16:53.083,0.0,7.8,0.10,0.05
2025-12-31 15:16:54.085,0.2,7.8,0.10,0.05
2025-12-31 15:16:55.086,0.1,7.8,0.10,0.05
2025-12-31 15:16:56.088,0.2,7.8,0.10,0.05
2025-12-31 15:16:57.090,0.2,7.8,0.10,0.05
2025-12-31 15:16:58.091,0.2,7.8,0.09,0.05
2025-12-31 15:16:59.093,0.2,7.8,0.09,0.05
2025-12-31 15:17:00.094,0.1,7.8,0.10,0.05
2025-12-31 15:17:01.095,0.7,7.8,0.10,0.05
2025-12-31 15:17:02.097,0.7,7.8,0.10,0.05
2025-12-31 15:17:03.098,0.2,7.8,0.10,0.05
2025-12-31 15:17:04.099,0.2,7.8,0.10,0.05
2025-12-31 15:17:05.101,0.2,7.8,0.10,0.05
2025-12-31 15:17:06.102,0.2,7.8,0.10,0.05
2025-12-31 15:17:07.104,0.2,7.8,0.10,0.05
2025-12-31 15:17:08.106,0.2,7.8,0.10,0.05
2025-12-31 15:17:09.107,0.1,7.8,0.10,0.05
2025-12-31 15:17:10.109,0.2,7.8,0.10,0.05
2025-12-31 15:17:11.110,0.2,7.8,0.10,0.05
2025-12-31 15:17:12.111,0.3,7.8,0.10,0.05
2025-12-31 15:17:13.113,0.2,7.8,0.10,0.05
2025-12-31 15:17:14.114,0.2,7.8,0.10,0.05
2025-12-31 15:17:15.115,0.2,7.8,0.10,0.05
2025-12-31 15:17:16.116,0.2,7.8,0.10,0.05
2025-12-31 15:17:17.117,0.2,7.8,0.10,0.05
2025-12-31 15:17:18.119,0.1,7.8,0.10,0.05
2025-12-31 15:17:19.121,0.0,7.8,0.10,0.05
2025-12-31 15:17:20.122,0.1,7.8,0.10,0.05
2025-12-31 15:17:21.124,0.2,7.8,0.09,0.05
2025-12-31 15:17:22.126,0.1,7.8,0.09,0.05
2025-12-31 15:17:23.127,0.0,7.8,0.09,0.05
2025-12-31 15:17:24.128,0.2,7.8,0.10,0.05
2025-12-31 15:17:25.130,0.2,7.8,0.10,0.05
2025-12-31 15:17:26.131,0.2,7.8,0.10,0.05
2025-12-31 15:17:27.132,0.2,7.8,0.10,0.05
2025-12-31 15:17:28.134,0.2,7.8,0.10,0.05
2025-12-31 15:17:29.135,0.2,7.8,0.10,0.05
2025-12-31 15:17:30.137,0.1,7.8,0.10,0.05
2025-12-31 15:17:31.138,0.2,7.8,0.10,0.05
2025-12-31 15:17:32.139,0.2,7.8,0.09,0.05
2025-12-31 15:17:33.142,0.0,7.8,0.10,0.05
2025-12-31 15:17:34.144,0.2,7.8,0.10,0.05
2025-12-31 15:17:35.145,0.2,7.8,0.10,0.05
2025-12-31 15:17:36.147,0.2,7.8,0.10,0.05
2025-12-31 15:17:37.149,0.2,7.8,0.10,0.05
2025-12-31 15:17:38.150,0.2,7.8,0.10,0.05
2025-12-31 15:17:39.152,0.2,7.8,0.10,0.05
2025-12-31 15:17:40.153,0.2,7.8,0.10,0.05
2025-12-31 15:17:41.155,0.2,7.8,0.10,0.05
2025-12-31 15:17:42.157,0.3,7.8,0.09,0.05
2025-12-31 15:17:43.158,0.2,7.8,0.09,0.05
2025-12-31 15:17:44.159,0.2,7.8,0.10,0.05
2025-12-31 15:17:45.161,0.2,7.8,0.10,0.05
2025-12-31 15:17:46.163,0.2,7.8,0.10,0.05
2025-12-31 15:17:47.165,0.2,7.8,0.10,0.05
2025-12-31 15:17:48.166,0.2,7.8,0.09,0.05
2025-12-31 15:17:49.168,0.1,7.8,0.10,0.05
2025-12-31 15:17:50.170,0.2,7.8,0.09,0.05
2025-12-31 15:17:51.172,0.2,7.8,0.10,0.05
2025-12-31 15:17:52.174,0.2,7.8,0.10,0.05
2025-12-31 15:17:53.175,0.2,7.8,0.10,0.05
2025-12-31 15:17:54.177,0.2,7.8,0.10,0.05
2025-12-31 15:17:55.179,0.2,7.8,0.10,0.05
2025-12-31 15:17:56.180,0.2,7.8,0.09,0.05
2025-12-31 15:17:57.182,0.2,7.8,0.10,0.05
2025-12-31 15:17:58.184,0.2,7.8,0.10,0.05
2025-12-31 15:17:59.186,0.1,7.8,0.09,0.05
2025-12-31 15:18:00.188,0.2,7.8,0.10,0.05
2025-12-31 15:18:01.189,0.1,7.8,0.10,0.05
2025-12-31 15:18:02.191,0.2,7.8,0.10,0.05
2025-12-31 15:18:03.193,0.2,7.8,0.10,0.05
2025-12-31 15:18:04.195,0.2,7.8,0.10,0.05
2025-12-31 15:18:05.197,0.2,7.8,0.10,0.05
2025-12-31 15:18:06.199,0.2,7.8,0.10,0.05
2025-12-31 15:18:07.201,0.2,7.8,0.10,0.05
2025-12-31 15:18:08.203,0.1,7.8,0.10,0.05
2025-12-31 15:18:09.205,0.2,7.8,0.10,0.05
2025-12-31 15:18:10.207,0.0,7.8,0.10,0.05
2025-12-31 15:18:11.209,0.0,7.8,0.10,0.05
2025-12-31 15:18:12.210,0.1,7.8,0.10,0.05
2025-12-31 15:18:13.211,0.2,7.8,0.10,0.05
2025-12-31 15:18:14.212,0.0,7.8,0.10,0.05
2025-12-31 15:18:15.213,0.2,7.8,0.09,0.05
2025-12-31 15:18:16.215,0.1,7.8,0.10,0.05
2025-12-31 15:18:17.216,0.2,7.8,0.10,0.05
2025-12-31 15:18:18.217,0.0,7.8,0.10,0.05
2025-12-31 15:18:19.219,0.1,7.8,0.10,0.05
2025-12-31 15:18:20.219,0.0,7.8,0.10,0.05
2025-12-31 15:18:21.221,0.2,7.8,0.10,0.05
2025-12-31 15:18:22.222,0.1,7.8,0.10,0.05
2025-12-31 15:18:23.224,0.0,7.8,0.10,0.05
2025-12-31 15:18:24.225,0.1,7.8,0.10,0.05
2025-12-31 15:18:25.227,0.1,7.8,0.10,0.05
2025-12-31 15:18:26.229,0.2,7.8,0.10,0.05
2025-12-31 15:18:27.231,0.0,7.8,0.11,0.06
2025-12-31 15:18:28.232,0.1,7.8,0.11,0.05
2025-12-31 15:18:29.233,0.1,7.8,0.10,0.05
2025-12-31 15:18:30.234,0.0,7.8,0.10,0.05
2025-12-31 15:18:31.235,0.0,7.8,0.09,0.05
2025-12-31 15:18:32.237,0.1,7.8,0.10,0.05
2025-12-31 15:18:33.238,0.0,7.8,0.10,0.05
2025-12-31 15:18:34.239,0.1,7.8,0.09,0.05
2025-12-31 15:18:35.241,0.1,7.8,0.09,0.05
2025-12-31 15:18:36.242,0.2,7.8,0.10,0.05
2025-12-31 15:18:37.243,0.0,7.8,0.11,0.06
2025-12-31 15:18:38.244,0.1,7.8,0.09,0.05
2025-12-31 15:18:39.246,0.1,7.8,0.10,0.05
2025-12-31 15:18:40.247,0.0,7.8,0.10,0.05
2025-12-31 15:18:41.249,0.1,7.8,0.10,0.05
2025-12-31 15:18:42.250,0.0,7.8,0.11,0.05
2025-12-31 15:18:43.251,0.1,7.8,0.10,0.05
2025-12-31 15:18:44.252,0.0,7.8,0.10,0.05
2025-12-31 15:18:45.253,0.0,7.8,0.10,0.05
2025-12-31 15:18:46.254,0.1,7.8,0.10,0.05
2025-12-31 15:18:47.256,0.1,7.8,0.10,0.05
2025-12-31 15:18:48.258,0.0,7.8,0.10,0.05
2025-12-31 15:18:49.259,0.0,7.8,0.10,0.05
2025-12-31 15:18:50.260,0.1,7.8,0.10,0.05
2025-12-31 15:18:51.262,0.0,7.8,0.10,0.05
2025-12-31 15:18:52.263,0.1,7.8,0.10,0.05
2025-12-31 15:18:53.265,0.0,7.8,0.10,0.05
2025-12-31 15:18:54.266,0.0,7.8,0.10,0.05
2025-12-31 15:18:55.267,0.2,7.8,0.10,0.05
2025-12-31 15:18:56.269,0.0,7.8,0.10,0.05
2025-12-31 15:18:57.270,0.1,7.8,0.10,0.05
2025-12-31 15:18:58.271,0.0,7.8,0.10,0.05
2025-12-31 15:18:59.272,0.0,7.8,0.10,0.05
2025-12-31 15:19:00.273,0.1,7.8,0.09,0.05
2025-12-31 15:19:01.275,0.1,7.8,0.10,0.05
2025-12-31 15:19:02.277,0.1,7.8,0.10,0.05
2025-12-31 15:19:03.278,0.0,7.8,0.10,0.05
2025-12-31 15:19:04.279,0.1,7.8,0.09,0.05
2025-12-31 15:19:05.280,0.0,7.8,0.10,0.05
2025-12-31 15:19:06.281,0.1,7.8,0.09,0.05
2025-12-31 15:19:07.283,0.1,7.8,0.10,0.05
2025-12-31 15:19:08.285,0.0,7.8,0.10,0.05
2025-12-31 15:19:09.286,0.0,7.8,0.10,0.05
2025-12-31 15:19:10.288,0.1,7.8,0.10,0.05
2025-12-31 15:19:11.289,0.1,7.8,0.10,0.05
2025-12-31 15:19:12.290,0.0,7.8,0.10,0.05
2025-12-31 15:19:13.292,0.1,7.8,0.10,0.05
2025-12-31 15:19:14.293,0.0,7.8,0.10,0.05
2025-12-31 15:19:15.294,0.0,7.8,0.09,0.05
2025-12-31 15:19:16.296,0.1,7.8,0.10,0.05
2025-12-31 15:19:17.297,0.1,7.8,0.10,0.05
2025-12-31 15:19:18.298,0.1,7.8,0.10,0.05
2025-12-31 15:19:19.299,0.0,7.8,0.10,0.05
2025-12-31 15:19:20.301,0.0,7.8,0.10,0.05
2025-12-31 15:19:21.302,0.0,7.8,0.10,0.05
2025-12-31 15:19:22.304,0.0,7.8,0.10,0.05
2025-12-31 15:19:23.305,0.0,7.8,0.10,0.05
2025-12-31 15:19:24.306,0.1,7.8,0.09,0.05
2025-12-31 15:19:25.308,0.0,7.8,0.11,0.05
2025-12-31 15:19:26.310,0.2,7.8,0.10,0.05
2025-12-31 15:19:27.311,0.1,7.8,0.10,0.05
2025-12-31 15:19:28.313,0.0,7.8,0.09,0.05
2025-12-31 15:19:29.315,0.0,7.8,0.10,0.05
2025-12-31 15:19:30.316,0.1,7.8,0.10,0.05
2025-12-31 15:19:31.317,0.1,7.8,0.10,0.05
2025-12-31 15:19:32.319,0.0,7.8,0.09,0.05
2025-12-31 15:19:33.321,0.1,7.8,0.10,0.05
2025-12-31 15:19:34.322,0.0,7.8,0.09,0.05
2025-12-31 15:19:35.324,0.2,7.8,0.10,0.05
2025-12-31 15:19:36.325,0.1,7.8,0.09,0.05
2025-12-31 15:19:37.327,0.0,7.8,0.10,0.05
2025-12-31 15:19:38.328,0.1,7.8,0.09,0.05
2025-12-31 15:19:39.330,0.1,7.8,0.10,0.05
2025-12-31 15:19:40.331,0.0,7.8,0.09,0.05
2025-12-31 15:19:41.333,0.1,7.8,0.10,0.05
2025-12-31 15:19:42.335,0.0,7.8,0.09,0.05
2025-12-31 15:19:43.337,0.2,7.8,0.10,0.05
2025-12-31 15:19:44.338,0.0,7.8,0.09,0.05
2025-12-31 15:19:45.340,0.1,7.8,0.10,0.05
2025-12-31 15:19:46.341,0.0,7.8,0.09,0.05
2025-12-31 15:19:47.343,0.2,7.8,0.10,0.05
2025-12-31 15:19:48.345,0.0,7.8,0.09,0.05
2025-12-31 15:19:49.347,0.2,7.8,0.10,0.05
2025-12-31 15:19:50.348,0.1,7.8,0.09,0.05
2025-12-31 15:19:51.350,0.1,7.8,0.10,0.05
2025-12-31 15:19:52.351,0.2,7.8,0.10,0.05
2025-12-31 15:19:53.352,0.2,7.8,0.10,0.05
2025-12-31 15:19:54.354,0.2,7.8,0.09,0.05
2025-12-31 15:19:55.355,0.1,7.8,0.09,0.05
2025-12-31 15:19:56.357,0.0,7.8,0.10,0.05
2025-12-31 15:19:57.359,0.2,7.8,0.10,0.05
2025-12-31 15:19:58.361,0.2,7.8,0.10,0.05
2025-12-31 15:19:59.362,0.2,7.8,0.10,0.05
2025-12-31 15:20:00.363,0.0,7.8,0.10,0.05
2025-12-31 15:20:01.365,0.2,7.8,0.10,0.05
2025-12-31 15:20:02.366,0.1,7.8,0.09,0.05
2025-12-31 15:20:03.367,0.2,7.8,0.10,0.05
2025-12-31 15:20:04.369,0.1,7.8,0.10,0.05
2025-12-31 15:20:05.370,0.2,7.8,0.10,0.05
2025-12-31 15:20:06.372,0.0,7.8,0.10,0.05
2025-12-31 15:20:07.374,0.2,7.8,0.10,0.05
2025-12-31 15:20:08.376,0.1,7.8,0.10,0.05
2025-12-31 15:20:09.378,0.1,7.8,0.10,0.05
2025-12-31 15:20:10.380,0.1,7.8,0.10,0.05
2025-12-31 15:20:11.382,0.1,7.8,0.10,0.05
2025-12-31 15:20:12.384,0.2,7.8,0.09,0.05
2025-12-31 15:20:13.385,0.1,7.8,0.09,0.05
2025-12-31 15:20:14.387,0.0,7.8,0.10,0.05
2025-12-31 15:20:15.388,0.2,7.8,0.10,0.05
2025-12-31 15:20:16.390,0.1,7.8,0.10,0.05
2025-12-31 15:20:17.392,0.2,7.8,0.10,0.05
2025-12-31 15:20:18.394,0.2,7.8,0.10,0.05
2025-12-31 15:20:19.396,0.2,7.8,0.09,0.05
2025-12-31 15:20:20.397,0.1,7.8,0.10,0.05
2025-12-31 15:20:21.399,0.3,7.8,0.10,0.05
2025-12-31 15:20:22.402,0.2,7.8,0.10,0.05
2025-12-31 15:20:23.404,0.3,7.8,0.09,0.05
2025-12-31 15:20:24.406,0.3,7.8,0.10,0.05
2025-12-31 15:20:25.408,0.2,7.8,0.10,0.05
2025-12-31 15:20:26.409,0.3,7.8,0.10,0.05
2025-12-31 15:20:27.410,0.2,7.8,0.10,0.05
2025-12-31 15:20:28.411,0.3,7.8,0.09,0.05
2025-12-31 15:20:29.413,0.2,7.8,0.09,0.05
2025-12-31 15:20:30.414,0.3,7.8,0.10,0.05
2025-12-31 15:20:31.416,0.3,7.8,0.10,0.05
2025-12-31 15:20:32.417,0.2,7.8,0.10,0.05
2025-12-31 15:20:33.419,0.3,7.8,0.10,0.05
2025-12-31 15:20:34.421,0.2,7.8,0.10,0.05
2025-12-31 15:20:35.422,0.4,7.8,0.09,0.05
2025-12-31 15:20:36.424,0.4,7.8,0.10,0.05
2025-12-31 15:20:37.425,0.6,7.8,0.10,0.05
2025-12-31 15:20:38.426,0.2,7.8,0.09,0.05
2025-12-31 15:20:39.428,0.2,7.8,0.10,0.05
2025-12-31 15:20:40.429,0.3,7.8,0.09,0.05
2025-12-31 15:20:41.431,0.3,7.8,0.09,0.05
2025-12-31 15:20:42.432,0.3,7.8,0.10,0.05
2025-12-31 15:20:43.433,0.1,7.8,0.10,0.05
2025-12-31 15:20:44.435,0.2,7.8,0.09,0.05
2025-12-31 15:20:45.436,0.2,7.8,0.09,0.05
2025-12-31 15:20:46.437,0.1,7.8,0.10,0.05
2025-12-31 15:20:47.439,0.4,7.8,0.10,0.05
2025-12-31 15:20:48.441,0.2,7.8,0.10,0.05
2025-12-31 15:20:49.443,0.2,7.8,0.10,0.05
2025-12-31 15:20:50.445,0.3,7.8,0.10,0.05
2025-12-31 15:20:51.447,0.1,7.8,0.10,0.05
2025-12-31 15:20:52.449,0.0,7.8,0.10,0.05
2025-12-31 15:20:53.452,0.4,7.8,0.10,0.05
2025-12-31 15:20:54.453,0.1,7.8,0.09,0.05
2025-12-31 15:20:55.455,0.2,7.8,0.09,0.05
2025-12-31 15:20:56.457,0.2,7.8,0.09,0.05
2025-12-31 15:20:57.459,0.1,7.8,0.10,0.05
2025-12-31 15:20:58.461,0.2,7.8,0.10,0.05
2025-12-31 15:20:59.463,0.2,7.8,0.10,0.05
2025-12-31 15:21:00.465,0.2,7.8,0.10,0.05
2025-12-31 15:21:01.467,0.2,7.8,0.10,0.05
2025-12-31 15:21:02.468,0.1,7.8,0.10,0.05
2025-12-31 15:21:03.469,0.2,7.8,0.10,0.05
2025-12-31 15:21:04.471,0.3,7.8,0.10,0.05
2025-12-31 15:21:05.473,0.1,7.8,0.09,0.05
2025-12-31 15:21:06.475,0.2,7.8,0.09,0.05
2025-12-31 15:21:07.477,0.2,7.8,0.10,0.05
2025-12-31 15:21:08.479,0.2,7.8,0.10,0.05
2025-12-31 15:21:09.480,0.1,7.8,0.09,0.05
2025-12-31 15:21:10.482,0.1,7.8,0.10,0.05
2025-12-31 15:21:11.483,0.0,7.8,0.10,0.05
2025-12-31 15:21:12.485,0.0,7.8,0.10,0.05
2025-12-31 15:21:13.486,0.1,7.8,0.10,0.05
2025-12-31 15:21:14.487,0.1,7.8,0.10,0.05
2025-12-31 15:21:15.489,0.1,7.8,0.10,0.05
2025-12-31 15:21:16.490,0.1,7.8,0.09,0.05
2025-12-31 15:21:17.492,0.1,7.8,0.10,0.05
2025-12-31 15:21:18.493,0.1,7.8,0.10,0.05
2025-12-31 15:21:19.494,0.1,7.8,0.10,0.05
2025-12-31 15:21:20.495,0.1,7.8,0.09,0.05
2025-12-31 15:21:21.497,0.2,7.8,0.09,0.05
2025-12-31 15:21:22.498,0.2,7.8,0.10,0.05
2025-12-31 15:21:23.499,0.0,7.8,0.10,0.05
2025-12-31 15:21:24.501,0.0,7.8,0.10,0.05
2025-12-31 15:21:25.503,0.2,7.8,0.10,0.05
2025-12-31 15:21:26.505,0.0,7.8,0.10,0.05
2025-12-31 15:21:27.507,0.1,7.8,0.10,0.05
2025-12-31 15:21:28.508,0.1,7.8,0.10,0.05
2025-12-31 15:21:29.509,0.0,7.8,0.09,0.05
2025-12-31 15:21:30.510,0.0,7.8,0.10,0.05
2025-12-31 15:21:31.512,0.1,7.8,0.09,0.05
2025-12-31 15:21:32.513,0.1,7.8,0.09,0.05
2025-12-31 15:21:33.514,0.0,7.8,0.10,0.05
2025-12-31 15:21:34.515,0.1,7.8,0.10,0.05
2025-12-31 15:21:35.516,0.0,7.8,0.10,0.05
2025-12-31 15:21:36.517,0.1,7.8,0.10,0.05
2025-12-31 15:21:37.518,0.1,7.8,0.10,0.05
2025-12-31 15:21:38.519,0.0,7.8,0.10,0.05
2025-12-31 15:21:39.521,0.0,7.8,0.10,0.05
2025-12-31 15:21:40.522,0.1,7.8,0.10,0.05
2025-12-31 15:21:41.523,0.0,7.8,0.10,0.05
2025-12-31 15:21:42.524,0.1,7.8,0.10,0.05
2025-12-31 15:21:43.525,0.1,7.8,0.10,0.05
2025-12-31 15:21:44.526,0.0,7.8,0.10,0.05
2025-12-31 15:21:45.527,0.1,7.8,0.10,0.05
2025-12-31 15:21:46.528,0.1,7.8,0.10,0.05
2025-12-31 15:21:47.529,0.2,7.8,0.10,0.05
2025-12-31 15:21:48.531,0.0,7.8,0.10,0.05
2025-12-31 15:21:49.532,0.0,7.8,0.09,0.05
2025-12-31 15:21:50.533,0.0,7.8,0.10,0.05
2025-12-31 15:21:51.535,0.1,7.8,0.10,0.05
2025-12-31 15:21:52.536,0.0,7.8,0.10,0.05
2025-12-31 15:21:53.537,0.1,7.8,0.10,0.05
2025-12-31 15:21:54.538,0.0,7.8,0.10,0.05
2025-12-31 15:21:55.539,0.0,7.8,0.10,0.05
2025-12-31 15:21:56.541,0.1,7.8,0.09,0.05
2025-12-31 15:21:57.543,0.0,7.8,0.10,0.05
2025-12-31 15:21:58.544,0.2,7.8,0.10,0.05
2025-12-31 15:21:59.545,0.0,7.8,0.10,0.05
2025-12-31 15:22:00.546,0.0,7.8,0.10,0.05
2025-12-31 15:22:01.548,0.1,7.8,0.10,0.05
2025-12-31 15:22:02.549,0.0,7.8,0.10,0.05
2025-12-31 15:22:03.550,0.0,7.8,0.10,0.05
2025-12-31 15:22:04.552,0.1,7.8,0.10,0.05
2025-12-31 15:22:05.554,0.0,7.8,0.10,0.05
2025-12-31 15:22:06.555,0.1,7.8,0.10,0.05
2025-12-31 15:22:07.557,0.0,7.8,0.10,0.05
2025-12-31 15:22:08.558,0.1,7.8,0.10,0.05
2025-12-31 15:22:09.560,0.2,7.8,0.10,0.05
2025-12-31 15:22:10.561,0.0,7.8,0.10,0.05
2025-12-31 15:22:11.563,0.0,7.8,0.10,0.05
2025-12-31 15:22:12.565,0.0,7.8,0.10,0.05
2025-12-31 15:22:13.566,0.1,7.8,0.10,0.05
2025-12-31 15:22:14.567,0.0,7.8,0.10,0.05
2025-12-31 15:22:15.569,0.0,7.8,0.10,0.05
2025-12-31 15:22:16.571,0.1,7.8,0.10,0.05
2025-12-31 15:22:17.572,0.1,7.8,0.10,0.05
2025-12-31 15:22:18.573,0.0,7.8,0.10,0.05
2025-12-31 15:22:19.575,0.1,7.8,0.10,0.05
2025-12-31 15:22:20.577,0.1,7.8,0.10,0.05
2025-12-31 15:22:21.578,0.0,7.8,0.10,0.05
2025-12-31 15:22:22.580,0.0,7.8,0.10,0.05
2025-12-31 15:22:23.581,0.1,7.8,0.10,0.05
2025-12-31 15:22:24.582,0.0,7.8,0.11,0.05
2025-12-31 15:22:25.583,0.1,7.8,0.10,0.05
2025-12-31 15:22:26.584,0.1,7.8,0.09,0.05
2025-12-31 15:22:27.585,0.0,7.8,0.10,0.05
2025-12-31 15:22:28.586,0.1,7.8,0.10,0.05
2025-12-31 15:22:29.587,0.0,7.8,0.10,0.05
2025-12-31 15:22:30.589,0.1,7.8,0.10,0.06
2025-12-31 15:22:31.590,0.0,7.8,0.10,0.05
2025-12-31 15:22:32.592,0.1,7.8,0.10,0.05
2025-12-31 15:22:33.593,0.0,7.8,0.10,0.05
2025-12-31 15:22:34.595,0.2,7.8,0.10,0.05
2025-12-31 15:22:35.597,0.0,7.8,0.10,0.05
2025-12-31 15:22:36.598,0.0,7.8,0.10,0.05
2025-12-31 15:22:37.600,0.0,7.8,0.10,0.05
2025-12-31 15:22:38.602,0.1,7.8,0.10,0.05
2025-12-31 15:22:39.604,0.2,7.8,0.10,0.05
2025-12-31 15:22:40.605,0.2,7.8,0.10,0.05
2025-12-31 15:22:41.606,0.0,7.8,0.10,0.05
2025-12-31 15:22:42.607,0.2,7.8,0.10,0.05
2025-12-31 15:22:43.609,0.0,7.8,0.10,0.05
2025-12-31 15:22:44.610,0.1,7.8,0.10,0.05
2025-12-31 15:22:45.611,0.1,7.8,0.10,0.05
2025-12-31 15:22:46.612,0.2,7.8,0.09,0.05
2025-12-31 15:22:47.614,0.1,7.8,0.11,0.05
2025-12-31 15:22:48.615,0.1,7.8,0.10,0.05
2025-12-31 15:22:49.617,0.2,7.8,0.09,0.05
2025-12-31 15:22:50.619,0.1,7.8,0.09,0.05
2025-12-31 15:22:51.620,0.2,7.8,0.10,0.05
2025-12-31 15:22:52.621,0.2,7.8,0.10,0.05
2025-12-31 15:22:53.623,0.1,7.8,0.10,0.05
2025-12-31 15:22:54.625,0.2,7.8,0.10,0.05
2025-12-31 15:22:55.626,0.1,7.8,0.10,0.05
2025-12-31 15:22:56.628,0.2,7.8,0.10,0.05
2025-12-31 15:22:57.629,0.0,7.8,0.10,0.05
2025-12-31 15:22:58.630,0.1,7.8,0.10,0.05
2025-12-31 15:22:59.631,0.2,7.8,0.10,0.05
2025-12-31 15:23:00.633,0.2,7.8,0.10,0.05
2025-12-31 15:23:01.635,0.1,7.8,0.09,0.05
2025-12-31 15:23:02.636,0.2,7.8,0.10,0.05
2025-12-31 15:23:03.638,0.0,7.8,0.10,0.05
2025-12-31 15:23:04.639,0.1,7.8,0.10,0.05
2025-12-31 15:23:05.640,0.0,7.8,0.10,0.05
2025-12-31 15:23:06.642,0.1,7.8,0.10,0.05
2025-12-31 15:23:07.643,0.0,7.8,0.11,0.05
2025-12-31 15:23:08.644,0.2,7.8,0.10,0.05
2025-12-31 15:23:09.645,0.0,7.8,0.10,0.05
2025-12-31 15:23:10.647,0.2,7.8,0.10,0.05
2025-12-31 15:23:11.648,0.2,7.8,0.10,0.05
2025-12-31 15:23:12.650,0.1,7.8,0.10,0.05
2025-12-31 15:23:13.651,0.2,7.8,0.10,0.05
2025-12-31 15:23:14.653,0.2,7.8,0.10,0.05
2025-12-31 15:23:15.654,0.0,7.8,0.09,0.05
2025-12-31 15:23:16.656,0.2,7.8,0.10,0.05
2025-12-31 15:23:17.657,0.2,7.8,0.10,0.05
2025-12-31 15:23:18.658,0.2,7.8,0.10,0.05
2025-12-31 15:23:19.660,0.3,7.8,0.10,0.05
2025-12-31 15:23:20.661,0.2,7.8,0.10,0.05
2025-12-31 15:23:21.662,0.2,7.8,0.10,0.05
2025-12-31 15:23:22.664,0.4,7.8,0.09,0.05
2025-12-31 15:23:23.667,0.2,7.8,0.10,0.05
2025-12-31 15:23:24.668,0.3,7.8,0.11,0.05
2025-12-31 15:23:25.670,0.2,7.8,0.10,0.05
2025-12-31 15:23:26.671,0.2,7.8,0.10,0.05
2025-12-31 15:23:27.673,0.2,7.8,0.10,0.05
2025-12-31 15:23:28.674,0.2,7.8,0.10,0.05
2025-12-31 15:23:29.675,0.3,7.8,0.10,0.05
2025-12-31 15:23:30.677,0.5,7.8,0.10,0.05
2025-12-31 15:23:31.679,0.4,7.8,0.10,0.05
2025-12-31 15:23:32.680,0.2,7.8,0.10,0.05
2025-12-31 15:23:33.681,0.2,7.8,0.10,0.05
2025-12-31 15:23:34.682,0.2,7.8,0.10,0.05
2025-12-31 15:23:35.684,0.3,7.8,0.09,0.05
2025-12-31 15:23:36.685,0.2,7.8,0.10,0.05
2025-12-31 15:23:37.687,0.3,7.8,0.10,0.05
2025-12-31 15:23:38.688,0.3,7.8,0.10,0.05
2025-12-31 15:23:39.689,0.2,7.8,0.10,0.05
2025-12-31 15:23:40.691,0.2,7.8,0.10,0.05
2025-12-31 15:23:41.692,0.2,7.8,0.10,0.05
2025-12-31 15:23:42.693,0.2,7.8,0.10,0.05
2025-12-31 15:23:43.694,0.3,7.8,0.10,0.05
2025-12-31 15:23:44.696,0.2,7.8,0.10,0.05
2025-12-31 15:23:45.697,0.2,7.8,0.10,0.05
2025-12-31 15:23:46.698,0.2,7.8,0.10,0.06
2025-12-31 15:23:47.700,0.2,7.8,0.10,0.05
2025-12-31 15:23:48.701,0.2,7.8,0.10,0.05
2025-12-31 15:23:49.702,0.2,7.8,0.10,0.05
2025-12-31 15:23:50.703,0.1,7.8,0.10,0.05
2025-12-31 15:23:51.704,0.2,7.8,0.10,0.05
2025-12-31 15:23:52.706,0.1,7.8,0.10,0.05
2025-12-31 15:23:53.707,0.1,7.8,0.10,0.05
2025-12-31 15:23:54.708,0.2,7.8,0.10,0.05
2025-12-31 15:23:55.709,0.0,7.8,0.10,0.05
2025-12-31 15:23:56.710,0.1,7.8,0.10,0.05
2025-12-31 15:23:57.711,0.0,7.8,0.10,0.05
2025-12-31 15:23:58.712,0.1,7.8,0.10,0.05
2025-12-31 15:23:59.713,0.0,7.8,0.10,0.05
2025-12-31 15:24:00.714,0.1,7.8,0.10,0.05
2025-12-31 15:24:01.715,0.1,7.8,0.10,0.05
2025-12-31 15:24:02.717,0.1,7.8,0.10,0.05
2025-12-31 15:24:03.718,0.1,7.8,0.10,0.05
2025-12-31 15:24:04.719,0.2,7.8,0.10,0.06
2025-12-31 15:24:05.720,0.0,7.8,0.09,0.05
2025-12-31 15:24:06.722,0.1,7.8,0.10,0.06
2025-12-31 15:24:07.723,0.1,7.8,0.12,0.07
2025-12-31 15:24:08.724,0.0,7.8,0.10,0.05
2025-12-31 15:24:09.726,0.0,7.8,0.10,0.06
2025-12-31 15:24:10.727,0.1,7.8,0.10,0.06
2025-12-31 15:24:11.728,0.1,7.8,0.10,0.05
2025-12-31 15:24:12.729,0.0,7.8,0.10,0.06
2025-12-31 15:24:13.730,0.1,7.8,0.10,0.05
2025-12-31 15:24:14.732,0.1,7.8,0.10,0.05
2025-12-31 15:24:15.733,0.1,7.8,0.10,0.06
2025-12-31 15:24:16.734,0.1,7.8,0.09,0.05
2025-12-31 15:24:17.735,0.1,7.8,0.10,0.05
2025-12-31 15:24:18.736,0.1,7.8,0.10,0.05
2025-12-31 15:24:19.738,0.1,7.8,0.10,0.05
2025-12-31 15:24:20.740,0.1,7.8,0.10,0.05
2025-12-31 15:24:21.741,0.1,7.8,0.10,0.05
2025-12-31 15:24:22.743,0.0,7.8,0.10,0.05
2025-12-31 15:24:23.744,0.2,7.8,0.11,0.05
2025-12-31 15:24:24.745,0.1,7.8,0.10,0.05
2025-12-31 15:24:25.746,0.0,7.8,0.10,0.05
2025-12-31 15:24:26.747,0.2,7.8,0.10,0.05
2025-12-31 15:24:27.748,0.0,7.8,0.10,0.05
2025-12-31 15:24:28.750,0.0,7.8,0.10,0.05
2025-12-31 15:24:29.751,0.1,7.8,0.09,0.05
2025-12-31 15:24:30.752,0.0,7.8,0.10,0.05
2025-12-31 15:24:31.754,0.1,7.8,0.10,0.05
2025-12-31 15:24:32.755,0.0,7.8,0.10,0.05
2025-12-31 15:24:33.757,0.0,7.8,0.10,0.05
2025-12-31 15:24:34.758,0.2,7.8,0.10,0.05
2025-12-31 15:24:35.760,0.0,7.8,0.10,0.05
2025-12-31 15:24:36.761,0.1,7.8,0.10,0.05
2025-12-31 15:24:37.763,0.0,7.8,0.10,0.05
2025-12-31 15:24:38.764,0.1,7.8,0.10,0.05
2025-12-31 15:24:39.766,0.1,7.8,0.10,0.05
2025-12-31 15:24:40.767,0.1,7.8,0.10,0.05
2025-12-31 15:24:41.769,0.0,7.8,0.10,0.05
2025-12-31 15:24:42.771,0.0,7.8,0.10,0.05
2025-12-31 15:24:43.772,0.1,7.8,0.10,0.05
2025-12-31 15:24:44.774,0.1,7.8,0.10,0.05
2025-12-31 15:24:45.775,0.1,7.8,0.10,0.05
2025-12-31 15:24:46.776,0.1,7.8,0.10,0.05
2025-12-31 15:24:47.778,0.0,7.8,0.10,0.05
2025-12-31 15:24:48.779,0.1,7.8,0.10,0.05
2025-12-31 15:24:49.780,0.1,7.8,0.10,0.05
2025-12-31 15:24:50.781,0.0,7.8,0.10,0.05
2025-12-31 15:24:51.782,0.1,7.8,0.10,0.05
2025-12-31 15:24:52.784,0.0,7.8,0.10,0.05
2025-12-31 15:24:53.785,0.1,7.8,0.10,0.05
2025-12-31 15:24:54.788,0.0,7.8,0.10,0.05
2025-12-31 15:24:55.789,0.1,7.8,0.09,0.05
2025-12-31 15:24:56.791,0.0,7.8,0.10,0.05
2025-12-31 15:24:57.792,0.1,7.8,0.10,0.05
2025-12-31 15:24:58.793,0.1,7.8,0.10,0.05
2025-12-31 15:24:59.796,0.1,7.8,0.10,0.05
2025-12-31 15:25:00.797,0.0,7.8,0.10,0.05
2025-12-31 15:25:01.799,0.2,7.8,0.10,0.05
2025-12-31 15:25:02.800,0.0,7.8,0.10,0.05
2025-12-31 15:25:03.801,0.0,7.8,0.10,0.05
2025-12-31 15:25:04.802,0.0,7.8,0.10,0.07
2025-12-31 15:25:05.804,0.2,7.8,0.10,0.07
2025-12-31 15:25:06.805,0.0,7.8,0.10,0.06
2025-12-31 15:25:07.806,0.1,7.8,0.10,0.07
2025-12-31 15:25:08.808,0.0,7.8,0.11,0.05
2025-12-31 15:25:09.810,0.1,7.8,0.10,0.06
2025-12-31 15:25:10.812,0.1,7.8,0.10,0.05
2025-12-31 15:25:11.813,0.0,7.8,0.10,0.06
2025-12-31 15:25:12.814,0.1,7.8,0.10,0.05
2025-12-31 15:25:13.816,0.1,7.8,0.10,0.05
2025-12-31 15:25:14.817,0.1,7.8,0.10,0.05
2025-12-31 15:25:15.818,0.0,7.8,0.10,0.05
2025-12-31 15:25:16.819,0.2,7.8,0.10,0.05
2025-12-31 15:25:17.821,0.1,7.8,0.10,0.05
2025-12-31 15:25:18.822,0.1,7.8,0.10,0.05
2025-12-31 15:25:19.823,0.0,7.8,0.10,0.05
2025-12-31 15:25:20.825,0.0,7.8,0.10,0.05
2025-12-31 15:25:21.826,0.1,7.8,0.10,0.05
2025-12-31 15:25:22.828,0.1,7.8,0.09,0.05
2025-12-31 15:25:23.829,0.0,7.8,0.10,0.05
2025-12-31 15:25:24.831,0.0,7.8,0.10,0.05
2025-12-31 15:25:25.832,0.1,7.8,0.10,0.05
2025-12-31 15:25:26.833,0.1,7.8,0.10,0.05
2025-12-31 15:25:27.834,0.0,7.8,0.10,0.05
2025-12-31 15:25:28.836,0.1,7.8,0.10,0.05
2025-12-31 15:25:29.837,0.1,7.8,0.10,0.05
2025-12-31 15:25:30.839,0.0,7.8,0.10,0.05
2025-12-31 15:25:31.840,0.0,7.8,0.10,0.05
2025-12-31 15:25:32.842,0.1,7.8,0.10,0.05
2025-12-31 15:25:33.843,0.0,7.8,0.10,0.05
2025-12-31 15:25:34.844,0.0,7.8,0.10,0.05
2025-12-31 15:25:35.846,0.1,7.8,0.10,0.05
2025-12-31 15:25:36.848,0.1,7.8,0.10,0.05
2025-12-31 15:25:37.850,0.0,7.8,0.10,0.05
2025-12-31 15:25:38.852,0.0,7.8,0.11,0.05
2025-12-31 15:25:39.853,0.0,7.8,0.10,0.05
2025-12-31 15:25:40.854,0.2,7.8,0.10,0.06
2025-12-31 15:25:41.856,0.0,7.8,0.10,0.05
2025-12-31 15:25:42.858,0.1,7.8,0.10,0.05
2025-12-31 15:25:43.859,0.0,7.8,0.10,0.05
2025-12-31 15:25:44.860,0.2,7.8,0.10,0.05
2025-12-31 15:25:45.861,0.1,7.8,0.10,0.05
2025-12-31 15:25:46.863,0.2,7.8,0.10,0.05
2025-12-31 15:25:47.864,0.1,7.8,0.10,0.05
2025-12-31 15:25:48.866,0.0,7.8,0.10,0.05
2025-12-31 15:25:49.868,0.1,7.8,0.10,0.05
2025-12-31 15:25:50.869,0.1,7.8,0.10,0.05
2025-12-31 15:25:51.870,0.1,7.8,0.10,0.05
2025-12-31 15:25:52.872,0.0,7.8,0.10,0.05
2025-12-31 15:25:53.874,0.1,7.8,0.10,0.05
2025-12-31 15:25:54.876,0.0,7.8,0.10,0.05
2025-12-31 15:25:55.877,0.2,7.8,0.10,0.05
2025-12-31 15:25:56.879,0.0,7.8,0.09,0.05
2025-12-31 15:25:57.880,0.1,7.8,0.10,0.05
2025-12-31 15:25:58.882,0.0,7.8,0.10,0.05
2025-12-31 15:25:59.883,0.1,7.8,0.10,0.05
2025-12-31 15:26:00.885,0.2,7.8,0.10,0.05
2025-12-31 15:26:01.886,0.0,7.8,0.10,0.05
2025-12-31 15:26:02.888,0.0,7.8,0.10,0.05
2025-12-31 15:26:03.889,0.1,7.8,0.10,0.05
2025-12-31 15:26:04.891,0.2,7.8,0.10,0.05
2025-12-31 15:26:05.893,0.0,7.8,0.10,0.05
2025-12-31 15:26:06.894,0.0,7.8,0.10,0.05
2025-12-31 15:26:07.895,0.1,7.8,0.10,0.05
2025-12-31 15:26:08.896,0.1,7.8,0.10,0.05
2025-12-31 15:26:09.898,0.1,7.8,0.10,0.05
2025-12-31 15:26:10.899,0.1,7.8,0.10,0.05
2025-12-31 15:26:11.900,0.1,7.8,0.10,0.05
2025-12-31 15:26:12.901,0.2,7.8,0.10,0.05
2025-12-31 15:26:13.902,0.2,7.8,0.10,0.05
2025-12-31 15:26:14.903,0.2,7.8,0.10,0.05
2025-12-31 15:26:15.905,0.2,7.8,0.10,0.05
2025-12-31 15:26:16.907,0.4,7.8,0.10,0.05
2025-12-31 15:26:17.908,0.2,7.8,0.10,0.05
2025-12-31 15:26:18.910,0.4,7.8,0.10,0.05
2025-12-31 15:26:19.911,0.2,7.8,0.10,0.05
2025-12-31 15:26:20.913,0.2,7.8,0.10,0.05
2025-12-31 15:26:21.914,0.3,7.8,0.10,0.05
2025-12-31 15:26:22.916,0.2,7.8,0.10,0.05
2025-12-31 15:26:23.918,0.5,7.8,0.10,0.05
2025-12-31 15:26:24.919,0.2,7.8,0.10,0.05
2025-12-31 15:26:25.920,0.3,7.8,0.10,0.05
2025-12-31 15:26:26.922,0.5,7.8,0.10,0.05
2025-12-31 15:26:27.924,0.2,7.8,0.10,0.05
2025-12-31 15:26:28.925,0.2,7.8,0.10,0.05
2025-12-31 15:26:29.926,0.5,7.8,0.10,0.05
2025-12-31 15:26:30.927,0.5,7.8,0.10,0.05
2025-12-31 15:26:31.929,0.5,7.8,0.10,0.05
2025-12-31 15:26:32.931,0.3,7.8,0.10,0.05
2025-12-31 15:26:33.933,0.2,7.8,0.10,0.05
2025-12-31 15:26:34.935,0.2,7.8,0.10,0.05
2025-12-31 15:26:35.937,0.2,7.8,0.10,0.05
2025-12-31 15:26:36.938,0.3,7.8,0.10,0.05
2025-12-31 15:26:37.940,0.1,7.8,0.10,0.05
2025-12-31 15:26:38.942,0.2,7.8,0.10,0.05
2025-12-31 15:26:39.943,0.3,7.8,0.10,0.05
2025-12-31 15:26:40.945,0.2,7.8,0.10,0.05
2025-12-31 15:26:41.946,0.2,7.8,0.10,0.05
2025-12-31 15:26:42.948,0.1,7.8,0.10,0.05
2025-12-31 15:26:43.949,0.1,7.8,0.10,0.05
2025-12-31 15:26:44.951,0.2,7.8,0.10,0.05
2025-12-31 15:26:45.952,0.1,7.8,0.10,0.05
2025-12-31 15:26:46.954,0.2,7.8,0.10,0.05
2025-12-31 15:26:47.956,0.1,7.8,0.10,0.05
2025-12-31 15:26:48.957,0.2,7.8,0.10,0.05
2025-12-31 15:26:49.959,0.1,7.8,0.10,0.05
2025-12-31 15:26:50.960,0.2,7.8,0.10,0.05
2025-12-31 15:26:51.962,0.2,7.8,0.10,0.05
2025-12-31 15:26:52.963,0.2,7.8,0.10,0.05
2025-12-31 15:26:53.965,0.0,7.8,0.10,0.05
2025-12-31 15:26:54.966,0.1,7.8,0.10,0.05
2025-12-31 15:26:55.968,0.2,7.8,0.10,0.05
2025-12-31 15:26:56.969,0.1,7.8,0.10,0.05
2025-12-31 15:26:57.971,0.2,7.8,0.10,0.05
2025-12-31 15:26:58.972,0.2,7.8,0.10,0.05
2025-12-31 15:26:59.973,0.1,7.8,0.10,0.05
2025-12-31 15:27:00.975,0.1,7.8,0.10,0.05
2025-12-31 15:27:01.976,0.2,7.8,0.09,0.05
2025-12-31 15:27:02.978,0.0,7.8,0.10,0.05
2025-12-31 15:27:03.979,0.1,7.8,0.10,0.05
2025-12-31 15:27:04.981,0.1,7.8,0.10,0.05
2025-12-31 15:27:05.984,0.0,7.8,0.10,0.05
2025-12-31 15:27:06.985,0.1,7.8,0.10,0.05
2025-12-31 15:27:07.987,0.0,7.8,0.10,0.05
2025-12-31 15:27:08.988,0.1,7.8,0.10,0.05
2025-12-31 15:27:09.989,0.0,7.8,0.10,0.05
2025-12-31 15:27:10.990,0.0,7.8,0.10,0.05
2025-12-31 15:27:11.991,0.0,7.8,0.10,0.05
2025-12-31 15:27:12.992,0.2,7.8,0.10,0.05
2025-12-31 15:27:13.993,0.0,7.8,0.10,0.05
2025-12-31 15:27:14.994,0.1,7.8,0.10,0.05
2025-12-31 15:27:15.996,0.2,7.8,0.10,0.05
2025-12-31 15:27:16.997,0.2,7.8,0.10,0.05
2025-12-31 15:27:17.998,0.0,7.8,0.10,0.05
2025-12-31 15:27:18.999,0.2,7.8,0.10,0.05
2025-12-31 15:27:20.000,0.0,7.8,0.10,0.05
2025-12-31 15:27:21.001,0.2,7.8,0.10,0.05
2025-12-31 15:27:22.002,0.1,7.8,0.10,0.05
2025-12-31 15:27:23.004,0.1,7.8,0.10,0.05
2025-12-31 15:27:24.005,0.2,7.8,0.10,0.05
2025-12-31 15:27:25.006,0.1,7.8,0.10,0.05
2025-12-31 15:27:26.007,0.0,7.8,0.10,0.05
2025-12-31 15:27:27.009,0.1,7.8,0.09,0.05
2025-12-31 15:27:28.010,0.0,7.8,0.10,0.05
2025-12-31 15:27:29.011,0.2,7.8,0.10,0.05
2025-12-31 15:27:30.012,0.0,7.8,0.10,0.05
2025-12-31 15:27:31.013,0.1,7.8,0.10,0.05
2025-12-31 15:27:32.015,0.0,7.8,0.10,0.05
2025-12-31 15:27:33.015,0.2,7.8,0.10,0.05
2025-12-31 15:27:34.017,0.2,7.8,0.10,0.05
2025-12-31 15:27:35.018,0.0,7.8,0.11,0.06
2025-12-31 15:27:36.020,0.1,7.8,0.10,0.05
2025-12-31 15:27:37.021,0.0,7.8,0.10,0.05
2025-12-31 15:27:38.023,0.0,7.8,0.10,0.05
2025-12-31 15:27:39.024,0.1,7.8,0.10,0.05
2025-12-31 15:27:40.025,0.0,7.8,0.10,0.05
2025-12-31 15:27:41.027,0.2,7.8,0.10,0.05
2025-12-31 15:27:42.029,0.0,7.8,0.10,0.05
2025-12-31 15:27:43.031,0.1,7.8,0.10,0.05
2025-12-31 15:27:44.033,0.2,7.8,0.10,0.05
2025-12-31 15:27:45.034,0.0,7.8,0.10,0.05
2025-12-31 15:27:46.036,0.1,7.8,0.10,0.05
2025-12-31 15:27:47.037,0.1,7.8,0.10,0.05
2025-12-31 15:27:48.038,0.0,7.8,0.10,0.05
2025-12-31 15:27:49.039,0.1,7.8,0.10,0.05
2025-12-31 15:27:50.041,0.1,7.8,0.10,0.05
2025-12-31 15:27:51.043,0.1,7.8,0.10,0.05
2025-12-31 15:27:52.044,0.0,7.8,0.09,0.05
2025-12-31 15:27:53.046,0.1,7.8,0.10,0.05
2025-12-31 15:27:54.048,0.1,7.8,0.10,0.05
2025-12-31 15:27:55.050,0.0,7.8,0.10,0.05
2025-12-31 15:27:56.051,0.1,7.8,0.10,0.05
2025-12-31 15:27:57.053,0.1,7.8,0.10,0.05
2025-12-31 15:27:58.054,0.0,7.8,0.10,0.05
2025-12-31 15:27:59.055,0.1,7.8,0.11,0.05
2025-12-31 15:28:00.056,0.0,7.8,0.09,0.05
2025-12-31 15:28:01.057,0.1,7.8,0.10,0.05
2025-12-31 15:28:02.058,0.0,7.8,0.10,0.05
2025-12-31 15:28:03.059,0.1,7.8,0.10,0.05
2025-12-31 15:28:04.060,0.2,7.8,0.10,0.05
2025-12-31 15:28:05.062,0.1,7.8,0.10,0.05
2025-12-31 15:28:06.063,0.0,7.8,0.09,0.05
2025-12-31 15:28:07.064,0.1,7.8,0.10,0.05
2025-12-31 15:28:08.065,0.0,7.8,0.10,0.05
2025-12-31 15:28:09.066,0.0,7.8,0.10,0.05
2025-12-31 15:28:10.067,0.1,7.8,0.10,0.05
2025-12-31 15:28:11.068,0.1,7.8,0.10,0.05
2025-12-31 15:28:12.070,0.1,7.8,0.10,0.05
2025-12-31 15:28:13.071,0.2,7.8,0.10,0.05
2025-12-31 15:28:14.073,0.0,7.8,0.10,0.05
2025-12-31 15:28:15.074,0.0,7.8,0.10,0.05
2025-12-31 15:28:16.075,0.1,7.8,0.10,0.05
2025-12-31 15:28:17.077,0.2,7.8,0.10,0.05
2025-12-31 15:28:18.079,0.0,7.8,0.10,0.05
2025-12-31 15:28:19.081,0.2,7.8,0.10,0.05
2025-12-31 15:28:20.082,0.0,7.8,0.10,0.05
2025-12-31 15:28:21.084,0.0,7.8,0.10,0.05
2025-12-31 15:28:22.086,0.1,7.8,0.10,0.05
2025-12-31 15:28:23.087,0.0,7.8,0.10,0.05
2025-12-31 15:28:24.089,0.1,7.8,0.10,0.05
2025-12-31 15:28:25.090,0.0,7.8,0.11,0.05
2025-12-31 15:28:26.091,0.2,7.8,0.10,0.05
2025-12-31 15:28:27.093,0.0,7.8,0.10,0.05
2025-12-31 15:28:28.094,0.0,7.8,0.10,0.05
2025-12-31 15:28:29.096,0.1,7.8,0.10,0.05
2025-12-31 15:28:30.098,0.0,7.8,0.10,0.05
2025-12-31 15:28:31.099,0.0,7.8,0.10,0.05
2025-12-31 15:28:32.099,0.2,7.8,0.10,0.05
2025-12-31 15:28:33.101,0.0,7.8,0.10,0.05
2025-12-31 15:28:34.102,0.1,7.8,0.10,0.05
2025-12-31 15:28:35.104,0.0,7.8,0.10,0.05
2025-12-31 15:28:36.106,0.0,7.8,0.10,0.05
2025-12-31 15:28:37.108,0.2,7.8,0.10,0.05
2025-12-31 15:28:38.109,0.0,7.8,0.10,0.05
2025-12-31 15:28:39.110,0.1,7.8,0.10,0.05
2025-12-31 15:28:40.112,0.0,7.8,0.10,0.05
2025-12-31 15:28:41.113,0.2,7.8,0.10,0.05
2025-12-31 15:28:42.114,0.0,7.8,0.10,0.05
2025-12-31 15:28:43.116,0.0,7.8,0.10,0.05
2025-12-31 15:28:44.117,0.1,7.8,0.10,0.05
2025-12-31 15:28:45.118,0.0,7.8,0.10,0.05
2025-12-31 15:28:46.119,0.1,7.8,0.10,0.05
2025-12-31 15:28:47.121,0.1,7.8,0.10,0.05
2025-12-31 15:28:48.122,0.0,7.8,0.10,0.05
2025-12-31 15:28:49.123,0.0,7.8,0.10,0.05
2025-12-31 15:28:50.124,0.0,7.8,0.10,0.05
2025-12-31 15:28:51.126,0.1,7.8,0.10,0.05
2025-12-31 15:28:52.127,0.1,7.8,0.10,0.05
2025-12-31 15:28:53.129,0.1,7.8,0.10,0.05
2025-12-31 15:28:54.130,0.0,7.8,0.10,0.05
2025-12-31 15:28:55.132,0.0,7.8,0.10,0.05
2025-12-31 15:28:56.133,0.1,7.8,0.10,0.05
2025-12-31 15:28:57.135,0.1,7.8,0.10,0.05
2025-12-31 15:28:58.137,0.1,7.8,0.10,0.05
2025-12-31 15:28:59.139,0.0,7.8,0.10,0.05
2025-12-31 15:29:00.140,0.1,7.8,0.10,0.05
2025-12-31 15:29:01.142,0.0,7.8,0.10,0.05
2025-12-31 15:29:02.143,0.0,7.8,0.10,0.05
2025-12-31 15:29:03.145,0.1,7.8,0.10,0.05
2025-12-31 15:29:04.146,0.0,7.8,0.10,0.05
2025-12-31 15:29:05.148,0.1,7.8,0.10,0.05
2025-12-31 15:29:06.149,0.2,7.8,0.10,0.05
2025-12-31 15:29:07.151,0.2,7.8,0.10,0.05
2025-12-31 15:29:08.152,0.2,7.8,0.10,0.05
2025-12-31 15:29:09.154,0.3,7.8,0.10,0.05
2025-12-31 15:29:10.155,0.2,7.8,0.10,0.05
2025-12-31 15:29:11.156,0.2,7.8,0.10,0.05
2025-12-31 15:29:12.158,0.2,7.8,0.10,0.05
2025-12-31 15:29:13.160,0.2,7.8,0.10,0.05
2025-12-31 15:29:14.162,0.3,7.8,0.10,0.05
2025-12-31 15:29:15.163,0.2,7.8,0.10,0.05
2025-12-31 15:29:16.165,0.2,7.8,0.10,0.05
2025-12-31 15:29:17.167,0.4,7.8,0.10,0.05
2025-12-31 15:29:18.168,0.3,7.8,0.10,0.05
2025-12-31 15:29:19.169,0.1,7.8,0.10,0.05
2025-12-31 15:29:20.171,0.2,7.8,0.10,0.05
2025-12-31 15:29:21.172,0.4,7.8,0.10,0.05
2025-12-31 15:29:22.174,0.3,7.8,0.10,0.05
2025-12-31 15:29:23.176,0.2,7.8,0.10,0.05
2025-12-31 15:29:24.178,0.3,7.8,0.10,0.05
2025-12-31 15:29:25.180,0.2,7.8,0.10,0.05
2025-12-31 15:29:26.181,0.1,7.8,0.10,0.05
2025-12-31 15:29:27.183,0.3,7.8,0.10,0.05
2025-12-31 15:29:28.185,0.2,7.8,0.10,0.05
2025-12-31 15:29:29.186,0.2,7.8,0.11,0.05
2025-12-31 15:29:30.187,0.2,7.8,0.10,0.05
2025-12-31 15:29:31.189,0.2,7.8,0.10,0.05
2025-12-31 15:29:32.190,0.1,7.8,0.10,0.05
2025-12-31 15:29:33.192,0.2,7.8,0.10,0.05
2025-12-31 15:29:34.193,0.1,7.8,0.10,0.05
2025-12-31 15:29:35.194,0.1,7.8,0.10,0.05
2025-12-31 15:29:36.195,0.2,7.8,0.10,0.05
2025-12-31 15:29:37.197,0.1,7.8,0.10,0.05
2025-12-31 15:29:38.198,0.1,7.8,0.10,0.05
2025-12-31 15:29:39.200,0.3,7.8,0.10,0.05
2025-12-31 15:29:40.202,0.1,7.8,0.10,0.05
2025-12-31 15:29:41.203,0.1,7.8,0.10,0.05
2025-12-31 15:29:42.205,0.2,7.8,0.10,0.05
2025-12-31 15:29:43.206,0.2,7.8,0.10,0.05
2025-12-31 15:29:44.207,0.2,7.8,0.10,0.05
2025-12-31 15:29:45.208,0.1,7.8,0.10,0.05
2025-12-31 15:29:46.210,0.1,7.8,0.10,0.05
2025-12-31 15:29:47.211,0.1,7.8,0.10,0.05
2025-12-31 15:29:48.212,0.2,7.8,0.10,0.05
2025-12-31 15:29:49.214,0.1,7.8,0.10,0.05
2025-12-31 15:29:50.215,0.1,7.8,0.11,0.06
2025-12-31 15:29:51.217,0.2,7.8,0.10,0.05
2025-12-31 15:29:52.218,0.0,7.8,0.10,0.05
2025-12-31 15:29:53.219,0.2,7.8,0.10,0.05
2025-12-31 15:29:54.220,0.0,7.8,0.10,0.05
2025-12-31 15:29:55.221,0.1,7.8,0.10,0.05
2025-12-31 15:29:56.222,0.2,7.8,0.10,0.05
2025-12-31 15:29:57.223,0.0,7.8,0.10,0.05
2025-12-31 15:29:58.224,0.2,7.8,0.09,0.05
2025-12-31 15:29:59.226,0.2,7.8,0.10,0.05
2025-12-31 15:30:00.227,0.1,7.8,0.10,0.05
2025-12-31 15:30:01.229,0.2,7.8,0.10,0.05
2025-12-31 15:30:02.230,0.1,7.8,0.10,0.05
2025-12-31 15:30:03.231,0.2,7.8,0.10,0.05
2025-12-31 15:30:04.232,0.1,7.8,0.10,0.05
2025-12-31 15:30:05.233,0.0,7.8,0.10,0.05
2025-12-31 15:30:06.234,0.2,7.8,0.10,0.05
2025-12-31 15:30:07.235,0.2,7.8,0.10,0.05
2025-12-31 15:30:08.236,0.2,7.8,0.10,0.05
2025-12-31 15:30:09.237,0.1,7.8,0.10,0.05
2025-12-31 15:30:10.238,0.2,7.8,0.10,0.05
2025-12-31 15:30:11.239,0.2,7.8,0.10,0.05
2025-12-31 15:30:12.240,0.1,7.8,0.10,0.05
2025-12-31 15:30:13.241,0.2,7.8,0.10,0.05
2025-12-31 15:30:14.242,0.1,7.8,0.10,0.05
2025-12-31 15:30:15.243,0.1,7.8,0.10,0.05
2025-12-31 15:30:16.244,0.1,7.8,0.10,0.05
2025-12-31 15:30:17.245,0.2,7.8,0.10,0.05
2025-12-31 15:30:18.246,0.1,7.8,0.10,0.05
2025-12-31 15:30:19.248,0.2,7.8,0.10,0.05
2025-12-31 15:30:20.249,0.1,7.8,0.10,0.05
2025-12-31 15:30:21.250,0.0,7.8,0.10,0.05
2025-12-31 15:30:22.251,0.2,7.8,0.10,0.05
2025-12-31 15:30:23.252,0.1,7.8,0.10,0.05
2025-12-31 15:30:24.253,0.0,7.8,0.10,0.05
2025-12-31 15:30:25.255,0.1,7.8,0.10,0.05
2025-12-31 15:30:26.256,0.1,7.8,0.10,0.05
2025-12-31 15:30:27.257,0.0,7.8,0.10,0.05
2025-12-31 15:30:28.258,0.2,7.8,0.10,0.05
2025-12-31 15:30:29.259,0.0,7.8,0.10,0.05
2025-12-31 15:30:30.260,0.1,7.8,0.10,0.05
2025-12-31 15:30:31.262,0.0,7.8,0.10,0.05
2025-12-31 15:30:32.263,0.1,7.8,0.10,0.05
2025-12-31 15:30:33.265,0.0,7.8,0.10,0.05
2025-12-31 15:30:34.266,0.1,7.8,0.10,0.05
2025-12-31 15:30:35.268,0.0,7.8,0.09,0.05
2025-12-31 15:30:36.270,0.0,7.8,0.10,0.05
2025-12-31 15:30:37.271,0.1,7.8,0.10,0.05
2025-12-31 15:30:38.272,0.2,7.8,0.10,0.05
2025-12-31 15:30:39.274,0.0,7.8,0.10,0.05
2025-12-31 15:30:40.276,0.1,7.8,0.10,0.05
2025-12-31 15:30:41.277,0.1,7.8,0.10,0.05
2025-12-31 15:30:42.278,0.0,7.8,0.10,0.05
2025-12-31 15:30:43.280,0.0,7.8,0.10,0.05
2025-12-31 15:30:44.281,0.1,7.8,0.10,0.05
2025-12-31 15:30:45.283,0.0,7.8,0.10,0.05
2025-12-31 15:30:46.284,0.1,7.8,0.10,0.05
2025-12-31 15:30:47.286,0.1,7.8,0.10,0.05
2025-12-31 15:30:48.288,0.1,7.8,0.09,0.05
2025-12-31 15:30:49.290,0.0,7.8,0.10,0.05
2025-12-31 15:30:50.291,0.1,7.8,0.10,0.05
2025-12-31 15:30:51.293,0.1,7.8,0.10,0.05
2025-12-31 15:30:52.294,0.1,7.8,0.10,0.05
2025-12-31 15:30:53.295,0.1,7.8,0.10,0.05
2025-12-31 15:30:54.297,0.0,7.8,0.10,0.05
2025-12-31 15:30:55.299,0.2,7.8,0.10,0.05
2025-12-31 15:30:56.300,0.1,7.8,0.10,0.05
2025-12-31 15:30:57.302,0.1,7.8,0.10,0.05
2025-12-31 15:30:58.304,0.1,7.8,0.10,0.05
2025-12-31 15:30:59.305,0.0,7.8,0.10,0.05
2025-12-31 15:31:00.306,0.1,7.8,0.10,0.05
2025-12-31 15:31:01.308,0.1,7.8,0.10,0.05
2025-12-31 15:31:02.309,0.0,7.8,0.09,0.05
2025-12-31 15:31:03.310,0.1,7.8,0.10,0.05
2025-12-31 15:31:04.311,0.1,7.8,0.10,0.05
2025-12-31 15:31:05.312,0.1,7.8,0.10,0.05
2025-12-31 15:31:06.313,0.1,7.8,0.10,0.05
2025-12-31 15:31:07.314,0.0,7.8,0.10,0.05
2025-12-31 15:31:08.316,0.0,7.8,0.10,0.05
2025-12-31 15:31:09.317,0.0,7.8,0.11,0.05
2025-12-31 15:31:10.319,0.2,7.8,0.10,0.05
2025-12-31 15:31:11.320,0.0,7.8,0.10,0.05
2025-12-31 15:31:12.322,0.1,7.8,0.09,0.05
2025-12-31 15:31:13.323,0.1,7.8,0.10,0.05
2025-12-31 15:31:14.324,0.0,7.8,0.10,0.05
2025-12-31 15:31:15.326,0.1,7.8,0.10,0.05
2025-12-31 15:31:16.328,0.0,7.8,0.09,0.05
2025-12-31 15:31:17.329,0.1,7.8,0.10,0.05
2025-12-31 15:31:18.331,0.1,7.8,0.09,0.05
2025-12-31 15:31:19.332,0.0,7.8,0.10,0.05
2025-12-31 15:31:20.334,0.1,7.8,0.10,0.05
2025-12-31 15:31:21.335,0.2,7.8,0.10,0.05
2025-12-31 15:31:22.337,0.0,7.8,0.10,0.05
2025-12-31 15:31:23.338,0.0,7.8,0.10,0.05
2025-12-31 15:31:24.340,0.2,7.8,0.10,0.05
2025-12-31 15:31:25.342,0.0,7.8,0.11,0.05
2025-12-31 15:31:26.344,0.1,7.8,0.10,0.05
2025-12-31 15:31:27.345,0.1,7.8,0.10,0.05
2025-12-31 15:31:28.347,0.0,7.8,0.10,0.05
2025-12-31 15:31:29.349,0.0,7.8,0.10,0.05
2025-12-31 15:31:30.351,0.1,7.8,0.10,0.05
2025-12-31 15:31:31.353,0.0,7.8,0.10,0.05
2025-12-31 15:31:32.354,0.0,7.8,0.10,0.05
2025-12-31 15:31:33.356,0.1,7.8,0.10,0.05
2025-12-31 15:31:34.357,0.1,7.8,0.10,0.05
2025-12-31 15:31:35.358,0.1,7.8,0.10,0.05
2025-12-31 15:31:36.360,0.0,7.8,0.10,0.05
2025-12-31 15:31:37.361,0.0,7.8,0.10,0.05
2025-12-31 15:31:38.363,0.1,7.8,0.10,0.05
2025-12-31 15:31:39.365,0.2,7.8,0.10,0.05
2025-12-31 15:31:40.367,0.0,7.8,0.10,0.05
2025-12-31 15:31:41.368,0.0,7.8,0.10,0.05
2025-12-31 15:31:42.370,0.1,7.8,0.10,0.05
2025-12-31 15:31:43.372,0.0,7.8,0.10,0.05
2025-12-31 15:31:44.374,0.1,7.8,0.10,0.05
2025-12-31 15:31:45.375,0.0,7.8,0.10,0.05
2025-12-31 15:31:46.376,0.1,7.8,0.10,0.05
2025-12-31 15:31:47.378,0.1,7.8,0.10,0.05
2025-12-31 15:31:48.380,0.1,7.8,0.10,0.05
2025-12-31 15:31:49.381,0.1,7.8,0.10,0.05
2025-12-31 15:31:50.383,0.0,7.8,0.10,0.05
2025-12-31 15:31:51.384,0.1,7.8,0.10,0.05
2025-12-31 15:31:52.385,0.0,7.8,0.10,0.05
2025-12-31 15:31:53.387,0.1,7.8,0.10,0.05
2025-12-31 15:31:54.388,0.1,7.8,0.10,0.05
2025-12-31 15:31:55.390,0.0,7.8,0.10,0.05
2025-12-31 15:31:56.391,0.1,7.8,0.10,0.05
2025-12-31 15:31:57.393,0.0,7.8,0.10,0.05
2025-12-31 15:31:58.394,0.1,7.8,0.10,0.05
2025-12-31 15:31:59.395,0.0,7.8,0.10,0.05
2025-12-31 15:32:00.396,0.1,7.8,0.09,0.05
2025-12-31 15:32:01.397,0.0,7.8,0.10,0.05
2025-12-31 15:32:02.399,0.1,7.8,0.10,0.05
2025-12-31 15:32:03.401,0.1,7.8,0.09,0.05
2025-12-31 15:32:04.402,0.1,7.8,0.10,0.05
2025-12-31 15:32:05.404,0.2,7.8,0.10,0.05
2025-12-31 15:32:06.405,0.2,7.8,0.10,0.05
2025-12-31 15:32:07.406,0.2,7.8,0.09,0.05
2025-12-31 15:32:08.407,0.3,7.8,0.10,0.05
2025-12-31 15:32:09.408,0.3,7.8,0.10,0.05
2025-12-31 15:32:10.410,0.3,7.8,0.10,0.05
2025-12-31 15:32:11.411,0.4,7.8,0.10,0.05
2025-12-31 15:32:12.412,0.2,7.8,0.10,0.05
2025-12-31 15:32:13.413,0.2,7.8,0.10,0.05
2025-12-31 15:32:14.415,0.2,7.8,0.10,0.05
2025-12-31 15:32:15.416,0.2,7.8,0.10,0.05
2025-12-31 15:32:16.417,0.5,7.8,0.10,0.05
2025-12-31 15:32:17.418,0.3,7.8,0.10,0.05
2025-12-31 15:32:18.420,0.4,7.8,0.10,0.05
2025-12-31 15:32:19.421,0.7,7.8,0.10,0.05
2025-12-31 15:32:20.422,0.2,7.8,0.10,0.05
2025-12-31 15:32:21.423,0.2,7.8,0.09,0.05
2025-12-31 15:32:22.424,0.2,7.8,0.10,0.05
2025-12-31 15:32:23.426,0.4,7.8,0.10,0.05
2025-12-31 15:32:24.427,0.2,7.8,0.10,0.05
2025-12-31 15:32:25.428,0.2,7.8,0.11,0.05
2025-12-31 15:32:26.429,0.1,7.8,0.10,0.05
2025-12-31 15:32:27.431,0.1,7.8,0.09,0.05
2025-12-31 15:32:28.432,0.2,7.8,0.09,0.05
2025-12-31 15:32:29.433,0.2,7.8,0.10,0.05
2025-12-31 15:32:30.434,0.1,7.8,0.10,0.05
2025-12-31 15:32:31.436,0.0,7.8,0.10,0.05
2025-12-31 15:32:32.437,0.1,7.8,0.10,0.05
2025-12-31 15:32:33.445,0.2,7.8,0.10,0.05
2025-12-31 15:32:34.446,0.0,7.8,0.10,0.05
2025-12-31 15:32:35.447,0.2,7.8,0.10,0.05
2025-12-31 15:32:36.448,0.2,7.8,0.10,0.05
2025-12-31 15:32:37.450,0.2,7.8,0.10,0.05
2025-12-31 15:32:38.452,0.2,7.8,0.10,0.05
2025-12-31 15:32:39.454,0.2,7.8,0.10,0.05
2025-12-31 15:32:40.456,0.0,7.8,0.10,0.05
2025-12-31 15:32:41.457,0.1,7.8,0.10,0.05
2025-12-31 15:32:42.458,0.1,7.8,0.10,0.05
2025-12-31 15:32:43.460,0.2,7.8,0.10,0.05
2025-12-31 15:32:44.461,0.2,7.8,0.10,0.05
2025-12-31 15:32:45.462,0.2,7.8,0.10,0.05
2025-12-31 15:32:46.464,0.2,7.8,0.10,0.05
2025-12-31 15:32:47.465,0.2,7.8,0.10,0.05
2025-12-31 15:32:48.467,0.2,7.8,0.10,0.05
2025-12-31 15:32:49.468,0.2,7.8,0.10,0.05
2025-12-31 15:32:50.471,0.2,7.8,0.10,0.05
2025-12-31 15:32:51.473,0.2,7.8,0.10,0.05
2025-12-31 15:32:52.475,0.3,7.8,0.10,0.05
2025-12-31 15:32:53.477,0.1,7.8,0.10,0.05
2025-12-31 15:32:54.479,0.2,7.8,0.10,0.05
2025-12-31 15:32:55.480,0.3,7.8,0.10,0.05
2025-12-31 15:32:56.482,0.1,7.8,0.10,0.05
2025-12-31 15:32:57.484,0.2,7.8,0.10,0.05
2025-12-31 15:32:58.485,0.1,7.8,0.10,0.05
2025-12-31 15:32:59.487,0.2,7.8,0.10,0.05
2025-12-31 15:33:00.488,0.1,7.8,0.10,0.05
2025-12-31 15:33:01.490,0.1,7.8,0.10,0.05
2025-12-31 15:33:02.491,0.1,7.8,0.11,0.05
2025-12-31 15:33:03.492,0.2,7.8,0.10,0.05
2025-12-31 15:33:04.493,0.2,7.8,0.10,0.05
2025-12-31 15:33:05.494,0.2,7.8,0.10,0.05
2025-12-31 15:33:06.495,0.2,7.8,0.10,0.05
2025-12-31 15:33:07.496,0.2,7.8,0.10,0.05
2025-12-31 15:33:08.498,0.2,7.8,0.10,0.05
2025-12-31 15:33:09.499,0.4,7.8,0.10,0.05
2025-12-31 15:33:10.501,0.1,7.8,0.10,0.05
2025-12-31 15:33:11.502,0.1,7.8,0.10,0.05
2025-12-31 15:33:12.504,0.1,7.8,0.10,0.05
2025-12-31 15:33:13.506,0.1,7.8,0.10,0.05
2025-12-31 15:33:14.507,0.2,7.8,0.10,0.05
2025-12-31 15:33:15.509,0.1,7.8,0.10,0.05
2025-12-31 15:33:16.510,0.1,7.8,0.10,0.05
2025-12-31 15:33:17.511,0.0,7.8,0.10,0.05
2025-12-31 15:33:18.513,0.1,7.8,0.10,0.05
2025-12-31 15:33:19.514,0.1,7.8,0.10,0.05
2025-12-31 15:33:20.516,0.0,7.8,0.09,0.05
2025-12-31 15:33:21.518,0.0,7.8,0.10,0.05
2025-12-31 15:33:22.519,0.2,7.8,0.10,0.05
2025-12-31 15:33:23.520,0.1,7.8,0.10,0.05
2025-12-31 15:33:24.521,0.2,7.8,0.10,0.05
2025-12-31 15:33:25.523,0.1,7.8,0.10,0.05
2025-12-31 15:33:26.524,0.0,7.8,0.10,0.05
2025-12-31 15:33:27.526,0.1,7.8,0.10,0.05
2025-12-31 15:33:28.528,0.0,7.8,0.10,0.05
2025-12-31 15:33:29.529,0.1,7.8,0.10,0.05
2025-12-31 15:33:30.530,0.1,7.8,0.10,0.05
2025-12-31 15:33:31.532,0.0,7.8,0.10,0.05
2025-12-31 15:33:32.533,0.1,7.8,0.10,0.05
2025-12-31 15:33:33.535,0.0,7.8,0.10,0.05
2025-12-31 15:33:34.537,0.1,7.8,0.10,0.05
2025-12-31 15:33:35.538,0.1,7.8,0.10,0.05
2025-12-31 15:33:36.539,0.0,7.8,0.10,0.05
2025-12-31 15:33:37.540,0.1,7.8,0.10,0.05
2025-12-31 15:33:38.542,0.1,7.8,0.10,0.05
2025-12-31 15:33:39.543,0.0,7.8,0.10,0.05
2025-12-31 15:33:40.545,0.1,7.8,0.10,0.05
2025-12-31 15:33:41.546,0.2,7.8,0.09,0.05
2025-12-31 15:33:42.548,0.1,7.8,0.10,0.05
2025-12-31 15:33:43.550,0.2,7.8,0.10,0.05
2025-12-31 15:33:44.552,0.1,7.8,0.09,0.05
2025-12-31 15:33:45.554,0.2,7.8,0.09,0.05
2025-12-31 15:33:46.556,0.1,7.8,0.09,0.05
2025-12-31 15:33:47.557,0.1,7.8,0.10,0.05
2025-12-31 15:33:48.558,0.2,7.8,0.10,0.05
2025-12-31 15:33:49.559,0.1,7.8,0.10,0.05
2025-12-31 15:33:50.560,0.2,7.8,0.10,0.05
2025-12-31 15:33:51.562,0.2,7.8,0.10,0.05
2025-12-31 15:33:52.563,0.2,7.8,0.10,0.05
2025-12-31 15:33:53.564,0.0,7.8,0.10,0.05
2025-12-31 15:33:54.565,0.2,7.8,0.10,0.05
2025-12-31 15:33:55.567,0.1,7.8,0.10,0.05
2025-12-31 15:33:56.568,0.2,7.8,0.10,0.05
2025-12-31 15:33:57.570,0.2,7.8,0.10,0.05
2025-12-31 15:33:58.572,0.1,7.8,0.10,0.05
2025-12-31 15:33:59.573,0.2,7.8,0.10,0.05
2025-12-31 15:34:00.575,0.1,7.8,0.10,0.05
2025-12-31 15:34:01.577,0.1,7.8,0.10,0.05
2025-12-31 15:34:02.578,0.0,7.8,0.10,0.05
2025-12-31 15:34:03.580,0.1,7.8,0.10,0.05
2025-12-31 15:34:04.582,0.0,7.8,0.10,0.06
2025-12-31 15:34:05.583,0.1,7.8,0.10,0.06
2025-12-31 15:34:06.585,0.0,7.8,0.10,0.05
2025-12-31 15:34:07.586,0.1,7.8,0.10,0.05
2025-12-31 15:34:08.587,0.0,7.8,0.10,0.05
2025-12-31 15:34:09.588,0.1,7.8,0.10,0.06
2025-12-31 15:34:10.589,0.1,7.8,0.10,0.05
2025-12-31 15:34:11.591,0.0,7.8,0.10,0.06
2025-12-31 15:34:12.592,0.1,7.8,0.10,0.06
2025-12-31 15:34:13.593,0.2,7.8,0.10,0.05
2025-12-31 15:34:14.594,0.1,7.8,0.10,0.06
2025-12-31 15:34:15.596,0.1,7.8,0.10,0.06
2025-12-31 15:34:16.597,0.2,7.8,0.10,0.05
2025-12-31 15:34:17.599,0.0,7.8,0.10,0.05
2025-12-31 15:34:18.601,0.0,7.8,0.10,0.05
2025-12-31 15:34:19.603,0.2,7.8,0.10,0.05
2025-12-31 15:34:20.605,0.1,7.8,0.10,0.05
2025-12-31 15:34:21.606,0.2,7.8,0.10,0.05
2025-12-31 15:34:22.608,0.2,7.8,0.10,0.05
2025-12-31 15:34:23.610,0.0,7.8,0.10,0.05
2025-12-31 15:34:24.611,0.0,7.8,0.10,0.05
2025-12-31 15:34:25.612,0.1,7.8,0.10,0.05
2025-12-31 15:34:26.614,0.1,7.8,0.10,0.05
2025-12-31 15:34:27.615,0.2,7.8,0.10,0.05
2025-12-31 15:34:28.616,0.0,7.8,0.10,0.05
2025-12-31 15:34:29.617,0.2,7.8,0.10,0.05
2025-12-31 15:34:30.618,0.0,7.8,0.10,0.05
2025-12-31 15:34:31.619,0.0,7.8,0.10,0.05
2025-12-31 15:34:32.620,0.1,7.8,0.10,0.05
2025-12-31 15:34:33.621,0.0,7.8,0.10,0.05
2025-12-31 15:34:34.622,0.0,7.8,0.09,0.05
2025-12-31 15:34:35.624,0.1,7.8,0.10,0.05
2025-12-31 15:34:36.625,0.0,7.8,0.10,0.05
2025-12-31 15:34:37.626,0.0,7.8,0.10,0.05
2025-12-31 15:34:38.628,0.1,7.8,0.10,0.05
2025-12-31 15:34:39.629,0.1,7.8,0.10,0.06
2025-12-31 15:34:40.629,0.0,7.8,0.10,0.05
2025-12-31 15:34:41.631,0.0,7.8,0.10,0.05
2025-12-31 15:34:42.632,0.1,7.8,0.10,0.05
2025-12-31 15:34:43.634,0.0,7.8,0.10,0.05
2025-12-31 15:34:44.635,0.1,7.8,0.10,0.05
2025-12-31 15:34:45.636,0.0,7.8,0.10,0.05
2025-12-31 15:34:46.637,0.1,7.8,0.10,0.05
2025-12-31 15:34:47.639,0.1,7.8,0.10,0.05
2025-12-31 15:34:48.640,0.1,7.8,0.10,0.05
2025-12-31 15:34:49.641,0.0,7.8,0.11,0.05
2025-12-31 15:34:50.643,0.1,7.8,0.10,0.05
2025-12-31 15:34:51.644,0.0,7.8,0.10,0.05
2025-12-31 15:34:52.645,0.1,7.8,0.10,0.05
2025-12-31 15:34:53.646,0.0,7.8,0.10,0.05
2025-12-31 15:34:54.648,0.2,7.8,0.10,0.05
2025-12-31 15:34:55.649,0.1,7.8,0.10,0.05
2025-12-31 15:34:56.651,0.0,7.8,0.10,0.05
2025-12-31 15:34:57.653,0.2,7.8,0.10,0.05
2025-12-31 15:34:58.654,0.0,7.8,0.10,0.05
2025-12-31 15:34:59.656,0.1,7.8,0.11,0.05
2025-12-31 15:35:00.657,0.2,7.8,0.10,0.05
2025-12-31 15:35:01.659,0.2,7.8,0.10,0.05
2025-12-31 15:35:02.661,0.2,7.8,0.09,0.05
2025-12-31 15:35:03.662,0.0,7.8,0.10,0.05
2025-12-31 15:35:04.664,0.2,7.8,0.10,0.07
2025-12-31 15:35:05.665,0.1,7.8,0.10,0.07
2025-12-31 15:35:06.667,0.2,7.8,0.10,0.06
2025-12-31 15:35:07.668,0.2,7.8,0.10,0.05
2025-12-31 15:35:08.669,0.2,7.8,0.10,0.06
2025-12-31 15:35:09.671,0.2,7.8,0.10,0.06
2025-12-31 15:35:10.672,0.1,7.8,0.10,0.06
2025-12-31 15:35:11.673,0.1,7.8,0.10,0.06
2025-12-31 15:35:12.674,0.1,7.8,0.10,0.05
2025-12-31 15:35:13.675,0.1,7.8,0.10,0.05
2025-12-31 15:35:14.677,0.0,7.8,0.10,0.05
2025-12-31 15:35:15.678,0.0,7.8,0.10,0.05
2025-12-31 15:35:16.680,0.2,7.8,0.10,0.05
2025-12-31 15:35:17.682,0.1,7.8,0.10,0.05
2025-12-31 15:35:18.683,0.0,7.8,0.10,0.05
2025-12-31 15:35:19.684,0.2,7.8,0.10,0.05
2025-12-31 15:35:20.685,0.0,7.8,0.10,0.05
2025-12-31 15:35:21.686,0.2,7.8,0.10,0.05
2025-12-31 15:35:22.688,0.0,7.8,0.10,0.05
2025-12-31 15:35:23.689,0.0,7.8,0.10,0.05
2025-12-31 15:35:24.690,0.2,7.8,0.10,0.05
2025-12-31 15:35:25.691,0.1,7.8,0.10,0.05
2025-12-31 15:35:26.693,0.1,7.8,0.10,0.05
2025-12-31 15:35:27.694,0.3,7.8,0.10,0.05
2025-12-31 15:35:28.695,0.2,7.8,0.10,0.05
2025-12-31 15:35:29.696,0.1,7.8,0.10,0.05
2025-12-31 15:35:30.698,0.1,7.8,0.10,0.05
2025-12-31 15:35:31.699,0.2,7.8,0.10,0.05
2025-12-31 15:35:32.700,0.0,7.8,0.10,0.05
2025-12-31 15:35:33.701,0.2,7.8,0.10,0.05
2025-12-31 15:35:34.702,0.0,7.8,0.10,0.05
2025-12-31 15:35:35.704,0.2,7.8,0.10,0.05
2025-12-31 15:35:36.705,0.1,7.8,0.11,0.05
2025-12-31 15:35:37.706,0.1,7.8,0.11,0.05
2025-12-31 15:35:38.708,0.2,7.8,0.12,0.06
2025-12-31 15:35:39.710,0.2,7.8,0.12,0.06
2025-12-31 15:35:40.711,0.2,7.8,0.10,0.05
2025-12-31 15:35:41.713,0.1,7.8,0.11,0.05
2025-12-31 15:35:42.714,0.2,7.8,0.10,0.05
2025-12-31 15:35:43.716,0.2,7.8,0.11,0.05
2025-12-31 15:35:44.717,0.2,7.8,0.10,0.05
2025-12-31 15:35:45.718,0.0,7.8,0.11,0.05
2025-12-31 15:35:46.720,0.2,7.8,0.10,0.05
2025-12-31 15:35:47.721,0.1,7.8,0.11,0.05
2025-12-31 15:35:48.722,0.3,7.8,0.11,0.05
2025-12-31 15:35:49.724,0.2,7.8,0.11,0.06
2025-12-31 15:35:50.725,0.3,7.8,0.10,0.05
2025-12-31 15:35:51.726,0.2,7.8,0.11,0.05
2025-12-31 15:35:52.727,0.2,7.8,0.11,0.06
2025-12-31 15:35:53.728,0.1,7.8,0.10,0.05
2025-12-31 15:35:54.730,0.3,7.8,0.11,0.05
2025-12-31 15:35:55.731,0.2,7.8,0.10,0.05
2025-12-31 15:35:56.732,0.1,7.8,0.10,0.05
2025-12-31 15:35:57.734,0.2,7.8,0.11,0.05
2025-12-31 15:35:58.735,0.2,7.8,0.10,0.05
2025-12-31 15:35:59.736,0.3,7.8,0.11,0.06
2025-12-31 15:36:00.738,0.2,7.8,0.11,0.05
2025-12-31 15:36:01.739,0.2,7.8,0.11,0.05
2025-12-31 15:36:02.740,0.2,7.8,0.11,0.05
2025-12-31 15:36:03.742,0.2,7.8,0.11,0.05
2025-12-31 15:36:04.743,0.2,7.8,0.10,0.05
2025-12-31 15:36:05.744,0.2,7.8,0.11,0.05
2025-12-31 15:36:06.745,0.1,7.8,0.10,0.05
2025-12-31 15:36:07.746,0.2,7.8,0.10,0.05
2025-12-31 15:36:08.748,0.1,7.8,0.11,0.05
2025-12-31 15:36:09.749,0.2,7.8,0.11,0.05
2025-12-31 15:36:10.750,0.1,7.8,0.10,0.05
2025-12-31 15:36:11.752,0.0,7.8,0.10,0.05
2025-12-31 15:36:12.753,0.0,7.8,0.11,0.05
2025-12-31 15:36:13.754,0.1,7.8,0.10,0.05
2025-12-31 15:36:14.755,0.1,7.8,0.10,0.05
2025-12-31 15:36:15.757,0.1,7.8,0.10,0.05
2025-12-31 15:36:16.758,0.2,7.8,0.11,0.05
2025-12-31 15:36:17.760,0.1,7.8,0.11,0.05
2025-12-31 15:36:18.761,0.0,7.8,0.11,0.05
2025-12-31 15:36:19.762,0.1,7.8,0.11,0.06
2025-12-31 15:36:20.764,0.1,7.8,0.11,0.05
2025-12-31 15:36:21.765,0.2,7.8,0.10,0.05
2025-12-31 15:36:22.766,0.0,7.8,0.11,0.05
2025-12-31 15:36:23.768,0.0,7.8,0.11,0.05
2025-12-31 15:36:24.769,0.1,7.8,0.11,0.05
2025-12-31 15:36:25.771,0.0,7.8,0.10,0.05
2025-12-31 15:36:26.772,0.1,7.8,0.11,0.05
2025-12-31 15:36:27.774,0.1,7.8,0.11,0.06
2025-12-31 15:36:28.775,0.1,7.8,0.10,0.05
2025-12-31 15:36:29.776,0.0,7.8,0.11,0.05
2025-12-31 15:36:30.778,0.0,7.8,0.10,0.05
2025-12-31 15:36:31.779,0.1,7.8,0.10,0.05
2025-12-31 15:36:32.781,0.1,7.8,0.10,0.05
2025-12-31 15:36:33.782,0.1,7.8,0.11,0.05
2025-12-31 15:36:34.783,0.1,7.8,0.10,0.05
2025-12-31 15:36:35.784,0.1,7.8,0.10,0.05
2025-12-31 15:36:36.786,0.0,7.8,0.11,0.05
2025-12-31 15:36:37.788,0.2,7.8,0.10,0.05
2025-12-31 15:36:38.789,0.0,7.8,0.10,0.05
2025-12-31 15:36:39.790,0.0,7.8,0.11,0.05
2025-12-31 15:36:40.791,0.2,7.8,0.11,0.05
2025-12-31 15:36:41.792,0.2,7.8,0.10,0.05
2025-12-31 15:36:42.794,0.1,7.8,0.10,0.05
2025-12-31 15:36:43.795,0.2,7.8,0.10,0.05
2025-12-31 15:36:44.797,0.0,7.8,0.10,0.05
2025-12-31 15:36:45.798,0.1,7.8,0.11,0.05
2025-12-31 15:36:46.800,0.2,7.8,0.11,0.05
2025-12-31 15:36:47.801,0.0,7.8,0.10,0.05
2025-12-31 15:36:48.802,0.0,7.8,0.10,0.05
2025-12-31 15:36:49.804,0.1,7.8,0.11,0.06
2025-12-31 15:36:50.805,0.2,7.8,0.10,0.05
2025-12-31 15:36:51.806,0.1,7.8,0.11,0.05
2025-12-31 15:36:52.807,0.2,7.8,0.10,0.05
2025-12-31 15:36:53.809,0.2,7.8,0.11,0.05
2025-12-31 15:36:54.810,0.0,7.8,0.10,0.05
2025-12-31 15:36:55.811,0.2,7.8,0.10,0.05
2025-12-31 15:36:56.812,0.1,7.8,0.11,0.05
2025-12-31 15:36:57.814,0.1,7.8,0.10,0.05
2025-12-31 15:36:58.815,0.0,7.8,0.10,0.05
2025-12-31 15:36:59.816,0.0,7.8,0.11,0.06
2025-12-31 15:37:00.818,0.0,7.8,0.11,0.06
2025-12-31 15:37:01.820,0.1,7.8,0.11,0.05
2025-12-31 15:37:02.822,0.0,7.8,0.10,0.05
2025-12-31 15:37:03.824,0.0,7.8,0.10,0.05
2025-12-31 15:37:04.825,0.0,7.8,0.11,0.05
2025-12-31 15:37:05.826,0.1,7.8,0.11,0.06
2025-12-31 15:37:06.827,0.1,7.8,0.10,0.05
2025-12-31 15:37:07.829,0.0,7.8,0.11,0.05
2025-12-31 15:37:08.830,0.1,7.8,0.10,0.05
2025-12-31 15:37:09.831,0.0,7.8,0.11,0.06
2025-12-31 15:37:10.832,0.1,7.8,0.11,0.05
2025-12-31 15:37:11.833,0.0,7.8,0.11,0.05
2025-12-31 15:37:12.835,0.0,7.8,0.11,0.05
2025-12-31 15:37:13.836,0.1,7.8,0.10,0.05
2025-12-31 15:37:14.838,0.0,7.8,0.10,0.05
2025-12-31 15:37:15.840,0.2,7.8,0.10,0.05
2025-12-31 15:37:16.841,0.1,7.8,0.10,0.05
2025-12-31 15:37:17.843,0.1,7.8,0.10,0.05
2025-12-31 15:37:18.844,0.0,7.8,0.11,0.05
2025-12-31 15:37:19.846,0.0,7.8,0.11,0.05
2025-12-31 15:37:20.848,0.0,7.8,0.11,0.05
2025-12-31 15:37:21.850,0.1,7.8,0.11,0.05
2025-12-31 15:37:22.851,0.1,7.8,0.10,0.05
2025-12-31 15:37:23.854,0.0,7.8,0.10,0.05
2025-12-31 15:37:24.855,0.0,7.8,0.11,0.05
2025-12-31 15:37:25.857,0.0,7.8,0.10,0.05
2025-12-31 15:37:26.858,0.3,7.8,0.10,0.05
2025-12-31 15:37:27.860,0.0,7.8,0.10,0.05
2025-12-31 15:37:28.861,0.1,7.8,0.10,0.05
2025-12-31 15:37:29.863,0.0,7.8,0.11,0.05
2025-12-31 15:37:30.864,0.1,7.8,0.11,0.05
2025-12-31 15:37:31.866,0.2,7.8,0.10,0.05
2025-12-31 15:37:32.867,0.1,7.8,0.11,0.05
2025-12-31 15:37:33.868,0.1,7.8,0.10,0.05
2025-12-31 15:37:34.869,0.0,7.8,0.11,0.05
2025-12-31 15:37:35.870,0.0,7.8,0.10,0.06
2025-12-31 15:37:36.871,0.0,7.8,0.11,0.05
2025-12-31 15:37:37.873,0.0,7.8,0.10,0.05
2025-12-31 15:37:38.874,0.1,7.8,0.10,0.05
2025-12-31 15:37:39.876,0.1,7.8,0.10,0.05
2025-12-31 15:37:40.877,0.0,7.8,0.10,0.05
2025-12-31 15:37:41.879,0.0,7.8,0.10,0.05
2025-12-31 15:37:42.880,0.0,7.8,0.11,0.06
2025-12-31 15:37:43.881,0.1,7.8,0.10,0.05
2025-12-31 15:37:44.882,0.1,7.8,0.11,0.05
2025-12-31 15:37:45.884,0.0,7.8,0.11,0.05
2025-12-31 15:37:46.885,0.1,7.8,0.11,0.05
2025-12-31 15:37:47.886,0.1,7.8,0.10,0.05
2025-12-31 15:37:48.887,0.1,7.8,0.11,0.05
2025-12-31 15:37:49.888,0.0,7.8,0.11,0.05
2025-12-31 15:37:50.889,0.0,7.8,0.10,0.05
2025-12-31 15:37:51.891,0.1,7.8,0.10,0.05
2025-12-31 15:37:52.892,0.1,7.8,0.10,0.05
2025-12-31 15:37:53.894,0.0,7.8,0.11,0.05
2025-12-31 15:37:54.895,0.2,7.8,0.11,0.05
2025-12-31 15:37:55.897,0.2,7.8,0.11,0.05
2025-12-31 15:37:56.898,0.1,7.8,0.10,0.05
2025-12-31 15:37:57.900,0.2,7.8,0.11,0.05
2025-12-31 15:37:58.901,0.2,7.8,0.10,0.05
2025-12-31 15:37:59.902,0.1,7.8,0.11,0.06
2025-12-31 15:38:00.903,0.2,7.8,0.10,0.05
2025-12-31 15:38:01.904,0.1,7.8,0.11,0.05
2025-12-31 15:38:02.905,0.1,7.8,0.11,0.05
2025-12-31 15:38:03.906,0.1,7.8,0.10,0.05
2025-12-31 15:38:04.908,0.1,7.8,0.11,0.05
2025-12-31 15:38:05.909,0.1,7.8,0.10,0.05
2025-12-31 15:38:06.911,0.1,7.8,0.11,0.05
2025-12-31 15:38:07.913,0.1,7.8,0.10,0.05
2025-12-31 15:38:08.915,0.1,7.8,0.11,0.05
2025-12-31 15:38:09.916,0.1,7.8,0.11,0.05
2025-12-31 15:38:10.917,0.0,7.8,0.11,0.06
2025-12-31 15:38:11.919,0.0,7.8,0.10,0.05
2025-12-31 15:38:12.921,0.1,7.8,0.11,0.05
2025-12-31 15:38:13.922,0.1,7.8,0.10,0.05
2025-12-31 15:38:14.923,0.1,7.8,0.11,0.05
2025-12-31 15:38:15.924,0.1,7.8,0.10,0.05
2025-12-31 15:38:16.926,0.2,7.8,0.10,0.05
2025-12-31 15:38:17.927,0.1,7.8,0.10,0.05
2025-12-31 15:38:18.928,0.0,7.8,0.11,0.05
2025-12-31 15:38:19.929,0.0,7.8,0.10,0.05
2025-12-31 15:38:20.930,0.1,7.8,0.11,0.06
2025-12-31 15:38:21.931,0.2,7.8,0.10,0.05
2025-12-31 15:38:22.932,0.1,7.8,0.10,0.05
2025-12-31 15:38:23.933,0.0,7.8,0.11,0.05
2025-12-31 15:38:24.934,0.2,7.8,0.10,0.05
2025-12-31 15:38:25.935,0.1,7.8,0.10,0.05
2025-12-31 15:38:26.936,0.2,7.8,0.10,0.05
2025-12-31 15:38:27.937,0.0,7.8,0.10,0.05
2025-12-31 15:38:28.938,0.2,7.8,0.10,0.05
2025-12-31 15:38:29.940,0.2,7.8,0.11,0.05
2025-12-31 15:38:30.941,0.0,7.8,0.10,0.05
2025-12-31 15:38:31.942,0.2,7.8,0.10,0.05
2025-12-31 15:38:32.943,0.1,7.8,0.11,0.05
2025-12-31 15:38:33.944,0.1,7.8,0.10,0.05
2025-12-31 15:38:34.945,0.2,7.8,0.11,0.05
2025-12-31 15:38:35.947,0.2,7.8,0.10,0.05
2025-12-31 15:38:36.949,0.2,7.8,0.11,0.06
2025-12-31 15:38:37.950,0.1,7.8,0.10,0.05
2025-12-31 15:38:38.951,0.1,7.8,0.11,0.06
2025-12-31 15:38:39.953,0.2,7.8,0.11,0.05
2025-12-31 15:38:40.954,0.2,7.8,0.10,0.05
2025-12-31 15:38:41.955,0.2,7.8,0.10,0.05
2025-12-31 15:38:42.957,0.1,7.8,0.11,0.05
2025-12-31 15:38:43.959,0.2,7.8,0.10,0.05
2025-12-31 15:38:44.960,0.2,7.8,0.11,0.05
2025-12-31 15:38:45.961,0.2,7.8,0.10,0.05
2025-12-31 15:38:46.962,0.4,7.8,0.10,0.05
2025-12-31 15:38:47.963,0.2,7.8,0.11,0.05
2025-12-31 15:38:48.964,0.2,7.8,0.11,0.05
2025-12-31 15:38:49.966,0.2,7.8,0.11,0.05
2025-12-31 15:38:50.967,0.2,7.8,0.10,0.05
2025-12-31 15:38:51.968,0.1,7.8,0.10,0.05
2025-12-31 15:38:52.969,0.2,7.8,0.10,0.05
2025-12-31 15:38:53.971,0.1,7.8,0.10,0.05
2025-12-31 15:38:54.972,0.2,7.8,0.11,0.05
2025-12-31 15:38:55.973,0.2,7.8,0.10,0.05
2025-12-31 15:38:56.974,0.2,7.8,0.11,0.05
2025-12-31 15:38:57.976,0.2,7.8,0.10,0.05
2025-12-31 15:38:58.977,0.1,7.8,0.10,0.05
2025-12-31 15:38:59.978,0.1,7.8,0.11,0.05
2025-12-31 15:39:00.979,0.1,7.8,0.10,0.05
2025-12-31 15:39:01.980,0.2,7.8,0.10,0.05
2025-12-31 15:39:02.982,0.1,7.8,0.11,0.05
2025-12-31 15:39:03.983,0.2,7.8,0.10,0.05
2025-12-31 15:39:04.985,0.0,7.8,0.10,0.05
2025-12-31 15:39:05.986,0.0,7.8,0.11,0.05
2025-12-31 15:39:06.987,0.0,7.8,0.10,0.05
2025-12-31 15:39:07.988,0.1,7.8,0.10,0.05
2025-12-31 15:39:08.989,0.0,7.8,0.10,0.05
2025-12-31 15:39:09.991,0.1,7.8,0.11,0.05
2025-12-31 15:39:10.992,0.0,7.8,0.10,0.05
2025-12-31 15:39:11.993,0.0,7.8,0.10,0.05
2025-12-31 15:39:12.995,0.0,7.8,0.10,0.05
2025-12-31 15:39:13.996,0.1,7.8,0.11,0.05
2025-12-31 15:39:14.997,0.0,7.8,0.10,0.05
2025-12-31 15:39:15.998,0.1,7.8,0.10,0.05
2025-12-31 15:39:17.000,0.0,7.8,0.10,0.05
2025-12-31 15:39:18.001,0.2,7.8,0.10,0.05
2025-12-31 15:39:19.003,0.0,7.8,0.11,0.05
2025-12-31 15:39:20.005,0.2,7.8,0.11,0.06
2025-12-31 15:39:21.006,0.0,7.8,0.11,0.06
2025-12-31 15:39:22.007,0.0,7.8,0.11,0.06
2025-12-31 15:39:23.008,0.1,7.8,0.10,0.05
2025-12-31 15:39:24.009,0.0,7.8,0.11,0.05
2025-12-31 15:39:25.011,0.2,7.8,0.10,0.05
2025-12-31 15:39:26.012,0.0,7.8,0.11,0.05
2025-12-31 15:39:27.013,0.1,7.8,0.10,0.05
2025-12-31 15:39:28.014,0.1,7.8,0.10,0.05
2025-12-31 15:39:29.015,0.0,7.8,0.10,0.05
2025-12-31 15:39:30.017,0.1,7.8,0.11,0.05
2025-12-31 15:39:31.018,0.2,7.8,0.10,0.05
2025-12-31 15:39:32.019,0.1,7.8,0.10,0.05
2025-12-31 15:39:33.021,0.2,7.8,0.11,0.05
2025-12-31 15:39:34.023,0.1,7.8,0.10,0.05
2025-12-31 15:39:35.024,0.1,7.8,0.10,0.05
2025-12-31 15:39:36.025,0.1,7.8,0.10,0.05
2025-12-31 15:39:37.026,0.1,7.8,0.10,0.05
2025-12-31 15:39:38.029,0.2,7.8,0.10,0.05
2025-12-31 15:39:39.030,0.1,7.8,0.10,0.05
2025-12-31 15:39:40.031,0.1,7.8,0.11,0.05
2025-12-31 15:39:41.033,0.2,7.8,0.11,0.05
2025-12-31 15:39:42.034,0.1,7.8,0.10,0.05
2025-12-31 15:39:43.035,0.1,7.8,0.11,0.05
2025-12-31 15:39:44.036,0.2,7.8,0.10,0.05
2025-12-31 15:39:45.037,0.2,7.8,0.10,0.05
2025-12-31 15:39:46.038,0.2,7.8,0.10,0.05
2025-12-31 15:39:47.039,0.2,7.8,0.10,0.05
2025-12-31 15:39:48.041,0.2,7.8,0.10,0.05
2025-12-31 15:39:49.043,0.2,7.8,0.10,0.05
2025-12-31 15:39:50.044,0.2,7.8,0.11,0.05
2025-12-31 15:39:51.045,0.1,7.8,0.11,0.05
2025-12-31 15:39:52.046,0.0,7.8,0.10,0.05
2025-12-31 15:39:53.048,0.1,7.8,0.10,0.05
2025-12-31 15:39:54.049,0.1,7.8,0.10,0.05
2025-12-31 15:39:55.050,0.0,7.8,0.10,0.05
2025-12-31 15:39:56.051,0.0,7.8,0.10,0.05
2025-12-31 15:39:57.053,0.0,7.8,0.11,0.06
2025-12-31 15:39:58.054,0.1,7.8,0.10,0.05
2025-12-31 15:39:59.056,0.1,7.8,0.10,0.05
2025-12-31 15:40:00.057,0.1,7.8,0.11,0.05
2025-12-31 15:40:01.059,0.0,7.8,0.10,0.05
2025-12-31 15:40:02.061,0.1,7.8,0.10,0.05
2025-12-31 15:40:03.062,0.1,7.8,0.10,0.05
2025-12-31 15:40:04.063,0.1,7.8,0.11,0.05
2025-12-31 15:40:05.065,0.0,7.8,0.10,0.05
2025-12-31 15:40:06.066,0.1,7.8,0.11,0.05
2025-12-31 15:40:07.069,0.1,7.8,0.10,0.05
2025-12-31 15:40:08.070,0.0,7.8,0.11,0.05
2025-12-31 15:40:09.071,0.0,7.8,0.10,0.05
2025-12-31 15:40:10.072,0.0,7.8,0.11,0.06
2025-12-31 15:40:11.073,0.1,7.8,0.11,0.05
2025-12-31 15:40:12.074,0.0,7.8,0.10,0.05
2025-12-31 15:40:13.075,0.1,7.8,0.11,0.05
2025-12-31 15:40:14.076,0.0,7.8,0.10,0.05
2025-12-31 15:40:15.077,0.1,7.8,0.11,0.06
2025-12-31 15:40:16.078,0.1,7.8,0.11,0.05
2025-12-31 15:40:17.080,0.2,7.8,0.10,0.05
2025-12-31 15:40:18.081,0.0,7.8,0.11,0.06
2025-12-31 15:40:19.082,0.1,7.8,0.11,0.05
2025-12-31 15:40:20.083,0.1,7.8,0.11,0.05
2025-12-31 15:40:21.084,0.1,7.8,0.11,0.05
2025-12-31 15:40:22.085,0.0,7.8,0.10,0.05
2025-12-31 15:40:23.086,0.1,7.8,0.10,0.05
2025-12-31 15:40:24.087,0.1,7.8,0.11,0.05
2025-12-31 15:40:25.089,0.0,7.8,0.10,0.05
2025-12-31 15:40:26.090,0.1,7.8,0.10,0.05
2025-12-31 15:40:27.091,0.1,7.8,0.10,0.05
2025-12-31 15:40:28.093,0.0,7.8,0.11,0.05
2025-12-31 15:40:29.094,0.1,7.8,0.10,0.05
2025-12-31 15:40:30.096,0.0,7.8,0.11,0.05
2025-12-31 15:40:31.097,0.0,7.8,0.10,0.05
2025-12-31 15:40:32.098,0.0,7.8,0.10,0.05
2025-12-31 15:40:33.100,0.1,7.8,0.11,0.05
2025-12-31 15:40:34.101,0.0,7.8,0.10,0.05
2025-12-31 15:40:35.102,0.1,7.8,0.11,0.05
2025-12-31 15:40:36.104,0.0,7.8,0.10,0.05
2025-12-31 15:40:37.105,0.1,7.8,0.10,0.05
2025-12-31 15:40:38.106,0.0,7.8,0.10,0.05
2025-12-31 15:40:39.107,0.0,7.8,0.10,0.05
2025-12-31 15:40:40.109,0.1,7.8,0.11,0.05
2025-12-31 15:40:41.110,0.0,7.8,0.11,0.05
2025-12-31 15:40:42.111,0.1,7.8,0.10,0.05
2025-12-31 15:40:43.112,0.1,7.8,0.11,0.05
2025-12-31 15:40:44.114,0.0,7.8,0.10,0.05
2025-12-31 15:40:45.115,0.1,7.8,0.10,0.05
2025-12-31 15:40:46.117,0.0,7.8,0.10,0.05
2025-12-31 15:40:47.118,0.1,7.8,0.10,0.05
2025-12-31 15:40:48.119,0.1,7.8,0.10,0.05
2025-12-31 15:40:49.120,0.1,7.8,0.10,0.05
2025-12-31 15:40:50.123,0.1,7.8,0.11,0.05
2025-12-31 15:40:51.124,0.0,7.8,0.10,0.05
2025-12-31 15:40:52.125,0.1,7.8,0.10,0.05
2025-12-31 15:40:53.126,0.1,7.8,0.11,0.06
2025-12-31 15:40:54.127,0.1,7.8,0.10,0.05
2025-12-31 15:40:55.129,0.1,7.8,0.10,0.05
2025-12-31 15:40:56.130,0.0,7.8,0.10,0.05
2025-12-31 15:40:57.131,0.1,7.8,0.10,0.05
2025-12-31 15:40:58.132,0.1,7.8,0.10,0.05
2025-12-31 15:40:59.134,0.0,7.8,0.11,0.05
2025-12-31 15:41:00.135,0.2,7.8,0.11,0.05
2025-12-31 15:41:01.136,0.0,7.8,0.11,0.05
2025-12-31 15:41:02.138,0.0,7.8,0.10,0.05
2025-12-31 15:41:03.139,0.0,7.8,0.11,0.05
2025-12-31 15:41:04.140,0.1,7.8,0.10,0.05
2025-12-31 15:41:05.142,0.0,7.8,0.10,0.05
2025-12-31 15:41:06.143,0.2,7.8,0.10,0.05
2025-12-31 15:41:07.145,0.0,7.8,0.11,0.06
2025-12-31 15:41:08.147,0.0,7.8,0.10,0.05
2025-12-31 15:41:09.148,0.0,7.8,0.11,0.05
2025-12-31 15:41:10.150,0.1,7.8,0.11,0.05
2025-12-31 15:41:11.151,0.1,7.8,0.10,0.05
2025-12-31 15:41:12.152,0.0,7.8,0.10,0.05
2025-12-31 15:41:13.153,0.1,7.8,0.10,0.05
2025-12-31 15:41:14.155,0.0,7.8,0.10,0.05
2025-12-31 15:41:15.156,0.1,7.8,0.11,0.05
2025-12-31 15:41:16.157,0.0,7.8,0.10,0.05
2025-12-31 15:41:17.159,0.2,7.8,0.10,0.05
2025-12-31 15:41:18.161,0.2,7.8,0.11,0.05
2025-12-31 15:41:19.162,0.2,7.8,0.10,0.05
2025-12-31 15:41:20.164,0.1,7.8,0.10,0.05
2025-12-31 15:41:21.166,0.0,7.8,0.11,0.05
2025-12-31 15:41:22.168,0.2,7.8,0.10,0.05
2025-12-31 15:41:23.169,0.2,7.8,0.11,0.05
2025-12-31 15:41:24.170,0.1,7.8,0.10,0.05
2025-12-31 15:41:25.172,0.2,7.8,0.11,0.05
2025-12-31 15:41:26.173,0.0,7.8,0.10,0.05
2025-12-31 15:41:27.174,0.2,7.8,0.10,0.05
2025-12-31 15:41:28.175,0.4,7.8,0.10,0.05
2025-12-31 15:41:29.176,0.2,7.8,0.11,0.05
2025-12-31 15:41:30.178,0.1,7.8,0.11,0.06
2025-12-31 15:41:31.179,0.2,7.8,0.11,0.06
2025-12-31 15:41:32.180,0.3,7.8,0.10,0.05
2025-12-31 15:41:33.181,0.2,7.8,0.10,0.05
2025-12-31 15:41:34.182,0.2,7.8,0.10,0.05
2025-12-31 15:41:35.184,0.2,7.8,0.11,0.05
2025-12-31 15:41:36.185,0.2,7.8,0.10,0.05
2025-12-31 15:41:37.186,0.3,7.8,0.11,0.05
2025-12-31 15:41:38.187,0.2,7.8,0.10,0.05
2025-12-31 15:41:39.189,0.2,7.8,0.10,0.05
2025-12-31 15:41:40.190,0.2,7.8,0.11,0.05
2025-12-31 15:41:41.191,0.2,7.8,0.10,0.05
2025-12-31 15:41:42.193,0.2,7.8,0.10,0.05
2025-12-31 15:41:43.194,0.2,7.8,0.11,0.06
2025-12-31 15:41:44.195,0.3,7.8,0.11,0.05
2025-12-31 15:41:45.197,0.2,7.8,0.10,0.05
2025-12-31 15:41:46.198,0.2,7.8,0.11,0.05
2025-12-31 15:41:47.199,0.2,7.8,0.12,0.06
2025-12-31 15:41:48.201,0.2,7.8,0.11,0.05
2025-12-31 15:41:49.202,0.1,7.8,0.10,0.05
2025-12-31 15:41:50.203,0.2,7.8,0.11,0.06
2025-12-31 15:41:51.204,0.2,7.8,0.10,0.05
2025-12-31 15:41:52.206,0.1,7.8,0.10,0.05
2025-12-31 15:41:53.207,0.1,7.8,0.11,0.05
2025-12-31 15:41:54.208,0.2,7.8,0.10,0.05
2025-12-31 15:41:55.209,0.1,7.8,0.10,0.05
2025-12-31 15:41:56.211,0.2,7.8,0.10,0.05
2025-12-31 15:41:57.212,0.0,7.8,0.11,0.05
2025-12-31 15:41:58.214,0.0,7.8,0.10,0.05
2025-12-31 15:41:59.215,0.1,7.8,0.10,0.05
2025-12-31 15:42:00.217,0.0,7.8,0.11,0.05
2025-12-31 15:42:01.218,0.1,7.8,0.10,0.05
2025-12-31 15:42:02.219,0.0,7.8,0.10,0.05
2025-12-31 15:42:03.220,0.2,7.8,0.12,0.05
2025-12-31 15:42:04.221,0.1,7.8,0.10,0.05
2025-12-31 15:42:05.222,0.2,7.8,0.10,0.05
2025-12-31 15:42:06.223,0.0,7.8,0.10,0.05
2025-12-31 15:42:07.225,0.1,7.8,0.10,0.05
2025-12-31 15:42:08.226,0.0,7.8,0.10,0.05
2025-12-31 15:42:09.227,0.1,7.8,0.11,0.06
2025-12-31 15:42:10.227,0.1,7.8,0.11,0.05
2025-12-31 15:42:11.229,0.1,7.8,0.10,0.05
2025-12-31 15:42:12.230,0.2,7.8,0.10,0.05
2025-12-31 15:42:13.231,0.1,7.8,0.11,0.05
2025-12-31 15:42:14.232,0.1,7.8,0.10,0.05
2025-12-31 15:42:15.233,0.1,7.8,0.10,0.05
2025-12-31 15:42:16.235,0.0,7.8,0.10,0.05
2025-12-31 15:42:17.236,0.2,7.8,0.11,0.05
2025-12-31 15:42:18.237,0.0,7.8,0.10,0.05
2025-12-31 15:42:19.238,0.0,7.8,0.11,0.05
2025-12-31 15:42:20.239,0.2,7.8,0.11,0.05
2025-12-31 15:42:21.239,0.1,7.8,0.10,0.05
2025-12-31 15:42:22.240,0.1,7.8,0.10,0.05
2025-12-31 15:42:23.241,0.2,7.8,0.10,0.05
2025-12-31 15:42:24.243,0.0,7.8,0.11,0.05
2025-12-31 15:42:25.244,0.2,7.8,0.10,0.05
2025-12-31 15:42:26.245,0.2,7.8,0.10,0.05
2025-12-31 15:42:27.246,0.2,7.8,0.10,0.05
2025-12-31 15:42:28.247,0.1,7.8,0.10,0.05
2025-12-31 15:42:29.248,0.2,7.8,0.10,0.05
2025-12-31 15:42:30.250,0.2,7.8,0.11,0.05
2025-12-31 15:42:31.251,0.2,7.8,0.10,0.05
2025-12-31 15:42:32.253,0.1,7.8,0.10,0.05
2025-12-31 15:42:33.254,0.0,7.8,0.11,0.05
2025-12-31 15:42:34.255,0.2,7.8,0.10,0.05
2025-12-31 15:42:35.256,0.0,7.8,0.10,0.05
2025-12-31 15:42:36.257,0.2,7.8,0.11,0.05
2025-12-31 15:42:37.258,0.2,7.8,0.10,0.05
2025-12-31 15:42:38.260,0.2,7.8,0.10,0.05
2025-12-31 15:42:39.261,0.2,7.8,0.10,0.05
2025-12-31 15:42:40.262,0.2,7.8,0.11,0.06
2025-12-31 15:42:41.264,0.3,7.8,0.10,0.05
2025-12-31 15:42:42.265,0.2,7.8,0.11,0.05
2025-12-31 15:42:43.267,0.1,7.8,0.10,0.05
2025-12-31 15:42:44.268,0.1,7.8,0.10,0.05
2025-12-31 15:42:45.270,0.1,7.8,0.10,0.05
2025-12-31 15:42:46.271,0.1,7.8,0.11,0.05
2025-12-31 15:42:47.273,0.2,7.8,0.10,0.05
2025-12-31 15:42:48.274,0.1,7.8,0.11,0.05
2025-12-31 15:42:49.275,0.2,7.8,0.10,0.05
2025-12-31 15:42:50.277,0.1,7.8,0.11,0.05
2025-12-31 15:42:51.278,0.1,7.8,0.10,0.05
2025-12-31 15:42:52.279,0.1,7.8,0.10,0.05
2025-12-31 15:42:53.280,0.2,7.8,0.10,0.06
2025-12-31 15:42:54.281,0.0,7.8,0.10,0.05
2025-12-31 15:42:55.282,0.1,7.8,0.11,0.05
2025-12-31 15:42:56.284,0.0,7.8,0.10,0.05
2025-12-31 15:42:57.286,0.1,7.8,0.11,0.05
2025-12-31 15:42:58.288,0.1,7.8,0.10,0.05
2025-12-31 15:42:59.289,0.0,7.8,0.10,0.05
2025-12-31 15:43:00.291,0.1,7.8,0.10,0.05
2025-12-31 15:43:01.292,0.0,7.8,0.10,0.05
2025-12-31 15:43:02.294,0.1,7.8,0.10,0.05
2025-12-31 15:43:03.296,0.2,7.8,0.11,0.05
2025-12-31 15:43:04.297,0.0,7.8,0.10,0.05
2025-12-31 15:43:05.299,0.1,7.8,0.10,0.05
2025-12-31 15:43:06.301,0.1,7.8,0.10,0.05
2025-12-31 15:43:07.304,0.2,7.8,0.11,0.05
2025-12-31 15:43:08.305,0.0,7.8,0.10,0.05
2025-12-31 15:43:09.306,0.1,7.8,0.11,0.05
2025-12-31 15:43:10.307,0.1,7.8,0.10,0.05
2025-12-31 15:43:11.308,0.0,7.8,0.11,0.05
2025-12-31 15:43:12.309,0.0,7.8,0.10,0.05
2025-12-31 15:43:13.311,0.2,7.8,0.10,0.05
2025-12-31 15:43:14.312,0.0,7.8,0.10,0.05
2025-12-31 15:43:15.313,0.1,7.8,0.11,0.05
2025-12-31 15:43:16.314,0.0,7.8,0.10,0.05
2025-12-31 15:43:17.315,0.2,7.8,0.11,0.05
2025-12-31 15:43:18.316,0.0,7.8,0.10,0.05
2025-12-31 15:43:19.318,0.0,7.8,0.10,0.05
2025-12-31 15:43:20.319,0.1,7.8,0.11,0.05
2025-12-31 15:43:21.320,0.0,7.8,0.10,0.05
2025-12-31 15:43:22.321,0.1,7.8,0.10,0.05
2025-12-31 15:43:23.323,0.1,7.8,0.10,0.05
2025-12-31 15:43:24.324,0.1,7.8,0.10,0.05
2025-12-31 15:43:25.325,0.0,7.8,0.10,0.05
2025-12-31 15:43:26.326,0.1,7.8,0.11,0.05
2025-12-31 15:43:27.327,0.2,7.8,0.10,0.05
2025-12-31 15:43:28.329,0.0,7.8,0.10,0.05
2025-12-31 15:43:29.330,0.0,7.8,0.11,0.05
2025-12-31 15:43:30.331,0.1,7.8,0.11,0.05
2025-12-31 15:43:31.333,0.0,7.8,0.10,0.05
2025-12-31 15:43:32.334,0.1,7.8,0.11,0.05
2025-12-31 15:43:33.335,0.0,7.8,0.10,0.05
2025-12-31 15:43:34.337,0.0,7.8,0.10,0.05
2025-12-31 15:43:35.338,0.0,7.8,0.10,0.05
2025-12-31 15:43:36.340,0.1,7.8,0.10,0.05
2025-12-31 15:43:37.341,0.1,7.8,0.11,0.05
2025-12-31 15:43:38.343,0.1,7.8,0.10,0.05
2025-12-31 15:43:39.345,0.2,7.8,0.11,0.05
2025-12-31 15:43:40.346,0.0,7.8,0.10,0.05
2025-12-31 15:43:41.348,0.1,7.8,0.11,0.05
2025-12-31 15:43:42.349,0.0,7.8,0.10,0.05
2025-12-31 15:43:43.351,0.1,7.8,0.10,0.05
2025-12-31 15:43:44.352,0.1,7.8,0.10,0.05
2025-12-31 15:43:45.353,0.0,7.8,0.10,0.05
2025-12-31 15:43:46.355,0.1,7.8,0.10,0.05
2025-12-31 15:43:47.356,0.2,7.8,0.10,0.05
2025-12-31 15:43:48.358,0.2,7.8,0.11,0.05
2025-12-31 15:43:49.360,0.2,7.8,0.10,0.05
2025-12-31 15:43:50.362,0.0,7.8,0.10,0.05
2025-12-31 15:43:51.363,0.2,7.8,0.11,0.05
2025-12-31 15:43:52.366,0.1,7.8,0.10,0.05
2025-12-31 15:43:53.368,0.2,7.8,0.10,0.05
2025-12-31 15:43:54.369,0.0,7.8,0.11,0.05
2025-12-31 15:43:55.370,0.0,7.8,0.10,0.05
2025-12-31 15:43:56.371,0.1,7.8,0.11,0.05
2025-12-31 15:43:57.372,0.1,7.8,0.10,0.05
2025-12-31 15:43:58.374,0.0,7.8,0.11,0.05
2025-12-31 15:43:59.375,0.0,7.8,0.10,0.05
2025-12-31 15:44:00.376,0.2,7.8,0.11,0.06
2025-12-31 15:44:01.377,0.0,7.8,0.11,0.05
2025-12-31 15:44:02.379,0.0,7.8,0.11,0.05
2025-12-31 15:44:03.380,0.1,7.8,0.11,0.06
2025-12-31 15:44:04.381,0.0,7.8,0.11,0.06
2025-12-31 15:44:05.383,0.0,7.8,0.11,0.07
2025-12-31 15:44:06.384,0.2,7.8,0.10,0.07
2025-12-31 15:44:07.386,0.1,7.8,0.10,0.06
2025-12-31 15:44:08.387,0.1,7.8,0.10,0.05
2025-12-31 15:44:09.389,0.0,7.8,0.10,0.06
2025-12-31 15:44:10.390,0.0,7.8,0.11,0.06
2025-12-31 15:44:11.391,0.2,7.8,0.11,0.05
2025-12-31 15:44:12.392,0.2,7.8,0.10,0.06
2025-12-31 15:44:13.394,0.1,7.8,0.10,0.05
2025-12-31 15:44:14.395,0.2,7.8,0.10,0.06
2025-12-31 15:44:15.397,0.2,7.8,0.10,0.06
2025-12-31 15:44:16.398,0.1,7.8,0.10,0.05
2025-12-31 15:44:17.400,0.2,7.9,0.10,0.05
2025-12-31 15:44:18.401,0.2,7.9,0.10,0.05
2025-12-31 15:44:19.403,0.1,7.9,0.10,0.05
2025-12-31 15:44:20.404,0.1,7.9,0.11,0.06
2025-12-31 15:44:21.405,0.1,7.9,0.10,0.05
2025-12-31 15:44:22.407,0.2,7.9,0.11,0.05
2025-12-31 15:44:23.408,0.2,7.9,0.10,0.05
2025-12-31 15:44:24.409,0.1,7.9,0.10,0.05
2025-12-31 15:44:25.410,0.2,7.9,0.11,0.05
2025-12-31 15:44:26.411,0.2,7.9,0.10,0.05
2025-12-31 15:44:27.413,0.2,7.9,0.11,0.05
2025-12-31 15:44:28.415,0.2,7.9,0.10,0.05
2025-12-31 15:44:29.417,0.2,7.9,0.10,0.05
2025-12-31 15:44:30.419,0.2,7.9,0.10,0.05
2025-12-31 15:44:31.421,0.3,7.9,0.11,0.05
2025-12-31 15:44:32.423,0.2,7.9,0.10,0.05
2025-12-31 15:44:33.425,0.2,7.9,0.10,0.05
2025-12-31 15:44:34.426,0.3,7.9,0.10,0.05
2025-12-31 15:44:35.428,0.2,7.9,0.11,0.05
2025-12-31 15:44:36.429,0.1,7.9,0.10,0.05
2025-12-31 15:44:37.430,0.2,7.9,0.11,0.05
2025-12-31 15:44:38.431,0.2,7.9,0.11,0.06
2025-12-31 15:44:39.433,0.2,7.9,0.10,0.05
2025-12-31 15:44:40.435,0.2,7.9,0.11,0.06
2025-12-31 15:44:41.437,0.2,7.9,0.11,0.06
2025-12-31 15:44:42.438,0.1,7.9,0.10,0.05
2025-12-31 15:44:43.440,0.2,7.9,0.10,0.05
2025-12-31 15:44:44.442,0.2,7.9,0.10,0.05
2025-12-31 15:44:45.444,0.2,7.9,0.10,0.05
2025-12-31 15:44:46.445,0.2,7.9,0.10,0.05
2025-12-31 15:44:47.446,0.1,7.9,0.10,0.05
2025-12-31 15:44:48.447,0.1,7.9,0.10,0.05
2025-12-31 15:44:49.449,0.0,7.9,0.11,0.05
2025-12-31 15:44:50.451,0.2,7.9,0.11,0.05
2025-12-31 15:44:51.453,0.0,7.9,0.10,0.05
2025-12-31 15:44:52.455,0.0,7.9,0.10,0.05
2025-12-31 15:44:53.456,0.1,7.9,0.11,0.05
2025-12-31 15:44:54.457,0.0,7.9,0.10,0.05
2025-12-31 15:44:55.458,0.1,7.9,0.11,0.05
2025-12-31 15:44:56.460,0.0,7.9,0.10,0.05
2025-12-31 15:44:57.461,0.1,7.9,0.11,0.05
2025-12-31 15:44:58.464,0.2,7.9,0.10,0.05
2025-12-31 15:44:59.466,0.0,7.9,0.10,0.05
2025-12-31 15:45:00.467,0.1,7.9,0.10,0.05
2025-12-31 15:45:01.468,0.1,7.9,0.10,0.05
2025-12-31 15:45:02.470,0.0,7.9,0.10,0.05
2025-12-31 15:45:03.471,0.0,7.9,0.11,0.05
2025-12-31 15:45:04.472,0.2,7.9,0.10,0.07
2025-12-31 15:45:05.473,0.0,7.9,0.11,0.08
2025-12-31 15:45:06.474,0.2,7.9,0.11,0.06
2025-12-31 15:45:07.476,0.1,7.9,0.11,0.06
2025-12-31 15:45:08.477,0.2,7.9,0.11,0.06
2025-12-31 15:45:09.478,0.1,7.9,0.10,0.06
2025-12-31 15:45:10.479,0.0,7.9,0.11,0.06
2025-12-31 15:45:11.481,0.0,7.9,0.10,0.06
2025-12-31 15:45:12.482,0.2,7.9,0.10,0.06
2025-12-31 15:45:13.484,0.1,7.9,0.10,0.06
2025-12-31 15:45:14.485,0.1,7.9,0.10,0.05
2025-12-31 15:45:15.487,0.1,7.9,0.11,0.05
2025-12-31 15:45:16.489,0.1,7.9,0.10,0.05
2025-12-31 15:45:17.490,0.2,7.9,0.11,0.05
2025-12-31 15:45:18.491,0.0,7.9,0.10,0.05
2025-12-31 15:45:19.493,0.2,7.9,0.11,0.06
2025-12-31 15:45:20.494,0.2,7.9,0.11,0.06
2025-12-31 15:45:21.495,0.1,7.9,0.10,0.05
2025-12-31 15:45:22.496,0.1,7.9,0.11,0.05
2025-12-31 15:45:23.498,0.1,7.9,0.10,0.05
2025-12-31 15:45:24.499,0.1,7.9,0.10,0.05
2025-12-31 15:45:25.500,0.0,7.9,0.10,0.05
2025-12-31 15:45:26.501,0.2,7.9,0.11,0.05
2025-12-31 15:45:27.502,0.1,7.9,0.11,0.05
2025-12-31 15:45:28.503,0.2,7.9,0.11,0.05
2025-12-31 15:45:29.505,0.1,7.9,0.10,0.05
2025-12-31 15:45:30.506,0.1,7.9,0.10,0.05
2025-12-31 15:45:31.507,0.2,7.9,0.10,0.05
2025-12-31 15:45:32.508,0.3,7.9,0.11,0.05
2025-12-31 15:45:33.510,0.1,7.9,0.11,0.05
2025-12-31 15:45:34.511,0.2,7.9,0.11,0.05
2025-12-31 15:45:35.512,0.2,7.9,0.11,0.05
2025-12-31 15:45:36.514,0.2,7.9,0.11,0.05
2025-12-31 15:45:37.516,0.1,7.9,0.10,0.05
2025-12-31 15:45:38.517,0.0,7.9,0.11,0.05
2025-12-31 15:45:39.518,0.2,7.9,0.10,0.05
2025-12-31 15:45:40.519,0.2,7.9,0.11,0.05
2025-12-31 15:45:41.520,0.0,7.9,0.10,0.05
2025-12-31 15:45:42.521,0.0,7.9,0.10,0.05
2025-12-31 15:45:43.522,0.1,7.9,0.11,0.05
2025-12-31 15:45:44.523,0.0,7.9,0.10,0.05
2025-12-31 15:45:45.525,0.0,7.9,0.11,0.05
2025-12-31 15:45:46.526,0.1,7.9,0.11,0.05
2025-12-31 15:45:47.527,0.1,7.9,0.11,0.05
2025-12-31 15:45:48.529,0.0,7.9,0.11,0.05
2025-12-31 15:45:49.530,0.0,7.9,0.11,0.06
2025-12-31 15:45:50.531,0.1,7.9,0.11,0.05
2025-12-31 15:45:51.533,0.0,7.9,0.11,0.05
2025-12-31 15:45:52.535,0.1,7.9,0.11,0.05
2025-12-31 15:45:53.537,0.1,7.9,0.10,0.05
2025-12-31 15:45:54.539,0.0,7.9,0.11,0.05
2025-12-31 15:45:55.541,0.1,7.9,0.10,0.05
2025-12-31 15:45:56.542,0.0,7.9,0.11,0.05
2025-12-31 15:45:57.543,0.1,7.9,0.10,0.06
2025-12-31 15:45:58.544,0.0,7.9,0.11,0.05
2025-12-31 15:45:59.546,0.0,7.9,0.10,0.05
2025-12-31 15:46:00.547,0.2,7.9,0.11,0.06
2025-12-31 15:46:01.548,0.0,7.9,0.10,0.05
2025-12-31 15:46:02.550,0.1,7.9,0.10,0.06
2025-12-31 15:46:03.552,0.1,7.9,0.10,0.05
2025-12-31 15:46:04.554,0.1,7.9,0.10,0.05
2025-12-31 15:46:05.555,0.1,7.9,0.11,0.05
2025-12-31 15:46:06.557,0.1,7.9,0.10,0.05
2025-12-31 15:46:07.558,0.0,7.9,0.10,0.05
2025-12-31 15:46:08.559,0.1,7.9,0.10,0.05
2025-12-31 15:46:09.560,0.1,7.9,0.10,0.05
2025-12-31 15:46:10.561,0.1,7.9,0.11,0.05
2025-12-31 15:46:11.563,0.1,7.9,0.10,0.05
2025-12-31 15:46:12.564,0.0,7.9,0.10,0.05
2025-12-31 15:46:13.565,0.0,7.9,0.10,0.05
2025-12-31 15:46:14.566,0.2,7.9,0.11,0.05
2025-12-31 15:46:15.567,0.1,7.9,0.10,0.05
2025-12-31 15:46:16.569,0.1,7.9,0.10,0.05
2025-12-31 15:46:17.570,0.0,7.9,0.10,0.05
2025-12-31 15:46:18.572,0.0,7.9,0.11,0.05
2025-12-31 15:46:19.573,0.1,7.9,0.10,0.05
2025-12-31 15:46:20.574,0.0,7.9,0.11,0.06
2025-12-31 15:46:21.575,0.1,7.9,0.11,0.05
2025-12-31 15:46:22.577,0.0,7.9,0.11,0.05
2025-12-31 15:46:23.578,0.1,7.9,0.10,0.05
2025-12-31 15:46:24.579,0.0,7.9,0.11,0.05
2025-12-31 15:46:25.580,0.0,7.9,0.10,0.05
2025-12-31 15:46:26.583,0.2,7.9,0.11,0.05
2025-12-31 15:46:27.585,0.0,7.9,0.11,0.05
2025-12-31 15:46:28.587,0.1,7.9,0.11,0.05
2025-12-31 15:46:29.588,0.0,7.9,0.11,0.05
2025-12-31 15:46:30.590,0.0,7.9,0.11,0.05
2025-12-31 15:46:31.591,0.2,7.9,0.11,0.05
2025-12-31 15:46:32.593,0.0,7.9,0.11,0.05
2025-12-31 15:46:33.594,0.0,7.9,0.11,0.05
2025-12-31 15:46:34.596,0.1,7.9,0.10,0.05
2025-12-31 15:46:35.598,0.0,7.9,0.11,0.06
2025-12-31 15:46:36.599,0.2,7.9,0.10,0.05
2025-12-31 15:46:37.601,0.0,7.9,0.10,0.05
2025-12-31 15:46:38.603,0.0,7.9,0.10,0.05
2025-12-31 15:46:39.605,0.2,7.9,0.10,0.05
2025-12-31 15:46:40.607,0.0,7.9,0.11,0.05
2025-12-31 15:46:41.609,0.0,7.9,0.11,0.05
2025-12-31 15:46:42.610,0.1,7.9,0.10,0.05
2025-12-31 15:46:43.611,0.1,7.9,0.10,0.05
2025-12-31 15:46:44.613,0.0,7.9,0.11,0.05
2025-12-31 15:46:45.614,0.0,7.9,0.10,0.05
2025-12-31 15:46:46.615,0.2,7.9,0.11,0.05
2025-12-31 15:46:47.616,0.0,7.9,0.11,0.05
2025-12-31 15:46:48.617,0.0,7.9,0.11,0.05
2025-12-31 15:46:49.619,0.0,7.9,0.10,0.05
2025-12-31 15:46:50.620,0.1,7.9,0.11,0.06
2025-12-31 15:46:51.622,0.0,7.9,0.10,0.05
2025-12-31 15:46:52.623,0.2,7.9,0.11,0.05
2025-12-31 15:46:53.625,0.0,7.9,0.10,0.05
2025-12-31 15:46:54.627,0.0,7.9,0.11,0.05
2025-12-31 15:46:55.628,0.0,7.9,0.11,0.05
2025-12-31 15:46:56.630,0.1,7.9,0.11,0.05
2025-12-31 15:46:57.631,0.0,7.8,0.11,0.05
2025-12-31 15:46:58.632,0.1,7.8,0.11,0.05
2025-12-31 15:46:59.633,0.0,7.8,0.10,0.05
2025-12-31 15:47:00.634,0.1,7.8,0.11,0.05
2025-12-31 15:47:01.635,0.1,7.8,0.10,0.05
2025-12-31 15:47:02.636,0.0,7.8,0.10,0.05
2025-12-31 15:47:03.638,0.1,7.8,0.10,0.05
2025-12-31 15:47:04.639,0.1,7.8,0.10,0.05
2025-12-31 15:47:05.640,0.0,7.8,0.10,0.05
2025-12-31 15:47:06.641,0.2,7.8,0.11,0.05
2025-12-31 15:47:07.643,0.0,7.8,0.11,0.05
2025-12-31 15:47:08.644,0.2,7.8,0.10,0.05
2025-12-31 15:47:09.646,0.2,7.8,0.10,0.05
2025-12-31 15:47:10.647,0.2,7.8,0.11,0.05
2025-12-31 15:47:11.649,0.3,7.8,0.10,0.05
2025-12-31 15:47:12.652,0.1,7.8,0.11,0.05
2025-12-31 15:47:13.653,0.2,7.8,0.10,0.05
2025-12-31 15:47:14.655,0.2,7.8,0.10,0.05
2025-12-31 15:47:15.656,0.2,7.8,0.11,0.05
2025-12-31 15:47:16.657,0.2,7.9,0.10,0.05
2025-12-31 15:47:17.658,0.2,7.9,0.11,0.05
2025-12-31 15:47:18.659,0.2,7.9,0.10,0.05
2025-12-31 15:47:19.660,0.2,7.9,0.11,0.05
2025-12-31 15:47:20.662,0.4,7.9,0.11,0.05
2025-12-31 15:47:21.664,0.3,7.9,0.11,0.05
2025-12-31 15:47:22.665,0.2,7.9,0.10,0.05
2025-12-31 15:47:23.667,0.2,7.9,0.11,0.05
2025-12-31 15:47:24.669,0.3,7.9,0.11,0.05
2025-12-31 15:47:25.670,0.3,7.9,0.10,0.05
2025-12-31 15:47:26.672,0.3,7.9,0.11,0.05
2025-12-31 15:47:27.673,0.3,7.9,0.11,0.06
2025-12-31 15:47:28.674,0.2,7.9,0.10,0.05
2025-12-31 15:47:29.676,0.2,7.9,0.11,0.05
2025-12-31 15:47:30.677,0.1,7.9,0.11,0.05
2025-12-31 15:47:31.678,0.1,7.9,0.10,0.05
2025-12-31 15:47:32.679,0.2,7.9,0.10,0.05
2025-12-31 15:47:33.681,0.2,7.9,0.10,0.05
2025-12-31 15:47:34.683,0.2,7.9,0.10,0.05
2025-12-31 15:47:35.684,0.2,7.9,0.11,0.05
2025-12-31 15:47:36.686,0.1,7.9,0.10,0.05
2025-12-31 15:47:37.688,0.2,7.9,0.10,0.05
2025-12-31 15:47:38.690,0.1,7.9,0.11,0.05
2025-12-31 15:47:39.692,0.2,7.9,0.12,0.06
2025-12-31 15:47:40.693,0.0,7.9,0.11,0.06
2025-12-31 15:47:41.694,0.1,7.9,0.11,0.05
2025-12-31 15:47:42.695,0.0,7.9,0.10,0.05
2025-12-31 15:47:43.697,0.2,7.9,0.10,0.05
2025-12-31 15:47:44.698,0.2,7.9,0.10,0.05
2025-12-31 15:47:45.699,0.2,7.9,0.11,0.05
2025-12-31 15:47:46.700,0.1,7.9,0.10,0.05
2025-12-31 15:47:47.702,0.1,7.9,0.10,0.05
2025-12-31 15:47:48.703,0.1,7.9,0.11,0.05
2025-12-31 15:47:49.705,0.1,7.9,0.10,0.05
2025-12-31 15:47:50.706,0.1,7.9,0.11,0.06
2025-12-31 15:47:51.707,0.2,7.9,0.11,0.06
2025-12-31 15:47:52.709,0.1,7.9,0.10,0.05
2025-12-31 15:47:53.710,0.1,7.9,0.10,0.05
2025-12-31 15:47:54.711,0.0,7.9,0.12,0.06
2025-12-31 15:47:55.712,0.1,7.9,0.10,0.05
2025-12-31 15:47:56.713,0.1,7.9,0.10,0.05
2025-12-31 15:47:57.714,0.2,7.9,0.11,0.05
2025-12-31 15:47:58.715,0.0,7.9,0.11,0.05
2025-12-31 15:47:59.716,0.1,7.9,0.11,0.05
2025-12-31 15:48:00.718,0.2,7.9,0.11,0.06
2025-12-31 15:48:01.719,0.2,7.9,0.10,0.05
2025-12-31 15:48:02.721,0.0,7.9,0.10,0.05
2025-12-31 15:48:03.722,0.2,7.9,0.11,0.05
2025-12-31 15:48:04.724,0.0,7.9,0.11,0.05
2025-12-31 15:48:05.725,0.2,7.9,0.10,0.05
2025-12-31 15:48:06.726,0.0,7.9,0.10,0.05
2025-12-31 15:48:07.728,0.1,7.9,0.11,0.05
2025-12-31 15:48:08.729,0.0,7.9,0.10,0.05
2025-12-31 15:48:09.731,0.2,7.9,0.11,0.05
2025-12-31 15:48:10.733,0.2,7.9,0.11,0.06
2025-12-31 15:48:11.734,0.1,7.9,0.11,0.05
2025-12-31 15:48:12.735,0.2,7.9,0.10,0.05
2025-12-31 15:48:13.736,0.0,7.9,0.10,0.05
2025-12-31 15:48:14.737,0.1,7.9,0.10,0.05
2025-12-31 15:48:15.738,0.2,7.9,0.11,0.05
2025-12-31 15:48:16.739,0.3,7.9,0.11,0.05
2025-12-31 15:48:17.741,0.1,7.9,0.10,0.05
2025-12-31 15:48:18.742,0.1,7.9,0.11,0.05
2025-12-31 15:48:19.743,0.1,7.9,0.10,0.05
2025-12-31 15:48:20.744,0.2,7.9,0.11,0.05
2025-12-31 15:48:21.745,0.1,7.9,0.11,0.05
2025-12-31 15:48:22.747,0.1,7.9,0.10,0.05
2025-12-31 15:48:23.749,0.1,7.9,0.10,0.05
2025-12-31 15:48:24.751,0.1,7.9,0.10,0.05
2025-12-31 15:48:25.752,0.2,7.9,0.10,0.05
2025-12-31 15:48:26.753,0.1,7.9,0.10,0.05
2025-12-31 15:48:27.754,0.1,7.9,0.10,0.05
2025-12-31 15:48:28.755,0.1,7.9,0.10,0.05
2025-12-31 15:48:29.757,0.2,7.9,0.11,0.06
2025-12-31 15:48:30.758,0.1,7.9,0.10,0.05
2025-12-31 15:48:31.760,0.1,7.9,0.10,0.05
2025-12-31 15:48:32.761,0.1,7.9,0.10,0.05
2025-12-31 15:48:33.762,0.0,7.9,0.10,0.05
2025-12-31 15:48:34.763,0.1,7.9,0.10,0.05
2025-12-31 15:48:35.765,0.2,7.9,0.10,0.05
2025-12-31 15:48:36.766,0.0,7.9,0.10,0.05
2025-12-31 15:48:37.768,0.1,7.9,0.10,0.05
2025-12-31 15:48:38.770,0.1,7.9,0.10,0.05
2025-12-31 15:48:39.772,0.2,7.9,0.10,0.05
2025-12-31 15:48:40.773,0.1,7.9,0.11,0.05
2025-12-31 15:48:41.775,0.1,7.9,0.11,0.05
2025-12-31 15:48:42.777,0.1,7.9,0.10,0.05
2025-12-31 15:48:43.778,0.0,7.9,0.11,0.05
2025-12-31 15:48:44.780,0.0,7.9,0.10,0.05
2025-12-31 15:48:45.781,0.1,7.9,0.10,0.05
2025-12-31 15:48:46.782,0.2,7.9,0.10,0.05
2025-12-31 15:48:47.783,0.0,7.9,0.10,0.05
2025-12-31 15:48:48.785,0.0,7.9,0.10,0.05
2025-12-31 15:48:49.786,0.1,7.9,0.10,0.05
2025-12-31 15:48:50.787,0.1,7.9,0.11,0.06
2025-12-31 15:48:51.788,0.1,7.9,0.10,0.05
2025-12-31 15:48:52.790,0.0,7.9,0.10,0.05
2025-12-31 15:48:53.792,0.1,7.9,0.11,0.05
2025-12-31 15:48:54.793,0.2,7.9,0.10,0.05
2025-12-31 15:48:55.795,0.1,7.9,0.10,0.05
2025-12-31 15:48:56.796,0.2,7.9,0.10,0.05
2025-12-31 15:48:57.798,0.1,7.9,0.10,0.05
2025-12-31 15:48:58.799,0.0,7.9,0.10,0.05
2025-12-31 15:48:59.800,0.1,7.9,0.10,0.05
2025-12-31 15:49:00.802,0.1,7.9,0.11,0.05
2025-12-31 15:49:01.803,0.1,7.9,0.11,0.05
2025-12-31 15:49:02.804,0.0,7.9,0.10,0.05
2025-12-31 15:49:03.806,0.0,7.9,0.10,0.05
2025-12-31 15:49:04.807,0.1,7.9,0.10,0.05
2025-12-31 15:49:05.809,0.2,7.9,0.10,0.05
2025-12-31 15:49:06.810,0.0,7.9,0.10,0.05
2025-12-31 15:49:07.811,0.1,7.9,0.11,0.06
2025-12-31 15:49:08.812,0.1,7.9,0.10,0.05
2025-12-31 15:49:09.814,0.0,7.9,0.10,0.05
2025-12-31 15:49:10.815,0.0,7.9,0.10,0.05
2025-12-31 15:49:11.817,0.1,7.9,0.10,0.05
2025-12-31 15:49:12.818,0.1,7.9,0.10,0.05
2025-12-31 15:49:13.820,0.0,7.9,0.11,0.05
2025-12-31 15:49:14.822,0.1,7.9,0.10,0.05
2025-12-31 15:49:15.823,0.1,7.9,0.11,0.05
2025-12-31 15:49:16.825,0.1,7.8,0.10,0.05
2025-12-31 15:49:17.827,0.0,7.8,0.11,0.05
2025-12-31 15:49:18.829,0.1,7.8,0.10,0.05
2025-12-31 15:49:19.830,0.0,7.8,0.10,0.05
2025-12-31 15:49:20.831,0.0,7.8,0.11,0.06
2025-12-31 15:49:21.833,0.1,7.8,0.10,0.05
2025-12-31 15:49:22.834,0.0,7.8,0.10,0.05
2025-12-31 15:49:23.835,0.0,7.8,0.11,0.05
2025-12-31 15:49:24.836,0.1,7.8,0.10,0.05
2025-12-31 15:49:25.837,0.0,7.8,0.11,0.05
2025-12-31 15:49:26.839,0.0,7.8,0.10,0.05
2025-12-31 15:49:27.840,0.1,7.8,0.10,0.05
2025-12-31 15:49:28.841,0.0,7.8,0.10,0.05
2025-12-31 15:49:29.842,0.0,7.8,0.10,0.05
2025-12-31 15:49:30.844,0.1,7.8,0.11,0.05
2025-12-31 15:49:31.845,0.1,7.8,0.11,0.05
2025-12-31 15:49:32.846,0.0,7.8,0.10,0.05
2025-12-31 15:49:33.847,0.1,7.8,0.10,0.05
2025-12-31 15:49:34.849,0.0,7.8,0.10,0.05
2025-12-31 15:49:35.850,0.0,7.8,0.10,0.05
2025-12-31 15:49:36.852,0.1,7.8,0.10,0.05
2025-12-31 15:49:37.854,0.0,7.8,0.10,0.05
2025-12-31 15:49:38.855,0.1,7.8,0.11,0.05
2025-12-31 15:49:39.857,0.0,7.8,0.10,0.05
2025-12-31 15:49:40.858,0.0,7.8,0.11,0.05
2025-12-31 15:49:41.859,0.1,7.8,0.10,0.05
2025-12-31 15:49:42.861,0.1,7.8,0.11,0.05
2025-12-31 15:49:43.862,0.0,7.8,0.10,0.05
2025-12-31 15:49:44.863,0.1,7.8,0.10,0.05
2025-12-31 15:49:45.865,0.1,7.8,0.11,0.06
2025-12-31 15:49:46.866,0.1,7.9,0.11,0.05
2025-12-31 15:49:47.868,0.0,7.9,0.10,0.05
2025-12-31 15:49:48.869,0.1,7.9,0.10,0.05
2025-12-31 15:49:49.871,0.0,7.9,0.10,0.05
2025-12-31 15:49:50.872,0.1,7.9,0.11,0.06
2025-12-31 15:49:51.874,0.0,7.9,0.10,0.05
2025-12-31 15:49:52.875,0.2,7.9,0.10,0.05
2025-12-31 15:49:53.876,0.0,7.9,0.10,0.05
2025-12-31 15:49:54.877,0.0,7.9,0.10,0.05
2025-12-31 15:49:55.879,0.1,7.9,0.10,0.05
2025-12-31 15:49:56.880,0.1,7.9,0.10,0.05
2025-12-31 15:49:57.882,0.0,7.9,0.10,0.05
2025-12-31 15:49:58.883,0.1,7.9,0.11,0.05
2025-12-31 15:49:59.885,0.2,7.9,0.11,0.05
2025-12-31 15:50:00.886,0.1,7.9,0.11,0.05
2025-12-31 15:50:01.888,0.1,7.9,0.11,0.05
2025-12-31 15:50:02.890,0.1,7.9,0.11,0.05
2025-12-31 15:50:03.891,0.0,7.9,0.10,0.05
2025-12-31 15:50:04.893,0.2,7.9,0.10,0.05
2025-12-31 15:50:05.894,0.1,7.9,0.10,0.05
2025-12-31 15:50:06.895,0.2,7.9,0.10,0.05
2025-12-31 15:50:07.896,0.2,7.9,0.10,0.05
2025-12-31 15:50:08.897,0.3,7.9,0.11,0.05
2025-12-31 15:50:09.898,0.2,7.9,0.10,0.05
2025-12-31 15:50:10.900,0.2,7.9,0.11,0.06
2025-12-31 15:50:11.901,0.3,7.9,0.10,0.05
2025-12-31 15:50:12.902,0.4,7.9,0.10,0.05
2025-12-31 15:50:13.903,0.2,7.9,0.10,0.05
2025-12-31 15:50:14.904,0.2,7.9,0.10,0.05
2025-12-31 15:50:15.906,0.2,7.9,0.10,0.05
2025-12-31 15:50:16.908,0.2,7.8,0.10,0.05
2025-12-31 15:50:17.909,0.3,7.8,0.10,0.05
2025-12-31 15:50:18.911,0.3,7.8,0.10,0.05
2025-12-31 15:50:19.912,0.3,7.8,0.10,0.05
2025-12-31 15:50:20.913,0.1,7.8,0.11,0.05
2025-12-31 15:50:21.915,0.2,7.8,0.10,0.05
2025-12-31 15:50:22.917,0.3,7.8,0.10,0.05
2025-12-31 15:50:23.918,0.2,7.8,0.11,0.06
2025-12-31 15:50:24.920,0.0,7.8,0.10,0.05
2025-12-31 15:50:25.921,0.2,7.8,0.10,0.05
2025-12-31 15:50:26.922,0.2,7.8,0.10,0.05
2025-12-31 15:50:27.923,0.2,7.8,0.10,0.05
2025-12-31 15:50:28.924,0.1,7.8,0.10,0.05
2025-12-31 15:50:29.926,0.1,7.8,0.11,0.05
2025-12-31 15:50:30.927,0.2,7.8,0.11,0.06
2025-12-31 15:50:31.928,0.1,7.8,0.10,0.05
2025-12-31 15:50:32.930,0.1,7.8,0.10,0.05
2025-12-31 15:50:33.931,0.0,7.8,0.11,0.05
2025-12-31 15:50:34.933,0.1,7.8,0.10,0.05
2025-12-31 15:50:35.934,0.0,7.8,0.11,0.06
2025-12-31 15:50:36.935,0.1,7.8,0.10,0.05
2025-12-31 15:50:37.937,0.1,7.8,0.10,0.05
2025-12-31 15:50:38.938,0.0,7.8,0.10,0.05
2025-12-31 15:50:39.939,0.1,7.8,0.10,0.05
2025-12-31 15:50:40.940,0.1,7.8,0.11,0.05
2025-12-31 15:50:41.942,0.0,7.8,0.10,0.05
2025-12-31 15:50:42.944,0.1,7.8,0.10,0.05
2025-12-31 15:50:43.945,0.1,7.8,0.10,0.05
2025-12-31 15:50:44.946,0.1,7.8,0.10,0.05
2025-12-31 15:50:45.947,0.1,7.8,0.11,0.05
2025-12-31 15:50:46.949,0.2,7.8,0.10,0.05
2025-12-31 15:50:47.951,0.2,7.8,0.10,0.05
2025-12-31 15:50:48.953,0.2,7.8,0.10,0.05
2025-12-31 15:50:49.955,0.0,7.8,0.10,0.05
2025-12-31 15:50:50.956,0.0,7.8,0.11,0.05
2025-12-31 15:50:51.958,0.1,7.8,0.10,0.05
2025-12-31 15:50:52.959,0.1,7.8,0.10,0.05
2025-12-31 15:50:53.960,0.1,7.8,0.11,0.05
2025-12-31 15:50:54.961,0.1,7.8,0.10,0.05
2025-12-31 15:50:55.962,0.0,7.8,0.10,0.05
2025-12-31 15:50:56.963,0.1,7.8,0.10,0.05
2025-12-31 15:50:57.964,0.1,7.8,0.10,0.05
2025-12-31 15:50:58.966,0.0,7.8,0.10,0.05
2025-12-31 15:50:59.967,0.2,7.8,0.11,0.06
2025-12-31 15:51:00.968,0.2,7.8,0.11,0.05
2025-12-31 15:51:01.970,0.0,7.8,0.10,0.05
2025-12-31 15:51:02.971,0.1,7.8,0.10,0.05
2025-12-31 15:51:03.972,0.1,7.8,0.10,0.05
2025-12-31 15:51:04.973,0.1,7.8,0.10,0.05
2025-12-31 15:51:05.975,0.1,7.8,0.10,0.05
2025-12-31 15:51:06.977,0.1,7.8,0.10,0.05
2025-12-31 15:51:07.978,0.0,7.8,0.10,0.05
2025-12-31 15:51:08.980,0.2,7.8,0.10,0.05
2025-12-31 15:51:09.981,0.3,7.8,0.10,0.05
2025-12-31 15:51:10.982,0.1,7.8,0.11,0.05
2025-12-31 15:51:11.984,0.2,7.8,0.10,0.05
2025-12-31 15:51:12.985,0.1,7.8,0.10,0.05
2025-12-31 15:51:13.986,0.2,7.8,0.10,0.05
2025-12-31 15:51:14.987,0.1,7.8,0.10,0.05
2025-12-31 15:51:15.988,0.1,7.8,0.10,0.05
2025-12-31 15:51:16.992,0.2,7.9,0.10,0.05
2025-12-31 15:51:17.993,0.0,7.8,0.10,0.05
2025-12-31 15:51:18.994,0.2,7.8,0.10,0.05
2025-12-31 15:51:19.996,0.1,7.8,0.10,0.05
2025-12-31 15:51:20.997,0.1,7.8,0.11,0.05
2025-12-31 15:51:21.998,0.1,7.8,0.10,0.05
2025-12-31 15:51:22.999,0.2,7.8,0.10,0.05
2025-12-31 15:51:24.000,0.1,7.8,0.10,0.05
2025-12-31 15:51:25.002,0.0,7.8,0.10,0.05
2025-12-31 15:51:26.003,0.1,7.8,0.10,0.05
2025-12-31 15:51:27.004,0.1,7.8,0.10,0.05
2025-12-31 15:51:28.006,0.0,7.8,0.10,0.05
2025-12-31 15:51:29.007,0.2,7.8,0.10,0.05
2025-12-31 15:51:30.008,0.0,7.8,0.11,0.05
2025-12-31 15:51:31.010,0.0,7.8,0.11,0.05
2025-12-31 15:51:32.011,0.1,7.8,0.11,0.05
2025-12-31 15:51:33.012,0.0,7.8,0.10,0.05
2025-12-31 15:51:34.013,0.0,7.8,0.10,0.05
2025-12-31 15:51:35.014,0.0,7.8,0.10,0.05
2025-12-31 15:51:36.016,0.1,7.8,0.10,0.05
2025-12-31 15:51:37.017,0.0,7.8,0.10,0.05
2025-12-31 15:51:38.018,0.0,7.8,0.10,0.05
2025-12-31 15:51:39.019,0.1,7.8,0.10,0.05
2025-12-31 15:51:40.020,0.0,7.8,0.11,0.05
2025-12-31 15:51:41.022,0.2,7.8,0.11,0.06
2025-12-31 15:51:42.023,0.0,7.8,0.10,0.05
2025-12-31 15:51:43.024,0.1,7.8,0.10,0.05
2025-12-31 15:51:44.025,0.1,7.8,0.10,0.05
2025-12-31 15:51:45.027,0.0,7.8,0.10,0.05
2025-12-31 15:51:46.028,0.1,7.8,0.10,0.05
2025-12-31 15:51:47.030,0.1,7.8,0.10,0.05
2025-12-31 15:51:48.032,0.2,7.8,0.10,0.05
2025-12-31 15:51:49.033,0.1,7.8,0.10,0.05
2025-12-31 15:51:50.034,0.1,7.8,0.10,0.05
2025-12-31 15:51:51.036,0.0,7.8,0.10,0.05
2025-12-31 15:51:52.037,0.1,7.8,0.10,0.05
2025-12-31 15:51:53.039,0.1,7.8,0.10,0.05
2025-12-31 15:51:54.040,0.0,7.8,0.10,0.05
2025-12-31 15:51:55.042,0.1,7.8,0.10,0.05
2025-12-31 15:51:56.044,0.1,7.8,0.10,0.05
2025-12-31 15:51:57.045,0.0,7.8,0.10,0.05
2025-12-31 15:51:58.047,0.0,7.8,0.10,0.05
2025-12-31 15:51:59.048,0.1,7.8,0.10,0.05
2025-12-31 15:52:00.049,0.1,7.8,0.10,0.05
2025-12-31 15:52:01.050,0.0,7.8,0.11,0.06
2025-12-31 15:52:02.052,0.0,7.8,0.10,0.05
2025-12-31 15:52:03.053,0.1,7.8,0.11,0.05
2025-12-31 15:52:04.054,0.0,7.8,0.10,0.05
2025-12-31 15:52:05.055,0.1,7.8,0.10,0.05
2025-12-31 15:52:06.057,0.1,7.8,0.10,0.05
2025-12-31 15:52:07.058,0.1,7.8,0.10,0.05
2025-12-31 15:52:08.059,0.0,7.8,0.10,0.05
2025-12-31 15:52:09.061,0.2,7.8,0.10,0.05
2025-12-31 15:52:10.062,0.1,7.8,0.10,0.05
2025-12-31 15:52:11.063,0.0,7.8,0.11,0.05
2025-12-31 15:52:12.065,0.2,7.8,0.11,0.05
2025-12-31 15:52:13.066,0.1,7.8,0.10,0.05
2025-12-31 15:52:14.068,0.1,7.8,0.11,0.05
2025-12-31 15:52:15.069,0.1,7.8,0.10,0.05
2025-12-31 15:52:16.070,0.0,7.8,0.10,0.05
2025-12-31 15:52:17.072,0.2,7.8,0.10,0.05
2025-12-31 15:52:18.073,0.0,7.8,0.11,0.05
2025-12-31 15:52:19.074,0.0,7.8,0.10,0.05
2025-12-31 15:52:20.076,0.2,7.8,0.10,0.05
2025-12-31 15:52:21.077,0.0,7.8,0.11,0.06
2025-12-31 15:52:22.079,0.0,7.8,0.10,0.05
2025-12-31 15:52:23.080,0.1,7.8,0.10,0.05
2025-12-31 15:52:24.082,0.0,7.8,0.10,0.05
2025-12-31 15:52:25.083,0.1,7.8,0.10,0.05
2025-12-31 15:52:26.084,0.1,7.8,0.10,0.05
2025-12-31 15:52:27.086,0.0,7.8,0.10,0.05
2025-12-31 15:52:28.087,0.1,7.8,0.10,0.05
2025-12-31 15:52:29.088,0.0,7.8,0.10,0.05
2025-12-31 15:52:30.090,0.1,7.8,0.10,0.05
2025-12-31 15:52:31.091,0.0,7.8,0.10,0.05
2025-12-31 15:52:32.093,0.1,7.8,0.10,0.05
2025-12-31 15:52:33.095,0.1,7.8,0.10,0.05
2025-12-31 15:52:34.096,0.0,7.8,0.11,0.05
2025-12-31 15:52:35.098,0.1,7.8,0.10,0.05
2025-12-31 15:52:36.099,0.0,7.8,0.11,0.05
2025-12-31 15:52:37.100,0.0,7.8,0.10,0.05
2025-12-31 15:52:38.102,0.0,7.8,0.10,0.05
2025-12-31 15:52:39.103,0.0,7.8,0.10,0.05
2025-12-31 15:52:40.104,0.1,7.8,0.10,0.05
2025-12-31 15:52:41.106,0.0,7.8,0.11,0.05
2025-12-31 15:52:42.108,0.1,7.8,0.10,0.05
2025-12-31 15:52:43.109,0.0,7.8,0.10,0.05
2025-12-31 15:52:44.110,0.0,7.8,0.10,0.05
2025-12-31 15:52:45.111,0.1,7.8,0.10,0.05
2025-12-31 15:52:46.113,0.1,7.8,0.10,0.05
2025-12-31 15:52:47.114,0.1,7.8,0.11,0.05
2025-12-31 15:52:48.115,0.1,7.8,0.10,0.05
2025-12-31 15:52:49.116,0.1,7.8,0.10,0.05
2025-12-31 15:52:50.118,0.1,7.8,0.10,0.05
2025-12-31 15:52:51.119,0.1,7.8,0.11,0.05
2025-12-31 15:52:52.120,0.0,7.8,0.10,0.05
2025-12-31 15:52:53.122,0.1,7.8,0.10,0.05
2025-12-31 15:52:54.123,0.1,7.8,0.10,0.05
2025-12-31 15:52:55.124,0.1,7.8,0.10,0.05
2025-12-31 15:52:56.125,0.1,7.8,0.11,0.05
2025-12-31 15:52:57.126,0.2,7.8,0.10,0.05
2025-12-31 15:52:58.128,0.2,7.8,0.10,0.05
2025-12-31 15:52:59.129,0.2,7.8,0.10,0.05
2025-12-31 15:53:00.131,0.3,7.8,0.10,0.05
2025-12-31 15:53:01.132,0.2,7.8,0.10,0.05
2025-12-31 15:53:02.133,0.2,7.8,0.10,0.05
2025-12-31 15:53:03.134,0.2,7.8,0.10,0.05
2025-12-31 15:53:04.135,0.2,7.8,0.10,0.05
2025-12-31 15:53:05.136,0.2,7.8,0.11,0.05
2025-12-31 15:53:06.137,0.2,7.8,0.10,0.05
2025-12-31 15:53:07.138,0.4,7.8,0.10,0.05
2025-12-31 15:53:08.140,0.6,7.8,0.10,0.05
2025-12-31 15:53:09.141,0.3,7.8,0.10,0.05
2025-12-31 15:53:10.144,0.0,7.8,0.10,0.05
2025-12-31 15:53:11.145,0.3,7.8,0.11,0.05
2025-12-31 15:53:12.147,0.4,7.8,0.10,0.05
2025-12-31 15:53:13.148,0.3,7.8,0.10,0.05
2025-12-31 15:53:14.149,0.2,7.8,0.10,0.05
2025-12-31 15:53:15.151,0.2,7.8,0.10,0.05
2025-12-31 15:53:16.153,0.2,7.8,0.10,0.05
2025-12-31 15:53:17.154,0.2,7.8,0.10,0.05
2025-12-31 15:53:18.155,0.2,7.8,0.10,0.05
2025-12-31 15:53:19.156,0.1,7.8,0.10,0.05
2025-12-31 15:53:20.157,0.2,7.8,0.10,0.05
2025-12-31 15:53:21.159,0.1,7.8,0.10,0.05
2025-12-31 15:53:22.160,0.2,7.8,0.10,0.05
2025-12-31 15:53:23.161,0.1,7.8,0.10,0.05
2025-12-31 15:53:24.163,0.0,7.8,0.10,0.05
2025-12-31 15:53:25.164,0.2,7.8,0.10,0.05
2025-12-31 15:53:26.165,0.1,7.8,0.10,0.05
2025-12-31 15:53:27.166,0.0,7.8,0.10,0.05
2025-12-31 15:53:28.168,0.2,7.8,0.10,0.05
2025-12-31 15:53:29.169,0.0,7.8,0.10,0.05
2025-12-31 15:53:30.170,0.0,7.8,0.10,0.05
2025-12-31 15:53:31.172,0.1,7.8,0.11,0.05
2025-12-31 15:53:32.174,0.1,7.8,0.10,0.05
2025-12-31 15:53:33.175,0.1,7.8,0.10,0.05
2025-12-31 15:53:34.177,0.0,7.8,0.10,0.05
2025-12-31 15:53:35.178,0.1,7.8,0.10,0.05
2025-12-31 15:53:36.180,0.1,7.8,0.10,0.05
2025-12-31 15:53:37.181,0.3,7.8,0.10,0.05
2025-12-31 15:53:38.182,0.1,7.8,0.10,0.05
2025-12-31 15:53:39.183,0.2,7.8,0.10,0.05
2025-12-31 15:53:40.185,0.2,7.8,0.11,0.06
2025-12-31 15:53:41.186,0.1,7.8,0.11,0.05
2025-12-31 15:53:42.187,0.2,7.8,0.10,0.05
2025-12-31 15:53:43.189,0.1,7.8,0.10,0.05
2025-12-31 15:53:44.190,0.1,7.8,0.10,0.05
2025-12-31 15:53:45.191,0.1,7.8,0.10,0.05
2025-12-31 15:53:46.192,0.0,7.8,0.10,0.05
2025-12-31 15:53:47.194,0.2,7.8,0.10,0.05
2025-12-31 15:53:48.196,0.1,7.8,0.10,0.05
2025-12-31 15:53:49.197,0.1,7.8,0.10,0.05
2025-12-31 15:53:50.198,0.0,7.8,0.10,0.05
2025-12-31 15:53:51.199,0.2,7.8,0.10,0.05
2025-12-31 15:53:52.201,0.1,7.8,0.10,0.05
2025-12-31 15:53:53.202,0.2,7.8,0.10,0.05
2025-12-31 15:53:54.203,0.1,7.8,0.11,0.05
2025-12-31 15:53:55.204,0.0,7.8,0.10,0.05
2025-12-31 15:53:56.205,0.2,7.8,0.10,0.05
2025-12-31 15:53:57.206,0.2,7.8,0.10,0.05
2025-12-31 15:53:58.207,0.0,7.8,0.10,0.05
2025-12-31 15:53:59.209,0.1,7.8,0.10,0.05
2025-12-31 15:54:00.210,0.1,7.8,0.10,0.05
2025-12-31 15:54:01.212,0.0,7.8,0.10,0.05
2025-12-31 15:54:02.213,0.0,7.8,0.11,0.06
2025-12-31 15:54:03.215,0.1,7.8,0.10,0.05
2025-12-31 15:54:04.216,0.0,7.8,0.10,0.06
2025-12-31 15:54:05.218,0.2,7.8,0.10,0.06
2025-12-31 15:54:06.219,0.0,7.8,0.10,0.06
2025-12-31 15:54:07.220,0.1,7.8,0.10,0.06
2025-12-31 15:54:08.222,0.0,7.8,0.10,0.05
2025-12-31 15:54:09.223,0.2,7.8,0.10,0.06
2025-12-31 15:54:10.225,0.1,7.8,0.10,0.06
2025-12-31 15:54:11.226,0.1,7.8,0.10,0.05
2025-12-31 15:54:12.227,0.1,7.8,0.10,0.06
2025-12-31 15:54:13.228,0.1,7.8,0.10,0.06
2025-12-31 15:54:14.229,0.0,7.8,0.10,0.06
2025-12-31 15:54:15.230,0.1,7.8,0.10,0.06
2025-12-31 15:54:16.232,0.1,7.8,0.10,0.05
2025-12-31 15:54:17.233,0.2,7.8,0.10,0.05
2025-12-31 15:54:18.235,0.0,7.8,0.10,0.05
2025-12-31 15:54:19.236,0.1,7.8,0.10,0.05
2025-12-31 15:54:20.237,0.1,7.8,0.10,0.05
2025-12-31 15:54:21.239,0.0,7.8,0.10,0.05
2025-12-31 15:54:22.240,0.1,7.8,0.11,0.06
2025-12-31 15:54:23.241,0.0,7.8,0.10,0.05
2025-12-31 15:54:24.242,0.1,7.8,0.10,0.05
2025-12-31 15:54:25.244,0.2,7.8,0.10,0.05
2025-12-31 15:54:26.246,0.0,7.8,0.10,0.05
2025-12-31 15:54:27.247,0.0,7.8,0.10,0.05
2025-12-31 15:54:28.249,0.1,7.8,0.10,0.05
2025-12-31 15:54:29.250,0.1,7.8,0.10,0.05
2025-12-31 15:54:30.251,0.0,7.8,0.10,0.05
2025-12-31 15:54:31.252,0.2,7.8,0.10,0.05
2025-12-31 15:54:32.254,0.1,7.8,0.11,0.05
2025-12-31 15:54:33.255,0.0,7.8,0.10,0.05
2025-12-31 15:54:34.256,0.1,7.8,0.10,0.05
2025-12-31 15:54:35.258,0.0,7.8,0.10,0.05
2025-12-31 15:54:36.259,0.1,7.8,0.10,0.05
2025-12-31 15:54:37.261,0.2,7.8,0.11,0.05
2025-12-31 15:54:38.263,0.0,7.8,0.11,0.06
2025-12-31 15:54:39.264,0.0,7.8,0.11,0.06
2025-12-31 15:54:40.266,0.1,7.8,0.10,0.05
2025-12-31 15:54:41.267,0.1,7.8,0.11,0.05
2025-12-31 15:54:42.268,0.1,7.8,0.10,0.05
2025-12-31 15:54:43.269,0.0,7.8,0.10,0.05
2025-12-31 15:54:44.271,0.0,7.8,0.10,0.05
2025-12-31 15:54:45.272,0.1,7.8,0.10,0.05
2025-12-31 15:54:46.274,0.1,7.8,0.10,0.05
2025-12-31 15:54:47.276,0.2,7.8,0.11,0.05
2025-12-31 15:54:48.277,0.0,7.8,0.10,0.05
2025-12-31 15:54:49.279,0.0,7.8,0.10,0.05
2025-12-31 15:54:50.280,0.2,7.8,0.10,0.05
2025-12-31 15:54:51.282,0.1,7.8,0.10,0.05
2025-12-31 15:54:52.283,0.1,7.8,0.10,0.05
2025-12-31 15:54:53.285,0.1,7.8,0.10,0.05
2025-12-31 15:54:54.286,0.0,7.8,0.10,0.05
2025-12-31 15:54:55.288,0.1,7.8,0.10,0.05
2025-12-31 15:54:56.289,0.1,7.8,0.10,0.05
2025-12-31 15:54:57.290,0.0,7.8,0.10,0.05
2025-12-31 15:54:58.292,0.0,7.8,0.10,0.05
2025-12-31 15:54:59.293,0.1,7.8,0.10,0.05
2025-12-31 15:55:00.294,0.0,7.8,0.10,0.05
2025-12-31 15:55:01.295,0.0,7.8,0.10,0.05
2025-12-31 15:55:02.296,0.1,7.8,0.11,0.05
2025-12-31 15:55:03.298,0.1,7.8,0.10,0.05
2025-12-31 15:55:04.300,0.1,7.8,0.10,0.06
2025-12-31 15:55:05.301,0.2,7.8,0.10,0.07
2025-12-31 15:55:06.302,0.0,7.8,0.10,0.06
2025-12-31 15:55:07.303,0.1,7.8,0.10,0.06
2025-12-31 15:55:08.305,0.1,7.8,0.10,0.05
2025-12-31 15:55:09.306,0.0,7.8,0.10,0.06
2025-12-31 15:55:10.308,0.1,7.8,0.11,0.05
2025-12-31 15:55:11.309,0.0,7.8,0.10,0.06
2025-12-31 15:55:12.310,0.2,7.8,0.11,0.05
2025-12-31 15:55:13.312,0.0,7.8,0.10,0.05
2025-12-31 15:55:14.313,0.1,7.8,0.10,0.05
2025-12-31 15:55:15.314,0.0,7.8,0.10,0.06
2025-12-31 15:55:16.315,0.0,7.8,0.10,0.06
2025-12-31 15:55:17.316,0.1,7.8,0.10,0.05
2025-12-31 15:55:18.317,0.1,7.8,0.10,0.05
2025-12-31 15:55:19.319,0.0,7.8,0.10,0.05
2025-12-31 15:55:20.321,0.1,7.8,0.10,0.05
2025-12-31 15:55:21.322,0.1,7.8,0.11,0.05
2025-12-31 15:55:22.323,0.0,7.8,0.10,0.05
2025-12-31 15:55:23.325,0.0,7.8,0.10,0.05
2025-12-31 15:55:24.326,0.1,7.8,0.10,0.05
2025-12-31 15:55:25.327,0.2,7.8,0.10,0.05
2025-12-31 15:55:26.329,0.0,7.8,0.10,0.05
2025-12-31 15:55:27.330,0.0,7.8,0.10,0.05
2025-12-31 15:55:28.332,0.0,7.8,0.10,0.05
2025-12-31 15:55:29.333,0.1,7.8,0.10,0.05
2025-12-31 15:55:30.335,0.0,7.8,0.11,0.05
2025-12-31 15:55:31.337,0.1,7.8,0.10,0.05
2025-12-31 15:55:32.338,0.0,7.8,0.11,0.05
2025-12-31 15:55:33.340,0.0,7.8,0.10,0.05
2025-12-31 15:55:34.341,0.1,7.8,0.10,0.05
2025-12-31 15:55:35.343,0.0,7.8,0.10,0.05
2025-12-31 15:55:36.345,0.2,7.8,0.10,0.05
2025-12-31 15:55:37.346,0.0,7.8,0.10,0.05
2025-12-31 15:55:38.348,0.0,7.8,0.10,0.05
2025-12-31 15:55:39.350,0.1,7.8,0.10,0.05
2025-12-31 15:55:40.352,0.2,7.8,0.11,0.05
2025-12-31 15:55:41.353,0.0,7.8,0.10,0.05
2025-12-31 15:55:42.355,0.0,7.8,0.11,0.05
2025-12-31 15:55:43.357,0.1,7.8,0.11,0.05
2025-12-31 15:55:44.359,0.1,7.8,0.10,0.05
2025-12-31 15:55:45.360,0.0,7.8,0.10,0.05
2025-12-31 15:55:46.361,0.1,7.8,0.11,0.05
2025-12-31 15:55:47.363,0.2,7.8,0.10,0.05
2025-12-31 15:55:48.364,0.1,7.8,0.10,0.05
2025-12-31 15:55:49.365,0.2,7.8,0.10,0.05
2025-12-31 15:55:50.366,0.1,7.8,0.10,0.05
2025-12-31 15:55:51.367,0.0,7.8,0.10,0.05
2025-12-31 15:55:52.368,0.2,7.8,0.10,0.05
2025-12-31 15:55:53.369,0.1,7.8,0.10,0.05
2025-12-31 15:55:54.371,0.1,7.8,0.10,0.05
2025-12-31 15:55:55.372,0.2,7.8,0.10,0.05
2025-12-31 15:55:56.373,0.2,7.8,0.10,0.05
2025-12-31 15:55:57.374,0.5,7.8,0.10,0.05
2025-12-31 15:55:58.376,0.2,7.8,0.10,0.05
2025-12-31 15:55:59.378,0.5,7.8,0.10,0.05
2025-12-31 15:56:00.379,0.4,7.8,0.10,0.05
2025-12-31 15:56:01.381,0.3,7.8,0.10,0.05
2025-12-31 15:56:02.382,0.2,7.8,0.11,0.05
2025-12-31 15:56:03.384,0.1,7.8,0.10,0.05
2025-12-31 15:56:04.385,0.3,7.8,0.10,0.05
2025-12-31 15:56:05.386,0.4,7.8,0.11,0.05
2025-12-31 15:56:06.388,0.3,7.8,0.10,0.05
2025-12-31 15:56:07.389,0.2,7.8,0.10,0.05
2025-12-31 15:56:08.390,0.2,7.8,0.10,0.05
2025-12-31 15:56:09.392,0.5,7.8,0.10,0.05
2025-12-31 15:56:10.393,0.2,7.8,0.10,0.05
2025-12-31 15:56:11.396,0.1,7.8,0.10,0.05
2025-12-31 15:56:12.397,0.1,7.8,0.11,0.05
2025-12-31 15:56:13.399,0.1,7.8,0.10,0.05
2025-12-31 15:56:14.401,0.2,7.8,0.10,0.05
2025-12-31 15:56:15.403,0.1,7.8,0.10,0.05
2025-12-31 15:56:16.404,0.0,7.8,0.10,0.05
2025-12-31 15:56:17.406,0.1,7.8,0.10,0.05
2025-12-31 15:56:18.408,0.1,7.8,0.10,0.05
2025-12-31 15:56:19.410,0.1,7.8,0.10,0.05
2025-12-31 15:56:20.411,0.0,7.8,0.10,0.05
2025-12-31 15:56:21.413,0.0,7.8,0.10,0.05
2025-12-31 15:56:22.414,0.1,7.8,0.11,0.05
2025-12-31 15:56:23.415,0.1,7.8,0.10,0.05
2025-12-31 15:56:24.417,0.0,7.8,0.10,0.05
2025-12-31 15:56:25.418,0.1,7.8,0.10,0.05
2025-12-31 15:56:26.420,0.2,7.8,0.10,0.05
2025-12-31 15:56:27.421,0.0,7.8,0.10,0.05
2025-12-31 15:56:28.422,0.2,7.8,0.10,0.05
2025-12-31 15:56:29.423,0.0,7.8,0.10,0.05
2025-12-31 15:56:30.424,0.0,7.8,0.10,0.05
2025-12-31 15:56:31.426,0.1,7.8,0.10,0.05
2025-12-31 15:56:32.427,0.1,7.8,0.11,0.05
2025-12-31 15:56:33.428,0.0,7.8,0.10,0.05
2025-12-31 15:56:34.429,0.0,7.8,0.10,0.05
2025-12-31 15:56:35.431,0.2,7.8,0.10,0.05
2025-12-31 15:56:36.432,0.1,7.8,0.10,0.05
2025-12-31 15:56:37.434,0.2,7.8,0.10,0.05
2025-12-31 15:56:38.435,0.1,7.8,0.10,0.05
2025-12-31 15:56:39.436,0.1,7.8,0.10,0.05
2025-12-31 15:56:40.437,0.0,7.8,0.10,0.05
2025-12-31 15:56:41.439,0.2,7.8,0.10,0.05
2025-12-31 15:56:42.440,0.0,7.8,0.11,0.06
2025-12-31 15:56:43.441,0.2,7.8,0.10,0.05
2025-12-31 15:56:44.442,0.0,7.8,0.10,0.05
2025-12-31 15:56:45.443,0.1,7.8,0.10,0.05
2025-12-31 15:56:46.445,0.1,7.8,0.10,0.05
2025-12-31 15:56:47.446,0.2,7.8,0.10,0.05
2025-12-31 15:56:48.447,0.1,7.8,0.10,0.05
2025-12-31 15:56:49.448,0.1,7.8,0.10,0.05
2025-12-31 15:56:50.449,0.0,7.8,0.10,0.05
2025-12-31 15:56:51.451,0.3,7.8,0.10,0.05
2025-12-31 15:56:52.452,0.2,7.8,0.10,0.05
2025-12-31 15:56:53.453,0.1,7.8,0.10,0.05
2025-12-31 15:56:54.455,0.1,7.8,0.10,0.05
2025-12-31 15:56:55.456,0.0,7.8,0.10,0.05
2025-12-31 15:56:56.457,0.1,7.8,0.10,0.05
2025-12-31 15:56:57.458,0.1,7.8,0.11,0.05
2025-12-31 15:56:58.460,0.1,7.8,0.10,0.05
2025-12-31 15:56:59.461,0.0,7.8,0.10,0.05
2025-12-31 15:57:00.462,0.1,7.8,0.10,0.05
2025-12-31 15:57:01.463,0.0,7.8,0.10,0.05
2025-12-31 15:57:02.465,0.1,7.8,0.10,0.05
2025-12-31 15:57:03.466,0.1,7.8,0.11,0.05
2025-12-31 15:57:04.468,0.2,7.8,0.10,0.05
2025-12-31 15:57:05.469,0.1,7.8,0.10,0.05
2025-12-31 15:57:06.471,0.1,7.8,0.10,0.05
2025-12-31 15:57:07.472,0.1,7.8,0.10,0.05
2025-12-31 15:57:08.473,0.0,7.8,0.10,0.05
2025-12-31 15:57:09.474,0.0,7.8,0.11,0.05
2025-12-31 15:57:10.476,0.2,7.8,0.10,0.05
2025-12-31 15:57:11.478,0.2,7.8,0.10,0.05
2025-12-31 15:57:12.480,0.0,7.8,0.11,0.05
2025-12-31 15:57:13.482,0.1,7.8,0.11,0.05
2025-12-31 15:57:14.483,0.1,7.8,0.10,0.05
2025-12-31 15:57:15.485,0.0,7.8,0.10,0.05
2025-12-31 15:57:16.486,0.2,7.8,0.11,0.05
2025-12-31 15:57:17.487,0.0,7.8,0.10,0.05
2025-12-31 15:57:18.489,0.2,7.8,0.10,0.05
2025-12-31 15:57:19.490,0.2,7.8,0.10,0.05
2025-12-31 15:57:20.491,0.1,7.8,0.10,0.05
2025-12-31 15:57:21.492,0.0,7.8,0.10,0.05
2025-12-31 15:57:22.494,0.1,7.8,0.11,0.06
2025-12-31 15:57:23.495,0.0,7.8,0.10,0.05
2025-12-31 15:57:24.496,0.1,7.8,0.10,0.05
2025-12-31 15:57:25.497,0.0,7.8,0.10,0.05
2025-12-31 15:57:26.499,0.1,7.8,0.10,0.05
2025-12-31 15:57:27.500,0.0,7.8,0.10,0.05
2025-12-31 15:57:28.501,0.2,7.8,0.10,0.05
2025-12-31 15:57:29.503,0.0,7.8,0.10,0.05
2025-12-31 15:57:30.505,0.0,7.8,0.10,0.05
2025-12-31 15:57:31.507,0.1,7.8,0.10,0.05
2025-12-31 15:57:32.508,0.1,7.8,0.11,0.06
2025-12-31 15:57:33.509,0.0,7.8,0.10,0.05
2025-12-31 15:57:34.510,0.0,7.8,0.10,0.05
2025-12-31 15:57:35.512,0.2,7.8,0.10,0.05
2025-12-31 15:57:36.514,0.0,7.8,0.10,0.05
2025-12-31 15:57:37.515,0.1,7.8,0.10,0.05
2025-12-31 15:57:38.517,0.0,7.8,0.10,0.05
2025-12-31 15:57:39.519,0.1,7.8,0.10,0.05
2025-12-31 15:57:40.520,0.0,7.8,0.10,0.05
2025-12-31 15:57:41.521,0.1,7.8,0.10,0.05
2025-12-31 15:57:42.522,0.0,7.8,0.11,0.06
2025-12-31 15:57:43.525,0.1,7.8,0.11,0.05
2025-12-31 15:57:44.526,0.1,7.8,0.10,0.05
2025-12-31 15:57:45.528,0.0,7.8,0.10,0.05
2025-12-31 15:57:46.529,0.1,7.8,0.10,0.05
2025-12-31 15:57:47.530,0.0,7.8,0.10,0.05
2025-12-31 15:57:48.532,0.1,7.8,0.10,0.05
2025-12-31 15:57:49.533,0.1,7.8,0.10,0.05
2025-12-31 15:57:50.535,0.1,7.8,0.10,0.05
2025-12-31 15:57:51.537,0.1,7.8,0.10,0.05
2025-12-31 15:57:52.539,0.1,7.8,0.11,0.05
2025-12-31 15:57:53.540,0.1,7.8,0.10,0.05
2025-12-31 15:57:54.541,0.0,7.8,0.10,0.05
2025-12-31 15:57:55.543,0.2,7.8,0.11,0.05
2025-12-31 15:57:56.544,0.1,7.8,0.10,0.05
2025-12-31 15:57:57.546,0.0,7.8,0.11,0.05
2025-12-31 15:57:58.548,0.2,7.8,0.10,0.05
2025-12-31 15:57:59.549,0.1,7.8,0.10,0.05
2025-12-31 15:58:00.550,0.1,7.8,0.11,0.06
2025-12-31 15:58:01.552,0.2,7.8,0.10,0.05
2025-12-31 15:58:02.553,0.1,7.8,0.11,0.05
2025-12-31 15:58:03.554,0.1,7.8,0.10,0.05
2025-12-31 15:58:04.556,0.1,7.8,0.10,0.05
2025-12-31 15:58:05.557,0.1,7.8,0.11,0.05
2025-12-31 15:58:06.558,0.0,7.8,0.11,0.05
2025-12-31 15:58:07.559,0.0,7.8,0.10,0.05
2025-12-31 15:58:08.560,0.1,7.8,0.10,0.05
2025-12-31 15:58:09.562,0.0,7.8,0.10,0.05
2025-12-31 15:58:10.563,0.0,7.8,0.10,0.05
2025-12-31 15:58:11.564,0.0,7.8,0.10,0.05
2025-12-31 15:58:12.565,0.1,7.8,0.10,0.05
2025-12-31 15:58:13.567,0.2,7.8,0.10,0.05
2025-12-31 15:58:14.569,0.1,7.8,0.10,0.05
2025-12-31 15:58:15.570,0.0,7.8,0.11,0.05
2025-12-31 15:58:16.572,0.1,7.8,0.10,0.05
2025-12-31 15:58:17.574,0.1,7.8,0.10,0.05
2025-12-31 15:58:18.576,0.0,7.8,0.10,0.05
2025-12-31 15:58:19.577,0.1,7.8,0.10,0.05
2025-12-31 15:58:20.579,0.0,7.8,0.10,0.05
2025-12-31 15:58:21.580,0.0,7.8,0.11,0.05
2025-12-31 15:58:22.581,0.1,7.8,0.11,0.06
2025-12-31 15:58:23.582,0.1,7.8,0.10,0.05
2025-12-31 15:58:24.584,0.0,7.8,0.10,0.05
2025-12-31 15:58:25.586,0.0,7.8,0.10,0.05
2025-12-31 15:58:26.587,0.0,7.8,0.10,0.05
2025-12-31 15:58:27.588,0.0,7.8,0.10,0.05
2025-12-31 15:58:28.589,0.2,7.8,0.11,0.06
2025-12-31 15:58:29.590,0.1,7.8,0.10,0.05
2025-12-31 15:58:30.592,0.2,7.8,0.10,0.05
2025-12-31 15:58:31.593,0.0,7.8,0.11,0.05
2025-12-31 15:58:32.595,0.0,7.8,0.10,0.05
2025-12-31 15:58:33.596,0.1,7.8,0.11,0.05
2025-12-31 15:58:34.597,0.0,7.8,0.11,0.05
2025-12-31 15:58:35.599,0.2,7.8,0.10,0.05
2025-12-31 15:58:36.600,0.0,7.8,0.10,0.05
2025-12-31 15:58:37.602,0.0,7.8,0.10,0.05
2025-12-31 15:58:38.603,0.1,7.8,0.11,0.06
2025-12-31 15:58:39.604,0.0,7.8,0.11,0.06
2025-12-31 15:58:40.605,0.1,7.8,0.10,0.05
2025-12-31 15:58:41.607,0.1,7.8,0.11,0.05
2025-12-31 15:58:42.608,0.2,7.8,0.11,0.05
2025-12-31 15:58:43.609,0.0,7.8,0.10,0.05
2025-12-31 15:58:44.611,0.2,7.8,0.10,0.05
2025-12-31 15:58:45.612,0.0,7.8,0.10,0.05
2025-12-31 15:58:46.614,0.3,7.8,0.10,0.05
2025-12-31 15:58:47.615,0.2,7.8,0.10,0.05
2025-12-31 15:58:48.616,0.2,7.8,0.10,0.05
2025-12-31 15:58:49.617,0.1,7.8,0.10,0.05
2025-12-31 15:58:50.618,0.1,7.8,0.10,0.05
2025-12-31 15:58:51.620,0.2,7.8,0.10,0.05
2025-12-31 15:58:52.621,0.2,7.8,0.10,0.05
2025-12-31 15:58:53.622,0.4,7.8,0.10,0.05
2025-12-31 15:58:54.624,0.1,7.8,0.10,0.05
2025-12-31 15:58:55.625,0.3,7.8,0.10,0.05
2025-12-31 15:58:56.627,0.2,7.8,0.10,0.05
2025-12-31 15:58:57.628,0.5,7.8,0.10,0.05
2025-12-31 15:58:58.630,0.5,7.8,0.10,0.05
2025-12-31 15:58:59.631,0.5,7.8,0.10,0.05
2025-12-31 15:59:00.633,0.4,7.8,0.10,0.05
2025-12-31 15:59:01.634,0.3,7.8,0.10,0.05
2025-12-31 15:59:02.636,0.3,7.8,0.11,0.05
2025-12-31 15:59:03.637,0.2,7.8,0.10,0.05
2025-12-31 15:59:04.639,0.2,7.8,0.10,0.05
2025-12-31 15:59:05.641,0.2,7.8,0.10,0.05
2025-12-31 15:59:06.642,0.2,7.8,0.11,0.05
2025-12-31 15:59:07.644,0.2,7.8,0.11,0.05
2025-12-31 15:59:08.645,0.1,7.8,0.10,0.05
2025-12-31 15:59:09.646,0.1,7.8,0.10,0.05
2025-12-31 15:59:10.647,0.2,7.8,0.10,0.05
2025-12-31 15:59:11.649,0.1,7.8,0.10,0.05
2025-12-31 15:59:12.650,0.1,7.8,0.11,0.06
2025-12-31 15:59:13.652,0.1,7.8,0.10,0.05
2025-12-31 15:59:14.653,0.2,7.8,0.11,0.05
2025-12-31 15:59:15.655,0.0,7.8,0.11,0.05
2025-12-31 15:59:16.657,0.1,7.8,0.11,0.06
2025-12-31 15:59:17.658,0.1,7.8,0.11,0.05
2025-12-31 15:59:18.659,0.1,7.8,0.10,0.05
2025-12-31 15:59:19.661,0.1,7.8,0.10,0.05
2025-12-31 15:59:20.662,0.2,7.8,0.10,0.05
2025-12-31 15:59:21.664,0.1,7.8,0.10,0.05
2025-12-31 15:59:22.665,0.0,7.8,0.11,0.06
2025-12-31 15:59:23.666,0.0,7.8,0.11,0.05
2025-12-31 15:59:24.667,0.1,7.8,0.10,0.05
2025-12-31 15:59:25.669,0.2,7.8,0.10,0.05
2025-12-31 15:59:26.670,0.1,7.8,0.11,0.05
2025-12-31 15:59:27.672,0.0,7.8,0.10,0.05
2025-12-31 15:59:28.673,0.0,7.8,0.10,0.05
2025-12-31 15:59:29.675,0.2,7.8,0.12,0.06
2025-12-31 15:59:30.677,0.1,7.8,0.10,0.05
2025-12-31 15:59:31.678,0.1,7.8,0.10,0.05
2025-12-31 15:59:32.679,0.2,7.8,0.11,0.05
2025-12-31 15:59:33.681,0.1,7.8,0.10,0.05
2025-12-31 15:59:34.682,0.2,7.8,0.10,0.05
2025-12-31 15:59:35.683,0.2,7.8,0.10,0.05
2025-12-31 15:59:36.684,0.1,7.8,0.10,0.05
2025-12-31 15:59:37.686,0.2,7.8,0.11,0.06
2025-12-31 15:59:38.687,0.1,7.8,0.10,0.05
2025-12-31 15:59:39.689,0.0,7.8,0.10,0.05
2025-12-31 15:59:40.691,0.1,7.8,0.10,0.05
2025-12-31 15:59:41.692,0.2,7.8,0.10,0.05
2025-12-31 15:59:42.693,0.0,7.8,0.10,0.05
2025-12-31 15:59:43.694,0.0,7.8,0.10,0.06
2025-12-31 15:59:44.696,0.1,7.8,0.11,0.05
2025-12-31 15:59:45.697,0.0,7.8,0.10,0.05
2025-12-31 15:59:46.699,0.3,7.8,0.10,0.05
2025-12-31 15:59:47.700,0.0,7.8,0.11,0.05
2025-12-31 15:59:48.701,0.0,7.8,0.10,0.05
2025-12-31 15:59:49.702,0.1,7.8,0.10,0.05
2025-12-31 15:59:50.704,0.0,7.8,0.10,0.05
2025-12-31 15:59:51.705,0.1,7.8,0.11,0.05
2025-12-31 15:59:52.706,0.0,7.8,0.11,0.05
2025-12-31 15:59:53.707,0.1,7.8,0.10,0.05
2025-12-31 15:59:54.708,0.0,7.8,0.11,0.06
2025-12-31 15:59:55.710,0.2,7.8,0.10,0.05
2025-12-31 15:59:56.712,0.1,7.8,0.10,0.05
2025-12-31 15:59:57.713,0.1,7.8,0.10,0.05
2025-12-31 15:59:58.715,0.2,7.8,0.10,0.05
2025-12-31 15:59:59.717,0.0,7.8,0.10,0.05
2025-12-31 16:00:00.718,0.1,7.8,0.10,0.05
2025-12-31 16:00:01.720,0.1,7.8,0.10,0.05
2025-12-31 16:00:02.721,0.1,7.8,0.10,0.05
2025-12-31 16:00:03.723,0.0,7.8,0.10,0.05
2025-12-31 16:00:04.724,0.1,7.8,0.10,0.05
2025-12-31 16:00:05.725,0.1,7.8,0.10,0.05
2025-12-31 16:00:06.726,0.1,7.8,0.10,0.05
2025-12-31 16:00:07.727,0.1,7.8,0.11,0.05
2025-12-31 16:00:08.729,0.1,7.8,0.10,0.05
2025-12-31 16:00:09.730,0.1,7.8,0.10,0.05
2025-12-31 16:00:10.732,0.1,7.8,0.10,0.05
2025-12-31 16:00:11.734,0.1,7.8,0.10,0.05
2025-12-31 16:00:12.735,0.2,7.8,0.11,0.06
2025-12-31 16:00:13.737,0.0,7.8,0.10,0.05
2025-12-31 16:00:14.738,0.1,7.8,0.10,0.05
2025-12-31 16:00:15.739,0.1,7.8,0.11,0.05
2025-12-31 16:00:16.741,0.2,7.8,0.11,0.05
2025-12-31 16:00:17.742,0.0,7.8,0.11,0.05
2025-12-31 16:00:18.743,0.0,7.8,0.10,0.05
2025-12-31 16:00:19.745,0.1,7.8,0.11,0.05
2025-12-31 16:00:20.746,0.0,7.8,0.10,0.05
2025-12-31 16:00:21.748,0.1,7.8,0.10,0.05
2025-12-31 16:00:22.749,0.0,7.8,0.10,0.05
2025-12-31 16:00:23.750,0.1,7.8,0.10,0.05
2025-12-31 16:00:24.752,0.1,7.8,0.10,0.05
2025-12-31 16:00:25.754,0.0,7.8,0.10,0.05
2025-12-31 16:00:26.756,0.1,7.8,0.10,0.05
2025-12-31 16:00:27.757,0.1,7.8,0.10,0.05
2025-12-31 16:00:28.758,0.1,7.8,0.10,0.05
2025-12-31 16:00:29.760,0.0,7.8,0.10,0.05
2025-12-31 16:00:30.762,0.1,7.8,0.10,0.06
2025-12-31 16:00:31.763,0.1,7.8,0.10,0.05
2025-12-31 16:00:32.764,0.0,7.8,0.11,0.06
2025-12-31 16:00:33.765,0.0,7.8,0.10,0.05
2025-12-31 16:00:34.766,0.2,7.8,0.10,0.05
2025-12-31 16:00:35.767,0.2,7.8,0.10,0.05
2025-12-31 16:00:36.768,0.1,7.8,0.10,0.05
2025-12-31 16:00:37.770,0.0,7.8,0.10,0.05
2025-12-31 16:00:38.771,0.1,7.8,0.10,0.06
2025-12-31 16:00:39.772,0.0,7.8,0.10,0.05
2025-12-31 16:00:40.773,0.2,7.8,0.10,0.05
2025-12-31 16:00:41.774,0.1,7.8,0.10,0.05
2025-12-31 16:00:42.776,0.1,7.8,0.11,0.06
2025-12-31 16:00:43.777,0.1,7.8,0.10,0.05
2025-12-31 16:00:44.779,0.1,7.8,0.10,0.05
2025-12-31 16:00:45.780,0.2,7.8,0.10,0.05
2025-12-31 16:00:46.782,0.1,7.8,0.10,0.05
2025-12-31 16:00:47.783,0.1,7.8,0.10,0.05
2025-12-31 16:00:48.784,0.0,7.8,0.10,0.05
2025-12-31 16:00:49.786,0.0,7.8,0.10,0.05
2025-12-31 16:00:50.787,0.1,7.8,0.11,0.05
2025-12-31 16:00:51.788,0.2,7.8,0.10,0.05
2025-12-31 16:00:52.789,0.0,7.8,0.11,0.06
2025-12-31 16:00:53.790,0.0,7.8,0.10,0.05
2025-12-31 16:00:54.792,0.1,7.8,0.11,0.05
2025-12-31 16:00:55.793,0.1,7.8,0.10,0.05
2025-12-31 16:00:56.794,0.0,7.8,0.11,0.05
2025-12-31 16:00:57.795,0.2,7.8,0.10,0.05
2025-12-31 16:00:58.796,0.0,7.8,0.10,0.05
2025-12-31 16:00:59.797,0.2,7.8,0.11,0.05
2025-12-31 16:01:00.799,0.0,7.8,0.11,0.05
2025-12-31 16:01:01.800,0.0,7.8,0.11,0.05
2025-12-31 16:01:02.802,0.1,7.8,0.11,0.06
2025-12-31 16:01:03.803,0.1,7.8,0.11,0.05
2025-12-31 16:01:04.805,0.0,7.8,0.10,0.05
2025-12-31 16:01:05.806,0.0,7.8,0.10,0.05
2025-12-31 16:01:06.807,0.2,7.8,0.10,0.05
2025-12-31 16:01:07.808,0.0,7.8,0.11,0.05
2025-12-31 16:01:08.810,0.0,7.8,0.10,0.05
2025-12-31 16:01:09.811,0.0,7.8,0.10,0.05
2025-12-31 16:01:10.812,0.1,7.8,0.11,0.06
2025-12-31 16:01:11.813,0.1,7.8,0.10,0.05
2025-12-31 16:01:12.814,0.0,7.8,0.11,0.05
2025-12-31 16:01:13.816,0.0,7.8,0.10,0.05
2025-12-31 16:01:14.817,0.1,7.8,0.10,0.05
2025-12-31 16:01:15.819,0.1,7.8,0.11,0.05
2025-12-31 16:01:16.823,0.1,7.8,0.10,0.05
2025-12-31 16:01:17.825,0.1,7.8,0.11,0.05
2025-12-31 16:01:18.826,0.0,7.8,0.10,0.05
2025-12-31 16:01:19.827,0.0,7.8,0.10,0.05
2025-12-31 16:01:20.829,0.1,7.8,0.10,0.05
2025-12-31 16:01:21.831,0.1,7.8,0.11,0.05
2025-12-31 16:01:22.832,0.0,7.8,0.11,0.06
2025-12-31 16:01:23.835,0.0,7.8,0.11,0.05
2025-12-31 16:01:24.836,0.1,7.8,0.10,0.05
2025-12-31 16:01:25.839,0.0,7.8,0.10,0.05
2025-12-31 16:01:26.841,0.1,7.8,0.10,0.05
2025-12-31 16:01:27.842,0.1,7.8,0.10,0.05
2025-12-31 16:01:28.843,0.1,7.8,0.10,0.05
2025-12-31 16:01:29.844,0.0,7.8,0.10,0.05
2025-12-31 16:01:30.845,0.1,7.8,0.10,0.05
2025-12-31 16:01:31.846,0.1,7.8,0.11,0.05
2025-12-31 16:01:32.848,0.0,7.8,0.11,0.05
2025-12-31 16:01:33.849,0.0,7.8,0.10,0.05
2025-12-31 16:01:34.850,0.1,7.8,0.11,0.06
2025-12-31 16:01:35.852,0.1,7.8,0.10,0.05
2025-12-31 16:01:36.853,0.0,7.8,0.11,0.05
2025-12-31 16:01:37.854,0.1,7.8,0.10,0.05
2025-12-31 16:01:38.856,0.1,7.8,0.10,0.05
2025-12-31 16:01:39.857,0.2,7.8,0.10,0.05
2025-12-31 16:01:40.859,0.2,7.8,0.11,0.06
2025-12-31 16:01:41.860,0.2,7.8,0.11,0.05
2025-12-31 16:01:42.862,0.1,7.8,0.11,0.06
2025-12-31 16:01:43.863,0.1,7.8,0.10,0.05
2025-12-31 16:01:44.865,0.2,7.8,0.10,0.05
2025-12-31 16:01:45.866,0.2,7.8,0.10,0.05
2025-12-31 16:01:46.867,0.3,7.8,0.11,0.05
2025-12-31 16:01:47.869,0.2,7.8,0.10,0.05
2025-12-31 16:01:48.871,0.4,7.8,0.11,0.06
2025-12-31 16:01:49.872,0.4,7.8,0.10,0.05
2025-12-31 16:01:50.875,0.4,7.8,0.10,0.05
2025-12-31 16:01:51.876,0.2,7.8,0.11,0.06
2025-12-31 16:01:52.877,0.2,7.8,0.10,0.05
2025-12-31 16:01:53.878,0.5,7.8,0.10,0.05
2025-12-31 16:01:54.880,0.4,7.8,0.10,0.05
2025-12-31 16:01:55.882,0.3,7.8,0.10,0.05
2025-12-31 16:01:56.883,0.5,7.8,0.11,0.05
2025-12-31 16:01:57.884,0.2,7.8,0.10,0.05
2025-12-31 16:01:58.886,0.3,7.8,0.10,0.05
2025-12-31 16:01:59.887,0.2,7.8,0.10,0.05
2025-12-31 16:02:00.888,0.3,7.8,0.10,0.05
2025-12-31 16:02:01.889,0.1,7.8,0.10,0.05
2025-12-31 16:02:02.891,0.2,7.8,0.10,0.05
2025-12-31 16:02:03.893,0.2,7.8,0.11,0.05
2025-12-31 16:02:04.894,0.1,7.8,0.10,0.05
2025-12-31 16:02:05.896,0.0,7.8,0.10,0.05
2025-12-31 16:02:06.897,0.1,7.8,0.10,0.05
2025-12-31 16:02:07.899,0.1,7.8,0.11,0.06
2025-12-31 16:02:08.900,0.1,7.8,0.11,0.05
2025-12-31 16:02:09.901,0.2,7.8,0.10,0.05
2025-12-31 16:02:10.903,0.0,7.8,0.11,0.05
2025-12-31 16:02:11.904,0.0,7.8,0.10,0.05
2025-12-31 16:02:12.905,0.2,7.8,0.11,0.05
2025-12-31 16:02:13.907,0.1,7.8,0.10,0.05
2025-12-31 16:02:14.909,0.1,7.8,0.10,0.05
2025-12-31 16:02:15.910,0.1,7.8,0.10,0.05
2025-12-31 16:02:16.911,0.1,7.8,0.11,0.05
2025-12-31 16:02:17.913,0.1,7.8,0.10,0.05
2025-12-31 16:02:18.914,0.1,7.8,0.11,0.06
2025-12-31 16:02:19.916,0.1,7.8,0.10,0.05
2025-12-31 16:02:20.917,0.0,7.8,0.11,0.05
2025-12-31 16:02:21.919,0.1,7.8,0.10,0.05
2025-12-31 16:02:22.920,0.1,7.8,0.11,0.06
2025-12-31 16:02:23.922,0.1,7.8,0.11,0.05
2025-12-31 16:02:24.923,0.2,7.8,0.10,0.05
2025-12-31 16:02:25.924,0.0,7.8,0.10,0.05
2025-12-31 16:02:26.926,0.1,7.8,0.10,0.05
2025-12-31 16:02:27.927,0.0,7.8,0.10,0.05
2025-12-31 16:02:28.928,0.2,7.8,0.10,0.05
2025-12-31 16:02:29.929,0.1,7.8,0.11,0.06
2025-12-31 16:02:30.930,0.1,7.8,0.10,0.05
2025-12-31 16:02:31.933,0.1,7.8,0.11,0.05
2025-12-31 16:02:32.934,0.1,7.8,0.11,0.06
2025-12-31 16:02:33.936,0.1,7.8,0.10,0.05
2025-12-31 16:02:34.937,0.0,7.8,0.10,0.05
2025-12-31 16:02:35.939,0.1,7.8,0.10,0.06
2025-12-31 16:02:36.940,0.2,7.8,0.11,0.05
2025-12-31 16:02:37.941,0.1,7.8,0.10,0.05
2025-12-31 16:02:38.943,0.0,7.8,0.10,0.05
2025-12-31 16:02:39.945,0.2,7.8,0.10,0.05
2025-12-31 16:02:40.946,0.1,7.8,0.10,0.05
2025-12-31 16:02:41.948,0.1,7.8,0.10,0.05
2025-12-31 16:02:42.949,0.1,7.8,0.10,0.05
2025-12-31 16:02:43.951,0.0,7.8,0.11,0.05
2025-12-31 16:02:44.952,0.1,7.8,0.10,0.05
2025-12-31 16:02:45.953,0.0,7.8,0.10,0.05
2025-12-31 16:02:46.954,0.2,7.8,0.10,0.05
2025-12-31 16:02:47.955,0.0,7.8,0.10,0.05
2025-12-31 16:02:48.957,0.1,7.8,0.10,0.05
2025-12-31 16:02:49.958,0.1,7.8,0.10,0.05
2025-12-31 16:02:50.960,0.1,7.8,0.10,0.06
2025-12-31 16:02:51.961,0.1,7.8,0.11,0.06
2025-12-31 16:02:52.963,0.1,7.8,0.11,0.05
2025-12-31 16:02:53.964,0.0,7.8,0.11,0.05
2025-12-31 16:02:54.966,0.1,7.8,0.10,0.05
2025-12-31 16:02:55.967,0.1,7.8,0.10,0.05
2025-12-31 16:02:56.969,0.0,7.8,0.11,0.05
2025-12-31 16:02:57.970,0.2,7.8,0.11,0.05
2025-12-31 16:02:58.971,0.0,7.8,0.11,0.05
2025-12-31 16:02:59.973,0.1,7.8,0.11,0.05
2025-12-31 16:03:00.974,0.2,7.8,0.10,0.05
2025-12-31 16:03:01.976,0.1,7.8,0.10,0.05
2025-12-31 16:03:02.977,0.1,7.8,0.11,0.06
2025-12-31 16:03:03.979,0.0,7.8,0.11,0.05
2025-12-31 16:03:04.980,0.1,7.8,0.11,0.06
2025-12-31 16:03:05.981,0.2,7.8,0.10,0.05
2025-12-31 16:03:06.982,0.2,7.8,0.10,0.05
2025-12-31 16:03:07.983,0.2,7.8,0.10,0.05
2025-12-31 16:03:08.985,0.0,7.8,0.10,0.05
2025-12-31 16:03:09.986,0.1,7.8,0.11,0.05
2025-12-31 16:03:10.987,0.1,7.8,0.11,0.05
2025-12-31 16:03:11.988,0.1,7.8,0.11,0.05
2025-12-31 16:03:12.990,0.0,7.8,0.11,0.05
2025-12-31 16:03:13.991,0.1,7.8,0.10,0.05
2025-12-31 16:03:14.992,0.0,7.8,0.10,0.05
2025-12-31 16:03:15.993,0.0,7.8,0.10,0.05
2025-12-31 16:03:16.995,0.2,7.8,0.10,0.05
2025-12-31 16:03:17.996,0.0,7.8,0.11,0.05
2025-12-31 16:03:18.998,0.2,7.8,0.10,0.05
2025-12-31 16:03:19.999,0.1,7.8,0.11,0.05
2025-12-31 16:03:21.000,0.1,7.8,0.10,0.05
2025-12-31 16:03:22.002,0.1,7.8,0.11,0.05
2025-12-31 16:03:23.003,0.2,7.8,0.11,0.06
2025-12-31 16:03:24.004,0.0,7.8,0.10,0.05
2025-12-31 16:03:25.006,0.1,7.8,0.11,0.05
2025-12-31 16:03:26.008,0.1,7.8,0.10,0.05
2025-12-31 16:03:27.009,0.1,7.8,0.11,0.06
2025-12-31 16:03:28.010,0.0,7.8,0.10,0.05
2025-12-31 16:03:29.012,0.0,7.8,0.10,0.05
2025-12-31 16:03:30.015,0.1,7.8,0.11,0.05
2025-12-31 16:03:31.016,0.2,7.8,0.10,0.05
2025-12-31 16:03:32.018,0.0,7.8,0.10,0.05
2025-12-31 16:03:33.019,0.1,7.8,0.11,0.06
2025-12-31 16:03:34.020,0.0,7.8,0.11,0.05
2025-12-31 16:03:35.022,0.0,7.8,0.10,0.05
2025-12-31 16:03:36.024,0.1,7.8,0.10,0.05
2025-12-31 16:03:37.026,0.1,7.8,0.11,0.05
2025-12-31 16:03:38.027,0.1,7.8,0.10,0.05
2025-12-31 16:03:39.028,0.2,7.8,0.11,0.05
2025-12-31 16:03:40.029,0.0,7.8,0.10,0.05
2025-12-31 16:03:41.030,0.1,7.8,0.11,0.05
2025-12-31 16:03:42.031,0.2,7.8,0.10,0.05
2025-12-31 16:03:43.032,0.1,7.8,0.11,0.06
2025-12-31 16:03:44.034,0.0,7.8,0.10,0.05
2025-12-31 16:03:45.035,0.1,7.8,0.10,0.05
2025-12-31 16:03:46.037,0.1,7.8,0.11,0.05
2025-12-31 16:03:47.039,0.2,7.8,0.11,0.05
2025-12-31 16:03:48.040,0.0,7.8,0.10,0.05
2025-12-31 16:03:49.041,0.2,7.8,0.10,0.05
2025-12-31 16:03:50.043,0.0,7.8,0.10,0.05
2025-12-31 16:03:51.045,0.1,7.8,0.10,0.05
2025-12-31 16:03:52.047,0.0,7.8,0.10,0.05
2025-12-31 16:03:53.048,0.1,7.8,0.11,0.06
2025-12-31 16:03:54.050,0.1,7.8,0.11,0.05
2025-12-31 16:03:55.051,0.1,7.8,0.11,0.05
2025-12-31 16:03:56.052,0.0,7.8,0.11,0.06
2025-12-31 16:03:57.054,0.1,7.8,0.10,0.05
2025-12-31 16:03:58.056,0.0,7.8,0.10,0.05
2025-12-31 16:03:59.057,0.1,7.8,0.10,0.05
2025-12-31 16:04:00.058,0.0,7.8,0.10,0.05
2025-12-31 16:04:01.060,0.0,7.8,0.11,0.05
2025-12-31 16:04:02.061,0.1,7.8,0.11,0.06
2025-12-31 16:04:03.062,0.0,7.8,0.11,0.05
2025-12-31 16:04:04.064,0.0,7.8,0.10,0.06
2025-12-31 16:04:05.066,0.1,7.8,0.10,0.07
2025-12-31 16:04:06.067,0.0,7.8,0.10,0.06
2025-12-31 16:04:07.069,0.0,7.8,0.10,0.06
2025-12-31 16:04:08.071,0.1,7.8,0.10,0.06
2025-12-31 16:04:09.072,0.2,7.8,0.11,0.06
2025-12-31 16:04:10.073,0.0,7.8,0.10,0.06
2025-12-31 16:04:11.075,0.0,7.8,0.10,0.06
2025-12-31 16:04:12.076,0.0,7.8,0.11,0.06
2025-12-31 16:04:13.078,0.1,7.8,0.11,0.06
2025-12-31 16:04:14.080,0.1,7.8,0.10,0.05
2025-12-31 16:04:15.081,0.2,7.8,0.10,0.06
2025-12-31 16:04:16.082,0.0,7.8,0.10,0.06
2025-12-31 16:04:17.084,0.1,7.8,0.10,0.05
2025-12-31 16:04:18.085,0.1,7.8,0.11,0.05
2025-12-31 16:04:19.086,0.0,7.8,0.10,0.05
2025-12-31 16:04:20.087,0.1,7.8,0.11,0.06
2025-12-31 16:04:21.089,0.0,7.8,0.10,0.05
2025-12-31 16:04:22.090,0.2,7.8,0.10,0.05
2025-12-31 16:04:23.091,0.0,7.8,0.10,0.05
2025-12-31 16:04:24.092,0.0,7.8,0.10,0.05
2025-12-31 16:04:25.093,0.1,7.8,0.11,0.05
2025-12-31 16:04:26.094,0.1,7.8,0.10,0.05
2025-12-31 16:04:27.095,0.1,7.8,0.10,0.05
2025-12-31 16:04:28.096,0.0,7.8,0.10,0.05
2025-12-31 16:04:29.098,0.2,7.8,0.10,0.05
2025-12-31 16:04:30.099,0.0,7.8,0.10,0.05
2025-12-31 16:04:31.100,0.1,7.8,0.11,0.05
2025-12-31 16:04:32.101,0.1,7.8,0.10,0.05
2025-12-31 16:04:33.102,0.0,7.8,0.10,0.05
2025-12-31 16:04:34.103,0.2,7.8,0.10,0.05
2025-12-31 16:04:35.104,0.1,7.8,0.10,0.05
2025-12-31 16:04:36.105,0.3,7.8,0.10,0.05
2025-12-31 16:04:37.107,0.3,7.8,0.10,0.06
2025-12-31 16:04:38.109,0.2,7.8,0.10,0.05
2025-12-31 16:04:39.111,0.2,7.8,0.11,0.05
2025-12-31 16:04:40.112,0.3,7.8,0.10,0.05
2025-12-31 16:04:41.113,0.2,7.8,0.11,0.05
2025-12-31 16:04:42.114,0.4,7.8,0.10,0.05
2025-12-31 16:04:43.116,0.1,7.8,0.11,0.06
2025-12-31 16:04:44.118,0.3,7.8,0.10,0.05
2025-12-31 16:04:45.119,0.2,7.8,0.10,0.05
2025-12-31 16:04:46.120,0.3,7.8,0.10,0.05
2025-12-31 16:04:47.122,0.3,7.8,0.10,0.05
2025-12-31 16:04:48.124,0.2,7.8,0.10,0.05
2025-12-31 16:04:49.125,0.4,7.8,0.11,0.05
2025-12-31 16:04:50.127,0.3,7.8,0.10,0.05
2025-12-31 16:04:51.128,0.3,7.8,0.10,0.05
2025-12-31 16:04:52.130,0.2,7.8,0.11,0.05
2025-12-31 16:04:53.132,0.0,7.8,0.11,0.06
2025-12-31 16:04:54.133,0.2,7.8,0.10,0.05
2025-12-31 16:04:55.135,0.2,7.8,0.10,0.05
2025-12-31 16:04:56.136,0.3,7.8,0.10,0.05
2025-12-31 16:04:57.137,0.1,7.8,0.10,0.05
2025-12-31 16:04:58.138,0.1,7.8,0.11,0.06
2025-12-31 16:04:59.140,0.2,7.8,0.10,0.05
2025-12-31 16:05:00.141,0.2,7.8,0.10,0.05
2025-12-31 16:05:01.143,0.1,7.8,0.10,0.05
2025-12-31 16:05:02.144,0.1,7.8,0.11,0.05
2025-12-31 16:05:03.145,0.0,7.8,0.11,0.05
2025-12-31 16:05:04.147,0.1,7.8,0.11,0.06
2025-12-31 16:05:05.148,0.1,7.8,0.11,0.09
2025-12-31 16:05:06.149,0.0,7.8,0.10,0.06
2025-12-31 16:05:07.151,0.1,7.8,0.10,0.06
2025-12-31 16:05:08.152,0.1,7.8,0.10,0.06
2025-12-31 16:05:09.153,0.2,7.8,0.11,0.06
2025-12-31 16:05:10.154,0.1,7.8,0.10,0.05
2025-12-31 16:05:11.156,0.0,7.8,0.10,0.06
2025-12-31 16:05:12.157,0.1,7.8,0.10,0.05
2025-12-31 16:05:13.158,0.0,7.8,0.10,0.06
2025-12-31 16:05:14.160,0.2,7.8,0.10,0.05
2025-12-31 16:05:15.162,0.0,7.8,0.11,0.05
2025-12-31 16:05:16.163,0.1,7.8,0.10,0.05
2025-12-31 16:05:17.164,0.3,7.8,0.10,0.05
2025-12-31 16:05:18.166,0.1,7.8,0.10,0.06
2025-12-31 16:05:19.168,0.1,7.8,0.10,0.06
2025-12-31 16:05:20.169,0.0,7.8,0.10,0.06
2025-12-31 16:05:21.170,0.1,7.8,0.12,0.05
2025-12-31 16:05:22.171,0.1,7.8,0.10,0.05
2025-12-31 16:05:23.172,0.2,7.8,0.11,0.05
2025-12-31 16:05:24.173,0.1,7.8,0.10,0.05
2025-12-31 16:05:25.174,0.1,7.8,0.10,0.05
2025-12-31 16:05:26.175,0.2,7.8,0.10,0.05
2025-12-31 16:05:27.176,0.1,7.8,0.11,0.05
2025-12-31 16:05:28.177,0.1,7.8,0.10,0.05
2025-12-31 16:05:29.178,0.2,7.8,0.11,0.05
2025-12-31 16:05:30.180,0.2,7.8,0.10,0.05
2025-12-31 16:05:31.182,0.2,7.8,0.10,0.05
2025-12-31 16:05:32.183,0.1,7.8,0.10,0.05
2025-12-31 16:05:33.184,0.0,7.8,0.11,0.05
2025-12-31 16:05:34.185,0.2,7.8,0.10,0.05
2025-12-31 16:05:35.187,0.2,7.8,0.12,0.06
2025-12-31 16:05:36.188,0.2,7.8,0.10,0.05
2025-12-31 16:05:37.189,0.1,7.8,0.10,0.05
2025-12-31 16:05:38.190,0.0,7.8,0.10,0.05
2025-12-31 16:05:39.191,0.1,7.8,0.11,0.05
2025-12-31 16:05:40.192,0.1,7.8,0.10,0.05
2025-12-31 16:05:41.193,0.0,7.8,0.10,0.05
2025-12-31 16:05:42.196,0.2,7.8,0.10,0.05
2025-12-31 16:05:43.197,0.1,7.8,0.11,0.05
2025-12-31 16:05:44.198,0.1,7.8,0.11,0.05
2025-12-31 16:05:45.199,0.1,7.8,0.10,0.05
2025-12-31 16:05:46.201,0.1,7.8,0.10,0.05
2025-12-31 16:05:47.202,0.1,7.8,0.10,0.05
2025-12-31 16:05:48.204,0.0,7.8,0.10,0.05
2025-12-31 16:05:49.205,0.0,7.8,0.10,0.05
2025-12-31 16:05:50.206,0.1,7.8,0.10,0.05
2025-12-31 16:05:51.208,0.0,7.8,0.10,0.05
2025-12-31 16:05:52.209,0.1,7.8,0.10,0.05
2025-12-31 16:05:53.211,0.0,7.8,0.11,0.05
2025-12-31 16:05:54.212,0.1,7.8,0.10,0.05
2025-12-31 16:05:55.213,0.2,7.8,0.11,0.05
2025-12-31 16:05:56.214,0.0,7.8,0.10,0.05
2025-12-31 16:05:57.215,0.1,7.8,0.10,0.05
2025-12-31 16:05:58.216,0.1,7.8,0.10,0.05
2025-12-31 16:05:59.218,0.0,7.8,0.10,0.05
2025-12-31 16:06:00.220,0.2,7.8,0.10,0.05
2025-12-31 16:06:01.221,0.0,7.8,0.10,0.05
2025-12-31 16:06:02.223,0.2,7.8,0.10,0.05
2025-12-31 16:06:03.224,0.0,7.8,0.10,0.05
2025-12-31 16:06:04.225,0.1,7.8,0.10,0.05
2025-12-31 16:06:05.226,0.0,7.8,0.10,0.05
2025-12-31 16:06:06.228,0.1,7.8,0.11,0.05
2025-12-31 16:06:07.230,0.1,7.8,0.10,0.05
2025-12-31 16:06:08.231,0.2,7.8,0.11,0.05
2025-12-31 16:06:09.233,0.0,7.8,0.10,0.05
2025-12-31 16:06:10.234,0.0,7.8,0.11,0.06
2025-12-31 16:06:11.236,0.1,7.8,0.10,0.05
2025-12-31 16:06:12.238,0.0,7.8,0.10,0.05
2025-12-31 16:06:13.241,0.1,7.8,0.11,0.05
2025-12-31 16:06:14.243,0.1,7.8,0.10,0.05
2025-12-31 16:06:15.244,0.0,7.8,0.10,0.05
2025-12-31 16:06:16.246,0.0,7.8,0.11,0.05
2025-12-31 16:06:17.248,0.2,7.8,0.11,0.05
2025-12-31 16:06:18.249,0.0,7.8,0.10,0.05
2025-12-31 16:06:19.250,0.1,7.8,0.11,0.05
2025-12-31 16:06:20.252,0.1,7.8,0.10,0.05
2025-12-31 16:06:21.254,0.1,7.8,0.11,0.05
2025-12-31 16:06:22.256,0.2,7.8,0.10,0.05
2025-12-31 16:06:23.257,0.0,7.8,0.11,0.06
2025-12-31 16:06:24.258,0.1,7.8,0.10,0.05
2025-12-31 16:06:25.260,0.1,7.8,0.10,0.05
2025-12-31 16:06:26.261,0.0,7.8,0.10,0.05
2025-12-31 16:06:27.263,0.0,7.8,0.10,0.05
2025-12-31 16:06:28.264,0.1,7.8,0.10,0.05
2025-12-31 16:06:29.265,0.1,7.8,0.10,0.05
2025-12-31 16:06:30.266,0.0,7.8,0.10,0.05
2025-12-31 16:06:31.267,0.0,7.8,0.11,0.05
2025-12-31 16:06:32.269,0.0,7.8,0.10,0.05
2025-12-31 16:06:33.270,0.2,7.8,0.11,0.05
2025-12-31 16:06:34.271,0.0,7.8,0.10,0.05
2025-12-31 16:06:35.273,0.1,7.8,0.10,0.05
2025-12-31 16:06:36.275,0.1,7.8,0.10,0.05
2025-12-31 16:06:37.276,0.1,7.8,0.10,0.05
2025-12-31 16:06:38.277,0.1,7.8,0.10,0.05
2025-12-31 16:06:39.278,0.0,7.8,0.10,0.05
2025-12-31 16:06:40.280,0.2,7.8,0.10,0.05
2025-12-31 16:06:41.281,0.0,7.8,0.11,0.05
2025-12-31 16:06:42.282,0.1,7.8,0.10,0.05
2025-12-31 16:06:43.284,0.1,7.8,0.11,0.06
2025-12-31 16:06:44.285,0.1,7.8,0.10,0.05
2025-12-31 16:06:45.287,0.1,7.8,0.10,0.05
2025-12-31 16:06:46.289,0.2,7.8,0.10,0.05
2025-12-31 16:06:47.290,0.2,7.8,0.11,0.05
2025-12-31 16:06:48.292,0.1,7.8,0.11,0.05
2025-12-31 16:06:49.294,0.0,7.8,0.11,0.05
2025-12-31 16:06:50.296,0.1,7.8,0.10,0.05
2025-12-31 16:06:51.297,0.1,7.8,0.11,0.05
2025-12-31 16:06:52.298,0.0,7.8,0.10,0.05
2025-12-31 16:06:53.299,0.1,7.8,0.11,0.06
2025-12-31 16:06:54.301,0.0,7.8,0.11,0.05
2025-12-31 16:06:55.302,0.2,7.8,0.10,0.05
2025-12-31 16:06:56.303,0.1,7.8,0.10,0.05
2025-12-31 16:06:57.305,0.1,7.8,0.10,0.05
2025-12-31 16:06:58.306,0.0,7.8,0.10,0.05
2025-12-31 16:06:59.308,0.0,7.8,0.10,0.05
2025-12-31 16:07:00.310,0.1,7.8,0.11,0.05
2025-12-31 16:07:01.312,0.0,7.8,0.10,0.05
2025-12-31 16:07:02.314,0.0,7.8,0.11,0.06
2025-12-31 16:07:03.315,0.0,7.8,0.10,0.05
2025-12-31 16:07:04.317,0.1,7.8,0.10,0.05
2025-12-31 16:07:05.318,0.1,7.8,0.10,0.05
2025-12-31 16:07:06.320,0.1,7.8,0.10,0.05
2025-12-31 16:07:07.321,0.0,7.8,0.11,0.05
2025-12-31 16:07:08.322,0.0,7.8,0.11,0.05
2025-12-31 16:07:09.324,0.0,7.8,0.10,0.05
2025-12-31 16:07:10.325,0.1,7.8,0.10,0.05
2025-12-31 16:07:11.326,0.0,7.8,0.10,0.05
2025-12-31 16:07:12.328,0.2,7.8,0.10,0.05
2025-12-31 16:07:13.329,0.0,7.8,0.11,0.05
2025-12-31 16:07:14.330,0.0,7.8,0.10,0.05
2025-12-31 16:07:15.332,0.2,7.8,0.11,0.05
2025-12-31 16:07:16.333,0.0,7.8,0.11,0.05
2025-12-31 16:07:17.335,0.1,7.8,0.10,0.05
2025-12-31 16:07:18.336,0.0,7.8,0.11,0.05
2025-12-31 16:07:19.338,0.1,7.8,0.10,0.05
2025-12-31 16:07:20.339,0.2,7.8,0.11,0.05
2025-12-31 16:07:21.341,0.0,7.8,0.10,0.05
2025-12-31 16:07:22.342,0.1,7.8,0.11,0.05
2025-12-31 16:07:23.344,0.0,7.8,0.11,0.06
2025-12-31 16:07:24.345,0.1,7.8,0.11,0.05
2025-12-31 16:07:25.346,0.0,7.8,0.10,0.05
2025-12-31 16:07:26.348,0.0,7.8,0.11,0.05
2025-12-31 16:07:27.349,0.1,7.8,0.10,0.05
2025-12-31 16:07:28.350,0.1,7.8,0.11,0.05
2025-12-31 16:07:29.351,0.2,7.8,0.10,0.05
2025-12-31 16:07:30.352,0.1,7.8,0.11,0.06
2025-12-31 16:07:31.353,0.1,7.8,0.10,0.05
2025-12-31 16:07:32.354,0.2,7.8,0.11,0.05
2025-12-31 16:07:33.355,0.2,7.8,0.11,0.06
2025-12-31 16:07:34.356,0.2,7.8,0.11,0.05
2025-12-31 16:07:35.358,0.1,7.8,0.11,0.05
2025-12-31 16:07:36.359,0.2,7.8,0.11,0.05
2025-12-31 16:07:37.360,0.2,7.8,0.11,0.05
2025-12-31 16:07:38.361,0.2,7.8,0.11,0.05
2025-12-31 16:07:39.362,0.0,7.8,0.10,0.05
2025-12-31 16:07:40.363,0.2,7.8,0.10,0.05
2025-12-31 16:07:41.365,0.2,7.8,0.10,0.05
2025-12-31 16:07:42.366,0.2,7.8,0.11,0.05
2025-12-31 16:07:43.367,0.3,7.8,0.10,0.05
2025-12-31 16:07:44.368,0.3,7.8,0.11,0.05
2025-12-31 16:07:45.370,0.2,7.8,0.10,0.05
2025-12-31 16:07:46.371,0.2,7.8,0.10,0.05
2025-12-31 16:07:47.373,0.3,7.8,0.11,0.05
2025-12-31 16:07:48.376,0.3,7.8,0.11,0.05
2025-12-31 16:07:49.378,0.1,7.8,0.11,0.06
2025-12-31 16:07:50.379,0.2,7.8,0.11,0.05
2025-12-31 16:07:51.381,0.3,7.8,0.11,0.05
2025-12-31 16:07:52.382,0.1,7.8,0.10,0.05
2025-12-31 16:07:53.383,0.1,7.8,0.11,0.06
2025-12-31 16:07:54.385,0.2,7.8,0.10,0.05
2025-12-31 16:07:55.386,0.0,7.8,0.10,0.05
2025-12-31 16:07:56.388,0.2,7.8,0.11,0.05
2025-12-31 16:07:57.390,0.1,7.8,0.10,0.05
2025-12-31 16:07:58.391,0.2,7.8,0.11,0.05
2025-12-31 16:07:59.392,0.0,7.8,0.11,0.05
2025-12-31 16:08:00.394,0.2,7.8,0.10,0.05
2025-12-31 16:08:01.396,0.2,7.8,0.10,0.05
2025-12-31 16:08:02.397,0.0,7.8,0.10,0.05
2025-12-31 16:08:03.398,0.2,7.8,0.11,0.06
2025-12-31 16:08:04.399,0.0,7.8,0.10,0.05
2025-12-31 16:08:05.400,0.2,7.8,0.10,0.05
2025-12-31 16:08:06.401,0.0,7.8,0.11,0.05
2025-12-31 16:08:07.403,0.1,7.8,0.10,0.05
2025-12-31 16:08:08.404,0.1,7.8,0.11,0.06
2025-12-31 16:08:09.406,0.0,7.8,0.10,0.05
2025-12-31 16:08:10.407,0.1,7.8,0.10,0.05
2025-12-31 16:08:11.408,0.2,7.8,0.11,0.06
2025-12-31 16:08:12.409,0.1,7.8,0.10,0.05
2025-12-31 16:08:13.410,0.2,7.8,0.10,0.05
2025-12-31 16:08:14.412,0.3,7.8,0.10,0.05
2025-12-31 16:08:15.414,0.2,7.8,0.10,0.05
2025-12-31 16:08:16.415,0.2,7.8,0.10,0.05
2025-12-31 16:08:17.416,0.2,7.8,0.10,0.05
2025-12-31 16:08:18.418,0.2,7.8,0.10,0.05
2025-12-31 16:08:19.420,0.2,7.8,0.10,0.05
2025-12-31 16:08:20.421,0.1,7.8,0.11,0.05
2025-12-31 16:08:21.422,0.2,7.8,0.10,0.05
2025-12-31 16:08:22.424,0.1,7.8,0.10,0.05
2025-12-31 16:08:23.425,0.2,7.8,0.11,0.06
2025-12-31 16:08:24.427,0.1,7.8,0.11,0.05
2025-12-31 16:08:25.429,0.2,7.8,0.10,0.05
2025-12-31 16:08:26.430,0.1,7.8,0.10,0.05
2025-12-31 16:08:27.431,0.1,7.8,0.10,0.05
2025-12-31 16:08:28.433,0.1,7.8,0.10,0.05
2025-12-31 16:08:29.434,0.1,7.8,0.11,0.05
2025-12-31 16:08:30.436,0.1,7.8,0.11,0.05
2025-12-31 16:08:31.437,0.1,7.8,0.11,0.05
2025-12-31 16:08:32.439,0.0,7.8,0.10,0.05
2025-12-31 16:08:33.440,0.1,7.8,0.10,0.05
2025-12-31 16:08:34.441,0.1,7.8,0.10,0.05
2025-12-31 16:08:35.442,0.2,7.8,0.10,0.05
2025-12-31 16:08:36.443,0.2,7.8,0.11,0.05
2025-12-31 16:08:37.444,0.1,7.8,0.10,0.05
2025-12-31 16:08:38.445,0.1,7.8,0.09,0.05
2025-12-31 16:08:39.446,0.1,7.8,0.10,0.05
2025-12-31 16:08:40.447,0.1,7.8,0.10,0.05
2025-12-31 16:08:41.448,0.1,7.8,0.10,0.05
2025-12-31 16:08:42.449,0.0,7.8,0.09,0.05
2025-12-31 16:08:43.451,0.1,7.8,0.10,0.05
2025-12-31 16:08:44.452,0.1,7.8,0.10,0.05
2025-12-31 16:08:45.453,0.1,7.8,0.10,0.05
2025-12-31 16:08:46.455,0.1,7.8,0.10,0.05
2025-12-31 16:08:47.456,0.2,7.8,0.10,0.05
2025-12-31 16:08:48.457,0.2,7.8,0.10,0.05
2025-12-31 16:08:49.458,0.0,7.8,0.10,0.05
2025-12-31 16:08:50.460,0.1,7.8,0.10,0.05
2025-12-31 16:08:51.461,0.1,7.8,0.10,0.05
2025-12-31 16:08:52.464,0.0,7.8,0.10,0.05
2025-12-31 16:08:53.465,0.0,7.8,0.10,0.05
2025-12-31 16:08:54.466,0.1,7.8,0.10,0.05
2025-12-31 16:08:55.467,0.1,7.8,0.10,0.05
2025-12-31 16:08:56.469,0.0,7.8,0.10,0.05
2025-12-31 16:08:57.470,0.0,7.8,0.10,0.05
2025-12-31 16:08:58.471,0.1,7.8,0.10,0.05
2025-12-31 16:08:59.472,0.1,7.8,0.11,0.05
2025-12-31 16:09:00.473,0.0,7.8,0.10,0.05
2025-12-31 16:09:01.475,0.1,7.8,0.11,0.05
2025-12-31 16:09:02.476,0.1,7.8,0.11,0.05
2025-12-31 16:09:03.477,0.0,7.8,0.11,0.06
2025-12-31 16:09:04.478,0.0,7.8,0.10,0.05
2025-12-31 16:09:05.479,0.1,7.8,0.10,0.05
2025-12-31 16:09:06.481,0.1,7.8,0.11,0.05
2025-12-31 16:09:07.482,0.1,7.8,0.10,0.05
2025-12-31 16:09:08.484,0.0,7.8,0.10,0.05
2025-12-31 16:09:09.486,0.1,7.8,0.10,0.05
2025-12-31 16:09:10.487,0.1,7.8,0.10,0.05
2025-12-31 16:09:11.489,0.1,7.8,0.10,0.05
2025-12-31 16:09:12.491,0.0,7.8,0.11,0.05
2025-12-31 16:09:13.493,0.1,7.8,0.11,0.06
2025-12-31 16:09:14.494,0.2,7.8,0.10,0.05
2025-12-31 16:09:15.524,0.2,7.8,0.11,0.05
2025-12-31 16:09:16.525,0.1,7.8,0.10,0.05
2025-12-31 16:09:17.527,0.1,7.8,0.11,0.05
2025-12-31 16:09:18.528,0.1,7.8,0.10,0.05
2025-12-31 16:09:19.529,0.1,7.8,0.10,0.05
2025-12-31 16:09:20.531,0.1,7.8,0.10,0.05
2025-12-31 16:09:21.532,0.0,7.8,0.10,0.05
2025-12-31 16:09:22.534,0.1,7.8,0.10,0.05
2025-12-31 16:09:23.535,0.1,7.8,0.11,0.05
2025-12-31 16:09:24.536,0.0,7.8,0.11,0.06
2025-12-31 16:09:25.537,0.1,7.8,0.10,0.05
2025-12-31 16:09:26.538,0.2,7.8,0.10,0.05
2025-12-31 16:09:27.541,0.0,7.8,0.10,0.05
2025-12-31 16:09:28.542,0.2,7.8,0.11,0.06
2025-12-31 16:09:29.543,0.0,7.8,0.11,0.05
2025-12-31 16:09:30.544,0.2,7.8,0.10,0.05
2025-12-31 16:09:31.545,0.1,7.8,0.10,0.05
2025-12-31 16:09:32.547,0.2,7.8,0.10,0.05
2025-12-31 16:09:33.548,0.2,7.8,0.11,0.05
2025-12-31 16:09:34.550,0.0,7.8,0.10,0.05
2025-12-31 16:09:35.551,0.2,7.8,0.10,0.05
2025-12-31 16:09:36.553,0.1,7.8,0.10,0.05
2025-12-31 16:09:37.554,0.1,7.8,0.10,0.05
2025-12-31 16:09:38.555,0.0,7.8,0.11,0.05
2025-12-31 16:09:39.556,0.1,7.8,0.10,0.05
2025-12-31 16:09:40.558,0.1,7.8,0.10,0.05
2025-12-31 16:09:41.559,0.0,7.8,0.11,0.05
2025-12-31 16:09:42.560,0.2,7.8,0.10,0.05
2025-12-31 16:09:43.561,0.0,7.8,0.11,0.06
2025-12-31 16:09:44.563,0.1,7.8,0.10,0.05
2025-12-31 16:09:45.564,0.0,7.8,0.11,0.05
2025-12-31 16:09:46.566,0.1,7.8,0.10,0.05
2025-12-31 16:09:47.567,0.1,7.8,0.10,0.05
2025-12-31 16:09:48.569,0.2,7.8,0.10,0.05
2025-12-31 16:09:49.571,0.0,7.8,0.11,0.05
2025-12-31 16:09:50.572,0.1,7.8,0.11,0.05
2025-12-31 16:09:51.573,0.0,7.8,0.10,0.05
2025-12-31 16:09:52.575,0.1,7.8,0.11,0.05
2025-12-31 16:09:53.576,0.1,7.8,0.11,0.06
2025-12-31 16:09:54.578,0.0,7.8,0.10,0.06
2025-12-31 16:09:55.579,0.0,7.8,0.10,0.05
2025-12-31 16:09:56.580,0.1,7.8,0.11,0.05
2025-12-31 16:09:57.582,0.1,7.8,0.11,0.05
2025-12-31 16:09:58.583,0.0,7.8,0.10,0.05
2025-12-31 16:09:59.584,0.0,7.8,0.10,0.05
2025-12-31 16:10:00.586,0.0,7.8,0.10,0.05
2025-12-31 16:10:01.587,0.1,7.8,0.11,0.05
2025-12-31 16:10:02.588,0.0,7.8,0.11,0.06
2025-12-31 16:10:03.590,0.1,7.8,0.11,0.06
2025-12-31 16:10:04.592,0.0,7.8,0.10,0.05
2025-12-31 16:10:05.593,0.0,7.8,0.10,0.05
2025-12-31 16:10:06.594,0.0,7.8,0.10,0.05
2025-12-31 16:10:07.596,0.1,7.8,0.11,0.05
2025-12-31 16:10:08.597,0.1,7.8,0.10,0.05
2025-12-31 16:10:09.599,0.1,7.8,0.11,0.05
2025-12-31 16:10:10.600,0.0,7.8,0.10,0.05
2025-12-31 16:10:11.602,0.1,7.8,0.10,0.05
2025-12-31 16:10:12.603,0.0,7.8,0.10,0.05
2025-12-31 16:10:13.604,0.0,7.8,0.11,0.06
2025-12-31 16:10:14.606,0.1,7.8,0.10,0.05
2025-12-31 16:10:15.608,0.1,7.8,0.11,0.05
2025-12-31 16:10:16.609,0.2,7.8,0.10,0.05
2025-12-31 16:10:17.610,0.0,7.8,0.10,0.05
2025-12-31 16:10:18.612,0.0,7.8,0.10,0.05
2025-12-31 16:10:19.613,0.0,7.8,0.10,0.05
2025-12-31 16:10:20.615,0.0,7.8,0.10,0.05
2025-12-31 16:10:21.616,0.1,7.8,0.10,0.05
2025-12-31 16:10:22.617,0.1,7.8,0.11,0.05
2025-12-31 16:10:23.618,0.0,7.8,0.11,0.06
2025-12-31 16:10:24.620,0.2,7.8,0.10,0.05
2025-12-31 16:10:25.621,0.2,7.8,0.11,0.06
2025-12-31 16:10:26.622,0.0,7.8,0.10,0.05
2025-12-31 16:10:27.624,0.2,7.8,0.10,0.05
2025-12-31 16:10:28.625,0.3,7.8,0.11,0.05
2025-12-31 16:10:29.627,0.2,7.8,0.10,0.05
2025-12-31 16:10:30.628,0.2,7.8,0.11,0.05
2025-12-31 16:10:31.630,0.2,7.8,0.10,0.05
2025-12-31 16:10:32.631,0.2,7.8,0.10,0.05
2025-12-31 16:10:33.632,0.2,7.8,0.11,0.06
2025-12-31 16:10:34.633,0.5,7.8,0.10,0.05
2025-12-31 16:10:35.634,0.2,7.8,0.10,0.05
2025-12-31 16:10:36.636,0.2,7.8,0.10,0.06
2025-12-31 16:10:37.637,0.2,7.8,0.10,0.05
2025-12-31 16:10:38.638,0.3,7.8,0.10,0.05
2025-12-31 16:10:39.640,0.3,7.8,0.11,0.06
2025-12-31 16:10:40.641,0.3,7.8,0.10,0.05
2025-12-31 16:10:41.642,0.2,7.8,0.10,0.05
2025-12-31 16:10:42.643,0.3,7.8,0.10,0.05
2025-12-31 16:10:43.645,0.3,7.8,0.10,0.05
2025-12-31 16:10:44.646,0.2,7.8,0.11,0.05
2025-12-31 16:10:45.648,0.2,7.8,0.10,0.05
2025-12-31 16:10:46.650,0.3,7.8,0.10,0.05
2025-12-31 16:10:47.652,0.2,7.8,0.10,0.05
2025-12-31 16:10:48.653,0.2,7.8,0.10,0.05
2025-12-31 16:10:49.655,0.2,7.8,0.10,0.05
2025-12-31 16:10:50.656,0.1,7.8,0.10,0.05
2025-12-31 16:10:51.658,0.1,7.8,0.11,0.05
2025-12-31 16:10:52.659,0.1,7.8,0.10,0.06
2025-12-31 16:10:53.660,0.0,7.8,0.13,0.06
2025-12-31 16:10:54.661,0.1,7.8,0.11,0.05
2025-12-31 16:10:55.662,0.1,7.8,0.10,0.05
2025-12-31 16:10:56.663,0.1,7.8,0.10,0.05
2025-12-31 16:10:57.665,0.0,7.8,0.10,0.05
2025-12-31 16:10:58.666,0.0,7.8,0.10,0.05
2025-12-31 16:10:59.667,0.1,7.8,0.10,0.05
2025-12-31 16:11:00.668,0.1,7.8,0.10,0.05
2025-12-31 16:11:01.669,0.0,7.8,0.11,0.05
2025-12-31 16:11:02.671,0.2,7.8,0.10,0.05
2025-12-31 16:11:03.673,0.1,7.8,0.11,0.06
2025-12-31 16:11:04.674,0.1,7.8,0.10,0.05
2025-12-31 16:11:05.676,0.1,7.8,0.11,0.05
2025-12-31 16:11:06.677,0.0,7.8,0.10,0.05
2025-12-31 16:11:07.678,0.2,7.8,0.10,0.05
2025-12-31 16:11:08.680,0.2,7.8,0.11,0.06
2025-12-31 16:11:09.682,0.2,7.8,0.10,0.05
2025-12-31 16:11:10.683,0.1,7.8,0.10,0.05
2025-12-31 16:11:11.684,0.1,7.8,0.10,0.05
2025-12-31 16:11:12.686,0.2,7.8,0.10,0.05
2025-12-31 16:11:13.706,0.1,7.8,0.10,0.05
2025-12-31 16:11:14.707,0.1,7.8,0.10,0.05
2025-12-31 16:11:15.709,0.1,7.8,0.10,0.05
2025-12-31 16:11:16.710,0.2,7.8,0.10,0.05
2025-12-31 16:11:17.711,0.2,7.8,0.11,0.05
2025-12-31 16:11:18.712,0.2,7.8,0.10,0.05
2025-12-31 16:11:19.714,0.0,7.8,0.10,0.05
2025-12-31 16:11:20.715,0.1,7.8,0.11,0.05
2025-12-31 16:11:21.717,0.1,7.8,0.10,0.05
2025-12-31 16:11:22.719,0.1,7.8,0.10,0.05
2025-12-31 16:11:23.720,0.0,7.8,0.11,0.05
2025-12-31 16:11:24.721,0.1,7.8,0.10,0.05
2025-12-31 16:11:25.722,0.1,7.8,0.10,0.05
2025-12-31 16:11:26.723,0.2,7.8,0.10,0.05
2025-12-31 16:11:27.724,0.2,7.8,0.10,0.05
2025-12-31 16:11:28.725,0.2,7.8,0.10,0.05
2025-12-31 16:11:29.727,0.1,7.8,0.10,0.05
2025-12-31 16:11:30.729,0.1,7.8,0.10,0.05
2025-12-31 16:11:31.730,0.1,7.8,0.10,0.05
2025-12-31 16:11:32.732,0.1,7.8,0.10,0.05
2025-12-31 16:11:33.734,0.1,7.8,0.10,0.05
2025-12-31 16:11:34.735,0.2,7.8,0.10,0.05
2025-12-31 16:11:35.736,0.0,7.8,0.10,0.05
2025-12-31 16:11:36.738,0.1,7.8,0.10,0.05
2025-12-31 16:11:37.739,0.1,7.8,0.11,0.05
2025-12-31 16:11:38.740,0.0,7.8,0.11,0.05
2025-12-31 16:11:39.741,0.0,7.8,0.10,0.05
2025-12-31 16:11:40.743,0.1,7.8,0.10,0.05
2025-12-31 16:11:41.744,0.1,7.8,0.10,0.05
2025-12-31 16:11:42.746,0.0,7.8,0.11,0.05
2025-12-31 16:11:43.747,0.0,7.8,0.11,0.05
2025-12-31 16:11:44.748,0.1,7.8,0.10,0.05
2025-12-31 16:11:45.750,0.0,7.8,0.10,0.05
2025-12-31 16:11:46.751,0.2,7.8,0.11,0.05
2025-12-31 16:11:47.752,0.0,7.8,0.10,0.05
2025-12-31 16:11:48.753,0.0,7.8,0.10,0.05
2025-12-31 16:11:49.755,0.1,7.8,0.10,0.05
2025-12-31 16:11:50.757,0.0,7.8,0.10,0.05
2025-12-31 16:11:51.758,0.0,7.8,0.11,0.05
2025-12-31 16:11:52.759,0.2,7.8,0.10,0.05
2025-12-31 16:11:53.760,0.0,7.8,0.11,0.06
2025-12-31 16:11:54.762,0.1,7.8,0.10,0.05
2025-12-31 16:11:55.764,0.0,7.8,0.11,0.05
2025-12-31 16:11:56.765,0.1,7.8,0.10,0.05
2025-12-31 16:11:57.766,0.0,7.8,0.10,0.05
2025-12-31 16:11:58.768,0.1,7.8,0.10,0.05
2025-12-31 16:11:59.769,0.0,7.8,0.10,0.05
2025-12-31 16:12:00.771,0.1,7.8,0.10,0.05
2025-12-31 16:12:01.773,0.1,7.8,0.11,0.06
2025-12-31 16:12:02.774,0.1,7.8,0.10,0.05
2025-12-31 16:12:03.775,0.2,7.8,0.10,0.05
2025-12-31 16:12:04.777,0.0,7.8,0.10,0.05
2025-12-31 16:12:05.778,0.0,7.8,0.10,0.05
2025-12-31 16:12:06.779,0.1,7.8,0.10,0.05
2025-12-31 16:12:07.780,0.0,7.8,0.10,0.05
2025-12-31 16:12:08.781,0.1,7.8,0.11,0.05
2025-12-31 16:12:09.783,0.0,7.8,0.11,0.05
2025-12-31 16:12:10.784,0.1,7.8,0.11,0.05
2025-12-31 16:12:11.786,0.1,7.8,0.11,0.05
2025-12-31 16:12:12.787,0.0,7.8,0.10,0.05
2025-12-31 16:12:13.788,0.2,7.8,0.11,0.06
2025-12-31 16:12:14.790,0.0,7.8,0.11,0.05
2025-12-31 16:12:15.791,0.1,7.8,0.11,0.06
2025-12-31 16:12:16.792,0.2,7.8,0.11,0.05
2025-12-31 16:12:17.793,0.0,7.8,0.11,0.05
2025-12-31 16:12:18.794,0.2,7.8,0.10,0.05
2025-12-31 16:12:19.796,0.1,7.8,0.10,0.05
2025-12-31 16:12:20.797,0.1,7.8,0.11,0.05
2025-12-31 16:12:21.798,0.1,7.8,0.10,0.05
2025-12-31 16:12:22.799,0.2,7.8,0.10,0.05
2025-12-31 16:12:23.801,0.1,7.8,0.11,0.06
2025-12-31 16:12:24.802,0.0,7.8,0.10,0.05
2025-12-31 16:12:25.803,0.0,7.8,0.10,0.05
2025-12-31 16:12:26.804,0.0,7.8,0.06,0.03
2025-12-31 16:12:27.806,0.2,7.8,0.08,0.07
2025-12-31 16:12:28.808,0.2,7.8,0.22,0.17
2025-12-31 16:12:29.809,0.1,7.8,0.15,0.08
2025-12-31 16:12:30.811,0.2,7.8,0.10,0.05
2025-12-31 16:12:31.812,0.1,7.8,0.10,0.05
2025-12-31 16:12:32.814,0.0,7.8,0.10,0.05
2025-12-31 16:12:33.815,0.1,7.8,0.11,0.06
2025-12-31 16:12:34.816,0.1,7.8,0.11,0.06
2025-12-31 16:12:35.818,0.1,7.8,0.10,0.05
2025-12-31 16:12:36.819,0.0,7.8,0.10,0.05
2025-12-31 16:12:37.820,0.2,7.8,0.10,0.05
2025-12-31 16:12:38.821,0.0,7.8,0.10,0.05
2025-12-31 16:12:39.823,0.1,7.8,0.10,0.05
2025-12-31 16:12:40.824,0.2,7.8,0.10,0.05
2025-12-31 16:12:41.825,0.0,7.8,0.10,0.05
2025-12-31 16:12:42.828,0.0,7.8,0.11,0.05
2025-12-31 16:12:43.829,0.1,7.8,0.11,0.06
2025-12-31 16:12:44.831,0.1,7.8,0.10,0.05
2025-12-31 16:12:45.832,0.1,7.8,0.11,0.05
2025-12-31 16:12:46.833,0.1,7.8,0.10,0.05
2025-12-31 16:12:47.835,0.1,7.8,0.10,0.05
2025-12-31 16:12:48.836,0.0,7.8,0.10,0.05
2025-12-31 16:12:49.837,0.1,7.8,0.10,0.05
2025-12-31 16:12:50.839,0.0,7.8,0.10,0.05
2025-12-31 16:12:51.843,0.2,7.8,0.10,0.05
2025-12-31 16:12:52.845,0.0,7.8,0.10,0.05
2025-12-31 16:12:53.847,0.1,7.8,0.11,0.06
2025-12-31 16:12:54.848,0.1,7.8,0.10,0.05
2025-12-31 16:12:55.849,0.0,7.8,0.10,0.05
2025-12-31 16:12:56.851,0.1,7.8,0.11,0.05
2025-12-31 16:12:57.853,0.1,7.8,0.10,0.05
2025-12-31 16:12:58.854,0.0,7.8,0.10,0.05
2025-12-31 16:12:59.856,0.1,7.8,0.10,0.05
2025-12-31 16:13:00.857,0.1,7.8,0.10,0.05
2025-12-31 16:13:01.858,0.1,7.8,0.10,0.05
2025-12-31 16:13:02.859,0.1,7.8,0.10,0.05
2025-12-31 16:13:03.861,0.0,7.8,0.11,0.06
2025-12-31 16:13:04.862,0.1,7.8,0.10,0.05
2025-12-31 16:13:05.864,0.0,7.8,0.10,0.05
2025-12-31 16:13:06.865,0.1,7.8,0.10,0.05
2025-12-31 16:13:07.867,0.0,7.8,0.10,0.05
2025-12-31 16:13:08.868,0.1,7.8,0.10,0.05
2025-12-31 16:13:09.869,0.0,7.8,0.10,0.05
2025-12-31 16:13:10.870,0.0,7.8,0.10,0.05
2025-12-31 16:13:11.871,0.1,7.8,0.10,0.05
2025-12-31 16:13:12.873,0.1,7.8,0.11,0.06
2025-12-31 16:13:13.874,0.0,7.8,0.11,0.06
2025-12-31 16:13:14.875,0.1,7.8,0.10,0.05
2025-12-31 16:13:15.877,0.0,7.8,0.11,0.05
2025-12-31 16:13:16.878,0.2,7.8,0.10,0.05
2025-12-31 16:13:17.879,0.2,7.8,0.10,0.05
2025-12-31 16:13:18.881,0.0,7.8,0.11,0.05
2025-12-31 16:13:19.882,0.2,7.8,0.10,0.05
2025-12-31 16:13:20.883,0.1,7.8,0.10,0.05
2025-12-31 16:13:21.885,0.1,7.8,0.10,0.05
2025-12-31 16:13:22.886,0.2,7.8,0.10,0.05
2025-12-31 16:13:23.887,0.2,7.8,0.10,0.05
2025-12-31 16:13:24.888,0.1,7.8,0.10,0.05
2025-12-31 16:13:25.889,0.2,7.8,0.10,0.05
2025-12-31 16:13:26.891,0.1,7.8,0.10,0.05
2025-12-31 16:13:27.892,0.5,7.8,0.10,0.05
2025-12-31 16:13:28.893,0.1,7.8,0.10,0.05
2025-12-31 16:13:29.894,0.2,7.8,0.10,0.05
2025-12-31 16:13:30.895,0.2,7.8,0.10,0.05
2025-12-31 16:13:31.897,0.3,7.8,0.10,0.05
2025-12-31 16:13:32.898,0.2,7.8,0.10,0.05
2025-12-31 16:13:33.899,0.2,7.8,0.11,0.05
2025-12-31 16:13:34.900,0.4,7.8,0.10,0.05
2025-12-31 16:13:35.901,0.2,7.8,0.11,0.05
2025-12-31 16:13:36.903,0.0,7.8,0.10,0.05
2025-12-31 16:13:37.904,0.1,7.8,0.10,0.05
2025-12-31 16:13:38.906,0.2,7.8,0.10,0.05
2025-12-31 16:13:39.908,0.2,7.8,0.10,0.05
2025-12-31 16:13:40.909,0.0,7.8,0.10,0.05
2025-12-31 16:13:41.910,0.0,7.8,0.10,0.05
2025-12-31 16:13:42.911,0.2,7.8,0.11,0.05
2025-12-31 16:13:43.912,0.1,7.8,0.10,0.06
2025-12-31 16:13:44.913,0.1,7.8,0.11,0.05
2025-12-31 16:13:45.915,0.2,7.8,0.10,0.05
2025-12-31 16:13:46.916,0.2,7.8,0.10,0.05
2025-12-31 16:13:47.918,0.1,7.8,0.10,0.05
2025-12-31 16:13:48.919,0.0,7.8,0.10,0.05
2025-12-31 16:13:49.920,0.1,7.8,0.10,0.05
2025-12-31 16:13:50.921,0.2,7.8,0.10,0.05
2025-12-31 16:13:51.922,0.0,7.8,0.11,0.05
2025-12-31 16:13:52.924,0.1,7.8,0.10,0.05
2025-12-31 16:13:53.925,0.3,7.8,0.10,0.05
2025-12-31 16:13:54.927,0.2,7.8,0.10,0.05
2025-12-31 16:13:55.928,0.1,7.8,0.10,0.05
2025-12-31 16:13:56.930,0.1,7.8,0.10,0.05
2025-12-31 16:13:57.932,0.3,7.8,0.10,0.05
2025-12-31 16:13:58.933,0.1,7.8,0.10,0.05
2025-12-31 16:13:59.934,0.1,7.8,0.10,0.05
2025-12-31 16:14:00.935,0.1,7.8,0.10,0.05
2025-12-31 16:14:01.937,0.2,7.8,0.10,0.05
2025-12-31 16:14:02.938,0.1,7.8,0.10,0.05
2025-12-31 16:14:03.940,0.2,7.8,0.10,0.06
2025-12-31 16:14:04.941,0.2,7.8,0.10,0.06
2025-12-31 16:14:05.943,0.2,7.8,0.10,0.06
2025-12-31 16:14:06.944,0.2,7.8,0.10,0.06
2025-12-31 16:14:07.945,0.2,7.8,0.10,0.06
2025-12-31 16:14:08.947,0.1,7.8,0.10,0.06
2025-12-31 16:14:09.948,0.2,7.8,0.10,0.06
2025-12-31 16:14:10.949,0.1,7.8,0.10,0.05
2025-12-31 16:14:11.951,0.2,7.8,0.10,0.06
2025-12-31 16:14:12.953,0.1,7.8,0.10,0.06
2025-12-31 16:14:13.954,0.2,7.8,0.11,0.06
2025-12-31 16:14:14.956,0.2,7.8,0.10,0.06
2025-12-31 16:14:15.957,0.1,7.8,0.10,0.06
2025-12-31 16:14:16.959,0.2,7.8,0.11,0.05
2025-12-31 16:14:17.961,0.1,7.8,0.10,0.05
2025-12-31 16:14:18.962,0.2,7.8,0.10,0.05
2025-12-31 16:14:19.964,0.1,7.8,0.10,0.05
2025-12-31 16:14:20.965,0.1,7.8,0.10,0.05
2025-12-31 16:14:21.966,0.2,7.8,0.10,0.05
2025-12-31 16:14:22.968,0.2,7.8,0.10,0.05
2025-12-31 16:14:23.969,0.1,7.8,0.10,0.05
2025-12-31 16:14:24.971,0.1,7.8,0.11,0.05
2025-12-31 16:14:25.973,0.2,7.8,0.10,0.05
2025-12-31 16:14:26.974,0.0,7.8,0.10,0.05
2025-12-31 16:14:27.975,0.1,7.8,0.10,0.05
2025-12-31 16:14:28.977,0.2,7.8,0.11,0.06
2025-12-31 16:14:29.978,0.0,7.8,0.11,0.05
2025-12-31 16:14:30.979,0.1,7.8,0.10,0.05
2025-12-31 16:14:31.980,0.1,7.8,0.10,0.05
2025-12-31 16:14:32.983,0.1,7.8,0.10,0.05
2025-12-31 16:14:33.985,0.2,7.8,0.11,0.05
2025-12-31 16:14:34.987,0.1,7.8,0.10,0.05
2025-12-31 16:14:35.989,0.1,7.8,0.11,0.05
2025-12-31 16:14:36.991,0.2,7.8,0.10,0.06
2025-12-31 16:14:37.992,0.0,7.8,0.10,0.05
2025-12-31 16:14:38.993,0.1,7.8,0.10,0.05
2025-12-31 16:14:39.995,0.1,7.8,0.10,0.05
2025-12-31 16:14:40.996,0.2,7.8,0.10,0.05
2025-12-31 16:14:41.997,0.0,7.8,0.10,0.05
2025-12-31 16:14:42.999,0.1,7.8,0.10,0.05
2025-12-31 16:14:44.000,0.1,7.8,0.11,0.05
2025-12-31 16:14:45.002,0.0,7.8,0.10,0.05
2025-12-31 16:14:46.003,0.0,7.8,0.10,0.05
2025-12-31 16:14:47.004,0.2,7.8,0.10,0.05
2025-12-31 16:14:48.006,0.0,7.8,0.10,0.05
2025-12-31 16:14:49.007,0.0,7.8,0.10,0.05
2025-12-31 16:14:50.009,0.1,7.8,0.10,0.05
2025-12-31 16:14:51.014,0.1,7.8,0.10,0.05
2025-12-31 16:14:52.016,0.2,7.8,0.10,0.05
2025-12-31 16:14:53.018,0.2,7.8,0.10,0.05
2025-12-31 16:14:54.019,0.0,7.8,0.10,0.05
2025-12-31 16:14:55.020,0.1,7.8,0.10,0.05
2025-12-31 16:14:56.022,0.0,7.8,0.10,0.05
2025-12-31 16:14:57.023,0.1,7.8,0.10,0.05
2025-12-31 16:14:58.025,0.2,7.8,0.10,0.05
2025-12-31 16:14:59.026,0.0,7.8,0.10,0.05
2025-12-31 16:15:00.028,0.2,7.8,0.10,0.05
2025-12-31 16:15:01.030,0.0,7.8,0.10,0.05
2025-12-31 16:15:02.031,0.1,7.8,0.10,0.05
2025-12-31 16:15:03.033,0.0,7.8,0.10,0.05
2025-12-31 16:15:04.035,0.2,7.8,0.11,0.06
2025-12-31 16:15:05.036,0.1,7.8,0.10,0.08
2025-12-31 16:15:06.037,0.1,7.8,0.10,0.06
2025-12-31 16:15:07.038,0.1,7.8,0.10,0.06
2025-12-31 16:15:08.039,0.2,7.8,0.10,0.06
2025-12-31 16:15:09.041,0.0,7.8,0.11,0.06
2025-12-31 16:15:10.042,0.0,7.8,0.10,0.06
2025-12-31 16:15:11.043,0.2,7.8,0.10,0.06
2025-12-31 16:15:12.044,0.2,7.8,0.10,0.06
2025-12-31 16:15:13.045,0.1,7.8,0.10,0.05
2025-12-31 16:15:14.047,0.1,7.8,0.11,0.06
2025-12-31 16:15:15.048,0.1,7.8,0.10,0.05
2025-12-31 16:15:16.049,0.1,7.8,0.10,0.05
2025-12-31 16:15:17.051,0.1,7.8,0.10,0.05
2025-12-31 16:15:18.052,0.0,7.8,0.11,0.05
2025-12-31 16:15:19.053,0.1,7.8,0.10,0.05
2025-12-31 16:15:20.055,0.2,7.8,0.10,0.06
2025-12-31 16:15:21.056,0.1,7.8,0.10,0.06
2025-12-31 16:15:22.058,0.1,7.8,0.10,0.05
2025-12-31 16:15:23.059,0.1,7.8,0.10,0.05
2025-12-31 16:15:24.060,0.2,7.8,0.11,0.06
2025-12-31 16:15:25.061,0.1,7.8,0.10,0.05
2025-12-31 16:15:26.062,0.1,7.8,0.10,0.05
2025-12-31 16:15:27.064,0.1,7.8,0.10,0.05
2025-12-31 16:15:28.065,0.0,7.8,0.10,0.05
2025-12-31 16:15:29.066,0.1,7.8,0.10,0.05
2025-12-31 16:15:30.068,0.0,7.8,0.10,0.05
2025-12-31 16:15:31.069,0.0,7.8,0.11,0.05
2025-12-31 16:15:32.071,0.1,7.8,0.10,0.05
2025-12-31 16:15:33.072,0.0,7.8,0.10,0.05
2025-12-31 16:15:34.073,0.0,7.8,0.11,0.05
2025-12-31 16:15:35.074,0.1,7.8,0.10,0.05
2025-12-31 16:15:36.075,0.1,7.8,0.10,0.05
2025-12-31 16:15:37.076,0.0,7.8,0.10,0.05
2025-12-31 16:15:38.078,0.0,7.8,0.10,0.05
2025-12-31 16:15:39.079,0.0,7.8,0.10,0.05
2025-12-31 16:15:40.080,0.1,7.8,0.10,0.05
2025-12-31 16:15:41.081,0.1,7.8,0.10,0.05
2025-12-31 16:15:42.083,0.0,7.8,0.11,0.05
2025-12-31 16:15:43.085,0.1,7.8,0.10,0.05
2025-12-31 16:15:44.086,0.1,7.8,0.11,0.05
2025-12-31 16:15:45.087,0.0,7.8,0.11,0.05
2025-12-31 16:15:46.088,0.1,7.8,0.10,0.05
2025-12-31 16:15:47.089,0.2,7.8,0.10,0.05
2025-12-31 16:15:48.090,0.0,7.8,0.10,0.05
2025-12-31 16:15:49.092,0.1,7.8,0.10,0.05
2025-12-31 16:15:50.093,0.0,7.8,0.10,0.05
2025-12-31 16:15:51.094,0.1,7.8,0.10,0.05
2025-12-31 16:15:52.096,0.0,7.8,0.10,0.05
2025-12-31 16:15:53.098,0.1,7.8,0.10,0.05
2025-12-31 16:15:54.100,0.0,7.8,0.11,0.05
2025-12-31 16:15:55.101,0.0,7.8,0.10,0.05
2025-12-31 16:15:56.102,0.1,7.8,0.10,0.05
2025-12-31 16:15:57.103,0.0,7.8,0.10,0.05
2025-12-31 16:15:58.104,0.1,7.8,0.10,0.05
2025-12-31 16:15:59.105,0.0,7.8,0.10,0.05
2025-12-31 16:16:00.107,0.0,7.8,0.10,0.05
2025-12-31 16:16:01.108,0.2,7.8,0.10,0.05
2025-12-31 16:16:02.110,0.0,7.8,0.10,0.06
2025-12-31 16:16:03.111,0.2,7.8,0.10,0.05
2025-12-31 16:16:04.112,0.1,7.8,0.11,0.06
2025-12-31 16:16:05.113,0.1,7.8,0.10,0.05
2025-12-31 16:16:06.114,0.0,7.8,0.10,0.05
2025-12-31 16:16:07.116,0.1,7.8,0.10,0.05
2025-12-31 16:16:08.117,0.0,7.8,0.10,0.05
2025-12-31 16:16:09.118,0.0,7.8,0.10,0.05
2025-12-31 16:16:10.119,0.2,7.8,0.10,0.05
2025-12-31 16:16:11.121,0.0,7.8,0.10,0.05
2025-12-31 16:16:12.122,0.0,7.8,0.10,0.05
2025-12-31 16:16:13.124,0.1,7.8,0.10,0.05
2025-12-31 16:16:14.125,0.1,7.8,0.11,0.05
2025-12-31 16:16:15.126,0.1,7.8,0.10,0.05
2025-12-31 16:16:16.128,0.1,7.8,0.10,0.05
2025-12-31 16:16:17.129,0.2,7.8,0.10,0.05
2025-12-31 16:16:18.130,0.2,7.8,0.10,0.05
2025-12-31 16:16:19.131,0.2,7.8,0.10,0.05
2025-12-31 16:16:20.133,0.0,7.8,0.10,0.05
2025-12-31 16:16:21.134,0.1,7.8,0.10,0.05
2025-12-31 16:16:22.137,0.2,7.8,0.10,0.05
2025-12-31 16:16:23.139,0.2,7.8,0.10,0.05
2025-12-31 16:16:24.140,0.2,7.8,0.11,0.06
2025-12-31 16:16:25.142,0.3,7.8,0.10,0.05
2025-12-31 16:16:26.143,0.2,7.8,0.11,0.05
2025-12-31 16:16:27.144,0.2,7.8,0.10,0.05
2025-12-31 16:16:28.145,0.2,7.8,0.10,0.05
2025-12-31 16:16:29.148,0.2,7.8,0.10,0.05
2025-12-31 16:16:30.150,0.2,7.8,0.10,0.05
2025-12-31 16:16:31.151,0.2,7.8,0.10,0.05
2025-12-31 16:16:32.153,0.2,7.8,0.12,0.06
2025-12-31 16:16:33.154,0.2,7.8,0.10,0.05
2025-12-31 16:16:34.155,0.1,7.8,0.11,0.05
2025-12-31 16:16:35.156,0.1,7.8,0.10,0.05
2025-12-31 16:16:36.157,0.2,7.8,0.10,0.06
2025-12-31 16:16:37.158,0.2,7.8,0.11,0.06
2025-12-31 16:16:38.159,0.2,7.8,0.10,0.05
2025-12-31 16:16:39.160,0.0,7.8,0.10,0.05
2025-12-31 16:16:40.161,0.2,7.8,0.10,0.05
2025-12-31 16:16:41.163,0.1,7.8,0.10,0.05
2025-12-31 16:16:42.164,0.2,7.8,0.10,0.05
2025-12-31 16:16:43.165,0.2,7.8,0.10,0.05
2025-12-31 16:16:44.166,0.1,7.8,0.11,0.05
2025-12-31 16:16:45.167,0.1,7.8,0.10,0.05
2025-12-31 16:16:46.169,0.2,7.8,0.10,0.05
2025-12-31 16:16:47.170,0.2,7.8,0.10,0.05
2025-12-31 16:16:48.171,0.2,7.8,0.10,0.05
2025-12-31 16:16:49.172,0.1,7.8,0.10,0.05
2025-12-31 16:16:50.173,0.1,7.8,0.11,0.06
2025-12-31 16:16:51.175,0.1,7.8,0.10,0.05
2025-12-31 16:16:52.176,0.1,7.8,0.10,0.05
2025-12-31 16:16:53.177,0.1,7.8,0.10,0.05
2025-12-31 16:16:54.178,0.2,7.8,0.11,0.05
2025-12-31 16:16:55.180,0.1,7.8,0.10,0.05
2025-12-31 16:16:56.181,0.0,7.8,0.10,0.05
2025-12-31 16:16:57.182,0.1,7.8,0.10,0.05
2025-12-31 16:16:58.184,0.2,7.8,0.10,0.05
2025-12-31 16:16:59.185,0.2,7.8,0.11,0.05
2025-12-31 16:17:00.186,0.1,7.8,0.10,0.05
2025-12-31 16:17:01.187,0.3,7.8,0.11,0.06
2025-12-31 16:17:02.188,1.2,7.8,0.11,0.05
2025-12-31 16:17:03.190,0.3,7.8,0.10,0.05
2025-12-31 16:17:04.191,0.2,7.8,0.11,0.05
2025-12-31 16:17:05.192,0.2,7.8,0.10,0.05
2025-12-31 16:17:06.193,0.2,7.8,0.10,0.05
2025-12-31 16:17:07.195,0.1,7.8,0.10,0.05
2025-12-31 16:17:08.196,0.2,7.8,0.10,0.05
2025-12-31 16:17:09.197,0.1,7.8,0.10,0.05
2025-12-31 16:17:10.198,0.2,7.8,0.11,0.05
2025-12-31 16:17:11.199,0.0,7.8,0.10,0.05
2025-12-31 16:17:12.200,0.2,7.8,0.10,0.05
2025-12-31 16:17:13.201,0.2,7.8,0.10,0.05
2025-12-31 16:17:14.203,0.2,7.8,0.10,0.05
2025-12-31 16:17:15.204,0.2,7.8,0.10,0.05
2025-12-31 16:17:16.205,0.2,7.8,0.10,0.05
2025-12-31 16:17:17.207,0.2,7.8,0.10,0.05
2025-12-31 16:17:18.208,0.2,7.8,0.10,0.05
2025-12-31 16:17:19.210,0.1,7.8,0.10,0.05
2025-12-31 16:17:20.211,0.1,7.8,0.10,0.05
2025-12-31 16:17:21.212,0.2,7.8,0.10,0.05
2025-12-31 16:17:22.214,0.2,7.8,0.11,0.06
2025-12-31 16:17:23.215,0.2,7.8,0.10,0.05
2025-12-31 16:17:24.216,0.2,7.8,0.11,0.05
2025-12-31 16:17:25.217,0.2,7.8,0.10,0.05
2025-12-31 16:17:26.219,0.2,7.8,0.10,0.05
2025-12-31 16:17:27.220,0.2,7.8,0.10,0.05
2025-12-31 16:17:28.221,0.2,7.8,0.10,0.06
2025-12-31 16:17:29.222,0.2,7.8,0.10,0.05
2025-12-31 16:17:30.223,0.3,7.8,0.10,0.05
2025-12-31 16:17:31.224,0.1,7.8,0.10,0.05
2025-12-31 16:17:32.225,0.1,7.8,0.10,0.05
2025-12-31 16:17:33.226,0.1,7.8,0.10,0.05
2025-12-31 16:17:34.228,0.2,7.8,0.11,0.05
2025-12-31 16:17:35.230,0.2,7.8,0.10,0.05
2025-12-31 16:17:36.231,0.0,7.8,0.10,0.05
2025-12-31 16:17:37.232,0.0,7.8,0.10,0.05
2025-12-31 16:17:38.234,0.1,7.8,0.10,0.05
2025-12-31 16:17:39.235,0.1,7.8,0.10,0.05
2025-12-31 16:17:40.236,0.0,7.8,0.10,0.05
2025-12-31 16:17:41.238,0.1,7.8,0.10,0.05
2025-12-31 16:17:42.239,0.1,7.8,0.10,0.05
2025-12-31 16:17:43.241,0.0,7.8,0.10,0.05
2025-12-31 16:17:44.242,0.1,7.8,0.11,0.05
2025-12-31 16:17:45.243,0.0,7.8,0.10,0.05
2025-12-31 16:17:46.244,0.1,7.8,0.10,0.05
2025-12-31 16:17:47.245,0.1,7.8,0.10,0.05
2025-12-31 16:17:48.247,0.0,7.8,0.10,0.05
2025-12-31 16:17:49.248,0.1,7.8,0.10,0.05
2025-12-31 16:17:50.250,0.0,7.8,0.10,0.05
2025-12-31 16:17:51.251,0.1,7.8,0.10,0.05
2025-12-31 16:17:52.252,0.1,7.8,0.10,0.05
2025-12-31 16:17:53.253,0.1,7.8,0.10,0.05
2025-12-31 16:17:54.255,0.1,7.8,0.11,0.05
2025-12-31 16:17:55.257,0.0,7.8,0.10,0.05
2025-12-31 16:17:56.258,0.1,7.8,0.10,0.05
2025-12-31 16:17:57.260,0.2,7.8,0.10,0.05
2025-12-31 16:17:58.261,0.2,7.8,0.10,0.05
2025-12-31 16:17:59.262,0.1,7.8,0.11,0.05
2025-12-31 16:18:00.263,0.1,7.8,0.10,0.05
2025-12-31 16:18:01.264,0.0,7.8,0.10,0.05
2025-12-31 16:18:02.266,0.2,7.8,0.10,0.05
2025-12-31 16:18:03.267,0.1,7.8,0.10,0.05
2025-12-31 16:18:04.268,0.2,7.8,0.11,0.06
2025-12-31 16:18:05.269,0.1,7.8,0.10,0.05
2025-12-31 16:18:06.270,0.1,7.8,0.10,0.05
2025-12-31 16:18:07.272,0.0,7.8,0.10,0.05
2025-12-31 16:18:08.273,0.0,7.8,0.10,0.05
2025-12-31 16:18:09.274,0.2,7.8,0.10,0.05
2025-12-31 16:18:10.276,0.1,7.8,0.10,0.05
2025-12-31 16:18:11.277,0.2,7.8,0.10,0.05
2025-12-31 16:18:12.279,0.2,7.8,0.10,0.05
2025-12-31 16:18:13.281,0.2,7.8,0.10,0.05
2025-12-31 16:18:14.282,0.1,7.8,0.11,0.05
2025-12-31 16:18:15.283,0.2,7.8,0.10,0.05
2025-12-31 16:18:16.285,0.0,7.8,0.11,0.05
2025-12-31 16:18:17.286,0.1,7.8,0.11,0.06
2025-12-31 16:18:18.287,0.1,7.8,0.10,0.05
2025-12-31 16:18:19.288,0.1,7.8,0.10,0.05
2025-12-31 16:18:20.290,0.1,7.8,0.10,0.05
2025-12-31 16:18:21.291,0.0,7.8,0.10,0.05
2025-12-31 16:18:22.293,0.1,7.8,0.10,0.05
2025-12-31 16:18:23.294,0.1,7.8,0.10,0.05
2025-12-31 16:18:24.296,0.1,7.8,0.11,0.06
2025-12-31 16:18:25.298,0.0,7.8,0.10,0.05
2025-12-31 16:18:26.300,0.1,7.8,0.10,0.05
2025-12-31 16:18:27.301,0.0,7.8,0.10,0.05
2025-12-31 16:18:28.303,0.2,7.8,0.10,0.05
2025-12-31 16:18:29.305,0.0,7.8,0.10,0.05
2025-12-31 16:18:30.307,0.0,7.8,0.10,0.05
2025-12-31 16:18:31.309,0.1,7.8,0.10,0.05
2025-12-31 16:18:32.310,0.1,7.8,0.10,0.05
2025-12-31 16:18:33.312,0.0,7.8,0.10,0.05
2025-12-31 16:18:34.314,0.1,7.8,0.11,0.05
2025-12-31 16:18:35.316,0.1,7.8,0.10,0.05
2025-12-31 16:18:36.317,0.1,7.8,0.10,0.05
2025-12-31 16:18:37.318,0.0,7.8,0.10,0.05
2025-12-31 16:18:38.319,0.1,7.8,0.11,0.06
2025-12-31 16:18:39.321,0.0,7.8,0.10,0.05
2025-12-31 16:18:40.322,0.1,7.8,0.10,0.05
2025-12-31 16:18:41.324,0.0,7.8,0.10,0.05
2025-12-31 16:18:42.325,0.1,7.8,0.10,0.05
2025-12-31 16:18:43.326,0.1,7.8,0.10,0.05
2025-12-31 16:18:44.328,0.0,7.8,0.11,0.05
2025-12-31 16:18:45.329,0.1,7.8,0.10,0.05
2025-12-31 16:18:46.330,0.1,7.8,0.10,0.05
2025-12-31 16:18:47.332,0.2,7.8,0.10,0.05
2025-12-31 16:18:48.333,0.0,7.8,0.10,0.05
2025-12-31 16:18:49.335,0.1,7.8,0.10,0.05
2025-12-31 16:18:50.336,0.1,7.8,0.10,0.05
2025-12-31 16:18:51.337,0.0,7.8,0.10,0.05
2025-12-31 16:18:52.338,0.1,7.8,0.10,0.05
2025-12-31 16:18:53.340,0.0,7.8,0.10,0.05
2025-12-31 16:18:54.342,0.0,7.8,0.11,0.05
2025-12-31 16:18:55.343,0.0,7.8,0.11,0.06
2025-12-31 16:18:56.344,0.1,7.8,0.10,0.05
2025-12-31 16:18:57.346,0.0,7.8,0.10,0.05
2025-12-31 16:18:58.347,0.1,7.8,0.11,0.06
2025-12-31 16:18:59.349,0.0,7.8,0.10,0.05
2025-12-31 16:19:00.350,0.0,7.8,0.11,0.05
2025-12-31 16:19:01.351,0.1,7.8,0.10,0.05
2025-12-31 16:19:02.352,0.0,7.8,0.10,0.05
2025-12-31 16:19:03.354,0.0,7.8,0.10,0.05
2025-12-31 16:19:04.355,0.1,7.8,0.11,0.06
2025-12-31 16:19:05.356,0.0,7.8,0.10,0.05
2025-12-31 16:19:06.358,0.1,7.8,0.10,0.05
2025-12-31 16:19:07.359,0.0,7.8,0.10,0.05
2025-12-31 16:19:08.360,0.1,7.8,0.10,0.05
2025-12-31 16:19:09.362,0.0,7.8,0.10,0.05
2025-12-31 16:19:10.364,0.2,7.8,0.10,0.05
2025-12-31 16:19:11.365,0.1,7.8,0.11,0.05
2025-12-31 16:19:12.366,0.0,7.8,0.10,0.05
2025-12-31 16:19:13.367,0.0,7.8,0.10,0.05
2025-12-31 16:19:14.368,0.1,7.8,0.11,0.06
2025-12-31 16:19:15.370,0.1,7.8,0.11,0.05
2025-12-31 16:19:16.371,0.2,7.8,0.10,0.05
2025-12-31 16:19:17.372,0.2,7.8,0.10,0.05
2025-12-31 16:19:18.373,0.2,7.8,0.10,0.05
2025-12-31 16:19:19.374,0.1,7.8,0.10,0.05
2025-12-31 16:19:20.375,0.2,7.8,0.10,0.05
2025-12-31 16:19:21.377,0.2,7.8,0.10,0.05
2025-12-31 16:19:22.379,0.2,7.8,0.11,0.05
2025-12-31 16:19:23.380,0.2,7.8,0.10,0.05
2025-12-31 16:19:24.381,0.3,7.8,0.11,0.05
2025-12-31 16:19:25.383,0.2,7.8,0.10,0.05
2025-12-31 16:19:26.384,0.2,7.8,0.11,0.05
2025-12-31 16:19:27.386,0.2,7.8,0.10,0.05
2025-12-31 16:19:28.387,0.2,7.8,0.10,0.05
2025-12-31 16:19:29.388,0.4,7.8,0.10,0.05
2025-12-31 16:19:30.390,0.2,7.8,0.11,0.05
2025-12-31 16:19:31.391,0.2,7.8,0.10,0.05
2025-12-31 16:19:32.393,0.0,7.8,0.10,0.05
2025-12-31 16:19:33.394,0.1,7.8,0.11,0.06
2025-12-31 16:19:34.396,0.0,7.8,0.11,0.06
2025-12-31 16:19:35.397,0.1,7.8,0.10,0.05
2025-12-31 16:19:36.399,0.1,7.8,0.10,0.05
2025-12-31 16:19:37.400,0.1,7.8,0.10,0.05
2025-12-31 16:19:38.401,0.1,7.8,0.11,0.05
2025-12-31 16:19:39.402,0.2,7.8,0.10,0.05
2025-12-31 16:19:40.403,0.1,7.8,0.10,0.05
2025-12-31 16:19:41.405,0.1,7.8,0.10,0.05
2025-12-31 16:19:42.407,0.1,7.8,0.10,0.05
2025-12-31 16:19:43.408,0.2,7.8,0.10,0.05
2025-12-31 16:19:44.409,0.0,7.8,0.11,0.05
2025-12-31 16:19:45.411,0.1,7.8,0.10,0.05
2025-12-31 16:19:46.413,0.2,7.8,0.10,0.05
2025-12-31 16:19:47.414,0.2,7.8,0.10,0.05
2025-12-31 16:19:48.415,0.2,7.8,0.10,0.05
2025-12-31 16:19:49.417,0.2,7.8,0.10,0.05
2025-12-31 16:19:50.418,0.2,7.8,0.10,0.05
2025-12-31 16:19:51.419,0.2,7.8,0.10,0.05
2025-12-31 16:19:52.421,0.1,7.8,0.10,0.05
2025-12-31 16:19:53.422,0.2,7.8,0.10,0.05
2025-12-31 16:19:54.424,0.1,7.8,0.11,0.06
2025-12-31 16:19:55.425,0.1,7.8,0.11,0.05
2025-12-31 16:19:56.426,0.2,7.8,0.10,0.05
2025-12-31 16:19:57.427,0.1,7.8,0.11,0.05
2025-12-31 16:19:58.429,0.2,7.8,0.10,0.05
2025-12-31 16:19:59.431,0.3,7.8,0.10,0.05
2025-12-31 16:20:00.432,0.2,7.8,0.11,0.05
2025-12-31 16:20:01.434,0.2,7.8,0.10,0.05
2025-12-31 16:20:02.435,0.1,7.8,0.10,0.05
2025-12-31 16:20:03.436,0.2,7.8,0.10,0.05
2025-12-31 16:20:04.437,0.2,7.8,0.11,0.05
2025-12-31 16:20:05.438,0.1,7.8,0.10,0.05
2025-12-31 16:20:06.439,0.2,7.8,0.11,0.05
2025-12-31 16:20:07.440,0.2,7.8,0.10,0.05
2025-12-31 16:20:08.441,0.2,7.8,0.10,0.05
2025-12-31 16:20:09.443,0.2,7.8,0.10,0.05
2025-12-31 16:20:10.445,0.2,7.8,0.10,0.05
2025-12-31 16:20:11.446,0.2,7.8,0.11,0.06
2025-12-31 16:20:12.447,0.2,7.8,0.11,0.05
2025-12-31 16:20:13.448,0.1,7.8,0.10,0.05
2025-12-31 16:20:14.450,0.2,7.8,0.11,0.06
2025-12-31 16:20:15.451,0.2,7.8,0.10,0.05
2025-12-31 16:20:16.452,0.2,7.8,0.10,0.05
2025-12-31 16:20:17.454,0.2,7.8,0.10,0.05
2025-12-31 16:20:18.455,0.1,7.8,0.10,0.05
2025-12-31 16:20:19.457,0.2,7.8,0.10,0.05
2025-12-31 16:20:20.458,0.0,7.8,0.10,0.05
2025-12-31 16:20:21.459,0.1,7.8,0.10,0.05
2025-12-31 16:20:22.460,0.2,7.8,0.10,0.05
2025-12-31 16:20:23.461,0.2,7.8,0.10,0.05
2025-12-31 16:20:24.463,0.1,7.8,0.10,0.05
2025-12-31 16:20:25.464,0.2,7.8,0.10,0.05
2025-12-31 16:20:26.466,0.0,7.8,0.10,0.05
2025-12-31 16:20:27.467,0.2,7.8,0.10,0.05
2025-12-31 16:20:28.468,0.2,7.8,0.11,0.05
2025-12-31 16:20:29.469,0.2,7.8,0.10,0.05
2025-12-31 16:20:30.470,0.0,7.8,0.10,0.05
2025-12-31 16:20:31.472,0.2,7.8,0.10,0.05
2025-12-31 16:20:32.472,0.0,7.8,0.10,0.05
2025-12-31 16:20:33.475,0.1,7.8,0.10,0.05
2025-12-31 16:20:34.477,0.0,7.8,0.11,0.06
2025-12-31 16:20:35.478,0.2,7.8,0.10,0.05
2025-12-31 16:20:36.480,0.0,7.8,0.10,0.05
2025-12-31 16:20:37.481,0.0,7.8,0.10,0.05
2025-12-31 16:20:38.483,0.2,7.8,0.11,0.06
2025-12-31 16:20:39.485,0.0,7.8,0.11,0.05
2025-12-31 16:20:40.486,0.1,7.8,0.10,0.05
2025-12-31 16:20:41.487,0.1,7.8,0.10,0.05
2025-12-31 16:20:42.488,0.0,7.8,0.10,0.05
2025-12-31 16:20:43.489,0.2,7.8,0.10,0.05
2025-12-31 16:20:44.490,0.0,7.8,0.10,0.05
2025-12-31 16:20:45.492,0.0,7.8,0.10,0.05
2025-12-31 16:20:46.493,0.2,7.8,0.10,0.05
2025-12-31 16:20:47.495,0.1,7.8,0.10,0.05
2025-12-31 16:20:48.497,0.1,7.8,0.10,0.05
2025-12-31 16:20:49.498,0.1,7.8,0.11,0.05
2025-12-31 16:20:50.499,0.1,7.8,0.10,0.05
2025-12-31 16:20:51.501,0.1,7.8,0.10,0.05
2025-12-31 16:20:52.502,0.1,7.8,0.10,0.05
2025-12-31 16:20:53.505,0.1,7.8,0.10,0.05
2025-12-31 16:20:54.522,0.1,7.8,0.11,0.05
2025-12-31 16:20:55.525,0.1,7.8,0.10,0.05
2025-12-31 16:20:56.527,0.1,7.8,0.10,0.05
2025-12-31 16:20:57.528,0.0,7.8,0.10,0.05
2025-12-31 16:20:58.529,0.1,7.8,0.10,0.05
2025-12-31 16:20:59.531,0.1,7.8,0.10,0.05
2025-12-31 16:21:00.534,0.2,7.8,0.10,0.05
2025-12-31 16:21:01.536,0.1,7.8,0.10,0.05
2025-12-31 16:21:02.537,0.1,7.8,0.10,0.05
2025-12-31 16:21:03.538,0.1,7.8,0.10,0.05
2025-12-31 16:21:04.540,0.1,7.8,0.11,0.06
2025-12-31 16:21:05.541,0.1,7.8,0.10,0.05
2025-12-31 16:21:06.543,0.2,7.8,0.10,0.05
2025-12-31 16:21:07.544,0.2,7.8,0.11,0.05
2025-12-31 16:21:08.545,0.3,7.8,0.10,0.05
2025-12-31 16:21:09.547,0.2,7.8,0.10,0.05
2025-12-31 16:21:10.549,0.0,7.8,0.11,0.05
2025-12-31 16:21:11.550,0.1,7.8,0.10,0.05
2025-12-31 16:21:12.552,0.2,7.8,0.10,0.05
2025-12-31 16:21:13.554,0.2,7.8,0.10,0.05
2025-12-31 16:21:14.556,0.1,7.8,0.11,0.05
2025-12-31 16:21:15.560,0.2,7.8,0.10,0.05
2025-12-31 16:21:16.562,0.2,7.8,0.10,0.05
2025-12-31 16:21:17.563,0.0,7.8,0.10,0.05
2025-12-31 16:21:18.564,0.2,7.8,0.10,0.05
2025-12-31 16:21:19.566,0.1,7.8,0.10,0.05
2025-12-31 16:21:20.569,0.0,7.8,0.10,0.05
2025-12-31 16:21:21.577,0.1,7.8,0.11,0.06
2025-12-31 16:21:22.579,0.1,7.8,0.10,0.05
2025-12-31 16:21:23.589,0.1,7.8,0.10,0.05
2025-12-31 16:21:24.590,0.1,7.8,0.11,0.05
2025-12-31 16:21:25.592,0.1,7.8,0.10,0.05
2025-12-31 16:21:26.594,0.0,7.8,0.10,0.05
2025-12-31 16:21:27.595,0.1,7.8,0.10,0.05
2025-12-31 16:21:28.596,0.1,7.8,0.10,0.05
2025-12-31 16:21:29.598,0.2,7.8,0.10,0.05
2025-12-31 16:21:30.604,0.0,7.8,0.10,0.05
2025-12-31 16:21:31.606,0.2,7.8,0.10,0.05
2025-12-31 16:21:32.607,0.1,7.8,0.11,0.05
2025-12-31 16:21:33.609,0.0,7.8,0.10,0.05
2025-12-31 16:21:34.610,0.1,7.8,0.11,0.05
2025-12-31 16:21:35.612,0.0,7.8,0.10,0.05
2025-12-31 16:21:36.613,0.0,7.8,0.10,0.05
2025-12-31 16:21:37.615,0.0,7.8,0.10,0.05
2025-12-31 16:21:38.617,0.1,7.8,0.10,0.05
2025-12-31 16:21:39.618,0.1,7.8,0.10,0.05
2025-12-31 16:21:40.619,0.0,7.8,0.10,0.05
2025-12-31 16:21:41.621,0.0,7.8,0.10,0.05
2025-12-31 16:21:42.622,0.0,7.8,0.10,0.05
2025-12-31 16:21:43.623,0.1,7.8,0.10,0.05
2025-12-31 16:21:44.624,0.1,7.8,0.11,0.05
2025-12-31 16:21:45.626,0.0,7.8,0.10,0.05
2025-12-31 16:21:46.627,0.2,7.8,0.10,0.05
2025-12-31 16:21:47.628,0.1,7.8,0.10,0.05
2025-12-31 16:21:48.630,0.1,7.8,0.10,0.05
2025-12-31 16:21:49.631,0.0,7.8,0.10,0.05
2025-12-31 16:21:50.632,0.0,7.8,0.10,0.05
2025-12-31 16:21:51.634,0.1,7.8,0.10,0.05
2025-12-31 16:21:52.635,0.0,7.8,0.10,0.05
2025-12-31 16:21:53.636,0.2,7.8,0.10,0.05
2025-12-31 16:21:54.638,0.0,7.8,0.10,0.05
2025-12-31 16:21:55.639,0.2,7.8,0.11,0.05
2025-12-31 16:21:56.641,0.0,7.8,0.10,0.05
2025-12-31 16:21:57.642,0.1,7.8,0.10,0.05
2025-12-31 16:21:58.645,0.0,7.8,0.10,0.05
2025-12-31 16:21:59.647,0.1,7.8,0.12,0.06
2025-12-31 16:22:00.648,0.0,7.8,0.10,0.05
2025-12-31 16:22:01.649,0.1,7.8,0.10,0.05
2025-12-31 16:22:02.650,0.0,7.8,0.10,0.05
2025-12-31 16:22:03.651,0.1,7.8,0.10,0.05
2025-12-31 16:22:04.652,0.0,7.8,0.11,0.06
2025-12-31 16:22:05.653,0.1,7.8,0.11,0.06
2025-12-31 16:22:06.654,0.0,7.8,0.11,0.05
2025-12-31 16:22:07.656,0.0,7.8,0.10,0.05
2025-12-31 16:22:08.657,0.1,7.8,0.10,0.05
2025-12-31 16:22:09.659,0.0,7.8,0.11,0.05
2025-12-31 16:22:10.660,0.2,7.8,0.10,0.05
2025-12-31 16:22:11.661,0.0,7.8,0.10,0.05
2025-12-31 16:22:12.662,0.2,7.8,0.10,0.05
2025-12-31 16:22:13.663,0.2,7.8,0.10,0.05
2025-12-31 16:22:14.665,0.2,7.8,0.10,0.06
2025-12-31 16:22:15.666,0.2,7.8,0.11,0.05
2025-12-31 16:22:16.667,0.2,7.8,0.10,0.05
2025-12-31 16:22:17.668,0.1,7.8,0.10,0.05
2025-12-31 16:22:18.669,0.2,7.8,0.10,0.05
2025-12-31 16:22:19.671,0.2,7.8,0.10,0.05
2025-12-31 16:22:20.672,0.1,7.8,0.10,0.05
2025-12-31 16:22:21.673,0.2,7.8,0.10,0.05
2025-12-31 16:22:22.674,0.1,7.8,0.10,0.05
2025-12-31 16:22:23.676,0.2,7.8,0.10,0.05
2025-12-31 16:22:24.678,0.1,7.8,0.10,0.05
2025-12-31 16:22:25.680,0.1,7.8,0.10,0.05
2025-12-31 16:22:26.681,0.0,7.8,0.10,0.05
2025-12-31 16:22:27.682,0.0,7.8,0.10,0.05
2025-12-31 16:22:28.684,0.1,7.8,0.10,0.05
2025-12-31 16:22:29.686,0.2,7.8,0.10,0.05
2025-12-31 16:22:30.687,0.1,7.8,0.10,0.05
2025-12-31 16:22:31.689,0.0,7.8,0.10,0.05
2025-12-31 16:22:32.690,0.1,7.8,0.10,0.05
2025-12-31 16:22:33.691,0.2,7.8,0.10,0.05
2025-12-31 16:22:34.693,0.1,7.8,0.11,0.05
2025-12-31 16:22:35.694,0.1,7.8,0.10,0.05
2025-12-31 16:22:36.695,0.1,7.8,0.10,0.05
2025-12-31 16:22:37.697,0.2,7.8,0.10,0.05
2025-12-31 16:22:38.698,0.1,7.8,0.10,0.05
2025-12-31 16:22:39.700,0.1,7.8,0.11,0.05
2025-12-31 16:22:40.701,0.1,7.8,0.10,0.05
2025-12-31 16:22:41.703,0.1,7.8,0.10,0.05
2025-12-31 16:22:42.705,0.2,7.8,0.10,0.05
2025-12-31 16:22:43.706,0.1,7.8,0.11,0.05
2025-12-31 16:22:44.707,0.1,7.8,0.10,0.05
2025-12-31 16:22:45.709,0.1,7.8,0.10,0.05
2025-12-31 16:22:46.710,0.1,7.8,0.10,0.05
2025-12-31 16:22:47.712,0.2,7.8,0.10,0.05
2025-12-31 16:22:48.713,0.0,7.8,0.10,0.05
2025-12-31 16:22:49.716,0.1,7.8,0.10,0.05
2025-12-31 16:22:50.718,0.1,7.8,0.11,0.06
2025-12-31 16:22:51.719,0.2,7.8,0.10,0.05
2025-12-31 16:22:52.721,0.3,7.8,0.10,0.05
2025-12-31 16:22:53.723,0.2,7.8,0.10,0.05
2025-12-31 16:22:54.724,0.2,7.8,0.11,0.05
2025-12-31 16:22:55.725,0.2,7.8,0.10,0.05
2025-12-31 16:22:56.726,0.2,7.8,0.10,0.05
2025-12-31 16:22:57.728,0.2,7.8,0.10,0.05
2025-12-31 16:22:58.729,0.2,7.8,0.10,0.05
2025-12-31 16:22:59.730,0.2,7.8,0.10,0.05
2025-12-31 16:23:00.732,0.2,7.8,0.10,0.05
2025-12-31 16:23:01.733,0.1,7.8,0.10,0.05
2025-12-31 16:23:02.735,0.4,7.8,0.11,0.05
2025-12-31 16:23:03.737,0.2,7.8,0.10,0.05
2025-12-31 16:23:04.738,0.2,7.8,0.10,0.05
2025-12-31 16:23:05.739,0.2,7.8,0.10,0.05
2025-12-31 16:23:06.741,0.2,7.8,0.10,0.05
2025-12-31 16:23:07.743,0.3,7.8,0.10,0.05
2025-12-31 16:23:08.745,0.1,7.8,0.10,0.05
2025-12-31 16:23:09.746,0.3,7.8,0.10,0.05
2025-12-31 16:23:10.747,0.2,7.8,0.10,0.05
2025-12-31 16:23:11.748,0.2,7.8,0.10,0.05
2025-12-31 16:23:12.749,0.1,7.8,0.10,0.05
2025-12-31 16:23:13.751,0.1,7.8,0.10,0.05
2025-12-31 16:23:14.752,0.2,7.8,0.11,0.05
2025-12-31 16:23:15.754,0.0,7.8,0.10,0.05
2025-12-31 16:23:16.755,0.2,7.8,0.10,0.05
2025-12-31 16:23:17.757,0.2,7.8,0.10,0.05
2025-12-31 16:23:18.758,0.1,7.8,0.10,0.05
2025-12-31 16:23:19.759,0.1,7.8,0.10,0.05
2025-12-31 16:23:20.760,0.2,7.8,0.10,0.05
2025-12-31 16:23:21.761,0.2,7.8,0.11,0.06
2025-12-31 16:23:22.763,0.2,7.8,0.10,0.05
2025-12-31 16:23:23.764,0.2,7.8,0.11,0.05
2025-12-31 16:23:24.765,0.0,7.8,0.11,0.05
2025-12-31 16:23:25.767,0.0,7.8,0.10,0.06
2025-12-31 16:23:26.768,0.2,7.8,0.10,0.05
2025-12-31 16:23:27.770,0.0,7.8,0.10,0.05
2025-12-31 16:23:28.771,0.1,7.8,0.10,0.05
2025-12-31 16:23:29.773,0.1,7.8,0.10,0.05
2025-12-31 16:23:30.774,0.1,7.8,0.10,0.05
2025-12-31 16:23:31.775,0.0,7.8,0.10,0.05
2025-12-31 16:23:32.777,0.0,7.8,0.10,0.05
2025-12-31 16:23:33.778,0.1,7.8,0.10,0.05
2025-12-31 16:23:34.779,0.2,7.8,0.11,0.06
2025-12-31 16:23:35.781,0.0,7.8,0.10,0.05
2025-12-31 16:23:36.782,0.1,7.8,0.10,0.05
2025-12-31 16:23:37.784,0.2,7.8,0.10,0.05
2025-12-31 16:23:38.785,0.0,7.8,0.10,0.05
2025-12-31 16:23:39.786,0.0,7.8,0.10,0.05
2025-12-31 16:23:40.788,0.1,7.8,0.10,0.05
2025-12-31 16:23:41.790,0.0,7.8,0.10,0.05
2025-12-31 16:23:42.791,0.1,7.8,0.10,0.05
2025-12-31 16:23:43.793,0.0,7.8,0.10,0.05
2025-12-31 16:23:44.794,0.1,7.8,0.11,0.05
2025-12-31 16:23:45.796,0.1,7.8,0.11,0.06
2025-12-31 16:23:46.797,0.1,7.8,0.10,0.05
2025-12-31 16:23:47.798,0.0,7.8,0.10,0.05
2025-12-31 16:23:48.800,0.2,7.8,0.10,0.05
2025-12-31 16:23:49.801,0.1,7.8,0.10,0.05
2025-12-31 16:23:50.803,0.1,7.8,0.10,0.05
2025-12-31 16:23:51.804,0.1,7.8,0.10,0.05
2025-12-31 16:23:52.805,0.1,7.8,0.10,0.05
2025-12-31 16:23:53.806,0.1,7.8,0.10,0.05
2025-12-31 16:23:54.807,0.1,7.8,0.10,0.05
2025-12-31 16:23:55.809,0.1,7.8,0.10,0.05
2025-12-31 16:23:56.810,0.0,7.8,0.10,0.05
2025-12-31 16:23:57.811,0.2,7.8,0.10,0.05
2025-12-31 16:23:58.812,0.1,7.8,0.10,0.05
2025-12-31 16:23:59.814,0.0,7.8,0.11,0.06
2025-12-31 16:24:00.815,0.1,7.8,0.10,0.05
2025-12-31 16:24:01.816,0.2,7.8,0.10,0.05
2025-12-31 16:24:02.818,0.1,7.8,0.10,0.05
2025-12-31 16:24:03.819,0.2,7.8,0.10,0.06
2025-12-31 16:24:04.821,0.2,7.8,0.11,0.07
2025-12-31 16:24:05.822,0.1,7.8,0.10,0.06
2025-12-31 16:24:06.823,0.2,7.8,0.10,0.06
2025-12-31 16:24:07.825,0.1,7.8,0.11,0.06
2025-12-31 16:24:08.826,0.0,7.8,0.10,0.05
2025-12-31 16:24:09.828,0.2,7.8,0.10,0.06
2025-12-31 16:24:10.829,0.0,7.8,0.10,0.06
2025-12-31 16:24:11.830,0.0,7.8,0.10,0.05
2025-12-31 16:24:12.832,0.1,7.8,0.10,0.06
2025-12-31 16:24:13.833,0.2,7.8,0.10,0.06
2025-12-31 16:24:14.835,0.0,7.8,0.11,0.06
2025-12-31 16:24:15.837,0.0,7.8,0.10,0.06
2025-12-31 16:24:16.839,0.2,7.8,0.10,0.05
2025-12-31 16:24:17.841,0.1,7.8,0.10,0.05
2025-12-31 16:24:18.842,0.1,7.8,0.11,0.05
2025-12-31 16:24:19.843,0.2,7.8,0.10,0.05
2025-12-31 16:24:20.845,0.1,7.8,0.10,0.05
2025-12-31 16:24:21.846,0.1,7.8,0.10,0.05
2025-12-31 16:24:22.847,0.0,7.8,0.10,0.05
2025-12-31 16:24:23.848,0.1,7.8,0.10,0.05
2025-12-31 16:24:24.850,0.0,7.8,0.11,0.06
2025-12-31 16:24:25.852,0.1,7.8,0.10,0.05
2025-12-31 16:24:26.853,0.0,7.8,0.10,0.05
2025-12-31 16:24:27.855,0.0,7.8,0.10,0.05
2025-12-31 16:24:28.857,0.1,7.8,0.10,0.05
2025-12-31 16:24:29.858,0.2,7.8,0.10,0.05
2025-12-31 16:24:30.860,0.1,7.8,0.10,0.05
2025-12-31 16:24:31.861,0.0,7.8,0.10,0.05
2025-12-31 16:24:32.862,0.0,7.8,0.10,0.05
2025-12-31 16:24:33.864,0.0,7.8,0.10,0.05
2025-12-31 16:24:34.865,0.1,7.8,0.11,0.06
2025-12-31 16:24:35.866,0.1,7.8,0.11,0.05
2025-12-31 16:24:36.868,0.1,7.8,0.10,0.06
2025-12-31 16:24:37.869,0.0,7.8,0.11,0.06
2025-12-31 16:24:38.871,0.0,7.8,0.10,0.05
2025-12-31 16:24:39.873,0.2,7.8,0.10,0.05
2025-12-31 16:24:40.874,0.1,7.8,0.10,0.05
2025-12-31 16:24:41.876,0.0,7.8,0.10,0.05
2025-12-31 16:24:42.877,0.1,7.8,0.10,0.05
2025-12-31 16:24:43.878,0.2,7.8,0.10,0.05
2025-12-31 16:24:44.880,0.1,7.8,0.10,0.05
2025-12-31 16:24:45.881,0.1,7.8,0.10,0.05
2025-12-31 16:24:46.882,0.1,7.8,0.11,0.05
2025-12-31 16:24:47.883,0.1,7.8,0.10,0.05
2025-12-31 16:24:48.885,0.0,7.8,0.10,0.05
2025-12-31 16:24:49.887,0.1,7.8,0.10,0.05
2025-12-31 16:24:50.888,0.0,7.8,0.10,0.05
2025-12-31 16:24:51.890,0.1,7.8,0.10,0.05
2025-12-31 16:24:52.892,0.1,7.8,0.11,0.05
2025-12-31 16:24:53.893,0.0,7.8,0.10,0.05
2025-12-31 16:24:54.895,0.1,7.8,0.11,0.06
2025-12-31 16:24:55.896,0.1,7.8,0.10,0.05
2025-12-31 16:24:56.898,0.0,7.8,0.11,0.05
2025-12-31 16:24:57.900,0.0,7.8,0.10,0.05
2025-12-31 16:24:58.901,0.0,7.8,0.11,0.05
2025-12-31 16:24:59.902,0.1,7.8,0.10,0.05
2025-12-31 16:25:00.904,0.0,7.8,0.10,0.05
2025-12-31 16:25:01.905,0.1,7.8,0.10,0.05
2025-12-31 16:25:02.907,0.1,7.8,0.11,0.05
2025-12-31 16:25:03.909,0.1,7.8,0.10,0.05
2025-12-31 16:25:04.910,0.0,7.8,0.11,0.08
2025-12-31 16:25:05.912,0.1,7.8,0.10,0.07
2025-12-31 16:25:06.913,0.0,7.8,0.10,0.06
2025-12-31 16:25:07.914,0.0,7.8,0.10,0.06
2025-12-31 16:25:08.915,0.2,7.8,0.10,0.06
2025-12-31 16:25:09.916,0.1,7.8,0.10,0.06
2025-12-31 16:25:10.918,0.1,7.8,0.10,0.06
2025-12-31 16:25:11.921,0.2,7.8,0.10,0.06
2025-12-31 16:25:12.922,0.2,7.8,0.10,0.05
2025-12-31 16:25:13.924,0.1,7.8,0.10,0.05
2025-12-31 16:25:14.925,0.2,7.8,0.11,0.06
2025-12-31 16:25:15.926,0.2,7.8,0.11,0.06
2025-12-31 16:25:16.927,0.2,7.8,0.10,0.05
2025-12-31 16:25:17.929,0.0,7.8,0.10,0.05
2025-12-31 16:25:18.931,0.2,7.8,0.10,0.05
2025-12-31 16:25:19.932,0.1,7.8,0.10,0.05
2025-12-31 16:25:20.934,0.0,7.8,0.10,0.05
2025-12-31 16:25:21.935,0.1,7.8,0.10,0.06
2025-12-31 16:25:22.937,0.1,7.8,0.10,0.06
2025-12-31 16:25:23.938,0.0,7.8,0.10,0.05
2025-12-31 16:25:24.939,0.1,7.8,0.11,0.06
2025-12-31 16:25:25.941,0.1,7.8,0.10,0.05
2025-12-31 16:25:26.942,0.0,7.8,0.10,0.05
2025-12-31 16:25:27.943,0.0,7.8,0.10,0.05
2025-12-31 16:25:28.945,0.2,7.8,0.10,0.05
2025-12-31 16:25:29.946,0.2,7.8,0.10,0.05
2025-12-31 16:25:30.947,0.2,7.8,0.10,0.05
2025-12-31 16:25:31.948,0.1,7.8,0.10,0.05
2025-12-31 16:25:32.950,0.0,7.8,0.10,0.05
2025-12-31 16:25:33.952,0.0,7.8,0.10,0.05
2025-12-31 16:25:34.953,0.2,7.8,0.10,0.05
2025-12-31 16:25:35.954,0.1,7.8,0.10,0.05
2025-12-31 16:25:36.955,0.1,7.8,0.10,0.05
2025-12-31 16:25:37.957,0.1,7.8,0.10,0.05
2025-12-31 16:25:38.958,0.0,7.8,0.10,0.05
2025-12-31 16:25:39.960,0.2,7.8,0.10,0.05
2025-12-31 16:25:40.961,0.0,7.8,0.10,0.05
2025-12-31 16:25:41.963,0.2,7.8,0.10,0.05
2025-12-31 16:25:42.964,0.2,7.8,0.10,0.05
2025-12-31 16:25:43.966,0.1,7.8,0.10,0.05
2025-12-31 16:25:44.967,0.2,7.8,0.10,0.05
2025-12-31 16:25:45.968,0.1,7.8,0.10,0.05
2025-12-31 16:25:46.970,0.2,7.8,0.10,0.06
2025-12-31 16:25:47.971,0.2,7.8,0.10,0.05
2025-12-31 16:25:48.972,0.2,7.8,0.10,0.05
2025-12-31 16:25:49.973,0.2,7.8,0.10,0.05
2025-12-31 16:25:50.975,0.3,7.8,0.10,0.05
2025-12-31 16:25:51.976,0.2,7.8,0.10,0.05
2025-12-31 16:25:52.978,0.0,7.8,0.10,0.05
2025-12-31 16:25:53.979,0.2,7.8,0.10,0.06
2025-12-31 16:25:54.981,0.1,7.8,0.10,0.05
2025-12-31 16:25:55.982,0.2,7.8,0.11,0.05
2025-12-31 16:25:56.984,0.4,7.8,0.10,0.05
2025-12-31 16:25:57.985,0.2,7.8,0.11,0.05
2025-12-31 16:25:58.986,0.2,7.8,0.10,0.05
2025-12-31 16:25:59.987,0.4,7.8,0.10,0.05
2025-12-31 16:26:00.989,0.2,7.8,0.10,0.05
2025-12-31 16:26:01.990,0.2,7.8,0.10,0.05
2025-12-31 16:26:02.991,0.2,7.8,0.10,0.05
2025-12-31 16:26:03.992,0.2,7.8,0.10,0.05
2025-12-31 16:26:04.993,0.2,7.8,0.10,0.05
2025-12-31 16:26:05.995,0.2,7.8,0.10,0.05
2025-12-31 16:26:06.996,0.0,7.8,0.10,0.05
2025-12-31 16:26:07.997,0.2,7.8,0.10,0.05
2025-12-31 16:26:08.999,0.2,7.8,0.10,0.05
2025-12-31 16:26:10.001,0.1,7.8,0.10,0.05
2025-12-31 16:26:11.002,0.2,7.8,0.10,0.05
2025-12-31 16:26:12.004,0.1,7.8,0.10,0.05
2025-12-31 16:26:13.005,0.1,7.8,0.10,0.05
2025-12-31 16:26:14.006,0.1,7.8,0.10,0.05
2025-12-31 16:26:15.007,0.2,7.8,0.11,0.05
2025-12-31 16:26:16.009,0.2,7.8,0.10,0.05
2025-12-31 16:26:17.010,0.2,7.8,0.10,0.05
2025-12-31 16:26:18.012,0.1,7.8,0.10,0.05
2025-12-31 16:26:19.013,0.0,7.8,0.10,0.05
2025-12-31 16:26:20.014,0.1,7.8,0.11,0.05
2025-12-31 16:26:21.016,0.1,7.8,0.10,0.05
2025-12-31 16:26:22.017,0.1,7.8,0.10,0.05
2025-12-31 16:26:23.019,0.1,7.8,0.11,0.06
2025-12-31 16:26:24.020,0.0,7.8,0.10,0.05
2025-12-31 16:26:25.021,0.1,7.8,0.10,0.05
2025-12-31 16:26:26.022,0.1,7.8,0.11,0.05
2025-12-31 16:26:27.024,0.0,7.8,0.10,0.05
2025-12-31 16:26:28.025,0.1,7.8,0.10,0.05
2025-12-31 16:26:29.026,0.0,7.8,0.10,0.05
2025-12-31 16:26:30.028,0.2,7.8,0.10,0.05
2025-12-31 16:26:31.030,0.0,7.8,0.11,0.05
2025-12-31 16:26:32.031,0.1,7.8,0.11,0.06
2025-12-31 16:26:33.033,0.0,7.8,0.10,0.05
2025-12-31 16:26:34.034,0.1,7.8,0.10,0.05
2025-12-31 16:26:35.036,0.1,7.8,0.10,0.05
2025-12-31 16:26:36.037,0.1,7.8,0.11,0.05
2025-12-31 16:26:37.038,0.1,7.8,0.10,0.05
2025-12-31 16:26:38.040,0.1,7.8,0.10,0.05
2025-12-31 16:26:39.042,0.1,7.8,0.10,0.06
2025-12-31 16:26:40.043,0.1,7.8,0.11,0.06
2025-12-31 16:26:41.044,0.1,7.8,0.10,0.05
2025-12-31 16:26:42.046,0.2,7.8,0.10,0.05
2025-12-31 16:26:43.047,0.1,7.8,0.10,0.05
2025-12-31 16:26:44.048,0.0,7.8,0.10,0.05
2025-12-31 16:26:45.050,0.1,7.8,0.10,0.05
2025-12-31 16:26:46.051,0.2,7.8,0.11,0.06
2025-12-31 16:26:47.052,0.2,7.8,0.10,0.05
2025-12-31 16:26:48.053,0.1,7.8,0.10,0.05
2025-12-31 16:26:49.054,0.1,7.8,0.10,0.05
2025-12-31 16:26:50.055,0.1,7.8,0.10,0.05
2025-12-31 16:26:51.056,0.1,7.8,0.10,0.05
2025-12-31 16:26:52.058,0.2,7.8,0.10,0.05
2025-12-31 16:26:53.059,0.0,7.8,0.10,0.05
2025-12-31 16:26:54.060,0.2,7.8,0.10,0.05
2025-12-31 16:26:55.061,0.2,7.8,0.10,0.05
2025-12-31 16:26:56.062,0.2,7.8,0.11,0.05
2025-12-31 16:26:57.064,0.1,7.8,0.10,0.05
2025-12-31 16:26:58.065,0.0,7.8,0.10,0.05
2025-12-31 16:26:59.067,0.2,7.8,0.10,0.05
2025-12-31 16:27:00.068,0.2,7.8,0.10,0.05
2025-12-31 16:27:01.070,0.1,7.8,0.10,0.05
2025-12-31 16:27:02.071,0.2,7.8,0.10,0.05
2025-12-31 16:27:03.072,0.1,7.8,0.10,0.05
2025-12-31 16:27:04.073,0.2,7.8,0.11,0.05
2025-12-31 16:27:05.075,0.2,7.8,0.10,0.05
2025-12-31 16:27:06.076,0.2,7.8,0.11,0.06
2025-12-31 16:27:07.077,0.1,7.8,0.10,0.05
2025-12-31 16:27:08.079,0.0,7.8,0.10,0.05
2025-12-31 16:27:09.080,0.1,7.8,0.10,0.05
2025-12-31 16:27:10.082,0.1,7.8,0.11,0.06
2025-12-31 16:27:11.083,0.0,7.8,0.10,0.05
2025-12-31 16:27:12.085,0.0,7.8,0.10,0.05
2025-12-31 16:27:13.086,0.1,7.8,0.10,0.05
2025-12-31 16:27:14.088,0.1,7.8,0.10,0.05
2025-12-31 16:27:15.089,0.0,7.8,0.11,0.05
2025-12-31 16:27:16.091,0.0,7.8,0.11,0.06
2025-12-31 16:27:17.092,0.3,7.8,0.10,0.05
2025-12-31 16:27:18.093,0.1,7.8,0.10,0.05
2025-12-31 16:27:19.094,0.0,7.8,0.10,0.05
2025-12-31 16:27:20.096,0.1,7.8,0.10,0.05
2025-12-31 16:27:21.098,0.0,7.8,0.10,0.05
2025-12-31 16:27:22.100,0.2,7.8,0.10,0.05
2025-12-31 16:27:23.101,0.0,7.8,0.10,0.05
2025-12-31 16:27:24.102,0.0,7.8,0.10,0.05
2025-12-31 16:27:25.103,0.2,7.8,0.10,0.05
2025-12-31 16:27:26.104,0.1,7.8,0.11,0.06
2025-12-31 16:27:27.106,0.1,7.8,0.10,0.05
2025-12-31 16:27:28.107,0.1,7.8,0.10,0.05
2025-12-31 16:27:29.109,0.0,7.8,0.10,0.05
2025-12-31 16:27:30.111,0.2,7.8,0.10,0.05
2025-12-31 16:27:31.112,0.0,7.8,0.10,0.05
2025-12-31 16:27:32.113,0.1,7.8,0.10,0.06
2025-12-31 16:27:33.115,0.1,7.8,0.10,0.06
2025-12-31 16:27:34.116,0.0,7.8,0.10,0.05
2025-12-31 16:27:35.117,0.1,7.8,0.10,0.05
2025-12-31 16:27:36.119,0.0,7.8,0.11,0.06
2025-12-31 16:27:37.120,0.1,7.8,0.10,0.05
2025-12-31 16:27:38.121,0.0,7.8,0.10,0.05
2025-12-31 16:27:39.123,0.1,7.8,0.10,0.05
2025-12-31 16:27:40.124,0.1,7.8,0.10,0.05
2025-12-31 16:27:41.125,0.1,7.8,0.10,0.05
2025-12-31 16:27:42.126,0.0,7.8,0.11,0.05
2025-12-31 16:27:43.128,0.1,7.8,0.10,0.05
2025-12-31 16:27:44.129,0.0,7.8,0.10,0.05
2025-12-31 16:27:45.130,0.0,7.8,0.10,0.05
2025-12-31 16:27:46.131,0.1,7.8,0.11,0.05
2025-12-31 16:27:47.132,0.1,7.8,0.10,0.05
2025-12-31 16:27:48.133,0.0,7.8,0.10,0.06
2025-12-31 16:27:49.135,0.1,7.8,0.10,0.05
2025-12-31 16:27:50.136,0.0,7.8,0.10,0.05
2025-12-31 16:27:51.137,0.1,7.8,0.13,0.06
2025-12-31 16:27:52.139,0.0,7.8,0.10,0.05
2025-12-31 16:27:53.140,0.1,7.8,0.10,0.05
2025-12-31 16:27:54.141,0.1,7.8,0.10,0.05
2025-12-31 16:27:55.142,0.0,7.8,0.10,0.05
2025-12-31 16:27:56.143,0.0,7.8,0.10,0.05
2025-12-31 16:27:57.144,0.0,7.8,0.10,0.05
2025-12-31 16:27:58.145,0.1,7.8,0.10,0.05
2025-12-31 16:27:59.147,0.0,7.8,0.11,0.05
2025-12-31 16:28:00.148,0.1,7.8,0.10,0.05
2025-12-31 16:28:01.149,0.0,7.8,0.10,0.05
2025-12-31 16:28:02.151,0.1,7.8,0.10,0.05
2025-12-31 16:28:03.152,0.1,7.8,0.10,0.05
2025-12-31 16:28:04.154,0.1,7.8,0.10,0.05
2025-12-31 16:28:05.155,0.0,7.8,0.10,0.05
2025-12-31 16:28:06.156,0.2,7.8,0.11,0.06
2025-12-31 16:28:07.157,0.2,7.8,0.10,0.05
2025-12-31 16:28:08.159,0.2,7.8,0.11,0.06
2025-12-31 16:28:09.161,0.0,7.8,0.10,0.05
2025-12-31 16:28:10.162,0.3,7.8,0.11,0.06
2025-12-31 16:28:11.163,0.2,7.8,0.10,0.05
2025-12-31 16:28:12.164,0.2,7.8,0.10,0.05
2025-12-31 16:28:13.165,0.2,7.8,0.10,0.05
2025-12-31 16:28:14.167,0.2,7.8,0.10,0.05
2025-12-31 16:28:15.168,0.0,7.8,0.10,0.05
2025-12-31 16:28:16.169,0.2,7.8,0.11,0.05
2025-12-31 16:28:17.170,0.2,7.8,0.10,0.05
2025-12-31 16:28:18.171,0.0,7.8,0.10,0.05
2025-12-31 16:28:19.172,0.0,7.8,0.10,0.05
2025-12-31 16:28:20.174,0.1,7.8,0.10,0.05
2025-12-31 16:28:21.175,0.1,7.8,0.10,0.05
2025-12-31 16:28:22.177,0.0,7.8,0.11,0.05
2025-12-31 16:28:23.178,0.1,7.8,0.10,0.05
2025-12-31 16:28:24.180,0.1,7.8,0.10,0.05
2025-12-31 16:28:25.181,0.0,7.8,0.10,0.05
2025-12-31 16:28:26.182,0.1,7.8,0.11,0.06
2025-12-31 16:28:27.183,0.1,7.8,0.10,0.05
2025-12-31 16:28:28.184,0.0,7.8,0.10,0.05
2025-12-31 16:28:29.185,0.0,7.8,0.10,0.05
2025-12-31 16:28:30.187,0.2,7.8,0.10,0.05
2025-12-31 16:28:31.188,0.1,7.8,0.10,0.05
2025-12-31 16:28:32.189,0.1,7.8,0.10,0.05
2025-12-31 16:28:33.190,0.0,7.8,0.10,0.05
2025-12-31 16:28:34.192,0.1,7.8,0.10,0.05
2025-12-31 16:28:35.193,0.0,7.8,0.10,0.05
2025-12-31 16:28:36.194,0.2,7.8,0.10,0.06
2025-12-31 16:28:37.196,0.1,7.8,0.10,0.05
2025-12-31 16:28:38.198,0.1,7.8,0.10,0.05
2025-12-31 16:28:39.199,0.2,7.8,0.10,0.05
2025-12-31 16:28:40.201,0.2,7.8,0.10,0.05
2025-12-31 16:28:41.202,0.0,7.8,0.10,0.05
2025-12-31 16:28:42.203,0.2,7.8,0.10,0.05
2025-12-31 16:28:43.205,0.0,7.8,0.10,0.06
2025-12-31 16:28:44.206,0.3,7.8,0.10,0.05
2025-12-31 16:28:45.207,0.2,7.8,0.10,0.05
2025-12-31 16:28:46.208,0.2,7.8,0.10,0.05
2025-12-31 16:28:47.209,0.3,7.8,0.10,0.05
2025-12-31 16:28:48.210,0.2,7.8,0.10,0.05
2025-12-31 16:28:49.211,0.0,7.8,0.10,0.05
2025-12-31 16:28:50.213,0.1,7.8,0.10,0.05
2025-12-31 16:28:51.214,0.2,7.8,0.10,0.05
2025-12-31 16:28:52.215,0.1,7.8,0.10,0.05
2025-12-31 16:28:53.216,0.2,7.8,0.10,0.05
2025-12-31 16:28:54.217,0.2,7.8,0.10,0.05
2025-12-31 16:28:55.220,0.2,7.8,0.10,0.05
2025-12-31 16:28:56.222,0.4,7.8,0.11,0.06
2025-12-31 16:28:57.223,0.3,7.8,0.10,0.06
2025-12-31 16:28:58.225,0.2,7.8,0.10,0.05
2025-12-31 16:28:59.227,0.3,7.8,0.10,0.05
2025-12-31 16:29:00.229,0.2,7.8,0.10,0.05
2025-12-31 16:29:01.230,0.3,7.8,0.10,0.05
2025-12-31 16:29:02.232,0.2,7.8,0.10,0.05
2025-12-31 16:29:03.234,0.2,7.8,0.11,0.06
2025-12-31 16:29:04.236,0.1,7.8,0.10,0.05
2025-12-31 16:29:05.238,0.2,7.8,0.10,0.05
2025-12-31 16:29:06.239,0.2,7.8,0.11,0.06
2025-12-31 16:29:07.241,0.1,7.8,0.10,0.05
2025-12-31 16:29:08.242,0.2,7.8,0.10,0.05
2025-12-31 16:29:09.243,0.2,7.8,0.10,0.05
2025-12-31 16:29:10.244,0.2,7.8,0.10,0.05
2025-12-31 16:29:11.246,0.0,7.8,0.10,0.05
2025-12-31 16:29:12.248,0.2,7.8,0.10,0.05
2025-12-31 16:29:13.249,0.2,7.8,0.10,0.05
2025-12-31 16:29:14.251,0.1,7.8,0.10,0.05
2025-12-31 16:29:15.252,0.1,7.8,0.10,0.05
2025-12-31 16:29:16.253,0.2,7.8,0.11,0.05
2025-12-31 16:29:17.255,0.0,7.8,0.11,0.05
2025-12-31 16:29:18.256,0.1,7.8,0.10,0.05
2025-12-31 16:29:19.257,0.0,7.8,0.10,0.05
2025-12-31 16:29:20.259,0.2,7.8,0.10,0.05
2025-12-31 16:29:21.260,0.1,7.8,0.10,0.05
2025-12-31 16:29:22.261,0.0,7.8,0.10,0.05
2025-12-31 16:29:23.263,0.2,7.8,0.10,0.05
2025-12-31 16:29:24.265,0.0,7.8,0.10,0.05
2025-12-31 16:29:25.266,0.1,7.8,0.10,0.05
2025-12-31 16:29:26.268,0.1,7.8,0.11,0.05
2025-12-31 16:29:27.270,0.1,7.8,0.10,0.05
2025-12-31 16:29:28.271,0.1,7.8,0.10,0.05
2025-12-31 16:29:29.272,0.0,7.8,0.10,0.05
2025-12-31 16:29:30.274,0.2,7.8,0.10,0.05
2025-12-31 16:29:31.276,0.0,7.8,0.10,0.05
2025-12-31 16:29:32.277,0.1,7.8,0.10,0.05
2025-12-31 16:29:33.279,0.1,7.8,0.10,0.05
2025-12-31 16:29:34.281,0.0,7.8,0.10,0.05
2025-12-31 16:29:35.283,0.1,7.8,0.10,0.05
2025-12-31 16:29:36.285,0.2,7.8,0.10,0.05
2025-12-31 16:29:37.286,0.1,7.8,0.10,0.05
2025-12-31 16:29:38.288,0.1,7.8,0.10,0.05
2025-12-31 16:29:39.289,0.1,7.8,0.10,0.05
2025-12-31 16:29:40.290,0.1,7.8,0.10,0.05
2025-12-31 16:29:41.291,0.1,7.8,0.11,0.06
2025-12-31 16:29:42.292,0.1,7.8,0.11,0.05
2025-12-31 16:29:43.293,0.1,7.8,0.10,0.05
2025-12-31 16:29:44.294,0.1,7.8,0.10,0.05
2025-12-31 16:29:45.295,0.1,7.8,0.10,0.05
2025-12-31 16:29:46.301,0.1,7.8,0.11,0.06
2025-12-31 16:29:47.303,0.2,7.8,0.10,0.05
2025-12-31 16:29:48.304,0.1,7.8,0.10,0.05
2025-12-31 16:29:49.305,0.0,7.8,0.11,0.06
2025-12-31 16:29:50.306,0.2,7.8,0.10,0.05
2025-12-31 16:29:51.308,0.1,7.8,0.10,0.05
2025-12-31 16:29:52.310,0.2,7.8,0.10,0.05
2025-12-31 16:29:53.312,0.2,7.8,0.10,0.05
2025-12-31 16:29:54.313,0.2,7.8,0.10,0.05
2025-12-31 16:29:55.315,0.2,7.8,0.10,0.05
2025-12-31 16:29:56.322,0.1,7.8,0.11,0.06
2025-12-31 16:29:57.327,0.2,7.8,0.10,0.05
2025-12-31 16:29:58.328,0.2,7.8,0.10,0.05
2025-12-31 16:29:59.330,0.2,7.8,0.10,0.05
2025-12-31 16:30:00.331,0.1,7.8,0.11,0.05
2025-12-31 16:30:01.332,0.1,7.8,0.10,0.05
2025-12-31 16:30:02.334,0.1,7.8,0.10,0.05
2025-12-31 16:30:03.336,0.1,7.8,0.10,0.05
2025-12-31 16:30:04.337,0.1,7.8,0.10,0.05
2025-12-31 16:30:05.339,0.0,7.8,0.10,0.05
2025-12-31 16:30:06.340,0.1,7.8,0.11,0.05
2025-12-31 16:30:07.342,0.1,7.8,0.10,0.05
2025-12-31 16:30:08.343,0.0,7.8,0.10,0.05
2025-12-31 16:30:09.344,0.0,7.8,0.10,0.05
2025-12-31 16:30:10.346,0.1,7.8,0.10,0.05
2025-12-31 16:30:11.348,0.0,7.8,0.11,0.05
2025-12-31 16:30:12.350,0.0,7.8,0.10,0.05
2025-12-31 16:30:13.351,0.1,7.8,0.10,0.05
2025-12-31 16:30:14.352,0.0,7.8,0.10,0.05
2025-12-31 16:30:15.354,0.0,7.8,0.10,0.05
2025-12-31 16:30:16.355,0.1,7.8,0.10,0.06
2025-12-31 16:30:17.356,0.1,7.8,0.10,0.05
2025-12-31 16:30:18.357,0.2,7.8,0.10,0.05
2025-12-31 16:30:19.358,0.0,7.8,0.11,0.06
2025-12-31 16:30:20.359,0.2,7.8,0.10,0.05
2025-12-31 16:30:21.360,0.0,7.8,0.10,0.05
2025-12-31 16:30:22.361,0.0,7.8,0.11,0.05
2025-12-31 16:30:23.363,0.1,7.8,0.10,0.05
2025-12-31 16:30:24.364,0.0,7.8,0.10,0.05
2025-12-31 16:30:25.365,0.1,7.8,0.10,0.05
2025-12-31 16:30:26.366,0.0,7.8,0.11,0.06
2025-12-31 16:30:27.368,0.1,7.8,0.10,0.05
2025-12-31 16:30:28.370,0.1,7.8,0.10,0.05
2025-12-31 16:30:29.371,0.1,7.8,0.10,0.06
2025-12-31 16:30:30.373,0.2,7.8,0.10,0.05
2025-12-31 16:30:31.374,0.1,7.8,0.11,0.05
2025-12-31 16:30:32.376,0.2,7.8,0.10,0.05
2025-12-31 16:30:33.377,0.1,7.8,0.10,0.05
2025-12-31 16:30:34.378,0.0,7.8,0.11,0.06
2025-12-31 16:30:35.380,0.2,7.8,0.10,0.05
2025-12-31 16:30:36.381,0.0,7.8,0.10,0.05
2025-12-31 16:30:37.382,0.1,7.8,0.10,0.05
2025-12-31 16:30:38.383,0.1,7.8,0.10,0.05
2025-12-31 16:30:39.385,0.2,7.8,0.11,0.06
2025-12-31 16:30:40.387,0.0,7.8,0.10,0.05
2025-12-31 16:30:41.389,0.0,7.8,0.10,0.05
2025-12-31 16:30:42.390,0.0,7.8,0.10,0.05
2025-12-31 16:30:43.392,0.1,7.8,0.10,0.05
2025-12-31 16:30:44.393,0.1,7.8,0.10,0.05
2025-12-31 16:30:45.395,0.1,7.8,0.10,0.05
2025-12-31 16:30:46.396,0.0,7.8,0.11,0.06
2025-12-31 16:30:47.397,0.1,7.8,0.10,0.05
2025-12-31 16:30:48.398,0.0,7.8,0.10,0.05
2025-12-31 16:30:49.400,0.1,7.8,0.10,0.05
2025-12-31 16:30:50.401,0.0,7.8,0.10,0.05
2025-12-31 16:30:51.402,0.0,7.8,0.10,0.05
2025-12-31 16:30:52.404,0.0,7.8,0.10,0.05
2025-12-31 16:30:53.405,0.2,7.8,0.10,0.05
2025-12-31 16:30:54.406,0.0,7.8,0.10,0.05
2025-12-31 16:30:55.407,0.1,7.8,0.11,0.05
2025-12-31 16:30:56.409,0.0,7.8,0.10,0.05
2025-12-31 16:30:57.410,0.0,7.8,0.11,0.05
2025-12-31 16:30:58.411,0.1,7.8,0.10,0.05
2025-12-31 16:30:59.413,0.1,7.8,0.10,0.05
2025-12-31 16:31:00.414,0.1,7.8,0.10,0.05
2025-12-31 16:31:01.416,0.2,7.8,0.10,0.05
2025-12-31 16:31:02.417,0.1,7.8,0.10,0.05
2025-12-31 16:31:03.418,0.2,7.8,0.10,0.05
2025-12-31 16:31:04.420,0.1,7.8,0.10,0.05
2025-12-31 16:31:05.421,0.2,7.8,0.10,0.05
2025-12-31 16:31:06.423,0.2,7.8,0.11,0.06
2025-12-31 16:31:07.425,0.2,7.8,0.10,0.05
2025-12-31 16:31:08.426,0.1,7.8,0.10,0.05
2025-12-31 16:31:09.427,0.0,7.8,0.10,0.05
2025-12-31 16:31:10.429,0.1,7.8,0.10,0.05
2025-12-31 16:31:11.430,0.1,7.8,0.10,0.05
2025-12-31 16:31:12.432,0.2,7.8,0.10,0.05
2025-12-31 16:31:13.433,0.0,7.8,0.10,0.05
2025-12-31 16:31:14.436,0.2,7.8,0.10,0.05
2025-12-31 16:31:15.437,0.0,7.8,0.10,0.05
2025-12-31 16:31:16.438,0.0,7.8,0.10,0.05
2025-12-31 16:31:17.439,0.2,7.8,0.10,0.05
2025-12-31 16:31:18.441,0.0,7.8,0.10,0.05
2025-12-31 16:31:19.442,0.0,7.8,0.10,0.05
2025-12-31 16:31:20.443,0.1,7.8,0.10,0.05
2025-12-31 16:31:21.445,0.0,7.8,0.10,0.05
2025-12-31 16:31:22.446,0.1,7.8,0.10,0.05
2025-12-31 16:31:23.447,0.1,7.8,0.10,0.05
2025-12-31 16:31:24.449,0.1,7.8,0.10,0.05
2025-12-31 16:31:25.450,0.0,7.8,0.10,0.05
2025-12-31 16:31:26.451,0.1,7.8,0.10,0.06
2025-12-31 16:31:27.452,0.0,7.8,0.11,0.05
2025-12-31 16:31:28.454,0.1,7.8,0.10,0.05
2025-12-31 16:31:29.455,0.1,7.8,0.10,0.05
2025-12-31 16:31:30.456,0.2,7.8,0.10,0.05
2025-12-31 16:31:31.458,0.0,7.8,0.10,0.05
2025-12-31 16:31:32.459,0.2,7.8,0.10,0.05
2025-12-31 16:31:33.460,0.1,7.8,0.11,0.06
2025-12-31 16:31:34.462,0.2,7.8,0.10,0.05
2025-12-31 16:31:35.464,0.2,7.8,0.11,0.06
2025-12-31 16:31:36.467,0.2,7.8,0.11,0.05
2025-12-31 16:31:37.469,0.1,7.8,0.10,0.05
2025-12-31 16:31:38.470,0.2,7.8,0.10,0.05
2025-12-31 16:31:39.472,0.1,7.8,0.11,0.06
2025-12-31 16:31:40.474,0.2,7.8,0.10,0.05
2025-12-31 16:31:41.475,0.2,7.8,0.10,0.05
2025-12-31 16:31:42.477,0.3,7.8,0.10,0.05
2025-12-31 16:31:43.478,0.1,7.8,0.10,0.05
2025-12-31 16:31:44.479,0.2,7.8,0.10,0.05
2025-12-31 16:31:45.481,0.0,7.8,0.10,0.05
2025-12-31 16:31:46.483,0.3,7.8,0.11,0.05
2025-12-31 16:31:47.485,0.4,7.8,0.10,0.05
2025-12-31 16:31:48.486,0.3,7.8,0.10,0.05
2025-12-31 16:31:49.487,0.1,7.8,0.10,0.05
2025-12-31 16:31:50.489,0.2,7.8,0.11,0.06
2025-12-31 16:31:51.490,0.3,7.8,0.10,0.05
2025-12-31 16:31:52.491,0.2,7.8,0.10,0.05
2025-12-31 16:31:53.492,0.3,7.8,0.10,0.05
2025-12-31 16:31:54.493,0.1,7.8,0.10,0.05
2025-12-31 16:31:55.495,0.4,7.8,0.10,0.05
2025-12-31 16:31:56.497,0.2,7.8,0.11,0.05
2025-12-31 16:31:57.498,0.2,7.8,0.10,0.05
2025-12-31 16:31:58.499,0.2,7.8,0.10,0.05
2025-12-31 16:31:59.501,0.2,7.8,0.10,0.05
2025-12-31 16:32:00.502,0.3,7.8,0.11,0.05
2025-12-31 16:32:01.503,0.0,7.8,0.10,0.05
2025-12-31 16:32:02.504,0.2,7.8,0.10,0.05
2025-12-31 16:32:03.506,0.2,7.8,0.10,0.05
2025-12-31 16:32:04.507,0.2,7.8,0.10,0.05
2025-12-31 16:32:05.508,0.2,7.8,0.10,0.05
2025-12-31 16:32:06.509,0.1,7.8,0.11,0.06
2025-12-31 16:32:07.511,0.1,7.8,0.10,0.05
2025-12-31 16:32:08.512,0.2,7.8,0.10,0.05
2025-12-31 16:32:09.514,0.2,7.8,0.10,0.05
2025-12-31 16:32:10.515,0.1,7.8,0.10,0.05
2025-12-31 16:32:11.517,0.1,7.8,0.11,0.05
2025-12-31 16:32:12.518,0.0,7.8,0.10,0.05
2025-12-31 16:32:13.519,0.1,7.8,0.11,0.06
2025-12-31 16:32:14.520,0.1,7.8,0.10,0.05
2025-12-31 16:32:15.522,0.0,7.8,0.09,0.05
2025-12-31 16:32:16.524,0.2,7.8,0.11,0.06
2025-12-31 16:32:17.525,0.2,7.8,0.10,0.05
2025-12-31 16:32:18.527,0.0,7.8,0.10,0.05
2025-12-31 16:32:19.529,0.2,7.8,0.10,0.05
2025-12-31 16:32:20.530,0.1,7.8,0.11,0.05
2025-12-31 16:32:21.532,0.1,7.8,0.10,0.05
2025-12-31 16:32:22.534,0.2,7.8,0.10,0.06
2025-12-31 16:32:23.535,0.2,7.8,0.10,0.05
2025-12-31 16:32:24.537,0.0,7.8,0.10,0.05
2025-12-31 16:32:25.538,0.1,7.8,0.10,0.05
2025-12-31 16:32:26.540,0.1,7.8,0.10,0.05
2025-12-31 16:32:27.541,0.0,7.8,0.10,0.05
2025-12-31 16:32:28.542,0.0,7.8,0.10,0.05
2025-12-31 16:32:29.544,0.1,7.8,0.11,0.06
2025-12-31 16:32:30.545,0.2,7.8,0.10,0.05
2025-12-31 16:32:31.547,0.1,7.8,0.10,0.05
2025-12-31 16:32:32.548,0.2,7.8,0.10,0.05
2025-12-31 16:32:33.550,0.1,7.8,0.11,0.05
2025-12-31 16:32:34.552,0.0,7.8,0.10,0.05
2025-12-31 16:32:35.553,0.1,7.8,0.10,0.05
2025-12-31 16:32:36.554,0.1,7.8,0.10,0.06
2025-12-31 16:32:37.555,0.1,7.8,0.10,0.05
2025-12-31 16:32:38.557,0.1,7.8,0.10,0.05
2025-12-31 16:32:39.559,0.1,7.8,0.10,0.06
2025-12-31 16:32:40.560,0.1,7.8,0.11,0.05
2025-12-31 16:32:41.561,0.1,7.8,0.10,0.05
2025-12-31 16:32:42.562,0.0,7.8,0.10,0.05
2025-12-31 16:32:43.563,0.1,7.8,0.10,0.05
2025-12-31 16:32:44.564,0.0,7.8,0.11,0.05
2025-12-31 16:32:45.620,0.1,7.8,0.09,0.05
2025-12-31 16:32:46.622,0.1,7.8,0.12,0.06
2025-12-31 16:32:47.624,0.2,7.8,0.10,0.05
2025-12-31 16:32:48.626,0.1,7.8,0.10,0.05
2025-12-31 16:32:49.627,0.1,7.8,0.10,0.05
2025-12-31 16:32:50.628,0.1,7.8,0.11,0.06
2025-12-31 16:32:51.629,0.1,7.8,0.11,0.06
2025-12-31 16:32:52.630,0.1,7.8,0.12,0.06
2025-12-31 16:32:53.632,0.1,7.8,0.12,0.06
2025-12-31 16:32:54.633,0.0,7.8,0.10,0.05
2025-12-31 16:32:55.634,0.0,7.8,0.11,0.05
2025-12-31 16:32:56.635,0.2,7.8,0.11,0.06
2025-12-31 16:32:57.636,0.0,7.8,0.10,0.05
2025-12-31 16:32:58.637,0.1,7.8,0.10,0.05
2025-12-31 16:32:59.638,0.1,7.8,0.11,0.05
2025-12-31 16:33:00.639,0.1,7.8,0.10,0.05
2025-12-31 16:33:01.640,0.1,7.8,0.10,0.05
2025-12-31 16:33:02.642,0.1,7.8,0.10,0.05
2025-12-31 16:33:03.643,0.1,7.8,0.10,0.05
2025-12-31 16:33:04.644,0.0,7.8,0.11,0.06
2025-12-31 16:33:05.646,0.1,7.8,0.10,0.05
2025-12-31 16:33:06.647,0.1,7.8,0.10,0.05
2025-12-31 16:33:07.649,0.0,7.8,0.10,0.06
2025-12-31 16:33:08.650,0.0,7.8,0.11,0.06
2025-12-31 16:33:09.651,0.1,7.8,0.11,0.06
2025-12-31 16:33:10.652,0.1,7.8,0.10,0.05
2025-12-31 16:33:11.653,0.0,7.8,0.10,0.05
2025-12-31 16:33:12.655,0.1,7.8,0.10,0.05
2025-12-31 16:33:13.656,0.0,7.8,0.10,0.05
2025-12-31 16:33:14.657,0.0,7.8,0.10,0.05
2025-12-31 16:33:15.658,0.1,7.8,0.11,0.05
2025-12-31 16:33:16.659,0.2,7.8,0.11,0.06
2025-12-31 16:33:17.661,0.0,7.8,0.10,0.05
2025-12-31 16:33:18.663,0.0,7.8,0.10,0.05
2025-12-31 16:33:19.664,0.1,7.8,0.10,0.05
2025-12-31 16:33:20.665,0.0,7.8,0.10,0.05
2025-12-31 16:33:21.666,0.1,7.8,0.11,0.05
2025-12-31 16:33:22.668,0.1,7.8,0.10,0.05
2025-12-31 16:33:23.669,0.1,7.8,0.10,0.05
2025-12-31 16:33:24.670,0.0,7.8,0.10,0.05
2025-12-31 16:33:25.672,0.1,7.8,0.10,0.05
2025-12-31 16:33:26.673,0.0,7.8,0.11,0.06
2025-12-31 16:33:27.674,0.0,7.8,0.10,0.05
2025-12-31 16:33:28.676,0.1,7.8,0.10,0.05
2025-12-31 16:33:29.677,0.1,7.8,0.11,0.06
2025-12-31 16:33:30.678,0.1,7.8,0.10,0.05
2025-12-31 16:33:31.679,0.0,7.8,0.10,0.05
2025-12-31 16:33:32.680,0.2,7.8,0.10,0.05
2025-12-31 16:33:33.682,0.0,7.8,0.10,0.05
2025-12-31 16:33:34.684,0.0,7.8,0.10,0.05
2025-12-31 16:33:35.685,0.1,7.8,0.10,0.05
2025-12-31 16:33:36.686,0.0,7.8,0.10,0.05
2025-12-31 16:33:37.688,0.2,7.8,0.11,0.05
2025-12-31 16:33:38.689,0.0,7.8,0.10,0.05
2025-12-31 16:33:39.690,0.0,7.8,0.10,0.05
2025-12-31 16:33:40.692,0.0,7.8,0.10,0.05
2025-12-31 16:33:41.693,0.1,7.8,0.10,0.05
2025-12-31 16:33:42.695,0.0,7.8,0.10,0.05
2025-12-31 16:33:43.696,0.1,7.8,0.10,0.05
2025-12-31 16:33:44.697,0.0,7.8,0.10,0.05
2025-12-31 16:33:45.698,0.0,7.8,0.11,0.05
2025-12-31 16:33:46.700,0.2,7.8,0.11,0.06
2025-12-31 16:33:47.701,0.0,7.8,0.11,0.06
2025-12-31 16:33:48.703,0.0,7.8,0.10,0.06
2025-12-31 16:33:49.705,0.1,7.8,0.10,0.05
2025-12-31 16:33:50.706,0.1,7.8,0.10,0.05
2025-12-31 16:33:51.707,0.0,7.8,0.10,0.05
2025-12-31 16:33:52.709,0.1,7.8,0.10,0.06
2025-12-31 16:33:53.710,0.0,7.8,0.10,0.05
2025-12-31 16:33:54.711,0.1,7.8,0.10,0.05
2025-12-31 16:33:55.713,0.0,7.8,0.10,0.05
2025-12-31 16:33:56.715,0.1,7.8,0.11,0.06
2025-12-31 16:33:57.716,0.2,7.8,0.10,0.05
2025-12-31 16:33:58.717,0.2,7.8,0.11,0.05
2025-12-31 16:33:59.718,0.1,7.8,0.10,0.05
2025-12-31 16:34:00.719,0.2,7.8,0.10,0.05
2025-12-31 16:34:01.720,0.2,7.8,0.10,0.05
2025-12-31 16:34:02.722,0.1,7.8,0.10,0.05
2025-12-31 16:34:03.723,0.1,7.8,0.10,0.06
2025-12-31 16:34:04.725,0.1,7.8,0.10,0.07
2025-12-31 16:34:05.726,0.2,7.8,0.10,0.06
2025-12-31 16:34:06.727,0.1,7.8,0.11,0.06
2025-12-31 16:34:07.728,0.0,7.8,0.11,0.06
2025-12-31 16:34:08.730,0.2,7.8,0.10,0.06
2025-12-31 16:34:09.731,0.0,7.8,0.11,0.06
2025-12-31 16:34:10.733,0.2,7.8,0.10,0.05
2025-12-31 16:34:11.734,0.0,7.8,0.10,0.06
2025-12-31 16:34:12.736,0.1,7.8,0.10,0.06
2025-12-31 16:34:13.737,0.1,7.8,0.10,0.05
2025-12-31 16:34:14.738,0.1,7.8,0.10,0.06
2025-12-31 16:34:15.739,0.1,7.8,0.10,0.06
2025-12-31 16:34:16.741,0.2,7.8,0.11,0.06
2025-12-31 16:34:17.742,0.0,7.8,0.10,0.05
2025-12-31 16:34:18.743,0.0,7.8,0.10,0.05
2025-12-31 16:34:19.745,0.0,7.8,0.10,0.05
2025-12-31 16:34:20.745,0.1,7.8,0.10,0.05
2025-12-31 16:34:21.747,0.0,7.8,0.10,0.05
2025-12-31 16:34:22.748,0.2,7.8,0.10,0.05
2025-12-31 16:34:23.749,0.0,7.8,0.10,0.05
2025-12-31 16:34:24.750,0.1,7.8,0.10,0.05
2025-12-31 16:34:25.752,0.0,7.8,0.10,0.05
2025-12-31 16:34:26.753,0.1,7.8,0.11,0.05
2025-12-31 16:34:27.754,0.0,7.8,0.10,0.05
2025-12-31 16:34:28.755,0.1,7.8,0.10,0.05
2025-12-31 16:34:29.756,0.1,7.8,0.10,0.05
2025-12-31 16:34:30.757,0.1,7.8,0.10,0.05
2025-12-31 16:34:31.759,0.1,7.8,0.11,0.05
2025-12-31 16:34:32.760,0.2,7.8,0.10,0.05
2025-12-31 16:34:33.761,0.2,7.8,0.10,0.05
2025-12-31 16:34:34.762,0.1,7.8,0.10,0.05
2025-12-31 16:34:35.764,0.2,7.8,0.10,0.05
2025-12-31 16:34:36.766,0.0,7.8,0.11,0.06
2025-12-31 16:34:37.768,0.2,7.8,0.10,0.05
2025-12-31 16:34:38.770,0.2,7.8,0.10,0.06
2025-12-31 16:34:39.771,0.3,7.8,0.10,0.06
2025-12-31 16:34:40.773,0.2,7.8,0.10,0.05
2025-12-31 16:34:41.774,0.2,7.8,0.10,0.05
2025-12-31 16:34:42.775,0.3,7.8,0.10,0.05
2025-12-31 16:34:43.777,0.2,7.8,0.10,0.05
2025-12-31 16:34:44.778,0.3,7.8,0.10,0.05
2025-12-31 16:34:45.779,0.2,7.8,0.11,0.06
2025-12-31 16:34:46.781,0.5,7.8,0.10,0.05
2025-12-31 16:34:47.782,0.2,7.8,0.10,0.05
2025-12-31 16:34:48.784,0.3,7.8,0.10,0.05
2025-12-31 16:34:49.786,0.4,7.8,0.10,0.05
2025-12-31 16:34:50.787,0.4,7.8,0.10,0.05
2025-12-31 16:34:51.789,0.3,7.8,0.11,0.05
2025-12-31 16:34:52.790,0.3,7.8,0.10,0.05
2025-12-31 16:34:53.791,0.2,7.8,0.11,0.05
2025-12-31 16:34:54.792,0.2,7.8,0.10,0.05
2025-12-31 16:34:55.793,0.2,7.8,0.10,0.05
2025-12-31 16:34:56.794,0.2,7.8,0.11,0.06
2025-12-31 16:34:57.796,0.2,7.8,0.10,0.05
2025-12-31 16:34:58.797,0.1,7.8,0.10,0.05
2025-12-31 16:34:59.798,0.2,7.8,0.10,0.05
2025-12-31 16:35:00.799,0.2,7.8,0.10,0.05
2025-12-31 16:35:01.800,0.2,7.8,0.11,0.05
2025-12-31 16:35:02.801,0.2,7.8,0.10,0.05
2025-12-31 16:35:03.803,0.2,7.8,0.10,0.05
2025-12-31 16:35:04.804,0.1,7.8,0.11,0.08
2025-12-31 16:35:05.806,0.2,7.8,0.11,0.06
2025-12-31 16:35:06.807,0.1,7.8,0.10,0.07
2025-12-31 16:35:07.808,0.2,7.8,0.10,0.06
2025-12-31 16:35:08.810,0.0,7.8,0.10,0.06
2025-12-31 16:35:09.811,0.0,7.8,0.10,0.06
2025-12-31 16:35:10.812,0.2,7.8,0.10,0.06
2025-12-31 16:35:11.814,0.1,7.8,0.11,0.06
2025-12-31 16:35:12.815,0.1,7.8,0.10,0.05
2025-12-31 16:35:13.816,0.2,7.8,0.10,0.05
2025-12-31 16:35:14.818,0.1,7.8,0.10,0.05
2025-12-31 16:35:15.819,0.0,7.8,0.11,0.05
2025-12-31 16:35:16.820,0.2,7.8,0.11,0.06
2025-12-31 16:35:17.821,0.0,7.8,0.10,0.05
2025-12-31 16:35:18.822,0.1,7.8,0.10,0.05
2025-12-31 16:35:19.823,0.2,7.8,0.10,0.05
2025-12-31 16:35:20.824,0.0,7.8,0.11,0.06
2025-12-31 16:35:21.826,0.1,7.8,0.10,0.05
2025-12-31 16:35:22.828,0.0,7.8,0.10,0.05
2025-12-31 16:35:23.829,0.2,7.8,0.11,0.06
2025-12-31 16:35:24.830,0.1,7.8,0.10,0.06
2025-12-31 16:35:25.832,0.1,7.8,0.11,0.06
2025-12-31 16:35:26.833,0.1,7.8,0.11,0.06
2025-12-31 16:35:27.835,0.0,7.8,0.10,0.05
2025-12-31 16:35:28.836,0.0,7.8,0.10,0.05
2025-12-31 16:35:29.837,0.1,7.8,0.10,0.05
2025-12-31 16:35:30.839,0.2,7.8,0.10,0.05
2025-12-31 16:35:31.840,0.0,7.8,0.10,0.05
2025-12-31 16:35:32.842,0.1,7.8,0.10,0.05
2025-12-31 16:35:33.843,0.2,7.8,0.10,0.05
2025-12-31 16:35:34.844,0.0,7.8,0.10,0.05
2025-12-31 16:35:35.845,0.0,7.8,0.10,0.05
2025-12-31 16:35:36.846,0.2,7.8,0.10,0.06
2025-12-31 16:35:37.849,0.0,7.8,0.11,0.05
2025-12-31 16:35:38.850,0.1,7.8,0.10,0.05
2025-12-31 16:35:39.851,0.0,7.8,0.10,0.05
2025-12-31 16:35:40.852,0.1,7.8,0.10,0.05
2025-12-31 16:35:41.854,0.0,7.8,0.10,0.05
2025-12-31 16:35:42.856,0.0,7.8,0.10,0.05
2025-12-31 16:35:43.857,0.1,7.8,0.10,0.05
2025-12-31 16:35:44.858,0.1,7.8,0.10,0.05
2025-12-31 16:35:45.859,0.1,7.8,0.10,0.05
2025-12-31 16:35:46.861,0.1,7.8,0.10,0.06
2025-12-31 16:35:47.862,0.2,7.8,0.10,0.05
2025-12-31 16:35:48.864,0.1,7.8,0.10,0.05
2025-12-31 16:35:49.865,0.1,7.8,0.10,0.05
2025-12-31 16:35:50.866,0.0,7.8,0.10,0.05
2025-12-31 16:35:51.867,0.1,7.8,0.10,0.05
2025-12-31 16:35:52.868,0.2,7.8,0.10,0.05
2025-12-31 16:35:53.869,0.0,7.8,0.10,0.05
2025-12-31 16:35:54.870,0.0,7.8,0.11,0.05
2025-12-31 16:35:55.871,0.1,7.8,0.10,0.05
2025-12-31 16:35:56.872,0.1,7.8,0.10,0.06
2025-12-31 16:35:57.874,0.0,7.8,0.10,0.05
2025-12-31 16:35:58.875,0.0,7.8,0.10,0.05
2025-12-31 16:35:59.876,0.2,7.8,0.11,0.05
2025-12-31 16:36:00.878,0.0,7.8,0.10,0.05
2025-12-31 16:36:01.880,0.1,7.8,0.11,0.06
2025-12-31 16:36:02.881,0.0,7.8,0.10,0.05
2025-12-31 16:36:03.882,0.1,7.8,0.11,0.05
2025-12-31 16:36:04.884,0.1,7.8,0.10,0.05
2025-12-31 16:36:05.885,0.1,7.8,0.10,0.05
2025-12-31 16:36:06.886,0.0,7.8,0.11,0.06
2025-12-31 16:36:07.887,0.1,7.8,0.10,0.05
2025-12-31 16:36:08.888,0.1,7.8,0.10,0.05
2025-12-31 16:36:09.889,0.0,7.8,0.10,0.05
2025-12-31 16:36:10.891,0.1,7.8,0.11,0.05
2025-12-31 16:36:11.892,0.0,7.8,0.10,0.05
2025-12-31 16:36:12.894,0.1,7.8,0.10,0.05
2025-12-31 16:36:13.895,0.0,7.8,0.10,0.05
2025-12-31 16:36:14.896,0.0,7.8,0.10,0.05
2025-12-31 16:36:15.897,0.1,7.8,0.10,0.05
2025-12-31 16:36:16.899,0.1,7.8,0.11,0.06
2025-12-31 16:36:17.900,0.1,7.8,0.10,0.05
2025-12-31 16:36:18.902,0.1,7.8,0.10,0.05
2025-12-31 16:36:19.903,0.1,7.8,0.10,0.05
2025-12-31 16:36:20.904,0.0,7.8,0.10,0.05
2025-12-31 16:36:21.906,0.0,7.8,0.11,0.06
2025-12-31 16:36:22.908,0.1,7.8,0.10,0.05
2025-12-31 16:36:23.909,0.1,7.8,0.10,0.05
2025-12-31 16:36:24.911,0.0,7.8,0.10,0.05
2025-12-31 16:36:25.913,0.1,7.8,0.10,0.05
2025-12-31 16:36:26.914,0.0,7.8,0.11,0.06
2025-12-31 16:36:27.916,0.1,7.8,0.10,0.05
2025-12-31 16:36:28.917,0.1,7.8,0.10,0.05
2025-12-31 16:36:29.919,0.0,7.8,0.10,0.05
2025-12-31 16:36:30.921,0.2,7.8,0.10,0.05
2025-12-31 16:36:31.922,0.1,7.8,0.10,0.05
2025-12-31 16:36:32.924,0.0,7.8,0.11,0.05
2025-12-31 16:36:33.925,0.1,7.8,0.10,0.05
2025-12-31 16:36:34.926,0.0,7.8,0.10,0.05
2025-12-31 16:36:35.928,0.1,7.8,0.10,0.05
2025-12-31 16:36:36.929,0.1,7.8,0.11,0.06
2025-12-31 16:36:37.930,0.1,7.8,0.10,0.05
2025-12-31 16:36:38.931,0.1,7.8,0.10,0.05
2025-12-31 16:36:39.932,0.0,7.8,0.11,0.06
2025-12-31 16:36:40.933,0.0,7.8,0.10,0.05
2025-12-31 16:36:41.935,0.1,7.8,0.10,0.05
2025-12-31 16:36:42.936,0.0,7.8,0.10,0.05
2025-12-31 16:36:43.937,0.1,7.8,0.10,0.05
2025-12-31 16:36:44.938,0.0,7.8,0.10,0.05
2025-12-31 16:36:45.939,0.1,7.8,0.10,0.05
2025-12-31 16:36:46.941,0.1,7.8,0.11,0.06
2025-12-31 16:36:47.942,0.1,7.8,0.10,0.05
2025-12-31 16:36:48.943,0.0,7.8,0.10,0.05
2025-12-31 16:36:49.945,0.1,7.8,0.11,0.06
2025-12-31 16:36:50.947,0.0,7.8,0.10,0.05
2025-12-31 16:36:51.948,0.1,7.8,0.10,0.05
2025-12-31 16:36:52.949,0.0,7.8,0.10,0.05
2025-12-31 16:36:53.951,0.2,7.8,0.10,0.05
2025-12-31 16:36:54.952,0.2,7.8,0.11,0.05
2025-12-31 16:36:55.953,0.1,7.8,0.10,0.05
2025-12-31 16:36:56.955,0.1,7.8,0.11,0.06
2025-12-31 16:36:57.956,0.2,7.8,0.10,0.05
2025-12-31 16:36:58.957,0.1,7.8,0.11,0.05
2025-12-31 16:36:59.958,0.1,7.8,0.10,0.05
2025-12-31 16:37:00.959,0.1,7.8,0.10,0.05
2025-12-31 16:37:01.960,0.2,7.8,0.10,0.05
2025-12-31 16:37:02.961,0.1,7.8,0.11,0.06
2025-12-31 16:37:03.962,0.1,7.8,0.10,0.05
2025-12-31 16:37:04.964,0.1,7.8,0.10,0.05
2025-12-31 16:37:05.966,0.0,7.8,0.10,0.05
2025-12-31 16:37:06.967,0.1,7.8,0.11,0.06
2025-12-31 16:37:07.968,0.0,7.8,0.10,0.05
2025-12-31 16:37:08.969,0.0,7.8,0.10,0.05
2025-12-31 16:37:09.972,0.2,7.8,0.10,0.05
2025-12-31 16:37:10.973,0.0,7.8,0.10,0.05
2025-12-31 16:37:11.976,0.0,7.8,0.10,0.05
2025-12-31 16:37:12.978,0.2,7.8,0.10,0.05
2025-12-31 16:37:13.979,0.1,7.8,0.10,0.05
2025-12-31 16:37:14.981,0.0,7.8,0.10,0.05
2025-12-31 16:37:15.983,0.0,7.8,0.10,0.05
2025-12-31 16:37:16.985,0.2,7.8,0.11,0.06
2025-12-31 16:37:17.987,0.0,7.8,0.10,0.05
2025-12-31 16:37:18.988,0.0,7.8,0.10,0.05
2025-12-31 16:37:19.989,0.2,7.8,0.10,0.05
2025-12-31 16:37:20.991,0.1,7.8,0.10,0.05
2025-12-31 16:37:21.993,0.0,7.8,0.10,0.05
2025-12-31 16:37:22.995,0.0,7.8,0.10,0.05
2025-12-31 16:37:23.996,0.0,7.8,0.10,0.05
2025-12-31 16:37:24.997,0.2,7.8,0.10,0.05
2025-12-31 16:37:25.998,0.1,7.8,0.10,0.05
2025-12-31 16:37:26.999,0.3,7.8,0.11,0.06
2025-12-31 16:37:28.000,0.2,7.8,0.11,0.05
2025-12-31 16:37:29.001,0.0,7.8,0.10,0.05
2025-12-31 16:37:30.003,0.2,7.8,0.11,0.06
2025-12-31 16:37:31.004,0.2,7.8,0.10,0.05
2025-12-31 16:37:32.005,0.2,7.8,0.10,0.05
2025-12-31 16:37:33.007,0.2,7.8,0.10,0.05
2025-12-31 16:37:34.009,0.2,7.8,0.10,0.05
2025-12-31 16:37:35.010,0.2,7.8,0.10,0.05
2025-12-31 16:37:36.011,0.2,7.8,0.11,0.05
2025-12-31 16:37:37.013,0.3,7.8,0.10,0.06
2025-12-31 16:37:38.015,0.2,7.8,0.10,0.05
2025-12-31 16:37:39.016,0.3,7.8,0.11,0.05
2025-12-31 16:37:40.018,0.5,7.8,0.10,0.05
2025-12-31 16:37:41.019,0.3,7.8,0.10,0.05
2025-12-31 16:37:42.021,0.5,7.8,0.10,0.05
2025-12-31 16:37:43.022,0.3,7.8,0.10,0.05
2025-12-31 16:37:44.024,0.3,7.8,0.10,0.05
2025-12-31 16:37:45.025,0.4,7.8,0.10,0.05
2025-12-31 16:37:46.026,0.3,7.8,0.10,0.05
2025-12-31 16:37:47.028,0.4,7.8,0.11,0.06
2025-12-31 16:37:48.029,0.3,7.8,0.10,0.05
2025-12-31 16:37:49.031,0.2,7.8,0.10,0.05
2025-12-31 16:37:50.032,0.3,7.8,0.10,0.05
2025-12-31 16:37:51.034,0.3,7.8,0.10,0.05
2025-12-31 16:37:52.035,0.2,7.8,0.10,0.05
2025-12-31 16:37:53.036,0.1,7.8,0.10,0.05
2025-12-31 16:37:54.037,0.1,7.8,0.10,0.05
2025-12-31 16:37:55.038,0.2,7.8,0.10,0.05
2025-12-31 16:37:56.040,0.2,7.8,0.11,0.06
2025-12-31 16:37:57.041,0.0,7.8,0.11,0.05
2025-12-31 16:37:58.042,0.2,7.8,0.10,0.05
2025-12-31 16:37:59.044,0.2,7.8,0.10,0.05
2025-12-31 16:38:00.045,0.0,7.8,0.10,0.05
2025-12-31 16:38:01.046,0.2,7.8,0.11,0.05
2025-12-31 16:38:02.048,0.2,7.8,0.10,0.05
2025-12-31 16:38:03.049,0.2,7.8,0.10,0.05
2025-12-31 16:38:04.051,0.2,7.8,0.10,0.05
2025-12-31 16:38:05.053,0.2,7.8,0.10,0.05
2025-12-31 16:38:06.054,0.1,7.8,0.10,0.05
2025-12-31 16:38:07.055,0.2,7.8,0.10,0.05
2025-12-31 16:38:08.056,0.1,7.8,0.10,0.05
2025-12-31 16:38:09.057,0.0,7.8,0.10,0.05
2025-12-31 16:38:10.059,0.1,7.8,0.10,0.05
2025-12-31 16:38:11.060,0.2,7.8,0.10,0.05
2025-12-31 16:38:12.061,0.1,7.8,0.11,0.05
2025-12-31 16:38:13.064,0.1,7.8,0.10,0.06
2025-12-31 16:38:14.065,0.2,7.8,0.10,0.05
2025-12-31 16:38:15.066,0.1,7.8,0.10,0.05
2025-12-31 16:38:16.067,0.2,7.8,0.10,0.05
2025-12-31 16:38:17.068,0.0,7.8,0.11,0.05
2025-12-31 16:38:18.070,0.2,7.8,0.10,0.05
2025-12-31 16:38:19.071,0.1,7.8,0.10,0.05
2025-12-31 16:38:20.073,0.0,7.8,0.10,0.05
2025-12-31 16:38:21.074,0.1,7.8,0.10,0.05
2025-12-31 16:38:22.075,0.2,7.8,0.10,0.05
2025-12-31 16:38:23.077,0.1,7.8,0.10,0.05
2025-12-31 16:38:24.079,0.1,7.8,0.10,0.05
2025-12-31 16:38:25.080,0.1,7.8,0.10,0.05
2025-12-31 16:38:26.081,0.0,7.8,0.10,0.05
2025-12-31 16:38:27.082,0.0,7.8,0.11,0.05
2025-12-31 16:38:28.084,0.1,7.8,0.10,0.05
2025-12-31 16:38:29.086,0.1,7.8,0.10,0.05
2025-12-31 16:38:30.088,0.1,7.8,0.10,0.05
2025-12-31 16:38:31.090,0.2,7.8,0.10,0.05
2025-12-31 16:38:32.091,0.0,7.8,0.11,0.05
2025-12-31 16:38:33.092,0.2,7.8,0.10,0.05
2025-12-31 16:38:34.094,0.0,7.8,0.10,0.06
2025-12-31 16:38:35.095,0.2,7.8,0.10,0.06
2025-12-31 16:38:36.097,0.0,7.8,0.10,0.05
2025-12-31 16:38:37.098,0.0,7.8,0.11,0.06
2025-12-31 16:38:38.100,0.1,7.8,0.10,0.05
2025-12-31 16:38:39.102,0.1,7.8,0.10,0.05
2025-12-31 16:38:40.103,0.0,7.8,0.10,0.05
2025-12-31 16:38:41.104,0.2,7.8,0.10,0.05
2025-12-31 16:38:42.105,0.1,7.8,0.10,0.05
2025-12-31 16:38:43.107,0.0,7.8,0.10,0.06
2025-12-31 16:38:44.108,0.0,7.8,0.11,0.05
2025-12-31 16:38:45.110,0.2,7.8,0.11,0.06
2025-12-31 16:38:46.111,0.1,7.8,0.10,0.05
2025-12-31 16:38:47.113,0.2,7.8,0.11,0.06
2025-12-31 16:38:48.114,0.0,7.8,0.10,0.05
2025-12-31 16:38:49.116,0.1,7.8,0.10,0.05
2025-12-31 16:38:50.117,0.1,7.8,0.10,0.05
2025-12-31 16:38:51.119,0.0,7.8,0.10,0.05
2025-12-31 16:38:52.120,0.1,7.8,0.10,0.05
2025-12-31 16:38:53.121,0.1,7.8,0.10,0.05
2025-12-31 16:38:54.122,0.0,7.8,0.13,0.06
2025-12-31 16:38:55.124,0.1,7.8,0.10,0.06
2025-12-31 16:38:56.125,0.0,7.8,0.11,0.06
2025-12-31 16:38:57.126,0.1,7.8,0.11,0.05
2025-12-31 16:38:58.127,0.2,7.8,0.10,0.05
2025-12-31 16:38:59.129,0.0,7.8,0.10,0.05
2025-12-31 16:39:00.130,0.1,7.8,0.10,0.05
2025-12-31 16:39:01.131,0.1,7.8,0.10,0.05
2025-12-31 16:39:02.132,0.0,7.8,0.10,0.05
2025-12-31 16:39:03.133,0.0,7.8,0.11,0.05
2025-12-31 16:39:04.135,0.0,7.8,0.10,0.05
2025-12-31 16:39:05.136,0.1,7.8,0.10,0.05
2025-12-31 16:39:06.138,0.0,7.8,0.10,0.05
2025-12-31 16:39:07.139,0.2,7.8,0.11,0.06
2025-12-31 16:39:08.140,0.0,7.8,0.10,0.05
2025-12-31 16:39:09.142,0.1,7.8,0.11,0.06
2025-12-31 16:39:10.143,0.0,7.8,0.11,0.05
2025-12-31 16:39:11.144,0.2,7.8,0.10,0.05
2025-12-31 16:39:12.145,0.0,7.8,0.10,0.05
2025-12-31 16:39:13.146,0.1,7.8,0.10,0.05
2025-12-31 16:39:14.147,0.1,7.8,0.10,0.05
2025-12-31 16:39:15.148,0.0,7.8,0.10,0.05
2025-12-31 16:39:16.150,0.2,7.8,0.10,0.05
2025-12-31 16:39:17.152,0.1,7.8,0.11,0.06
2025-12-31 16:39:18.154,0.1,7.8,0.11,0.06
2025-12-31 16:39:19.155,0.0,7.8,0.10,0.05
2025-12-31 16:39:20.156,0.1,7.8,0.10,0.05
2025-12-31 16:39:21.158,0.0,7.8,0.10,0.05
2025-12-31 16:39:22.159,0.1,7.8,0.10,0.05
2025-12-31 16:39:23.161,0.0,7.8,0.10,0.05
2025-12-31 16:39:24.162,0.1,7.8,0.10,0.05
2025-12-31 16:39:25.163,0.2,7.8,0.10,0.05
2025-12-31 16:39:26.165,0.0,7.8,0.10,0.05
2025-12-31 16:39:27.167,0.0,7.8,0.11,0.06
2025-12-31 16:39:28.168,0.2,7.8,0.10,0.05
2025-12-31 16:39:29.169,0.1,7.8,0.10,0.05
2025-12-31 16:39:30.170,0.0,7.8,0.10,0.05
2025-12-31 16:39:31.172,0.1,7.8,0.10,0.05
2025-12-31 16:39:32.173,0.1,7.8,0.10,0.05
2025-12-31 16:39:33.174,0.1,7.8,0.10,0.05
2025-12-31 16:39:34.175,0.1,7.8,0.10,0.05
2025-12-31 16:39:35.176,0.0,7.8,0.10,0.05
2025-12-31 16:39:36.177,0.0,7.8,0.10,0.05
2025-12-31 16:39:37.178,0.0,7.8,0.11,0.06
2025-12-31 16:39:38.179,0.1,7.8,0.10,0.05
2025-12-31 16:39:39.181,0.0,7.8,0.10,0.05
2025-12-31 16:39:40.182,0.0,7.8,0.11,0.05
2025-12-31 16:39:41.183,0.2,7.8,0.10,0.05
2025-12-31 16:39:42.184,0.1,7.8,0.10,0.05
2025-12-31 16:39:43.185,0.0,7.8,0.10,0.05
2025-12-31 16:39:44.186,0.0,7.8,0.10,0.05
2025-12-31 16:39:45.187,0.1,7.8,0.10,0.05
2025-12-31 16:39:46.188,0.0,7.8,0.10,0.05
2025-12-31 16:39:47.190,0.2,7.8,0.11,0.06
2025-12-31 16:39:48.191,0.0,7.8,0.10,0.05
2025-12-31 16:39:49.193,0.0,7.8,0.10,0.05
2025-12-31 16:39:50.194,0.2,7.8,0.10,0.06
2025-12-31 16:39:51.196,0.1,7.8,0.11,0.06
2025-12-31 16:39:52.197,0.1,7.8,0.10,0.05
2025-12-31 16:39:53.198,0.0,7.8,0.10,0.05
2025-12-31 16:39:54.199,0.2,7.8,0.10,0.06
2025-12-31 16:39:55.202,0.1,7.8,0.10,0.05
2025-12-31 16:39:56.203,0.1,7.8,0.10,0.05
2025-12-31 16:39:57.204,0.1,7.8,0.11,0.06
2025-12-31 16:39:58.205,0.2,7.8,0.10,0.05
2025-12-31 16:39:59.207,0.2,7.8,0.10,0.05
2025-12-31 16:40:00.208,0.0,7.8,0.10,0.05
2025-12-31 16:40:01.209,0.1,7.8,0.10,0.05
2025-12-31 16:40:02.211,0.1,7.8,0.10,0.05
2025-12-31 16:40:03.212,0.0,7.8,0.10,0.05
2025-12-31 16:40:04.214,0.0,7.8,0.10,0.05
2025-12-31 16:40:05.215,0.0,7.8,0.11,0.05
2025-12-31 16:40:06.217,0.1,7.8,0.10,0.05
2025-12-31 16:40:07.218,0.0,7.8,0.11,0.05
2025-12-31 16:40:08.220,0.0,7.8,0.10,0.05
2025-12-31 16:40:09.221,0.0,7.8,0.10,0.05
2025-12-31 16:40:10.223,0.1,7.8,0.10,0.05
2025-12-31 16:40:11.225,0.0,7.8,0.10,0.05
2025-12-31 16:40:12.227,0.0,7.8,0.10,0.05
2025-12-31 16:40:13.229,0.1,7.8,0.10,0.05
2025-12-31 16:40:14.231,0.0,7.8,0.10,0.05
2025-12-31 16:40:15.233,0.1,7.8,0.10,0.05
2025-12-31 16:40:16.234,0.0,7.8,0.10,0.05
2025-12-31 16:40:17.235,0.2,7.8,0.11,0.06
2025-12-31 16:40:18.237,0.1,7.8,0.10,0.05
2025-12-31 16:40:19.238,0.1,7.8,0.10,0.05
2025-12-31 16:40:20.239,0.0,7.8,0.10,0.05
2025-12-31 16:40:21.241,0.0,7.8,0.10,0.05
2025-12-31 16:40:22.242,0.2,7.8,0.10,0.05
2025-12-31 16:40:23.243,0.1,7.8,0.10,0.05
2025-12-31 16:40:24.245,0.1,7.8,0.10,0.05
2025-12-31 16:40:25.247,0.2,7.8,0.10,0.05
2025-12-31 16:40:26.248,0.1,7.8,0.10,0.05
2025-12-31 16:40:27.249,0.2,7.8,0.11,0.06
2025-12-31 16:40:28.251,0.2,7.8,0.11,0.06
2025-12-31 16:40:29.252,0.2,7.8,0.10,0.06
2025-12-31 16:40:30.254,0.2,7.8,0.10,0.05
2025-12-31 16:40:31.256,0.3,7.8,0.10,0.05
2025-12-31 16:40:32.257,0.4,7.8,0.10,0.05
2025-12-31 16:40:33.258,0.2,7.8,0.11,0.06
2025-12-31 16:40:34.259,0.2,7.8,0.10,0.05
2025-12-31 16:40:35.261,0.1,7.8,0.10,0.05
2025-12-31 16:40:36.263,0.3,7.8,0.10,0.06
2025-12-31 16:40:37.265,0.2,7.8,0.11,0.06
2025-12-31 16:40:38.267,0.2,7.8,0.10,0.06
2025-12-31 16:40:39.268,0.2,7.8,0.10,0.06
2025-12-31 16:40:40.270,0.4,7.8,0.10,0.05
2025-12-31 16:40:41.272,0.4,7.8,0.11,0.06
2025-12-31 16:40:42.274,0.3,7.8,0.10,0.05
2025-12-31 16:40:43.276,0.3,7.8,0.10,0.05
2025-12-31 16:40:44.278,0.5,7.8,0.10,0.05
2025-12-31 16:40:45.280,0.2,7.8,0.11,0.05
2025-12-31 16:40:46.281,0.2,7.8,0.10,0.05
2025-12-31 16:40:47.282,0.3,7.8,0.11,0.06
2025-12-31 16:40:48.284,0.2,7.8,0.10,0.05
2025-12-31 16:40:49.285,0.2,7.8,0.10,0.05
2025-12-31 16:40:50.287,0.1,7.8,0.10,0.05
2025-12-31 16:40:51.288,0.2,7.8,0.10,0.05
2025-12-31 16:40:52.290,0.2,7.8,0.10,0.05
2025-12-31 16:40:53.291,0.2,7.8,0.10,0.05
2025-12-31 16:40:54.293,0.2,7.8,0.10,0.06
2025-12-31 16:40:55.294,0.1,7.8,0.10,0.05
2025-12-31 16:40:56.296,0.1,7.8,0.10,0.05
2025-12-31 16:40:57.297,0.2,7.8,0.11,0.06
2025-12-31 16:40:58.298,0.1,7.8,0.10,0.05
2025-12-31 16:40:59.300,0.2,7.8,0.10,0.05
2025-12-31 16:41:00.301,0.1,7.8,0.10,0.05
2025-12-31 16:41:01.302,0.2,7.8,0.10,0.05
2025-12-31 16:41:02.304,0.0,7.8,0.10,0.05
2025-12-31 16:41:03.305,0.1,7.8,0.10,0.05
2025-12-31 16:41:04.307,0.1,7.8,0.10,0.06
2025-12-31 16:41:05.308,0.0,7.8,0.10,0.05
2025-12-31 16:41:06.309,0.1,7.8,0.11,0.06
2025-12-31 16:41:07.310,0.1,7.8,0.11,0.06
2025-12-31 16:41:08.311,0.1,7.8,0.10,0.05
2025-12-31 16:41:09.313,0.1,7.8,0.10,0.05
2025-12-31 16:41:10.315,0.1,7.8,0.10,0.05
2025-12-31 16:41:11.316,0.2,7.8,0.10,0.05
2025-12-31 16:41:12.317,0.0,7.8,0.10,0.05
2025-12-31 16:41:13.318,0.1,7.8,0.10,0.05
2025-12-31 16:41:14.320,0.1,7.8,0.10,0.05
2025-12-31 16:41:15.321,0.1,7.8,0.10,0.05
2025-12-31 16:41:16.323,0.0,7.8,0.10,0.05
2025-12-31 16:41:17.324,0.2,7.8,0.11,0.06
2025-12-31 16:41:18.325,0.1,7.8,0.10,0.05
2025-12-31 16:41:19.327,0.0,7.8,0.10,0.05
2025-12-31 16:41:20.328,0.1,7.8,0.10,0.06
2025-12-31 16:41:21.329,0.1,7.8,0.10,0.05
2025-12-31 16:41:22.331,0.0,7.8,0.10,0.05
2025-12-31 16:41:23.332,0.2,7.8,0.10,0.05
2025-12-31 16:41:24.334,0.1,7.8,0.10,0.05
2025-12-31 16:41:25.335,0.2,7.8,0.10,0.05
2025-12-31 16:41:26.337,0.2,7.8,0.10,0.05
2025-12-31 16:41:27.338,0.1,7.8,0.11,0.06
2025-12-31 16:41:28.340,0.0,7.8,0.10,0.05
2025-12-31 16:41:29.341,0.1,7.8,0.10,0.05
2025-12-31 16:41:30.342,0.0,7.8,0.10,0.05
2025-12-31 16:41:31.343,0.1,7.8,0.10,0.05
2025-12-31 16:41:32.345,0.0,7.8,0.10,0.05
2025-12-31 16:41:33.346,0.0,7.8,0.10,0.05
2025-12-31 16:41:34.347,0.1,7.8,0.11,0.05
2025-12-31 16:41:35.349,0.0,7.8,0.10,0.05
2025-12-31 16:41:36.350,0.1,7.8,0.10,0.05
2025-12-31 16:41:37.351,0.1,7.8,0.10,0.05
2025-12-31 16:41:38.352,0.0,7.8,0.10,0.05
2025-12-31 16:41:39.354,0.1,7.8,0.10,0.06
2025-12-31 16:41:40.356,0.2,7.8,0.11,0.06
2025-12-31 16:41:41.357,0.2,7.8,0.10,0.05
2025-12-31 16:41:42.358,0.1,7.8,0.10,0.05
2025-12-31 16:41:43.360,0.1,7.8,0.10,0.05
2025-12-31 16:41:44.361,0.1,7.8,0.11,0.06
2025-12-31 16:41:45.362,0.1,7.8,0.10,0.05
2025-12-31 16:41:46.363,0.1,7.8,0.10,0.05
2025-12-31 16:41:47.365,0.2,7.8,0.11,0.06
2025-12-31 16:41:48.366,0.1,7.8,0.10,0.05
2025-12-31 16:41:49.367,0.0,7.8,0.10,0.05
2025-12-31 16:41:50.369,0.1,7.8,0.10,0.05
2025-12-31 16:41:51.370,0.1,7.8,0.10,0.05
2025-12-31 16:41:52.371,0.0,7.8,0.10,0.05
2025-12-31 16:41:53.373,0.1,7.8,0.10,0.05
2025-12-31 16:41:54.374,0.0,7.8,0.10,0.05
2025-12-31 16:41:55.376,0.0,7.8,0.10,0.05
2025-12-31 16:41:56.378,0.1,7.8,0.10,0.05
2025-12-31 16:41:57.379,0.2,7.8,0.11,0.06
2025-12-31 16:41:58.381,0.0,7.8,0.10,0.05
2025-12-31 16:41:59.382,0.0,7.8,0.10,0.05
2025-12-31 16:42:00.384,0.1,7.8,0.10,0.05
2025-12-31 16:42:01.385,0.1,7.8,0.10,0.05
2025-12-31 16:42:02.386,0.0,7.8,0.10,0.05
2025-12-31 16:42:03.388,0.1,7.8,0.10,0.05
2025-12-31 16:42:04.389,0.0,7.8,0.10,0.05
2025-12-31 16:42:05.391,0.1,7.8,0.10,0.05
2025-12-31 16:42:06.393,0.1,7.8,0.10,0.05
2025-12-31 16:42:07.394,0.0,7.8,0.11,0.06
2025-12-31 16:42:08.396,0.1,7.8,0.10,0.05
2025-12-31 16:42:09.397,0.0,7.8,0.11,0.06
2025-12-31 16:42:10.399,0.0,7.8,0.10,0.05
2025-12-31 16:42:11.401,0.1,7.8,0.10,0.05
2025-12-31 16:42:12.402,0.0,7.8,0.11,0.06
2025-12-31 16:42:13.403,0.1,7.8,0.10,0.05
2025-12-31 16:42:14.404,0.1,7.8,0.10,0.05
2025-12-31 16:42:15.405,0.0,7.8,0.10,0.06
2025-12-31 16:42:16.406,0.1,7.8,0.10,0.05
2025-12-31 16:42:17.408,0.1,7.8,0.11,0.06
2025-12-31 16:42:18.409,0.0,7.8,0.10,0.05
2025-12-31 16:42:19.411,0.0,7.8,0.10,0.05
2025-12-31 16:42:20.412,0.2,7.8,0.10,0.05
2025-12-31 16:42:21.413,0.0,7.8,0.10,0.05
2025-12-31 16:42:22.415,0.0,7.8,0.10,0.06
2025-12-31 16:42:23.416,0.1,7.8,0.10,0.05
2025-12-31 16:42:24.417,0.1,7.8,0.10,0.05
2025-12-31 16:42:25.419,0.0,7.8,0.10,0.05
2025-12-31 16:42:26.421,0.0,7.8,0.10,0.05
2025-12-31 16:42:27.422,0.2,7.8,0.11,0.06
2025-12-31 16:42:28.424,0.0,7.8,0.10,0.05
2025-12-31 16:42:29.425,0.0,7.8,0.10,0.05
2025-12-31 16:42:30.426,0.1,7.8,0.10,0.05
2025-12-31 16:42:31.427,0.0,7.8,0.10,0.05
2025-12-31 16:42:32.428,0.1,7.8,0.10,0.05
2025-12-31 16:42:33.430,0.0,7.8,0.10,0.05
2025-12-31 16:42:34.431,0.1,7.8,0.11,0.06
2025-12-31 16:42:35.433,0.1,7.8,0.10,0.05
2025-12-31 16:42:36.435,0.0,7.8,0.10,0.05
2025-12-31 16:42:37.436,0.1,7.8,0.11,0.06
2025-12-31 16:42:38.438,0.0,7.8,0.11,0.05
2025-12-31 16:42:39.439,0.0,7.8,0.10,0.06
2025-12-31 16:42:40.440,0.1,7.8,0.10,0.05
2025-12-31 16:42:41.441,0.0,7.8,0.10,0.05
2025-12-31 16:42:42.442,0.1,7.8,0.10,0.05
2025-12-31 16:42:43.443,0.0,7.8,0.10,0.05
2025-12-31 16:42:44.445,0.0,7.8,0.10,0.05
2025-12-31 16:42:45.447,0.0,7.8,0.11,0.06
2025-12-31 16:42:46.448,0.1,7.8,0.10,0.05
2025-12-31 16:42:47.449,0.1,7.8,0.11,0.06
2025-12-31 16:42:48.451,0.1,7.8,0.10,0.05
2025-12-31 16:42:49.452,0.1,7.8,0.10,0.06
2025-12-31 16:42:50.454,0.1,7.8,0.10,0.05
2025-12-31 16:42:51.455,0.0,7.8,0.10,0.05
2025-12-31 16:42:52.456,0.1,7.8,0.10,0.05
2025-12-31 16:42:53.458,0.1,7.8,0.10,0.05
2025-12-31 16:42:54.460,0.2,7.8,0.10,0.05
2025-12-31 16:42:55.461,0.0,7.8,0.10,0.05
2025-12-31 16:42:56.463,0.2,7.8,0.11,0.06
2025-12-31 16:42:57.464,0.0,7.8,0.11,0.06
2025-12-31 16:42:58.465,0.0,7.8,0.10,0.05
2025-12-31 16:42:59.467,0.1,7.8,0.10,0.05
2025-12-31 16:43:00.468,0.0,7.8,0.11,0.06
2025-12-31 16:43:01.469,0.0,7.8,0.10,0.05
2025-12-31 16:43:02.470,0.1,7.8,0.11,0.06
2025-12-31 16:43:03.471,0.1,7.8,0.10,0.05
2025-12-31 16:43:04.473,0.0,7.8,0.10,0.05
2025-12-31 16:43:05.474,0.0,7.8,0.10,0.05
2025-12-31 16:43:06.476,0.1,7.8,0.10,0.05
2025-12-31 16:43:07.477,0.1,7.8,0.11,0.06
2025-12-31 16:43:08.478,0.1,7.8,0.11,0.05
2025-12-31 16:43:09.479,0.0,7.8,0.10,0.06
2025-12-31 16:43:10.480,0.0,7.8,0.10,0.05
2025-12-31 16:43:11.482,0.1,7.8,0.11,0.05
2025-12-31 16:43:12.484,0.2,7.8,0.10,0.05
2025-12-31 16:43:13.485,0.1,7.8,0.10,0.05
2025-12-31 16:43:14.486,0.1,7.8,0.10,0.05
2025-12-31 16:43:15.488,0.1,7.8,0.10,0.05
2025-12-31 16:43:16.489,0.1,7.8,0.10,0.05
2025-12-31 16:43:17.490,0.1,7.8,0.11,0.06
2025-12-31 16:43:18.492,0.1,7.8,0.10,0.05
2025-12-31 16:43:19.493,0.1,7.8,0.10,0.05
2025-12-31 16:43:20.495,0.0,7.8,0.10,0.05
2025-12-31 16:43:21.496,0.2,7.8,0.10,0.05
2025-12-31 16:43:22.497,0.2,7.8,0.10,0.05
2025-12-31 16:43:23.499,0.1,7.8,0.10,0.05
2025-12-31 16:43:24.500,0.2,7.8,0.10,0.05
2025-12-31 16:43:25.501,0.2,7.8,0.10,0.06
2025-12-31 16:43:26.503,0.3,7.8,0.10,0.05
2025-12-31 16:43:27.504,0.2,7.8,0.11,0.06
2025-12-31 16:43:28.505,0.2,7.8,0.10,0.05
2025-12-31 16:43:29.507,0.2,7.8,0.10,0.05
2025-12-31 16:43:30.508,0.4,7.8,0.10,0.05
2025-12-31 16:43:31.509,0.4,7.8,0.10,0.05
2025-12-31 16:43:32.510,0.3,7.8,0.10,0.05
2025-12-31 16:43:33.512,0.2,7.8,0.10,0.05
2025-12-31 16:43:34.513,0.4,7.8,0.10,0.05
2025-12-31 16:43:35.514,0.3,7.8,0.10,0.05
2025-12-31 16:43:36.516,0.3,7.8,0.10,0.05
2025-12-31 16:43:37.517,0.4,7.8,0.11,0.06
2025-12-31 16:43:38.518,0.3,7.8,0.11,0.06
2025-12-31 16:43:39.520,0.2,7.8,0.10,0.05
2025-12-31 16:43:40.521,0.2,7.8,0.10,0.05
2025-12-31 16:43:41.522,0.2,7.8,0.10,0.05
2025-12-31 16:43:42.523,0.3,7.8,0.10,0.05
2025-12-31 16:43:43.524,0.2,7.8,0.10,0.05
2025-12-31 16:43:44.525,0.2,7.8,0.10,0.05
2025-12-31 16:43:45.527,0.2,7.8,0.10,0.05
2025-12-31 16:43:46.528,0.2,7.8,0.10,0.05
2025-12-31 16:43:47.530,0.2,7.8,0.10,0.05
2025-12-31 16:43:48.531,0.2,7.8,0.10,0.05
2025-12-31 16:43:49.533,0.1,7.8,0.10,0.05
2025-12-31 16:43:50.534,0.1,7.8,0.10,0.05
2025-12-31 16:43:51.535,0.2,7.8,0.11,0.05
2025-12-31 16:43:52.536,0.1,7.8,0.10,0.05
2025-12-31 16:43:53.537,0.1,7.8,0.10,0.05
2025-12-31 16:43:54.538,0.1,7.8,0.10,0.06
2025-12-31 16:43:55.539,0.2,7.8,0.10,0.05
2025-12-31 16:43:56.541,0.1,7.8,0.10,0.05
2025-12-31 16:43:57.542,0.2,7.8,0.10,0.05
2025-12-31 16:43:58.543,0.0,7.8,0.10,0.05
2025-12-31 16:43:59.545,0.1,7.8,0.10,0.05
2025-12-31 16:44:00.546,0.0,7.8,0.10,0.06
2025-12-31 16:44:01.548,0.2,7.8,0.10,0.05
2025-12-31 16:44:02.549,0.0,7.8,0.10,0.05
2025-12-31 16:44:03.550,0.2,7.8,0.10,0.05
2025-12-31 16:44:04.552,0.0,7.8,0.10,0.06
2025-12-31 16:44:05.553,0.1,7.8,0.10,0.06
2025-12-31 16:44:06.554,0.1,7.8,0.10,0.07
2025-12-31 16:44:07.556,0.2,7.8,0.10,0.06
2025-12-31 16:44:08.557,0.1,7.8,0.10,0.05
2025-12-31 16:44:09.559,0.2,7.8,0.10,0.06
2025-12-31 16:44:10.561,0.1,7.8,0.10,0.06
2025-12-31 16:44:11.562,0.2,7.8,0.10,0.05
2025-12-31 16:44:12.564,0.2,7.8,0.10,0.06
2025-12-31 16:44:13.565,0.0,7.8,0.10,0.06
2025-12-31 16:44:14.567,0.1,7.8,0.10,0.06
2025-12-31 16:44:15.569,0.1,7.8,0.10,0.05
2025-12-31 16:44:16.570,0.1,7.8,0.11,0.06
2025-12-31 16:44:17.572,0.1,7.8,0.10,0.05
2025-12-31 16:44:18.573,0.0,7.8,0.09,0.05
2025-12-31 16:44:19.575,0.1,7.8,0.10,0.05
2025-12-31 16:44:20.576,0.1,7.8,0.09,0.05
2025-12-31 16:44:21.577,0.0,7.8,0.10,0.05
2025-12-31 16:44:22.579,0.0,7.8,0.10,0.05
2025-12-31 16:44:23.580,0.2,7.8,0.10,0.05
2025-12-31 16:44:24.582,0.1,7.8,0.09,0.05
2025-12-31 16:44:25.584,0.1,7.8,0.10,0.05
2025-12-31 16:44:26.585,0.0,7.8,0.09,0.05
2025-12-31 16:44:27.587,0.2,7.8,0.10,0.05
2025-12-31 16:44:28.589,0.0,7.8,0.09,0.05
2025-12-31 16:44:29.590,0.1,7.8,0.10,0.05
2025-12-31 16:44:30.591,0.0,7.8,0.09,0.05
2025-12-31 16:44:31.592,0.2,7.8,0.10,0.05
2025-12-31 16:44:32.594,0.0,7.8,0.10,0.05
2025-12-31 16:44:33.596,0.1,7.8,0.09,0.05
2025-12-31 16:44:34.597,0.1,7.8,0.10,0.05
2025-12-31 16:44:35.598,0.0,7.8,0.09,0.05
2025-12-31 16:44:36.599,0.1,7.8,0.10,0.06
2025-12-31 16:44:37.600,0.1,7.8,0.10,0.05
2025-12-31 16:44:38.602,0.0,7.8,0.10,0.06
2025-12-31 16:44:39.604,0.1,7.8,0.09,0.05
2025-12-31 16:44:40.605,0.1,7.8,0.10,0.05
2025-12-31 16:44:41.606,0.2,7.8,0.09,0.05
2025-12-31 16:44:42.607,0.1,7.8,0.10,0.05
2025-12-31 16:44:43.609,0.0,7.8,0.10,0.05
2025-12-31 16:44:44.610,0.1,7.8,0.10,0.05
2025-12-31 16:44:45.611,0.0,7.8,0.10,0.05
2025-12-31 16:44:46.612,0.1,7.8,0.10,0.05
2025-12-31 16:44:47.614,0.0,7.8,0.10,0.05
2025-12-31 16:44:48.615,0.1,7.8,0.12,0.05
2025-12-31 16:44:49.616,0.1,7.8,0.10,0.05
2025-12-31 16:44:50.617,0.1,7.8,0.10,0.05
2025-12-31 16:44:51.618,0.1,7.8,0.10,0.05
2025-12-31 16:44:52.619,0.0,7.8,0.10,0.05
2025-12-31 16:44:53.620,0.0,7.8,0.09,0.05
2025-12-31 16:44:54.621,0.1,7.8,0.10,0.06
2025-12-31 16:44:55.623,0.0,7.8,0.09,0.05
2025-12-31 16:44:56.624,0.0,7.8,0.10,0.05
2025-12-31 16:44:57.625,0.0,7.8,0.10,0.05
2025-12-31 16:44:58.627,0.0,7.8,0.09,0.05
2025-12-31 16:44:59.628,0.2,7.8,0.10,0.05
2025-12-31 16:45:00.630,0.0,7.8,0.09,0.05
2025-12-31 16:45:01.632,0.1,7.8,0.09,0.05
2025-12-31 16:45:02.634,0.0,7.8,0.09,0.05
2025-12-31 16:45:03.635,0.0,7.8,0.10,0.05
2025-12-31 16:45:04.636,0.1,7.8,0.09,0.07
2025-12-31 16:45:05.637,0.1,7.8,0.10,0.07
2025-12-31 16:45:06.638,0.0,7.8,0.09,0.06
2025-12-31 16:45:07.640,0.2,7.8,0.10,0.06
2025-12-31 16:45:08.641,0.0,7.8,0.09,0.05
2025-12-31 16:45:09.643,0.1,7.8,0.09,0.05
2025-12-31 16:45:10.645,0.1,7.8,0.10,0.06
2025-12-31 16:45:11.647,0.0,7.8,0.09,0.06
2025-12-31 16:45:12.648,0.1,7.8,0.09,0.05
2025-12-31 16:45:13.649,0.1,7.8,0.09,0.05
2025-12-31 16:45:14.650,0.0,7.8,0.10,0.05
2025-12-31 16:45:15.651,0.1,7.8,0.09,0.05
2025-12-31 16:45:16.652,0.2,7.8,0.09,0.05
2025-12-31 16:45:17.654,0.0,7.8,0.10,0.05
2025-12-31 16:45:18.656,0.2,7.8,0.10,0.05
2025-12-31 16:45:19.657,0.1,7.8,0.09,0.05
2025-12-31 16:45:20.658,0.0,7.8,0.09,0.05
2025-12-31 16:45:21.659,0.1,7.8,0.09,0.05
2025-12-31 16:45:22.661,0.1,7.8,0.09,0.05
2025-12-31 16:45:23.662,0.2,7.8,0.09,0.05
2025-12-31 16:45:24.663,0.1,7.8,0.10,0.05
2025-12-31 16:45:25.665,0.1,7.8,0.09,0.05
2025-12-31 16:45:26.666,0.0,7.8,0.09,0.05
2025-12-31 16:45:27.667,0.1,7.8,0.10,0.06
2025-12-31 16:45:28.669,0.0,7.8,0.09,0.05
2025-12-31 16:45:29.671,0.2,7.8,0.10,0.05
2025-12-31 16:45:30.673,0.1,7.8,0.09,0.05
2025-12-31 16:45:31.675,0.2,7.8,0.09,0.05
2025-12-31 16:45:32.676,0.1,7.8,0.10,0.05
2025-12-31 16:45:33.677,0.0,7.8,0.09,0.05
2025-12-31 16:45:34.678,0.0,7.8,0.09,0.05
2025-12-31 16:45:35.681,0.1,7.8,0.09,0.05
2025-12-31 16:45:36.682,0.0,7.8,0.09,0.05
2025-12-31 16:45:37.684,0.1,7.8,0.10,0.05
2025-12-31 16:45:38.686,0.0,7.8,0.10,0.05
2025-12-31 16:45:39.687,0.1,7.8,0.09,0.05
2025-12-31 16:45:40.689,0.0,7.8,0.10,0.05
2025-12-31 16:45:41.690,0.1,7.8,0.09,0.05
2025-12-31 16:45:42.692,0.0,7.8,0.09,0.05
2025-12-31 16:45:43.693,0.0,7.8,0.09,0.05
2025-12-31 16:45:44.695,0.0,7.8,0.10,0.05
2025-12-31 16:45:45.696,0.1,7.8,0.10,0.05
2025-12-31 16:45:46.698,0.1,7.8,0.10,0.05
2025-12-31 16:45:47.700,0.1,7.8,0.10,0.05
2025-12-31 16:45:48.702,0.1,7.8,0.10,0.05
2025-12-31 16:45:49.703,0.1,7.8,0.09,0.05
2025-12-31 16:45:50.705,0.0,7.8,0.09,0.05
2025-12-31 16:45:51.706,0.1,7.8,0.10,0.05
2025-12-31 16:45:52.708,0.0,7.8,0.10,0.05
2025-12-31 16:45:53.710,0.0,7.8,0.09,0.05
2025-12-31 16:45:54.712,0.1,7.8,0.09,0.05
2025-12-31 16:45:55.714,0.0,7.8,0.09,0.05
2025-12-31 16:45:56.715,0.1,7.8,0.09,0.05
2025-12-31 16:45:57.716,0.0,7.8,0.10,0.05
2025-12-31 16:45:58.718,0.1,7.8,0.09,0.05
2025-12-31 16:45:59.719,0.1,7.8,0.10,0.05
2025-12-31 16:46:00.721,0.0,7.8,0.09,0.05
2025-12-31 16:46:01.722,0.1,7.8,0.09,0.05
2025-12-31 16:46:02.724,0.1,7.8,0.10,0.06
2025-12-31 16:46:03.725,0.0,7.8,0.09,0.05
2025-12-31 16:46:04.726,0.0,7.8,0.10,0.05
2025-12-31 16:46:05.728,0.0,7.8,0.09,0.05
2025-12-31 16:46:06.730,0.2,7.8,0.09,0.05
2025-12-31 16:46:07.731,0.0,7.8,0.10,0.05
2025-12-31 16:46:08.733,0.1,7.8,0.10,0.05
2025-12-31 16:46:09.734,0.0,7.8,0.09,0.05
2025-12-31 16:46:10.735,0.1,7.8,0.10,0.05
2025-12-31 16:46:11.736,0.0,7.8,0.09,0.05
2025-12-31 16:46:12.737,0.0,7.8,0.10,0.05
2025-12-31 16:46:13.738,0.2,7.8,0.10,0.05
2025-12-31 16:46:14.740,0.2,7.8,0.09,0.05
2025-12-31 16:46:15.741,0.2,7.8,0.09,0.05
2025-12-31 16:46:16.743,0.2,7.8,0.10,0.05
2025-12-31 16:46:17.744,0.2,7.8,0.10,0.05
2025-12-31 16:46:18.745,0.2,7.8,0.10,0.05
2025-12-31 16:46:19.747,0.2,7.8,0.09,0.05
2025-12-31 16:46:20.749,0.1,7.8,0.09,0.05
2025-12-31 16:46:21.750,0.3,7.8,0.09,0.05
2025-12-31 16:46:22.752,0.2,7.8,0.09,0.05
2025-12-31 16:46:23.753,0.2,7.8,0.09,0.05
2025-12-31 16:46:24.755,0.4,7.8,0.10,0.05
2025-12-31 16:46:25.757,0.4,7.8,0.09,0.05
2025-12-31 16:46:26.758,0.3,7.8,0.10,0.05
2025-12-31 16:46:27.760,0.4,7.8,0.10,0.05
2025-12-31 16:46:28.762,0.2,7.8,0.09,0.05
2025-12-31 16:46:29.763,0.3,7.8,0.09,0.05
2025-12-31 16:46:30.765,0.2,7.8,0.09,0.05
2025-12-31 16:46:31.766,0.3,7.8,0.09,0.05
2025-12-31 16:46:32.768,0.2,7.8,0.09,0.05
2025-12-31 16:46:33.769,0.3,7.8,0.09,0.05
2025-12-31 16:46:34.770,0.2,7.8,0.09,0.05
2025-12-31 16:46:35.772,0.3,7.8,0.10,0.05
2025-12-31 16:46:36.773,0.2,7.8,0.09,0.05
2025-12-31 16:46:37.775,0.2,7.8,0.10,0.05
2025-12-31 16:46:38.776,0.2,7.8,0.09,0.05
2025-12-31 16:46:39.777,0.2,7.8,0.09,0.05
2025-12-31 16:46:40.779,0.2,7.8,0.09,0.05
2025-12-31 16:46:41.781,0.2,7.8,0.09,0.05
2025-12-31 16:46:42.782,0.2,7.8,0.09,0.05
2025-12-31 16:46:43.783,0.1,7.8,0.09,0.05
2025-12-31 16:46:44.784,0.2,7.8,0.10,0.05
2025-12-31 16:46:45.786,0.1,7.8,0.09,0.05
2025-12-31 16:46:46.787,0.2,7.8,0.10,0.05
2025-12-31 16:46:47.789,0.2,7.8,0.10,0.05
2025-12-31 16:46:48.790,0.1,7.8,0.10,0.05
2025-12-31 16:46:49.792,0.2,7.8,0.09,0.05
2025-12-31 16:46:50.793,0.2,7.8,0.09,0.05
2025-12-31 16:46:51.795,0.2,7.8,0.09,0.05
2025-12-31 16:46:52.797,0.1,7.8,0.09,0.05
2025-12-31 16:46:53.798,0.2,7.8,0.09,0.05
2025-12-31 16:46:54.799,0.1,7.8,0.09,0.05
2025-12-31 16:46:55.800,0.2,7.8,0.09,0.05
2025-12-31 16:46:56.802,0.2,7.8,0.10,0.05
2025-12-31 16:46:57.804,0.1,7.8,0.10,0.05
2025-12-31 16:46:58.806,0.1,7.8,0.09,0.05
2025-12-31 16:46:59.808,0.2,7.8,0.09,0.05
2025-12-31 16:47:00.809,0.1,7.8,0.10,0.05
2025-12-31 16:47:01.810,0.3,7.8,0.10,0.05
2025-12-31 16:47:02.812,0.2,7.8,0.09,0.05
2025-12-31 16:47:03.814,0.2,7.8,0.09,0.05
2025-12-31 16:47:04.815,0.2,7.8,0.09,0.05
2025-12-31 16:47:05.817,0.2,7.8,0.10,0.05
2025-12-31 16:47:06.819,0.1,7.8,0.09,0.05
2025-12-31 16:47:07.821,0.1,7.8,0.10,0.05
2025-12-31 16:47:08.823,0.2,7.8,0.10,0.05
2025-12-31 16:47:09.825,0.1,7.8,0.09,0.05
2025-12-31 16:47:10.826,0.2,7.8,0.09,0.05
2025-12-31 16:47:11.827,0.1,7.8,0.10,0.05
2025-12-31 16:47:12.829,0.1,7.8,0.09,0.05
2025-12-31 16:47:13.830,0.2,7.8,0.09,0.05
2025-12-31 16:47:14.831,0.1,7.8,0.10,0.05
2025-12-31 16:47:15.832,0.1,7.8,0.09,0.05
2025-12-31 16:47:16.833,0.2,7.8,0.10,0.05
2025-12-31 16:47:17.834,0.1,7.8,0.10,0.05
2025-12-31 16:47:18.836,0.1,7.8,0.10,0.05
2025-12-31 16:47:19.838,0.1,7.8,0.10,0.05
2025-12-31 16:47:20.839,0.2,7.8,0.09,0.05
2025-12-31 16:47:21.840,0.2,7.8,0.10,0.05
2025-12-31 16:47:22.842,0.2,7.8,0.09,0.05
2025-12-31 16:47:23.843,0.1,7.8,0.09,0.05
2025-12-31 16:47:24.845,0.1,7.8,0.10,0.05
2025-12-31 16:47:25.846,0.1,7.8,0.09,0.05
2025-12-31 16:47:26.848,0.2,7.8,0.10,0.05
2025-12-31 16:47:27.849,0.1,7.8,0.10,0.05
2025-12-31 16:47:28.851,0.0,7.8,0.10,0.05
2025-12-31 16:47:29.852,0.2,7.8,0.09,0.05
2025-12-31 16:47:30.854,0.2,7.8,0.09,0.05
2025-12-31 16:47:31.855,0.1,7.8,0.09,0.05
2025-12-31 16:47:32.856,0.1,7.8,0.10,0.05
2025-12-31 16:47:33.858,0.0,7.8,0.09,0.05
2025-12-31 16:47:34.859,0.1,7.8,0.10,0.05
2025-12-31 16:47:35.861,0.0,7.8,0.09,0.05
2025-12-31 16:47:36.863,0.1,7.8,0.09,0.05
2025-12-31 16:47:37.864,0.2,7.8,0.10,0.05
2025-12-31 16:47:38.865,0.0,7.8,0.09,0.05
2025-12-31 16:47:39.867,0.0,7.8,0.09,0.05
2025-12-31 16:47:40.868,0.1,7.8,0.09,0.05
2025-12-31 16:47:41.869,0.0,7.8,0.10,0.05
2025-12-31 16:47:42.871,0.0,7.8,0.10,0.05
2025-12-31 16:47:43.872,0.1,7.8,0.09,0.05
2025-12-31 16:47:44.873,0.1,7.8,0.10,0.05
2025-12-31 16:47:45.874,0.0,7.8,0.09,0.05
2025-12-31 16:47:46.875,0.2,7.8,0.09,0.05
2025-12-31 16:47:47.877,0.2,7.8,0.10,0.05
2025-12-31 16:47:48.878,0.0,7.8,0.09,0.05
2025-12-31 16:47:49.880,0.0,7.8,0.10,0.05
2025-12-31 16:47:50.881,0.1,7.8,0.10,0.05
2025-12-31 16:47:51.883,0.0,7.8,0.09,0.05
2025-12-31 16:47:52.884,0.1,7.8,0.10,0.05
2025-12-31 16:47:53.886,0.1,7.8,0.09,0.05
2025-12-31 16:47:54.887,0.0,7.8,0.10,0.05
2025-12-31 16:47:55.888,0.1,7.8,0.09,0.05
2025-12-31 16:47:56.889,0.0,7.8,0.10,0.05
2025-12-31 16:47:57.891,0.0,7.8,0.10,0.05
2025-12-31 16:47:58.892,0.2,7.8,0.09,0.05
2025-12-31 16:47:59.894,0.0,7.8,0.09,0.05
2025-12-31 16:48:00.895,0.1,7.8,0.09,0.05
2025-12-31 16:48:01.897,0.1,7.8,0.09,0.05
2025-12-31 16:48:02.898,0.1,7.8,0.10,0.05
2025-12-31 16:48:03.900,0.0,7.8,0.10,0.05
2025-12-31 16:48:04.902,0.0,7.8,0.10,0.05
2025-12-31 16:48:05.903,0.1,7.8,0.09,0.05
2025-12-31 16:48:06.904,0.0,7.8,0.09,0.05
2025-12-31 16:48:07.906,0.1,7.8,0.10,0.05
2025-12-31 16:48:08.908,0.1,7.8,0.09,0.05
2025-12-31 16:48:09.909,0.2,7.8,0.10,0.05
2025-12-31 16:48:10.910,0.2,7.8,0.09,0.05
2025-12-31 16:48:11.912,0.1,7.8,0.10,0.05
2025-12-31 16:48:12.913,0.0,7.8,0.09,0.05
2025-12-31 16:48:13.915,0.2,7.8,0.09,0.05
2025-12-31 16:48:14.916,0.0,7.8,0.10,0.05
2025-12-31 16:48:15.917,0.1,7.8,0.09,0.05
2025-12-31 16:48:16.918,0.1,7.8,0.09,0.05
2025-12-31 16:48:17.919,0.1,7.8,0.10,0.05
2025-12-31 16:48:18.921,0.1,7.8,0.09,0.05
2025-12-31 16:48:19.922,0.0,7.8,0.09,0.05
2025-12-31 16:48:20.923,0.0,7.8,0.10,0.05
2025-12-31 16:48:21.924,0.0,7.8,0.09,0.05
2025-12-31 16:48:22.925,0.0,7.8,0.10,0.05
2025-12-31 16:48:23.927,0.1,7.8,0.09,0.05
2025-12-31 16:48:24.929,0.1,7.8,0.10,0.05
2025-12-31 16:48:25.930,0.1,7.8,0.10,0.05
2025-12-31 16:48:26.930,0.0,7.8,0.09,0.05
2025-12-31 16:48:27.931,0.1,7.8,0.10,0.05
2025-12-31 16:48:28.933,0.0,7.8,0.09,0.05
2025-12-31 16:48:29.934,0.0,7.8,0.09,0.05
2025-12-31 16:48:30.936,0.2,7.8,0.09,0.05
2025-12-31 16:48:31.937,0.0,7.8,0.09,0.05
2025-12-31 16:48:32.938,0.1,7.8,0.09,0.05
2025-12-31 16:48:33.940,0.2,7.8,0.09,0.05
2025-12-31 16:48:34.941,0.0,7.8,0.09,0.05
2025-12-31 16:48:35.942,0.0,7.8,0.09,0.05
2025-12-31 16:48:36.943,0.1,7.8,0.10,0.05
2025-12-31 16:48:37.945,0.0,7.8,0.10,0.05
2025-12-31 16:48:38.947,0.1,7.8,0.09,0.05
2025-12-31 16:48:39.948,0.1,7.8,0.09,0.05
2025-12-31 16:48:40.949,0.1,7.8,0.09,0.05
2025-12-31 16:48:41.951,0.1,7.8,0.09,0.05
2025-12-31 16:48:42.952,0.1,7.8,0.10,0.06
2025-12-31 16:48:43.953,0.0,7.8,0.09,0.05
2025-12-31 16:48:44.955,0.1,7.8,0.09,0.05
2025-12-31 16:48:45.956,0.1,7.8,0.09,0.05
2025-12-31 16:48:46.957,0.2,7.8,0.09,0.05
2025-12-31 16:48:47.959,0.2,7.8,0.10,0.05
2025-12-31 16:48:48.961,0.2,7.8,0.09,0.05
2025-12-31 16:48:49.962,0.1,7.8,0.09,0.05
2025-12-31 16:48:50.963,0.1,7.8,0.10,0.05
2025-12-31 16:48:51.965,0.2,7.8,0.09,0.05
2025-12-31 16:48:52.966,0.0,7.8,0.09,0.05
2025-12-31 16:48:53.968,0.0,7.8,0.10,0.05
2025-12-31 16:48:54.969,0.1,7.8,0.09,0.05
2025-12-31 16:48:55.971,0.1,7.8,0.10,0.05
2025-12-31 16:48:56.973,0.0,7.8,0.09,0.05
2025-12-31 16:48:57.974,0.0,7.8,0.10,0.05
2025-12-31 16:48:58.975,0.1,7.8,0.10,0.05
2025-12-31 16:48:59.976,0.0,7.8,0.09,0.05
2025-12-31 16:49:00.978,0.0,7.8,0.10,0.05
2025-12-31 16:49:01.979,0.2,7.8,0.09,0.05
2025-12-31 16:49:02.980,0.1,7.8,0.10,0.05
2025-12-31 16:49:03.982,0.0,7.8,0.09,0.05
2025-12-31 16:49:04.983,0.1,7.8,0.10,0.05
2025-12-31 16:49:05.985,0.2,7.8,0.09,0.05
2025-12-31 16:49:06.986,0.0,7.8,0.10,0.05
2025-12-31 16:49:07.988,0.1,7.8,0.10,0.05
2025-12-31 16:49:08.990,0.0,7.8,0.10,0.05
2025-12-31 16:49:09.991,0.1,7.8,0.10,0.05
2025-12-31 16:49:10.992,0.2,7.8,0.10,0.05
2025-12-31 16:49:11.993,0.1,7.8,0.09,0.05
2025-12-31 16:49:12.995,0.1,7.8,0.10,0.05
2025-12-31 16:49:13.996,0.1,7.8,0.09,0.05
2025-12-31 16:49:14.998,0.1,7.8,0.09,0.05
2025-12-31 16:49:16.000,0.2,7.8,0.09,0.05
2025-12-31 16:49:17.001,0.2,7.8,0.09,0.05
2025-12-31 16:49:18.002,0.2,7.8,0.10,0.05
2025-12-31 16:49:19.004,0.2,7.8,0.09,0.05
2025-12-31 16:49:20.005,0.2,7.8,0.09,0.05
2025-12-31 16:49:21.007,0.3,7.8,0.10,0.05
2025-12-31 16:49:22.008,0.2,7.8,0.09,0.05
2025-12-31 16:49:23.009,0.4,7.8,0.09,0.05
2025-12-31 16:49:24.011,0.2,7.8,0.10,0.05
2025-12-31 16:49:25.012,0.4,7.8,0.10,0.05
2025-12-31 16:49:26.013,0.4,7.8,0.09,0.05
2025-12-31 16:49:27.015,0.5,7.8,0.09,0.05
2025-12-31 16:49:28.016,0.3,7.8,0.10,0.05
2025-12-31 16:49:29.017,0.5,7.8,0.09,0.05
2025-12-31 16:49:30.018,0.2,7.8,0.09,0.05
2025-12-31 16:49:31.019,0.6,7.8,0.09,0.05
2025-12-31 16:49:32.020,0.3,7.8,0.10,0.05
2025-12-31 16:49:33.022,0.5,7.8,0.09,0.05
2025-12-31 16:49:34.023,0.4,7.8,0.09,0.05
2025-12-31 16:49:35.025,0.4,7.8,0.09,0.05
2025-12-31 16:49:36.026,0.4,7.8,0.09,0.05
2025-12-31 16:49:37.028,0.3,7.8,0.10,0.05
2025-12-31 16:49:38.029,0.2,7.8,0.10,0.05
2025-12-31 16:49:39.030,0.3,7.8,0.09,0.05
2025-12-31 16:49:40.032,0.2,7.8,0.09,0.05
2025-12-31 16:49:41.033,0.2,7.8,0.09,0.05
2025-12-31 16:49:42.034,0.1,7.8,0.10,0.05
2025-12-31 16:49:43.036,0.2,7.8,0.10,0.05
2025-12-31 16:49:44.037,0.2,7.8,0.10,0.05
2025-12-31 16:49:45.038,0.1,7.8,0.09,0.05
2025-12-31 16:49:46.040,0.2,7.8,0.10,0.05
2025-12-31 16:49:47.042,0.2,7.8,0.09,0.05
2025-12-31 16:49:48.043,0.1,7.8,0.10,0.05
2025-12-31 16:49:49.045,0.2,7.8,0.10,0.05
2025-12-31 16:49:50.046,0.2,7.8,0.09,0.05
2025-12-31 16:49:51.047,0.1,7.8,0.09,0.05
2025-12-31 16:49:52.049,0.2,7.8,0.09,0.05
2025-12-31 16:49:53.050,0.1,7.8,0.09,0.05
2025-12-31 16:49:54.052,0.2,7.8,0.10,0.05
2025-12-31 16:49:55.053,0.1,7.8,0.09,0.05
2025-12-31 16:49:56.055,0.1,7.8,0.10,0.05
2025-12-31 16:49:57.056,0.0,7.8,0.09,0.05
2025-12-31 16:49:58.058,0.2,7.8,0.10,0.05
2025-12-31 16:49:59.059,0.1,7.8,0.10,0.05
2025-12-31 16:50:00.060,0.0,7.8,0.09,0.05
2025-12-31 16:50:01.062,0.1,7.8,0.09,0.05
2025-12-31 16:50:02.064,0.1,7.8,0.09,0.05
2025-12-31 16:50:03.066,0.2,7.8,0.09,0.05
2025-12-31 16:50:04.067,0.2,7.8,0.09,0.05
2025-12-31 16:50:05.069,0.2,7.8,0.10,0.05
2025-12-31 16:50:06.070,0.0,7.8,0.09,0.05
2025-12-31 16:50:07.071,0.1,7.8,0.09,0.05
2025-12-31 16:50:08.073,0.1,7.8,0.10,0.05
2025-12-31 16:50:09.074,0.1,7.8,0.09,0.05
2025-12-31 16:50:10.076,0.2,7.8,0.09,0.05
2025-12-31 16:50:11.077,0.0,7.8,0.10,0.05
2025-12-31 16:50:12.078,0.1,7.8,0.09,0.05
2025-12-31 16:50:13.079,0.0,7.8,0.09,0.05
2025-12-31 16:50:14.081,0.1,7.8,0.09,0.05
2025-12-31 16:50:15.083,0.1,7.8,0.09,0.05
2025-12-31 16:50:16.084,0.1,7.8,0.09,0.05
2025-12-31 16:50:17.086,0.1,7.8,0.09,0.05
2025-12-31 16:50:18.087,0.1,7.8,0.10,0.05
2025-12-31 16:50:19.089,0.0,7.8,0.09,0.05
2025-12-31 16:50:20.091,0.0,7.8,0.09,0.05
2025-12-31 16:50:21.092,0.1,7.8,0.09,0.05
2025-12-31 16:50:22.093,0.1,7.8,0.09,0.05
2025-12-31 16:50:23.095,0.1,7.8,0.09,0.05
2025-12-31 16:50:24.097,0.0,7.8,0.09,0.05
2025-12-31 16:50:25.098,0.0,7.8,0.10,0.05
2025-12-31 16:50:26.100,0.1,7.8,0.09,0.05
2025-12-31 16:50:27.102,0.1,7.8,0.10,0.05
2025-12-31 16:50:28.103,0.2,7.8,0.10,0.05
2025-12-31 16:50:29.105,0.0,7.8,0.09,0.05
2025-12-31 16:50:30.107,0.1,7.8,0.12,0.06
2025-12-31 16:50:31.109,0.2,7.8,0.10,0.05
2025-12-31 16:50:32.110,0.0,7.8,0.10,0.05
2025-12-31 16:50:33.111,0.0,7.8,0.09,0.05
2025-12-31 16:50:34.112,0.1,7.8,0.09,0.05
2025-12-31 16:50:35.113,0.0,7.8,0.10,0.05
2025-12-31 16:50:36.114,0.1,7.8,0.09,0.05
2025-12-31 16:50:37.115,0.1,7.8,0.10,0.06
2025-12-31 16:50:38.117,0.0,7.8,0.10,0.06
2025-12-31 16:50:39.119,0.1,7.8,0.09,0.05
2025-12-31 16:50:40.120,0.0,7.8,0.09,0.05
2025-12-31 16:50:41.122,0.0,7.8,0.10,0.05
2025-12-31 16:50:42.123,0.2,7.8,0.10,0.05
2025-12-31 16:50:43.125,0.0,7.8,0.10,0.05
2025-12-31 16:50:44.126,0.2,7.8,0.11,0.05
2025-12-31 16:50:45.127,0.1,7.8,0.10,0.05
2025-12-31 16:50:46.128,0.1,7.8,0.10,0.05
2025-12-31 16:50:47.129,0.1,7.8,0.10,0.05
2025-12-31 16:50:48.130,0.0,7.8,0.10,0.05
2025-12-31 16:50:49.132,0.2,7.8,0.10,0.05
2025-12-31 16:50:50.133,0.1,7.8,0.10,0.05
2025-12-31 16:50:51.134,0.1,7.8,0.10,0.05
2025-12-31 16:50:52.135,0.0,7.8,0.10,0.05
2025-12-31 16:50:53.137,0.1,7.8,0.10,0.05
2025-12-31 16:50:54.139,0.0,7.8,0.09,0.05
2025-12-31 16:50:55.140,0.0,7.8,0.10,0.05
2025-12-31 16:50:56.142,0.0,7.8,0.10,0.05
2025-12-31 16:50:57.143,0.1,7.8,0.09,0.05
2025-12-31 16:50:58.145,0.1,7.8,0.10,0.05
2025-12-31 16:50:59.146,0.0,7.8,0.10,0.05
2025-12-31 16:51:00.148,0.1,7.8,0.10,0.05
2025-12-31 16:51:01.149,0.0,7.8,0.09,0.05
2025-12-31 16:51:02.151,0.0,7.8,0.10,0.05
2025-12-31 16:51:03.153,0.1,7.8,0.09,0.05
2025-12-31 16:51:04.154,0.1,7.8,0.09,0.05
2025-12-31 16:51:05.156,0.1,7.8,0.09,0.05
2025-12-31 16:51:06.157,0.1,7.8,0.10,0.05
2025-12-31 16:51:07.159,0.1,7.8,0.09,0.05
2025-12-31 16:51:08.161,0.0,7.8,0.10,0.05
2025-12-31 16:51:09.162,0.1,7.8,0.09,0.05
2025-12-31 16:51:10.163,0.0,7.8,0.10,0.05
2025-12-31 16:51:11.164,0.1,7.8,0.10,0.05
2025-12-31 16:51:12.166,0.0,7.8,0.09,0.05
2025-12-31 16:51:13.167,0.1,7.8,0.10,0.05
2025-12-31 16:51:14.169,0.2,7.8,0.09,0.05
2025-12-31 16:51:15.170,0.1,7.8,0.10,0.06
2025-12-31 16:51:16.172,0.2,7.8,0.09,0.05
2025-12-31 16:51:17.173,0.1,7.8,0.10,0.05
2025-12-31 16:51:18.174,0.1,7.8,0.10,0.05
2025-12-31 16:51:19.176,0.1,7.8,0.10,0.05
2025-12-31 16:51:20.178,0.0,7.8,0.09,0.05
2025-12-31 16:51:21.179,0.0,7.8,0.09,0.05
2025-12-31 16:51:22.180,0.1,7.8,0.10,0.05
2025-12-31 16:51:23.182,0.0,7.8,0.09,0.05
2025-12-31 16:51:24.183,0.0,7.8,0.09,0.05
2025-12-31 16:51:25.185,0.1,7.8,0.10,0.05
2025-12-31 16:51:26.186,0.0,7.8,0.09,0.05
2025-12-31 16:51:27.187,0.0,7.8,0.10,0.05
2025-12-31 16:51:28.189,0.1,7.8,0.10,0.05
2025-12-31 16:51:29.191,0.0,7.8,0.09,0.05
2025-12-31 16:51:30.192,0.1,7.8,0.10,0.05
2025-12-31 16:51:31.193,0.2,7.8,0.09,0.05
2025-12-31 16:51:32.195,0.2,7.8,0.09,0.05
2025-12-31 16:51:33.196,0.0,7.8,0.10,0.05
2025-12-31 16:51:34.198,0.1,7.8,0.09,0.05
2025-12-31 16:51:35.199,0.0,7.8,0.10,0.05
2025-12-31 16:51:36.201,0.1,7.8,0.09,0.05
2025-12-31 16:51:37.203,0.2,7.8,0.09,0.05
2025-12-31 16:51:38.204,0.2,7.8,0.10,0.05
2025-12-31 16:51:39.206,0.0,7.8,0.10,0.05
2025-12-31 16:51:40.207,0.1,7.8,0.10,0.05
2025-12-31 16:51:41.209,0.2,7.8,0.09,0.05
2025-12-31 16:51:42.210,0.0,7.8,0.09,0.05
2025-12-31 16:51:43.212,0.1,7.8,0.09,0.05
2025-12-31 16:51:44.213,0.1,7.8,0.10,0.05
2025-12-31 16:51:45.214,0.0,7.8,0.09,0.05
2025-12-31 16:51:46.216,0.1,7.8,0.10,0.05
2025-12-31 16:51:47.218,0.1,7.8,0.09,0.05
2025-12-31 16:51:48.220,0.2,7.8,0.10,0.05
2025-12-31 16:51:49.221,0.0,7.8,0.09,0.05
2025-12-31 16:51:50.223,0.1,7.8,0.09,0.05
2025-12-31 16:51:51.224,0.1,7.8,0.10,0.05
2025-12-31 16:51:52.225,0.0,7.8,0.09,0.05
2025-12-31 16:51:53.226,0.0,7.8,0.10,0.05
2025-12-31 16:51:54.228,0.1,7.8,0.09,0.05
2025-12-31 16:51:55.229,0.0,7.8,0.10,0.05
2025-12-31 16:51:56.231,0.0,7.8,0.09,0.05
2025-12-31 16:51:57.233,0.1,7.8,0.09,0.05
2025-12-31 16:51:58.235,0.0,7.8,0.10,0.05
2025-12-31 16:51:59.236,0.1,7.8,0.09,0.05
2025-12-31 16:52:00.237,0.1,7.8,0.10,0.05
2025-12-31 16:52:01.238,0.0,7.8,0.09,0.05
2025-12-31 16:52:02.240,0.0,7.8,0.10,0.05
2025-12-31 16:52:03.241,0.2,7.8,0.09,0.05
2025-12-31 16:52:04.242,0.0,7.8,0.10,0.05
2025-12-31 16:52:05.244,0.0,7.8,0.09,0.05
2025-12-31 16:52:06.246,0.1,7.8,0.10,0.05
2025-12-31 16:52:07.247,0.2,7.8,0.09,0.05
2025-12-31 16:52:08.249,0.1,7.8,0.10,0.05
2025-12-31 16:52:09.251,0.2,7.8,0.10,0.05
2025-12-31 16:52:10.252,0.2,7.8,0.09,0.05
2025-12-31 16:52:11.254,0.0,7.8,0.09,0.05
2025-12-31 16:52:12.255,0.4,7.8,0.10,0.05
2025-12-31 16:52:13.257,0.2,7.8,0.09,0.05
2025-12-31 16:52:14.258,0.2,7.8,0.09,0.05
2025-12-31 16:52:15.260,0.2,7.8,0.10,0.05
2025-12-31 16:52:16.261,0.2,7.8,0.09,0.05
2025-12-31 16:52:17.263,0.6,7.8,0.10,0.05
2025-12-31 16:52:18.265,0.3,7.8,0.10,0.05
2025-12-31 16:52:19.266,0.2,7.8,0.09,0.05
2025-12-31 16:52:20.268,0.3,7.8,0.09,0.05
2025-12-31 16:52:21.269,0.2,7.8,0.10,0.05
2025-12-31 16:52:22.270,0.3,7.8,0.09,0.05
2025-12-31 16:52:23.271,0.5,7.8,0.09,0.05
2025-12-31 16:52:24.273,0.3,7.8,0.09,0.05
2025-12-31 16:52:25.274,0.4,7.8,0.10,0.05
2025-12-31 16:52:26.275,0.4,7.8,0.10,0.05
2025-12-31 16:52:27.277,0.3,7.8,0.09,0.05
2025-12-31 16:52:28.279,0.5,7.8,0.10,0.05
2025-12-31 16:52:29.281,0.5,7.8,0.10,0.05
2025-12-31 16:52:30.282,0.3,7.8,0.09,0.05
2025-12-31 16:52:31.284,0.6,7.8,0.10,0.05
2025-12-31 16:52:32.285,0.2,7.8,0.09,0.05
2025-12-31 16:52:33.288,0.3,7.8,0.09,0.05
2025-12-31 16:52:34.289,0.2,7.8,0.09,0.05
2025-12-31 16:52:35.291,0.3,7.8,0.09,0.05
2025-12-31 16:52:36.293,0.2,7.8,0.09,0.05
2025-12-31 16:52:37.295,0.2,7.8,0.09,0.05
2025-12-31 16:52:38.297,0.2,7.8,0.10,0.05
2025-12-31 16:52:39.298,0.3,7.8,0.10,0.05
2025-12-31 16:52:40.300,0.1,7.8,0.09,0.05
2025-12-31 16:52:41.302,0.2,7.8,0.09,0.05
2025-12-31 16:52:42.303,0.2,7.8,0.09,0.05
2025-12-31 16:52:43.305,0.0,7.8,0.10,0.05
2025-12-31 16:52:44.306,0.1,7.8,0.09,0.05
2025-12-31 16:52:45.308,0.2,7.8,0.09,0.05
2025-12-31 16:52:46.309,0.0,7.8,0.09,0.05
2025-12-31 16:52:47.311,0.1,7.8,0.09,0.05
2025-12-31 16:52:48.312,0.2,7.8,0.10,0.05
2025-12-31 16:52:49.314,0.1,7.8,0.10,0.05
2025-12-31 16:52:50.315,0.2,7.8,0.10,0.05
2025-12-31 16:52:51.316,0.1,7.8,0.09,0.05
2025-12-31 16:52:52.317,0.2,7.8,0.09,0.05
2025-12-31 16:52:53.319,0.2,7.8,0.09,0.05
2025-12-31 16:52:54.321,0.1,7.8,0.09,0.05
2025-12-31 16:52:55.322,0.2,7.8,0.09,0.05
2025-12-31 16:52:56.324,0.1,7.8,0.10,0.05
2025-12-31 16:52:57.325,0.2,7.8,0.09,0.05
2025-12-31 16:52:58.326,0.1,7.8,0.10,0.05
2025-12-31 16:52:59.327,0.2,7.8,0.09,0.05
2025-12-31 16:53:00.329,0.1,7.8,0.10,0.05
2025-12-31 16:53:01.330,0.2,7.8,0.10,0.05
2025-12-31 16:53:02.332,0.2,7.8,0.09,0.05
2025-12-31 16:53:03.333,0.2,7.8,0.09,0.05
2025-12-31 16:53:04.334,0.2,7.8,0.09,0.05
2025-12-31 16:53:05.336,0.0,7.8,0.09,0.05
2025-12-31 16:53:06.337,0.2,7.8,0.09,0.05
2025-12-31 16:53:07.338,0.1,7.8,0.09,0.05
2025-12-31 16:53:08.340,0.2,7.8,0.10,0.05
2025-12-31 16:53:09.342,0.2,7.8,0.10,0.06
2025-12-31 16:53:10.343,0.1,7.8,0.10,0.05
2025-12-31 16:53:11.345,0.0,7.8,0.09,0.05
2025-12-31 16:53:12.346,0.0,7.8,0.10,0.05
2025-12-31 16:53:13.347,0.1,7.8,0.10,0.05
2025-12-31 16:53:14.348,0.0,7.8,0.09,0.05
2025-12-31 16:53:15.350,0.1,7.8,0.09,0.05
2025-12-31 16:53:16.351,0.1,7.8,0.10,0.05
2025-12-31 16:53:17.353,0.1,7.8,0.09,0.05
2025-12-31 16:53:18.354,0.1,7.8,0.10,0.05
2025-12-31 16:53:19.356,0.0,7.8,0.09,0.05
2025-12-31 16:53:20.358,0.0,7.8,0.09,0.05
2025-12-31 16:53:21.360,0.1,7.8,0.09,0.05
2025-12-31 16:53:22.361,0.1,7.8,0.09,0.05
2025-12-31 16:53:23.363,0.0,7.8,0.10,0.05
2025-12-31 16:53:24.364,0.2,7.8,0.09,0.05
2025-12-31 16:53:25.365,0.0,7.8,0.10,0.06
2025-12-31 16:53:26.367,0.1,7.8,0.09,0.05
2025-12-31 16:53:27.368,0.0,7.8,0.09,0.05
2025-12-31 16:53:28.370,0.1,7.8,0.10,0.05
2025-12-31 16:53:29.372,0.1,7.8,0.09,0.05
2025-12-31 16:53:30.374,0.0,7.8,0.09,0.05
2025-12-31 16:53:31.375,0.2,7.8,0.10,0.05
2025-12-31 16:53:32.377,0.2,7.8,0.09,0.05
2025-12-31 16:53:33.378,0.0,7.8,0.10,0.05
2025-12-31 16:53:34.380,0.1,7.8,0.10,0.05
2025-12-31 16:53:35.381,0.0,7.8,0.09,0.05
2025-12-31 16:53:36.382,0.1,7.8,0.09,0.05
2025-12-31 16:53:37.384,0.0,7.8,0.10,0.05
2025-12-31 16:53:38.386,0.1,7.8,0.10,0.05
2025-12-31 16:53:39.387,0.1,7.8,0.09,0.05
2025-12-31 16:53:40.389,0.0,7.8,0.09,0.05
2025-12-31 16:53:41.391,0.0,7.8,0.09,0.05
2025-12-31 16:53:42.392,0.2,7.8,0.10,0.05
2025-12-31 16:53:43.394,0.0,7.8,0.09,0.05
2025-12-31 16:53:44.395,0.0,7.8,0.09,0.05
2025-12-31 16:53:45.396,0.1,7.8,0.10,0.05
2025-12-31 16:53:46.397,0.0,7.8,0.10,0.05
2025-12-31 16:53:47.399,0.1,7.8,0.09,0.05
2025-12-31 16:53:48.401,0.1,7.8,0.10,0.05
2025-12-31 16:53:49.402,0.1,7.8,0.10,0.05
2025-12-31 16:53:50.404,0.1,7.8,0.09,0.05
2025-12-31 16:53:51.405,0.0,7.8,0.09,0.05
2025-12-31 16:53:52.407,0.0,7.8,0.09,0.05
2025-12-31 16:53:53.408,0.1,7.8,0.09,0.05
2025-12-31 16:53:54.409,0.1,7.8,0.09,0.05
2025-12-31 16:53:55.410,0.0,7.8,0.09,0.05
2025-12-31 16:53:56.411,0.1,7.8,0.10,0.05
2025-12-31 16:53:57.413,0.1,7.8,0.09,0.05
2025-12-31 16:53:58.415,0.0,7.8,0.10,0.05
2025-12-31 16:53:59.416,0.1,7.8,0.10,0.05
2025-12-31 16:54:00.418,0.0,7.8,0.10,0.05
2025-12-31 16:54:01.419,0.0,7.8,0.09,0.05
2025-12-31 16:54:02.432,0.2,7.8,0.10,0.05
2025-12-31 16:54:03.433,0.0,7.8,0.10,0.06
2025-12-31 16:54:04.435,0.1,7.8,0.10,0.07
2025-12-31 16:54:05.437,0.0,7.8,0.10,0.06
2025-12-31 16:54:06.438,0.0,7.8,0.10,0.06
2025-12-31 16:54:07.439,0.1,7.8,0.11,0.06
2025-12-31 16:54:08.440,0.1,7.8,0.11,0.06
2025-12-31 16:54:09.442,0.0,7.8,0.09,0.06
2025-12-31 16:54:10.443,0.1,7.8,0.10,0.06
2025-12-31 16:54:11.445,0.0,7.8,0.09,0.05
2025-12-31 16:54:12.447,0.1,7.8,0.10,0.06
2025-12-31 16:54:13.449,0.1,7.8,0.10,0.05
2025-12-31 16:54:14.451,0.0,7.8,0.10,0.06
2025-12-31 16:54:15.453,0.1,7.8,0.10,0.06
2025-12-31 16:54:16.455,0.0,7.8,0.10,0.05
2025-12-31 16:54:17.456,0.2,7.8,0.10,0.05
2025-12-31 16:54:18.458,0.0,7.8,0.11,0.06
2025-12-31 16:54:19.460,0.1,7.8,0.09,0.05
2025-12-31 16:54:20.461,0.0,7.8,0.10,0.05
2025-12-31 16:54:21.463,0.1,7.8,0.10,0.05
2025-12-31 16:54:22.465,0.1,7.8,0.10,0.05
2025-12-31 16:54:23.466,0.0,7.8,0.10,0.05
2025-12-31 16:54:24.467,0.0,7.8,0.10,0.05
2025-12-31 16:54:25.469,0.0,7.8,0.10,0.05
2025-12-31 16:54:26.471,0.1,7.8,0.10,0.05
2025-12-31 16:54:27.472,0.0,7.8,0.09,0.05
2025-12-31 16:54:28.473,0.0,7.8,0.10,0.06
2025-12-31 16:54:29.474,0.1,7.8,0.11,0.05
2025-12-31 16:54:30.476,0.0,7.8,0.09,0.05
2025-12-31 16:54:31.477,0.1,7.8,0.10,0.05
2025-12-31 16:54:32.479,0.1,7.8,0.09,0.05
2025-12-31 16:54:33.481,0.1,7.8,0.11,0.05
2025-12-31 16:54:34.482,0.2,7.8,0.10,0.05
2025-12-31 16:54:35.484,0.1,7.8,0.10,0.05
2025-12-31 16:54:36.485,0.1,7.8,0.10,0.05
2025-12-31 16:54:37.486,0.1,7.8,0.10,0.05
2025-12-31 16:54:38.487,0.1,7.8,0.10,0.06
2025-12-31 16:54:39.488,0.0,7.8,0.10,0.05
2025-12-31 16:54:40.490,0.1,7.8,0.10,0.05
2025-12-31 16:54:41.491,0.0,7.8,0.10,0.05
2025-12-31 16:54:42.493,0.1,7.8,0.10,0.05
2025-12-31 16:54:43.495,0.1,7.8,0.10,0.05
2025-12-31 16:54:44.497,0.0,7.8,0.09,0.05
2025-12-31 16:54:45.499,0.1,7.8,0.10,0.05
2025-12-31 16:54:46.500,0.1,7.8,0.09,0.05
2025-12-31 16:54:47.501,0.1,7.8,0.10,0.05
2025-12-31 16:54:48.503,0.0,7.8,0.10,0.05
2025-12-31 16:54:49.504,0.2,7.8,0.10,0.05
2025-12-31 16:54:50.506,0.1,7.8,0.09,0.05
2025-12-31 16:54:51.508,0.1,7.8,0.11,0.05
2025-12-31 16:54:52.509,0.0,7.8,0.09,0.05
2025-12-31 16:54:53.510,0.0,7.8,0.10,0.05
2025-12-31 16:54:54.513,0.1,7.8,0.09,0.05
2025-12-31 16:54:55.514,0.0,7.8,0.10,0.05
2025-12-31 16:54:56.517,0.0,7.8,0.10,0.05
2025-12-31 16:54:57.519,0.1,7.8,0.10,0.05
2025-12-31 16:54:58.521,0.1,7.8,0.11,0.06
2025-12-31 16:54:59.522,0.0,7.8,0.10,0.05
2025-12-31 16:55:00.523,0.0,7.8,0.10,0.05
2025-12-31 16:55:01.525,0.2,7.8,0.09,0.05
2025-12-31 16:55:02.527,0.0,7.8,0.11,0.06
2025-12-31 16:55:03.528,0.1,7.8,0.09,0.05
2025-12-31 16:55:04.529,0.1,7.8,0.10,0.07
2025-12-31 16:55:05.531,0.2,7.8,0.10,0.07
2025-12-31 16:55:06.532,0.2,7.8,0.10,0.06
2025-12-31 16:55:07.533,0.1,7.8,0.10,0.05
2025-12-31 16:55:08.534,0.1,7.8,0.10,0.07
2025-12-31 16:55:09.536,0.1,7.8,0.09,0.05
2025-12-31 16:55:10.537,0.2,7.8,0.10,0.06
2025-12-31 16:55:11.538,0.2,7.8,0.09,0.05
2025-12-31 16:55:12.539,0.2,7.8,0.09,0.05
2025-12-31 16:55:13.540,0.2,7.8,0.10,0.05
2025-12-31 16:55:14.542,0.3,7.8,0.10,0.05
2025-12-31 16:55:15.544,0.2,7.8,0.09,0.05
2025-12-31 16:55:16.547,0.5,7.8,0.10,0.05
2025-12-31 16:55:17.548,0.4,7.8,0.10,0.05
2025-12-31 16:55:18.550,0.3,7.8,0.10,0.05
2025-12-31 16:55:19.552,0.4,7.8,0.10,0.05
2025-12-31 16:55:20.554,0.2,7.8,0.10,0.05
2025-12-31 16:55:21.555,0.4,7.8,0.10,0.05
2025-12-31 16:55:22.557,0.5,7.8,0.10,0.05
2025-12-31 16:55:23.558,0.2,7.8,0.10,0.05
2025-12-31 16:55:24.561,0.4,7.8,0.10,0.05
2025-12-31 16:55:25.562,0.3,7.8,0.10,0.05
2025-12-31 16:55:26.564,0.3,7.8,0.09,0.05
2025-12-31 16:55:27.566,0.4,7.8,0.09,0.05
2025-12-31 16:55:28.568,0.2,7.8,0.10,0.05
2025-12-31 16:55:29.569,0.2,7.8,0.09,0.05
2025-12-31 16:55:30.570,0.3,7.8,0.09,0.05
2025-12-31 16:55:31.572,0.2,7.8,0.09,0.06
2025-12-31 16:55:32.574,0.2,7.8,0.09,0.05
2025-12-31 16:55:33.575,0.2,7.8,0.09,0.05
2025-12-31 16:55:34.577,0.2,7.8,0.10,0.05
2025-12-31 16:55:35.578,0.2,7.8,0.09,0.05
2025-12-31 16:55:36.579,0.1,7.8,0.09,0.05
2025-12-31 16:55:37.581,0.0,7.8,0.10,0.05
2025-12-31 16:55:38.583,0.2,7.8,0.10,0.05
2025-12-31 16:55:39.584,0.1,7.8,0.09,0.05
2025-12-31 16:55:40.586,0.1,7.8,0.10,0.06
2025-12-31 16:55:41.587,0.2,7.8,0.09,0.05
2025-12-31 16:55:42.589,0.1,7.8,0.09,0.05
2025-12-31 16:55:43.590,0.2,7.8,0.09,0.05
2025-12-31 16:55:44.592,0.2,7.8,0.10,0.05
2025-12-31 16:55:45.594,0.1,7.8,0.10,0.05
2025-12-31 16:55:46.595,0.2,7.8,0.10,0.05
2025-12-31 16:55:47.596,0.2,7.8,0.09,0.05
2025-12-31 16:55:48.598,0.1,7.8,0.10,0.05
2025-12-31 16:55:49.600,0.2,7.8,0.11,0.06
2025-12-31 16:55:50.601,0.2,7.8,0.10,0.05
2025-12-31 16:55:51.602,0.2,7.8,0.09,0.05
2025-12-31 16:55:52.603,0.0,7.8,0.09,0.05
2025-12-31 16:55:53.604,0.2,7.8,0.10,0.05
2025-12-31 16:55:54.605,0.2,7.8,0.10,0.05
2025-12-31 16:55:55.606,0.2,7.8,0.10,0.05
2025-12-31 16:55:56.607,0.2,7.8,0.10,0.05
2025-12-31 16:55:57.608,0.0,7.8,0.09,0.05
2025-12-31 16:55:58.609,0.1,7.8,0.10,0.05
2025-12-31 16:55:59.610,0.1,7.8,0.10,0.05
2025-12-31 16:56:00.611,0.1,7.8,0.10,0.05
2025-12-31 16:56:01.612,0.1,7.8,0.10,0.05
2025-12-31 16:56:02.614,0.2,7.8,0.09,0.05
2025-12-31 16:56:03.616,0.2,7.8,0.09,0.05
2025-12-31 16:56:04.617,0.1,7.8,0.10,0.05
2025-12-31 16:56:05.618,0.1,7.8,0.09,0.05
2025-12-31 16:56:06.619,0.1,7.8,0.10,0.05
2025-12-31 16:56:07.620,0.1,7.8,0.10,0.05
2025-12-31 16:56:08.621,0.0,7.8,0.10,0.05
2025-12-31 16:56:09.622,0.0,7.8,0.10,0.05
2025-12-31 16:56:10.623,0.2,7.8,0.09,0.05
2025-12-31 16:56:11.625,0.0,7.8,0.10,0.05
2025-12-31 16:56:12.627,0.0,7.8,0.10,0.05
2025-12-31 16:56:13.628,0.2,7.8,0.10,0.05
2025-12-31 16:56:14.630,0.1,7.8,0.09,0.05
2025-12-31 16:56:15.632,0.0,7.8,0.10,0.05
2025-12-31 16:56:16.634,0.1,7.8,0.09,0.05
2025-12-31 16:56:17.635,0.1,7.8,0.09,0.05
2025-12-31 16:56:18.636,0.2,7.8,0.11,0.06
2025-12-31 16:56:19.637,0.1,7.8,0.10,0.05
2025-12-31 16:56:20.638,0.0,7.8,0.09,0.05
2025-12-31 16:56:21.639,0.2,7.8,0.10,0.05
2025-12-31 16:56:22.641,0.0,7.8,0.09,0.05
2025-12-31 16:56:23.643,0.1,7.8,0.10,0.05
2025-12-31 16:56:24.645,0.0,7.8,0.09,0.05
2025-12-31 16:56:25.646,0.0,7.8,0.10,0.05
2025-12-31 16:56:26.648,0.0,7.8,0.09,0.05
2025-12-31 16:56:27.649,0.1,7.8,0.10,0.05
2025-12-31 16:56:28.650,0.0,7.8,0.10,0.05
2025-12-31 16:56:29.652,0.2,7.8,0.10,0.05
2025-12-31 16:56:30.653,0.0,7.8,0.10,0.05
2025-12-31 16:56:31.654,0.0,7.8,0.10,0.05
2025-12-31 16:56:32.656,0.1,7.8,0.10,0.05
2025-12-31 16:56:33.657,0.1,7.8,0.10,0.05
2025-12-31 16:56:34.659,0.0,7.8,0.09,0.05
2025-12-31 16:56:35.661,0.0,7.8,0.10,0.05
2025-12-31 16:56:36.662,0.0,7.8,0.10,0.05
2025-12-31 16:56:37.664,0.1,7.8,0.10,0.05
2025-12-31 16:56:38.665,0.1,7.8,0.10,0.05
2025-12-31 16:56:39.666,0.0,7.8,0.10,0.05
2025-12-31 16:56:40.668,0.0,7.8,0.10,0.05
2025-12-31 16:56:41.669,0.0,7.8,0.10,0.05
2025-12-31 16:56:42.671,0.1,7.8,0.09,0.05
2025-12-31 16:56:43.673,0.0,7.8,0.10,0.05
2025-12-31 16:56:44.675,0.1,7.8,0.09,0.05
2025-12-31 16:56:45.676,0.1,7.8,0.10,0.05
2025-12-31 16:56:46.678,0.1,7.8,0.09,0.05
2025-12-31 16:56:47.679,0.1,7.8,0.10,0.05
2025-12-31 16:56:48.680,0.1,7.8,0.10,0.05
2025-12-31 16:56:49.682,0.1,7.8,0.10,0.05
2025-12-31 16:56:50.683,0.1,7.8,0.09,0.05
2025-12-31 16:56:51.685,0.0,7.8,0.10,0.05
2025-12-31 16:56:52.687,0.0,7.8,0.09,0.05
2025-12-31 16:56:53.688,0.1,7.8,0.09,0.05
2025-12-31 16:56:54.690,0.0,7.8,0.10,0.05
2025-12-31 16:56:55.691,0.1,7.8,0.10,0.05
2025-12-31 16:56:56.693,0.1,7.8,0.10,0.06
2025-12-31 16:56:57.694,0.0,7.8,0.09,0.05
2025-12-31 16:56:58.696,0.1,7.8,0.10,0.05
2025-12-31 16:56:59.697,0.1,7.8,0.10,0.05
2025-12-31 16:57:00.699,0.1,7.8,0.10,0.05
2025-12-31 16:57:01.700,0.0,7.8,0.09,0.05
2025-12-31 16:57:02.702,0.0,7.8,0.10,0.05
2025-12-31 16:57:03.704,0.0,7.8,0.10,0.05
2025-12-31 16:57:04.706,0.1,7.8,0.10,0.05
2025-12-31 16:57:05.707,0.1,7.8,0.09,0.05
2025-12-31 16:57:06.709,0.0,7.8,0.09,0.05
2025-12-31 16:57:07.710,0.1,7.8,0.10,0.05
2025-12-31 16:57:08.712,0.0,7.8,0.10,0.05
2025-12-31 16:57:09.713,0.1,7.8,0.10,0.05
2025-12-31 16:57:10.715,0.0,7.8,0.10,0.05
2025-12-31 16:57:11.717,0.2,7.8,0.09,0.05
2025-12-31 16:57:12.718,0.1,7.8,0.10,0.05
2025-12-31 16:57:13.719,0.0,7.8,0.10,0.05
2025-12-31 16:57:14.720,0.1,7.8,0.09,0.05
2025-12-31 16:57:15.721,0.0,7.8,0.10,0.05
2025-12-31 16:57:16.722,0.0,7.8,0.09,0.05
2025-12-31 16:57:17.724,0.1,7.8,0.09,0.05
2025-12-31 16:57:18.725,0.1,7.8,0.10,0.05
2025-12-31 16:57:19.727,0.0,7.8,0.09,0.05
2025-12-31 16:57:20.728,0.1,7.8,0.09,0.05
2025-12-31 16:57:21.730,0.1,7.8,0.10,0.05
2025-12-31 16:57:22.732,0.1,7.8,0.09,0.05
2025-12-31 16:57:23.733,0.0,7.8,0.10,0.05
2025-12-31 16:57:24.734,0.1,7.8,0.11,0.05
2025-12-31 16:57:25.735,0.1,7.8,0.10,0.05
2025-12-31 16:57:26.737,0.1,7.8,0.10,0.05
2025-12-31 16:57:27.739,0.0,7.8,0.09,0.05
2025-12-31 16:57:28.740,0.0,7.8,0.10,0.05
2025-12-31 16:57:29.743,0.1,7.8,0.10,0.05
2025-12-31 16:57:30.744,0.1,7.8,0.10,0.05
2025-12-31 16:57:31.746,0.1,7.8,0.10,0.05
2025-12-31 16:57:32.747,0.1,7.8,0.10,0.05
2025-12-31 16:57:33.749,0.1,7.8,0.10,0.05
2025-12-31 16:57:34.750,0.1,7.8,0.10,0.05
2025-12-31 16:57:35.752,0.2,7.8,0.10,0.05
2025-12-31 16:57:36.753,0.1,7.8,0.09,0.05
2025-12-31 16:57:37.755,0.0,7.8,0.10,0.05
2025-12-31 16:57:38.757,0.0,7.8,0.10,0.05
2025-12-31 16:57:39.758,0.0,7.8,0.10,0.05
2025-12-31 16:57:40.760,0.1,7.8,0.09,0.05
2025-12-31 16:57:41.761,0.0,7.8,0.10,0.05
2025-12-31 16:57:42.762,0.0,7.8,0.09,0.05
2025-12-31 16:57:43.764,0.0,7.8,0.09,0.05
2025-12-31 16:57:44.766,0.1,7.8,0.09,0.05
2025-12-31 16:57:45.767,0.1,7.8,0.09,0.05
2025-12-31 16:57:46.769,0.2,7.8,0.10,0.05
2025-12-31 16:57:47.770,0.0,7.8,0.10,0.05
2025-12-31 16:57:48.771,0.1,7.8,0.10,0.05
2025-12-31 16:57:49.774,0.0,7.8,0.10,0.05
2025-12-31 16:57:50.775,0.0,7.8,0.09,0.05
2025-12-31 16:57:51.777,0.0,7.8,0.10,0.05
2025-12-31 16:57:52.778,0.2,7.8,0.10,0.05
2025-12-31 16:57:53.780,0.0,7.8,0.09,0.05
2025-12-31 16:57:54.781,0.1,7.8,0.10,0.05
2025-12-31 16:57:55.782,0.0,7.8,0.09,0.05
2025-12-31 16:57:56.784,0.1,7.8,0.10,0.05
2025-12-31 16:57:57.785,0.1,7.8,0.10,0.05
2025-12-31 16:57:58.786,0.1,7.8,0.10,0.05
2025-12-31 16:57:59.788,0.1,7.8,0.10,0.05
2025-12-31 16:58:00.789,0.1,7.8,0.09,0.05
2025-12-31 16:58:01.790,0.1,7.8,0.09,0.05
2025-12-31 16:58:02.792,0.1,7.8,0.09,0.05
2025-12-31 16:58:03.793,0.2,7.8,0.09,0.05
2025-12-31 16:58:04.795,0.2,7.8,0.10,0.05
2025-12-31 16:58:05.797,0.2,7.8,0.09,0.05
2025-12-31 16:58:06.798,0.2,7.8,0.09,0.05
2025-12-31 16:58:07.800,0.1,7.8,0.10,0.05
2025-12-31 16:58:08.801,0.2,7.8,0.10,0.05
2025-12-31 16:58:09.803,0.2,7.8,0.10,0.05
2025-12-31 16:58:10.804,0.3,7.8,0.10,0.05
2025-12-31 16:58:11.806,0.3,7.8,0.09,0.05
2025-12-31 16:58:12.808,0.4,7.8,0.10,0.05
2025-12-31 16:58:13.810,0.3,7.8,0.09,0.05
2025-12-31 16:58:14.811,0.3,7.8,0.10,0.05
2025-12-31 16:58:15.813,0.4,7.8,0.09,0.05
2025-12-31 16:58:16.814,0.5,7.8,0.09,0.05
2025-12-31 16:58:17.816,0.4,7.8,0.09,0.05
2025-12-31 16:58:18.817,0.4,7.8,0.10,0.05
2025-12-31 16:58:19.818,0.4,7.8,0.10,0.05
2025-12-31 16:58:20.819,0.4,7.8,0.10,0.05
2025-12-31 16:58:21.820,0.2,7.8,0.09,0.05
2025-12-31 16:58:22.822,0.4,7.8,0.09,0.05
2025-12-31 16:58:23.824,0.4,7.8,0.10,0.05
2025-12-31 16:58:24.825,0.2,7.8,0.10,0.05
2025-12-31 16:58:25.827,0.3,7.8,0.09,0.05
2025-12-31 16:58:26.828,0.2,7.8,0.10,0.05
2025-12-31 16:58:27.830,0.1,7.8,0.09,0.05
2025-12-31 16:58:28.831,0.1,7.8,0.10,0.05
2025-12-31 16:58:29.832,0.2,7.8,0.10,0.05
2025-12-31 16:58:30.834,0.2,7.8,0.09,0.05
2025-12-31 16:58:31.836,0.2,7.8,0.10,0.05
2025-12-31 16:58:32.837,0.2,7.8,0.09,0.05
2025-12-31 16:58:33.839,0.3,7.8,0.09,0.05
2025-12-31 16:58:34.840,0.1,7.8,0.10,0.05
2025-12-31 16:58:35.842,0.2,7.8,0.09,0.05
2025-12-31 16:58:36.844,0.2,7.8,0.10,0.05
2025-12-31 16:58:37.845,0.2,7.8,0.10,0.05
2025-12-31 16:58:38.847,0.0,7.8,0.10,0.05
2025-12-31 16:58:39.848,0.2,7.8,0.10,0.05
2025-12-31 16:58:40.849,0.1,7.8,0.10,0.05
2025-12-31 16:58:41.850,0.3,7.8,0.10,0.05
2025-12-31 16:58:42.851,0.2,7.8,0.09,0.05
2025-12-31 16:58:43.853,0.2,7.8,0.10,0.05
2025-12-31 16:58:44.854,0.2,7.8,0.10,0.05
2025-12-31 16:58:45.856,0.2,7.8,0.09,0.05
2025-12-31 16:58:46.857,0.4,7.8,0.10,0.05
2025-12-31 16:58:47.858,0.2,7.8,0.09,0.05
2025-12-31 16:58:48.859,0.3,7.8,0.10,0.05
2025-12-31 16:58:49.860,0.2,7.8,0.10,0.05
2025-12-31 16:58:50.862,0.2,7.8,0.10,0.05
2025-12-31 16:58:51.863,0.2,7.8,0.09,0.05
2025-12-31 16:58:52.865,0.1,7.8,0.10,0.05
2025-12-31 16:58:53.866,0.2,7.8,0.10,0.05
2025-12-31 16:58:54.868,0.3,7.8,0.09,0.05
2025-12-31 16:58:55.869,0.2,7.8,0.09,0.05
2025-12-31 16:58:56.870,0.2,7.8,0.09,0.05
2025-12-31 16:58:57.872,0.2,7.8,0.09,0.05
2025-12-31 16:58:58.873,0.1,7.8,0.10,0.05
2025-12-31 16:58:59.875,0.2,7.8,0.10,0.05
2025-12-31 16:59:00.877,0.2,7.8,0.10,0.05
2025-12-31 16:59:01.878,0.2,7.8,0.09,0.05
2025-12-31 16:59:02.879,0.2,7.8,0.09,0.05
2025-12-31 16:59:03.881,0.2,7.8,0.10,0.05
2025-12-31 16:59:04.883,0.2,7.8,0.10,0.05
2025-12-31 16:59:05.884,0.1,7.8,0.10,0.05
2025-12-31 16:59:06.886,0.1,7.8,0.10,0.05
2025-12-31 16:59:07.888,0.1,7.8,0.10,0.05
2025-12-31 16:59:08.889,0.0,7.8,0.10,0.05
2025-12-31 16:59:09.891,0.1,7.8,0.10,0.05
2025-12-31 16:59:10.892,0.2,7.8,0.10,0.05
2025-12-31 16:59:11.893,0.2,7.8,0.10,0.05
2025-12-31 16:59:12.895,0.0,7.8,0.10,0.05
2025-12-31 16:59:13.897,0.2,7.8,0.10,0.05
2025-12-31 16:59:14.898,0.0,7.8,0.10,0.05
2025-12-31 16:59:15.900,0.1,7.8,0.09,0.05
2025-12-31 16:59:16.902,0.2,7.8,0.09,0.05
2025-12-31 16:59:17.903,0.1,7.8,0.09,0.05
2025-12-31 16:59:18.905,0.2,7.8,0.10,0.05
2025-12-31 16:59:19.906,0.0,7.8,0.10,0.05
2025-12-31 16:59:20.907,0.0,7.8,0.10,0.05
2025-12-31 16:59:21.908,0.1,7.8,0.10,0.05
2025-12-31 16:59:22.910,0.0,7.8,0.10,0.05
2025-12-31 16:59:23.911,0.1,7.8,0.10,0.05
2025-12-31 16:59:24.913,0.0,7.8,0.10,0.05
2025-12-31 16:59:25.914,0.2,7.8,0.10,0.05
2025-12-31 16:59:26.916,0.2,7.8,0.10,0.05
2025-12-31 16:59:27.917,0.1,7.8,0.10,0.05
2025-12-31 16:59:28.918,0.1,7.8,0.10,0.06
2025-12-31 16:59:29.920,0.1,7.8,0.10,0.05
2025-12-31 16:59:30.921,0.2,7.8,0.10,0.05
2025-12-31 16:59:31.922,0.1,7.8,0.10,0.05
2025-12-31 16:59:32.924,0.0,7.8,0.10,0.05
2025-12-31 16:59:33.926,0.0,7.8,0.09,0.05
2025-12-31 16:59:34.928,0.1,7.8,0.10,0.05
2025-12-31 16:59:35.929,0.0,7.8,0.09,0.05
2025-12-31 16:59:36.931,0.1,7.8,0.09,0.05
2025-12-31 16:59:37.933,0.0,7.8,0.10,0.05
2025-12-31 16:59:38.934,0.0,7.8,0.10,0.05
2025-12-31 16:59:39.936,0.0,7.8,0.10,0.05
2025-12-31 16:59:40.937,0.1,7.8,0.09,0.05
2025-12-31 16:59:41.938,0.0,7.8,0.09,0.05
2025-12-31 16:59:42.940,0.0,7.8,0.10,0.05
2025-12-31 16:59:43.942,0.1,7.8,0.09,0.05
2025-12-31 16:59:44.943,0.0,7.8,0.09,0.05
2025-12-31 16:59:45.945,0.0,7.8,0.09,0.05
2025-12-31 16:59:46.947,0.2,7.8,0.10,0.05
2025-12-31 16:59:47.949,0.1,7.8,0.10,0.05
2025-12-31 16:59:48.950,0.0,7.8,0.10,0.05
2025-12-31 16:59:49.952,0.1,7.8,0.09,0.05
2025-12-31 16:59:50.953,0.0,7.8,0.10,0.05
2025-12-31 16:59:51.954,0.0,7.8,0.09,0.05
2025-12-31 16:59:52.956,0.1,7.8,0.10,0.05
2025-12-31 16:59:53.957,0.0,7.8,0.10,0.05
2025-12-31 16:59:54.958,0.1,7.8,0.09,0.05
2025-12-31 16:59:55.959,0.1,7.8,0.10,0.05
2025-12-31 16:59:56.961,0.0,7.8,0.09,0.05
2025-12-31 16:59:57.962,0.0,7.8,0.10,0.05
2025-12-31 16:59:58.963,0.1,7.8,0.10,0.05
2025-12-31 16:59:59.965,0.1,7.8,0.10,0.05
2025-12-31 17:00:00.967,0.0,7.8,0.09,0.05
2025-12-31 17:00:01.968,0.1,7.8,0.10,0.05
2025-12-31 17:00:02.969,0.0,7.8,0.09,0.05
2025-12-31 17:00:03.970,0.1,7.8,0.09,0.05
2025-12-31 17:00:04.972,0.0,7.8,0.09,0.05
2025-12-31 17:00:05.973,0.0,7.8,0.10,0.05
2025-12-31 17:00:06.974,0.0,7.8,0.10,0.05
2025-12-31 17:00:07.976,0.1,7.8,0.10,0.05
2025-12-31 17:00:08.977,0.0,7.8,0.10,0.05
2025-12-31 17:00:09.979,0.0,7.8,0.10,0.05
2025-12-31 17:00:10.980,0.1,7.8,0.10,0.05
2025-12-31 17:00:11.982,0.0,7.8,0.09,0.05
2025-12-31 17:00:12.984,0.0,7.8,0.10,0.05
2025-12-31 17:00:13.985,0.1,7.8,0.10,0.05
2025-12-31 17:00:14.986,0.0,7.8,0.10,0.05
2025-12-31 17:00:15.988,0.2,7.8,0.10,0.05
2025-12-31 17:00:16.989,0.1,7.8,0.09,0.05
2025-12-31 17:00:17.991,0.1,7.8,0.10,0.05
2025-12-31 17:00:18.992,0.0,7.8,0.10,0.05
2025-12-31 17:00:19.994,0.1,7.8,0.10,0.05
2025-12-31 17:00:20.995,0.2,7.8,0.09,0.05
2025-12-31 17:00:21.997,0.0,7.8,0.10,0.05
2025-12-31 17:00:22.999,0.0,7.8,0.10,0.05
2025-12-31 17:00:24.000,0.0,7.8,0.10,0.05
2025-12-31 17:00:25.001,0.0,7.8,0.10,0.05
2025-12-31 17:00:26.003,0.2,7.8,0.09,0.05
2025-12-31 17:00:27.005,0.1,7.8,0.10,0.05
2025-12-31 17:00:28.006,0.0,7.8,0.09,0.05
2025-12-31 17:00:29.007,0.1,7.8,0.10,0.05
2025-12-31 17:00:30.009,0.1,7.8,0.10,0.05
2025-12-31 17:00:31.010,0.0,7.8,0.10,0.05
2025-12-31 17:00:32.011,0.2,7.8,0.10,0.05
2025-12-31 17:00:33.013,0.0,7.8,0.10,0.05
2025-12-31 17:00:34.014,0.0,7.8,0.09,0.05
2025-12-31 17:00:35.015,0.2,7.8,0.10,0.05
2025-12-31 17:00:36.016,0.0,7.8,0.09,0.05
2025-12-31 17:00:37.017,0.0,7.8,0.10,0.05
2025-12-31 17:00:38.019,0.0,7.8,0.10,0.05
2025-12-31 17:00:39.020,0.2,7.8,0.10,0.05
2025-12-31 17:00:40.021,0.0,7.8,0.09,0.05
2025-12-31 17:00:41.023,0.0,7.8,0.10,0.05
2025-12-31 17:00:42.024,0.1,7.8,0.10,0.05
2025-12-31 17:00:43.025,0.0,7.8,0.10,0.05
2025-12-31 17:00:44.027,0.0,7.8,0.09,0.05
2025-12-31 17:00:45.028,0.2,7.8,0.10,0.06
2025-12-31 17:00:46.030,0.0,7.8,0.10,0.05
2025-12-31 17:00:47.031,0.1,7.8,0.10,0.05
2025-12-31 17:00:48.033,0.1,7.8,0.10,0.05
2025-12-31 17:00:49.034,0.0,7.8,0.10,0.05
2025-12-31 17:00:50.036,0.1,7.8,0.10,0.05
2025-12-31 17:00:51.037,0.0,7.8,0.10,0.05
2025-12-31 17:00:52.039,0.0,7.8,0.10,0.05
2025-12-31 17:00:53.040,0.1,7.8,0.10,0.05
2025-12-31 17:00:54.042,0.0,7.8,0.10,0.05
2025-12-31 17:00:55.043,0.1,7.8,0.10,0.05
2025-12-31 17:00:56.044,0.1,7.8,0.10,0.05
2025-12-31 17:00:57.046,0.2,7.8,0.10,0.05
2025-12-31 17:00:58.047,0.2,7.8,0.09,0.05
2025-12-31 17:00:59.049,0.1,7.8,0.10,0.05
2025-12-31 17:01:00.050,0.2,7.8,0.09,0.05
2025-12-31 17:01:01.051,0.2,7.8,0.09,0.05
2025-12-31 17:01:02.053,0.2,7.8,0.09,0.05
2025-12-31 17:01:03.054,0.1,7.8,0.09,0.05
2025-12-31 17:01:04.055,0.2,7.8,0.09,0.05
2025-12-31 17:01:05.057,0.3,7.8,0.10,0.05
2025-12-31 17:01:06.058,0.2,7.8,0.10,0.05
2025-12-31 17:01:07.060,0.2,7.8,0.09,0.05
2025-12-31 17:01:08.062,0.3,7.8,0.09,0.05
2025-12-31 17:01:09.063,0.4,7.8,0.10,0.05
2025-12-31 17:01:10.065,0.3,7.8,0.09,0.05
2025-12-31 17:01:11.067,0.3,7.8,0.10,0.05
2025-12-31 17:01:12.069,0.3,7.8,0.09,0.05
2025-12-31 17:01:13.070,0.4,7.8,0.10,0.05
2025-12-31 17:01:14.072,0.6,7.8,0.09,0.05
2025-12-31 17:01:15.073,0.2,7.8,0.09,0.05
2025-12-31 17:01:16.075,0.6,7.8,0.10,0.05
2025-12-31 17:01:17.076,0.3,7.8,0.09,0.05
2025-12-31 17:01:18.078,0.4,7.8,0.10,0.05
2025-12-31 17:01:19.080,0.3,7.8,0.10,0.05
2025-12-31 17:01:20.081,0.3,7.8,0.10,0.05
2025-12-31 17:01:21.082,0.2,7.8,0.09,0.05
2025-12-31 17:01:22.084,0.3,7.8,0.09,0.05
2025-12-31 17:01:23.085,0.2,7.8,0.10,0.05
2025-12-31 17:01:24.086,0.1,7.8,0.09,0.05
2025-12-31 17:01:25.088,0.2,7.8,0.10,0.05
2025-12-31 17:01:26.090,0.1,7.8,0.09,0.05
2025-12-31 17:01:27.092,0.1,7.8,0.10,0.06
2025-12-31 17:01:28.093,0.2,7.8,0.11,0.05
2025-12-31 17:01:29.095,0.2,7.8,0.10,0.05
2025-12-31 17:01:30.096,0.0,7.8,0.09,0.05
2025-12-31 17:01:31.097,0.2,7.8,0.10,0.05
2025-12-31 17:01:32.098,0.1,7.8,0.09,0.05
2025-12-31 17:01:33.098,0.1,7.8,0.09,0.05
2025-12-31 17:01:34.100,0.2,7.8,0.09,0.05
2025-12-31 17:01:35.101,0.2,7.8,0.10,0.05
2025-12-31 17:01:36.102,0.1,7.8,0.09,0.04
2025-12-31 17:01:37.103,0.0,7.8,0.10,0.05
2025-12-31 17:01:38.105,0.2,7.8,0.10,0.05
2025-12-31 17:01:39.106,0.2,7.8,0.10,0.05
2025-12-31 17:01:40.107,0.1,7.8,0.09,0.05
2025-12-31 17:01:41.109,0.1,7.8,0.10,0.05
2025-12-31 17:01:42.110,0.0,7.8,0.09,0.05
2025-12-31 17:01:43.112,0.1,7.8,0.11,0.06
2025-12-31 17:01:44.113,0.1,7.8,0.09,0.05
2025-12-31 17:01:45.114,0.0,7.8,0.10,0.05
2025-12-31 17:01:46.115,0.1,7.8,0.09,0.05
2025-12-31 17:01:47.116,0.2,7.8,0.10,0.05
2025-12-31 17:01:48.118,0.2,7.8,0.10,0.05
2025-12-31 17:01:49.119,0.1,7.8,0.10,0.05
2025-12-31 17:01:50.121,0.2,7.8,0.10,0.05
2025-12-31 17:01:51.122,0.2,7.8,0.10,0.05
2025-12-31 17:01:52.123,0.1,7.8,0.10,0.05
2025-12-31 17:01:53.125,0.2,7.8,0.10,0.05
2025-12-31 17:01:54.126,0.1,7.8,0.10,0.05
2025-12-31 17:01:55.128,0.1,7.8,0.10,0.05
2025-12-31 17:01:56.129,0.1,7.8,0.09,0.05
2025-12-31 17:01:57.130,0.2,7.8,0.10,0.05
2025-12-31 17:01:58.132,0.1,7.8,0.09,0.05
2025-12-31 17:01:59.133,0.1,7.8,0.10,0.05
2025-12-31 17:02:00.134,0.1,7.8,0.10,0.05
2025-12-31 17:02:01.135,0.2,7.8,0.10,0.05
2025-12-31 17:02:02.137,0.1,7.8,0.09,0.05
2025-12-31 17:02:03.138,0.0,7.8,0.10,0.05
2025-12-31 17:02:04.139,0.1,7.8,0.09,0.05
2025-12-31 17:02:05.140,0.0,7.8,0.09,0.05
2025-12-31 17:02:06.142,0.1,7.8,0.09,0.05
2025-12-31 17:02:07.143,0.0,7.8,0.09,0.05
2025-12-31 17:02:08.144,0.0,7.8,0.10,0.05
2025-12-31 17:02:09.145,0.1,7.8,0.10,0.05
2025-12-31 17:02:10.147,0.2,7.8,0.10,0.05
2025-12-31 17:02:11.149,0.1,7.8,0.10,0.05
2025-12-31 17:02:12.150,0.0,7.8,0.09,0.05
2025-12-31 17:02:13.152,0.0,7.8,0.09,0.05
2025-12-31 17:02:14.153,0.1,7.8,0.09,0.05
2025-12-31 17:02:15.155,0.1,7.8,0.10,0.05
2025-12-31 17:02:16.156,0.1,7.8,0.09,0.05
2025-12-31 17:02:17.158,0.2,7.8,0.09,0.05
2025-12-31 17:02:18.159,0.1,7.8,0.10,0.05
2025-12-31 17:02:19.160,0.0,7.8,0.10,0.05
2025-12-31 17:02:20.161,0.1,7.8,0.10,0.05
2025-12-31 17:02:21.163,0.1,7.8,0.10,0.05
2025-12-31 17:02:22.164,0.1,7.8,0.10,0.05
2025-12-31 17:02:23.165,0.0,7.8,0.10,0.05
2025-12-31 17:02:24.167,0.1,7.8,0.10,0.05
2025-12-31 17:02:25.169,0.2,7.8,0.10,0.05
2025-12-31 17:02:26.170,0.0,7.8,0.10,0.05
2025-12-31 17:02:27.172,0.2,7.8,0.10,0.05
2025-12-31 17:02:28.173,0.0,7.8,0.10,0.05
2025-12-31 17:02:29.175,0.1,7.8,0.10,0.05
2025-12-31 17:02:30.176,0.1,7.8,0.09,0.05
2025-12-31 17:02:31.177,0.0,7.8,0.10,0.05
2025-12-31 17:02:32.179,0.2,7.8,0.09,0.05
2025-12-31 17:02:33.181,0.0,7.8,0.09,0.05
2025-12-31 17:02:34.182,0.1,7.8,0.10,0.05
2025-12-31 17:02:35.183,0.1,7.8,0.09,0.05
2025-12-31 17:02:36.184,0.0,7.8,0.10,0.05
2025-12-31 17:02:37.186,0.0,7.8,0.10,0.05
2025-12-31 17:02:38.187,0.0,7.8,0.10,0.05
2025-12-31 17:02:39.189,0.1,7.8,0.11,0.06
2025-12-31 17:02:40.190,0.0,7.8,0.10,0.05
2025-12-31 17:02:41.191,0.2,7.8,0.10,0.05
2025-12-31 17:02:42.192,0.0,7.8,0.10,0.05
2025-12-31 17:02:43.193,0.1,7.8,0.10,0.05
2025-12-31 17:02:44.195,0.0,7.8,0.10,0.05
2025-12-31 17:02:45.196,0.2,7.8,0.10,0.05
2025-12-31 17:02:46.197,0.0,7.8,0.09,0.05
2025-12-31 17:02:47.198,0.1,7.8,0.10,0.05
2025-12-31 17:02:48.200,0.1,7.8,0.10,0.05
2025-12-31 17:02:49.201,0.0,7.8,0.10,0.05
2025-12-31 17:02:50.202,0.1,7.8,0.10,0.05
2025-12-31 17:02:51.203,0.0,7.8,0.10,0.05
2025-12-31 17:02:52.204,0.0,7.8,0.09,0.05
2025-12-31 17:02:53.205,0.1,7.8,0.10,0.05
2025-12-31 17:02:54.208,0.1,7.8,0.09,0.05
2025-12-31 17:02:55.209,0.0,7.8,0.10,0.05
2025-12-31 17:02:56.210,0.1,7.8,0.10,0.05
2025-12-31 17:02:57.211,0.2,7.8,0.09,0.05
2025-12-31 17:02:58.212,0.0,7.8,0.10,0.05
2025-12-31 17:02:59.214,0.0,7.8,0.10,0.05
2025-12-31 17:03:00.215,0.1,7.8,0.10,0.05
2025-12-31 17:03:01.217,0.0,7.8,0.09,0.05
2025-12-31 17:03:02.218,0.1,7.8,0.10,0.05
2025-12-31 17:03:03.220,0.1,7.8,0.09,0.05
2025-12-31 17:03:04.221,0.0,7.8,0.10,0.05
2025-12-31 17:03:05.223,0.0,7.8,0.09,0.05
2025-12-31 17:03:06.224,0.2,7.8,0.10,0.05
2025-12-31 17:03:07.225,0.0,7.8,0.09,0.05
2025-12-31 17:03:08.226,0.0,7.8,0.09,0.05
2025-12-31 17:03:09.228,0.1,7.8,0.10,0.05
2025-12-31 17:03:10.230,0.0,7.8,0.09,0.05
2025-12-31 17:03:11.231,0.1,7.8,0.09,0.05
2025-12-31 17:03:12.232,0.0,7.8,0.09,0.05
2025-12-31 17:03:13.233,0.0,7.8,0.09,0.05
2025-12-31 17:03:14.235,0.1,7.8,0.09,0.05
2025-12-31 17:03:15.237,0.1,7.8,0.10,0.05
2025-12-31 17:03:16.238,0.0,7.8,0.10,0.05
2025-12-31 17:03:17.240,0.1,7.8,0.10,0.06
2025-12-31 17:03:18.241,0.1,7.8,0.09,0.05
2025-12-31 17:03:19.243,0.0,7.8,0.10,0.05
2025-12-31 17:03:20.245,0.1,7.8,0.10,0.05
2025-12-31 17:03:21.246,0.0,7.8,0.09,0.05
2025-12-31 17:03:22.247,0.0,7.8,0.10,0.05
2025-12-31 17:03:23.249,0.1,7.8,0.09,0.05
2025-12-31 17:03:24.252,0.1,7.8,0.10,0.05
2025-12-31 17:03:25.253,0.0,7.8,0.10,0.05
2025-12-31 17:03:26.255,0.1,7.8,0.10,0.05
2025-12-31 17:03:27.256,0.1,7.8,0.09,0.05
2025-12-31 17:03:28.257,0.0,7.8,0.10,0.05
2025-12-31 17:03:29.258,0.1,7.8,0.10,0.05
2025-12-31 17:03:30.259,0.1,7.8,0.10,0.05
2025-12-31 17:03:31.260,0.1,7.8,0.09,0.05
2025-12-31 17:03:32.262,0.2,7.8,0.10,0.05
2025-12-31 17:03:33.263,0.1,7.8,0.09,0.05
2025-12-31 17:03:34.264,0.1,7.8,0.09,0.05
2025-12-31 17:03:35.266,0.0,7.8,0.10,0.05
2025-12-31 17:03:36.268,0.2,7.8,0.09,0.05
2025-12-31 17:03:37.270,0.1,7.8,0.09,0.05
2025-12-31 17:03:38.272,0.0,7.8,0.09,0.05
2025-12-31 17:03:39.273,0.0,7.8,0.10,0.05
2025-12-31 17:03:40.275,0.1,7.8,0.10,0.05
2025-12-31 17:03:41.277,0.0,7.8,0.10,0.05
2025-12-31 17:03:42.278,0.1,7.8,0.09,0.05
2025-12-31 17:03:43.279,0.0,7.8,0.10,0.05
2025-12-31 17:03:44.281,0.0,7.8,0.09,0.05
2025-12-31 17:03:45.283,0.1,7.8,0.10,0.05
2025-12-31 17:03:46.284,0.0,7.8,0.09,0.05
2025-12-31 17:03:47.285,0.2,7.8,0.09,0.05
2025-12-31 17:03:48.287,0.1,7.8,0.09,0.05
2025-12-31 17:03:49.288,0.0,7.8,0.10,0.05
2025-12-31 17:03:50.289,0.1,7.8,0.10,0.05
2025-12-31 17:03:51.291,0.1,7.8,0.09,0.05
2025-12-31 17:03:52.292,0.1,7.8,0.10,0.05
2025-12-31 17:03:53.293,0.1,7.8,0.09,0.05
2025-12-31 17:03:54.294,0.0,7.8,0.10,0.05
2025-12-31 17:03:55.296,0.1,7.8,0.10,0.05
2025-12-31 17:03:56.297,0.2,7.8,0.09,0.05
2025-12-31 17:03:57.299,0.1,7.8,0.10,0.05
2025-12-31 17:03:58.301,0.2,7.8,0.10,0.05
2025-12-31 17:03:59.302,0.2,7.8,0.10,0.05
2025-12-31 17:04:00.303,0.1,7.8,0.09,0.05
2025-12-31 17:04:01.305,0.1,7.8,0.10,0.05
2025-12-31 17:04:02.307,0.3,7.8,0.09,0.05
2025-12-31 17:04:03.308,0.2,7.8,0.10,0.05
2025-12-31 17:04:04.309,0.3,7.8,0.10,0.06
2025-12-31 17:04:05.310,0.2,7.8,0.10,0.06
2025-12-31 17:04:06.311,0.4,7.8,0.09,0.05
2025-12-31 17:04:07.312,0.3,7.8,0.10,0.06
2025-12-31 17:04:08.314,0.3,7.8,0.10,0.05
2025-12-31 17:04:09.315,0.3,7.8,0.10,0.06
2025-12-31 17:04:10.317,0.2,7.8,0.10,0.06
2025-12-31 17:04:11.318,0.5,7.8,0.10,0.05
2025-12-31 17:04:12.319,0.3,7.8,0.10,0.06
2025-12-31 17:04:13.320,0.3,7.8,0.10,0.05
2025-12-31 17:04:14.322,0.4,7.8,0.10,0.05
2025-12-31 17:04:15.323,0.3,7.8,0.10,0.06
2025-12-31 17:04:16.325,0.3,7.8,0.09,0.05
2025-12-31 17:04:17.327,0.3,7.8,0.09,0.05
2025-12-31 17:04:18.329,0.3,7.8,0.10,0.05
2025-12-31 17:04:19.330,0.2,7.8,0.10,0.05
2025-12-31 17:04:20.331,0.2,7.8,0.10,0.05
2025-12-31 17:04:21.333,0.2,7.8,0.09,0.05
2025-12-31 17:04:22.334,0.1,7.8,0.10,0.05
2025-12-31 17:04:23.336,0.2,7.8,0.10,0.05
2025-12-31 17:04:24.337,0.1,7.8,0.09,0.05
2025-12-31 17:04:25.340,0.2,7.8,0.10,0.05
2025-12-31 17:04:26.341,0.1,7.8,0.10,0.05
2025-12-31 17:04:27.342,0.1,7.8,0.10,0.05
2025-12-31 17:04:28.344,0.2,7.8,0.10,0.05
2025-12-31 17:04:29.345,0.2,7.8,0.10,0.05
2025-12-31 17:04:30.346,0.2,7.8,0.10,0.05
2025-12-31 17:04:31.347,0.2,7.8,0.10,0.05
2025-12-31 17:04:32.348,0.2,7.8,0.10,0.05
2025-12-31 17:04:33.350,0.1,7.8,0.10,0.05
2025-12-31 17:04:34.351,0.2,7.8,0.10,0.05
2025-12-31 17:04:35.353,0.2,7.8,0.09,0.05
2025-12-31 17:04:36.354,0.2,7.8,0.10,0.05
2025-12-31 17:04:37.357,0.1,7.8,0.10,0.05
2025-12-31 17:04:38.358,0.2,7.8,0.10,0.05
2025-12-31 17:04:39.359,0.2,7.8,0.10,0.05
2025-12-31 17:04:40.361,0.2,7.8,0.10,0.05
2025-12-31 17:04:41.362,0.2,7.8,0.09,0.05
2025-12-31 17:04:42.363,0.2,7.8,0.09,0.05
2025-12-31 17:04:43.365,0.2,7.8,0.09,0.05
2025-12-31 17:04:44.366,0.4,7.8,0.09,0.05
2025-12-31 17:04:45.368,0.3,7.8,0.10,0.05
2025-12-31 17:04:46.369,0.2,7.8,0.10,0.05
2025-12-31 17:04:47.370,0.1,7.8,0.09,0.05
2025-12-31 17:04:48.371,0.2,7.8,0.09,0.05
2025-12-31 17:04:49.373,0.1,7.8,0.10,0.05
2025-12-31 17:04:50.374,0.1,7.8,0.10,0.05
2025-12-31 17:04:51.375,0.2,7.8,0.10,0.05
2025-12-31 17:04:52.376,0.0,7.8,0.09,0.05
2025-12-31 17:04:53.378,0.1,7.8,0.10,0.05
2025-12-31 17:04:54.379,0.1,7.8,0.09,0.05
2025-12-31 17:04:55.380,0.2,7.8,0.10,0.05
2025-12-31 17:04:56.382,0.1,7.8,0.10,0.05
2025-12-31 17:04:57.384,0.2,7.8,0.09,0.05
2025-12-31 17:04:58.386,0.0,7.8,0.09,0.05
2025-12-31 17:04:59.387,0.2,7.8,0.09,0.05
2025-12-31 17:05:00.389,0.1,7.8,0.10,0.05
2025-12-31 17:05:01.390,0.0,7.8,0.10,0.05
2025-12-31 17:05:02.392,0.1,7.8,0.10,0.05
2025-12-31 17:05:03.394,0.1,7.8,0.09,0.05
2025-12-31 17:05:04.396,0.0,7.8,0.09,0.06
2025-12-31 17:05:05.397,0.2,7.8,0.09,0.08
2025-12-31 17:05:06.398,0.1,7.8,0.10,0.06
2025-12-31 17:05:07.400,0.1,7.8,0.10,0.05
2025-12-31 17:05:08.401,0.1,7.8,0.10,0.05
2025-12-31 17:05:09.403,0.1,7.8,0.09,0.05
2025-12-31 17:05:10.404,0.0,7.8,0.10,0.06
2025-12-31 17:05:11.406,0.0,7.8,0.09,0.06
2025-12-31 17:05:12.407,0.2,7.8,0.10,0.05
2025-12-31 17:05:13.409,0.0,7.8,0.09,0.05
2025-12-31 17:05:14.411,0.1,7.8,0.09,0.05
2025-12-31 17:05:15.412,0.0,7.8,0.10,0.05
2025-12-31 17:05:16.413,0.1,7.8,0.09,0.05
2025-12-31 17:05:17.414,0.2,7.8,0.09,0.05
2025-12-31 17:05:18.416,0.0,7.8,0.10,0.05
2025-12-31 17:05:19.417,0.0,7.8,0.09,0.05
2025-12-31 17:05:20.419,0.2,7.8,0.10,0.05
2025-12-31 17:05:21.420,0.1,7.8,0.10,0.05
2025-12-31 17:05:22.422,0.0,7.8,0.09,0.05
2025-12-31 17:05:23.423,0.1,7.8,0.09,0.05
2025-12-31 17:05:24.425,0.0,7.8,0.10,0.05
2025-12-31 17:05:25.426,0.0,7.8,0.10,0.05
2025-12-31 17:05:26.428,0.1,7.8,0.09,0.05
2025-12-31 17:05:27.429,0.0,7.8,0.09,0.05
2025-12-31 17:05:28.431,0.1,7.8,0.09,0.05
2025-12-31 17:05:29.432,0.1,7.8,0.10,0.05
2025-12-31 17:05:30.434,0.0,7.8,0.10,0.05
2025-12-31 17:05:31.436,0.1,7.8,0.09,0.05
2025-12-31 17:05:32.437,0.1,7.8,0.09,0.05
2025-12-31 17:05:33.438,0.0,7.8,0.10,0.05
2025-12-31 17:05:34.440,0.1,7.8,0.10,0.05
2025-12-31 17:05:35.441,0.1,7.8,0.10,0.05
2025-12-31 17:05:36.443,0.0,7.8,0.09,0.05
2025-12-31 17:05:37.444,0.1,7.8,0.10,0.05
2025-12-31 17:05:38.446,0.0,7.8,0.09,0.05
2025-12-31 17:05:39.448,0.0,7.8,0.09,0.05
2025-12-31 17:05:40.449,0.0,7.8,0.10,0.05
2025-12-31 17:05:41.450,0.0,7.8,0.09,0.05
2025-12-31 17:05:42.451,0.1,7.8,0.10,0.05
2025-12-31 17:05:43.452,0.0,7.8,0.10,0.05
2025-12-31 17:05:44.454,0.1,7.8,0.09,0.05
2025-12-31 17:05:45.456,0.1,7.8,0.10,0.05
2025-12-31 17:05:46.457,0.1,7.8,0.09,0.05
2025-12-31 17:05:47.459,0.1,7.8,0.10,0.05
2025-12-31 17:05:48.460,0.0,7.8,0.09,0.05
2025-12-31 17:05:49.462,0.0,7.8,0.10,0.05
2025-12-31 17:05:50.463,0.2,7.8,0.10,0.05
2025-12-31 17:05:51.464,0.0,7.8,0.10,0.05
2025-12-31 17:05:52.466,0.0,7.8,0.09,0.05
2025-12-31 17:05:53.467,0.1,7.8,0.09,0.05
2025-12-31 17:05:54.469,0.0,7.8,0.10,0.05
2025-12-31 17:05:55.470,0.0,7.8,0.09,0.05
2025-12-31 17:05:56.471,0.1,7.8,0.10,0.05
2025-12-31 17:05:57.473,0.1,7.8,0.10,0.05
2025-12-31 17:05:58.474,0.1,7.8,0.10,0.05
2025-12-31 17:05:59.476,0.2,7.8,0.10,0.05
2025-12-31 17:06:00.477,0.0,7.8,0.10,0.05
2025-12-31 17:06:01.478,0.1,7.8,0.10,0.05
2025-12-31 17:06:02.479,0.1,7.8,0.10,0.05
2025-12-31 17:06:03.480,0.1,7.8,0.10,0.05
2025-12-31 17:06:04.482,0.0,7.8,0.09,0.05
2025-12-31 17:06:05.483,0.1,7.8,0.10,0.05
2025-12-31 17:06:06.485,0.0,7.8,0.10,0.05
2025-12-31 17:06:07.486,0.1,7.8,0.10,0.05
2025-12-31 17:06:08.487,0.0,7.8,0.09,0.05
2025-12-31 17:06:09.489,0.1,7.8,0.09,0.05
2025-12-31 17:06:10.490,0.0,7.8,0.10,0.05
2025-12-31 17:06:11.491,0.1,7.8,0.09,0.05
2025-12-31 17:06:12.492,0.0,7.8,0.10,0.05
2025-12-31 17:06:13.494,0.1,7.8,0.10,0.05
2025-12-31 17:06:14.495,0.0,7.8,0.09,0.05
2025-12-31 17:06:15.496,0.1,7.8,0.09,0.05
2025-12-31 17:06:16.498,0.0,7.8,0.10,0.05
2025-12-31 17:06:17.499,0.2,7.8,0.09,0.05
2025-12-31 17:06:18.501,0.0,7.8,0.10,0.05
2025-12-31 17:06:19.503,0.1,7.8,0.09,0.05
2025-12-31 17:06:20.505,0.0,7.8,0.10,0.05
2025-12-31 17:06:21.506,0.1,7.8,0.10,0.05
2025-12-31 17:06:22.507,0.1,7.8,0.10,0.05
2025-12-31 17:06:23.508,0.0,7.8,0.10,0.05
2025-12-31 17:06:24.510,0.1,7.8,0.10,0.05
2025-12-31 17:06:25.511,0.2,7.8,0.09,0.05
2025-12-31 17:06:26.513,0.0,7.8,0.10,0.05
2025-12-31 17:06:27.514,0.0,7.8,0.10,0.05
2025-12-31 17:06:28.516,0.1,7.8,0.09,0.05
2025-12-31 17:06:29.517,0.0,7.8,0.10,0.05
2025-12-31 17:06:30.518,0.0,7.8,0.10,0.05
2025-12-31 17:06:31.520,0.1,7.8,0.10,0.05
2025-12-31 17:06:32.522,0.2,7.8,0.10,0.05
2025-12-31 17:06:33.523,0.1,7.8,0.09,0.05
2025-12-31 17:06:34.524,0.0,7.8,0.10,0.05
2025-12-31 17:06:35.526,0.2,7.8,0.10,0.05
2025-12-31 17:06:36.527,0.0,7.8,0.10,0.05
2025-12-31 17:06:37.529,0.0,7.8,0.09,0.05
2025-12-31 17:06:38.530,0.0,7.8,0.09,0.05
2025-12-31 17:06:39.531,0.2,7.8,0.09,0.05
2025-12-31 17:06:40.532,0.0,7.8,0.10,0.05
2025-12-31 17:06:41.534,0.1,7.8,0.10,0.05
2025-12-31 17:06:42.535,0.1,7.8,0.09,0.05
2025-12-31 17:06:43.536,0.0,7.8,0.09,0.05
2025-12-31 17:06:44.538,0.0,7.8,0.10,0.05
2025-12-31 17:06:45.540,0.1,7.8,0.10,0.05
2025-12-31 17:06:46.541,0.2,7.8,0.10,0.05
2025-12-31 17:06:47.542,0.0,7.8,0.09,0.05
2025-12-31 17:06:48.543,0.2,7.8,0.09,0.05
2025-12-31 17:06:49.545,0.2,7.8,0.10,0.05
2025-12-31 17:06:50.546,0.0,7.8,0.10,0.05
2025-12-31 17:06:51.547,0.3,7.8,0.09,0.05
2025-12-31 17:06:52.549,0.2,7.8,0.10,0.05
2025-12-31 17:06:53.550,0.2,7.8,0.09,0.05
2025-12-31 17:06:54.551,0.2,7.8,0.09,0.05
2025-12-31 17:06:55.553,0.2,7.8,0.10,0.05
2025-12-31 17:06:56.554,0.3,7.8,0.10,0.05
2025-12-31 17:06:57.556,0.2,7.8,0.09,0.05
2025-12-31 17:06:58.557,0.2,7.8,0.09,0.05
2025-12-31 17:06:59.559,0.2,7.8,0.10,0.05
2025-12-31 17:07:00.561,0.2,7.8,0.10,0.05
2025-12-31 17:07:01.563,0.4,7.8,0.09,0.05
2025-12-31 17:07:02.565,0.5,7.8,0.10,0.05
2025-12-31 17:07:03.566,0.2,7.8,0.09,0.05
2025-12-31 17:07:04.567,0.2,7.8,0.09,0.05
2025-12-31 17:07:05.569,0.3,7.8,0.10,0.06
2025-12-31 17:07:06.570,0.4,7.8,0.10,0.05
2025-12-31 17:07:07.572,0.4,7.8,0.10,0.05
2025-12-31 17:07:08.573,0.2,7.8,0.09,0.05
2025-12-31 17:07:09.574,0.4,7.8,0.10,0.05
2025-12-31 17:07:10.576,0.2,7.8,0.10,0.05
2025-12-31 17:07:11.578,0.3,7.8,0.10,0.05
2025-12-31 17:07:12.579,0.3,7.8,0.09,0.05
2025-12-31 17:07:13.580,0.4,7.8,0.10,0.05
2025-12-31 17:07:14.582,0.2,7.8,0.09,0.05
2025-12-31 17:07:15.584,0.2,7.8,0.10,0.06
2025-12-31 17:07:16.585,0.2,7.8,0.11,0.05
2025-12-31 17:07:17.586,0.2,7.8,0.10,0.05
2025-12-31 17:07:18.587,0.2,7.8,0.10,0.05
2025-12-31 17:07:19.588,0.2,7.8,0.09,0.05
2025-12-31 17:07:20.589,0.2,7.8,0.10,0.05
2025-12-31 17:07:21.590,0.2,7.8,0.10,0.05
2025-12-31 17:07:22.591,0.2,7.8,0.09,0.05
2025-12-31 17:07:23.592,0.0,7.8,0.10,0.05
2025-12-31 17:07:24.594,0.0,7.8,0.09,0.05
2025-12-31 17:07:25.595,0.2,7.8,0.10,0.05
2025-12-31 17:07:26.597,0.2,7.8,0.10,0.05
2025-12-31 17:07:27.598,0.2,7.8,0.10,0.05
2025-12-31 17:07:28.600,0.1,7.8,0.10,0.05
2025-12-31 17:07:29.601,0.1,7.8,0.10,0.05
2025-12-31 17:07:30.602,0.1,7.8,0.10,0.05
2025-12-31 17:07:31.604,0.1,7.8,0.10,0.06
2025-12-31 17:07:32.605,0.2,7.8,0.09,0.05
2025-12-31 17:07:33.606,0.0,7.8,0.10,0.05
2025-12-31 17:07:34.607,0.2,7.8,0.09,0.05
2025-12-31 17:07:35.608,0.1,7.8,0.09,0.05
2025-12-31 17:07:36.609,0.1,7.8,0.09,0.05
2025-12-31 17:07:37.610,0.2,7.8,0.09,0.05
2025-12-31 17:07:38.611,0.2,7.8,0.10,0.05
2025-12-31 17:07:39.612,0.1,7.8,0.09,0.05
2025-12-31 17:07:40.613,0.2,7.8,0.10,0.05
2025-12-31 17:07:41.614,0.2,7.8,0.10,0.05
2025-12-31 17:07:42.616,0.2,7.8,0.10,0.05
2025-12-31 17:07:43.617,0.2,7.8,0.10,0.05
2025-12-31 17:07:44.619,0.1,7.8,0.10,0.05
2025-12-31 17:07:45.620,0.1,7.8,0.09,0.05
2025-12-31 17:07:46.622,0.2,7.8,0.09,0.05
2025-12-31 17:07:47.623,0.1,7.8,0.10,0.05
2025-12-31 17:07:48.624,0.1,7.8,0.10,0.05
2025-12-31 17:07:49.626,0.1,7.8,0.10,0.05
2025-12-31 17:07:50.628,0.2,7.8,0.10,0.05
2025-12-31 17:07:51.629,0.2,7.8,0.10,0.05
2025-12-31 17:07:52.631,0.0,7.8,0.09,0.05
2025-12-31 17:07:53.632,0.2,7.8,0.10,0.05
2025-12-31 17:07:54.633,0.1,7.8,0.09,0.05
2025-12-31 17:07:55.635,0.0,7.8,0.10,0.05
2025-12-31 17:07:56.636,0.1,7.8,0.09,0.05
2025-12-31 17:07:57.638,0.1,7.8,0.09,0.05
2025-12-31 17:07:58.639,0.1,7.8,0.09,0.05
2025-12-31 17:07:59.641,0.1,7.8,0.10,0.05
2025-12-31 17:08:00.642,0.0,7.8,0.10,0.05
2025-12-31 17:08:01.644,0.1,7.8,0.09,0.05
2025-12-31 17:08:02.645,0.0,7.8,0.10,0.05
2025-12-31 17:08:03.646,0.1,7.8,0.10,0.05
2025-12-31 17:08:04.647,0.1,7.8,0.10,0.05
2025-12-31 17:08:05.649,0.0,7.8,0.09,0.05
2025-12-31 17:08:06.650,0.1,7.8,0.10,0.05
2025-12-31 17:08:07.651,0.2,7.8,0.10,0.05
2025-12-31 17:08:08.653,0.0,7.8,0.09,0.05
2025-12-31 17:08:09.654,0.1,7.8,0.09,0.05
2025-12-31 17:08:10.656,0.2,7.8,0.10,0.05
2025-12-31 17:08:11.657,0.0,7.8,0.10,0.05
2025-12-31 17:08:12.658,0.1,7.8,0.09,0.05
2025-12-31 17:08:13.660,0.1,7.8,0.10,0.05
2025-12-31 17:08:14.661,0.0,7.8,0.10,0.05
2025-12-31 17:08:15.663,0.0,7.8,0.09,0.05
2025-12-31 17:08:16.665,0.2,7.8,0.09,0.05
2025-12-31 17:08:17.666,0.0,7.8,0.09,0.05
2025-12-31 17:08:18.668,0.1,7.8,0.10,0.05
2025-12-31 17:08:19.669,0.1,7.8,0.10,0.05
2025-12-31 17:08:20.671,0.0,7.8,0.10,0.05
2025-12-31 17:08:21.672,0.0,7.8,0.10,0.05
2025-12-31 17:08:22.673,0.1,7.8,0.10,0.05
2025-12-31 17:08:23.675,0.1,7.8,0.09,0.05
2025-12-31 17:08:24.676,0.0,7.8,0.10,0.05
2025-12-31 17:08:25.677,0.1,7.8,0.10,0.05
2025-12-31 17:08:26.679,0.0,7.8,0.09,0.05
2025-12-31 17:08:27.681,0.0,7.8,0.09,0.05
2025-12-31 17:08:28.682,0.0,7.8,0.10,0.05
2025-12-31 17:08:29.684,0.1,7.8,0.10,0.05
2025-12-31 17:08:30.686,0.0,7.8,0.10,0.05
2025-12-31 17:08:31.687,0.1,7.8,0.10,0.05
2025-12-31 17:08:32.689,0.1,7.8,0.09,0.05
2025-12-31 17:08:33.691,0.1,7.8,0.10,0.05
2025-12-31 17:08:34.693,0.0,7.8,0.09,0.05
2025-12-31 17:08:35.694,0.0,7.8,0.10,0.05
2025-12-31 17:08:36.696,0.1,7.8,0.09,0.05
2025-12-31 17:08:37.698,0.0,7.8,0.10,0.05
2025-12-31 17:08:38.699,0.1,7.8,0.09,0.05
2025-12-31 17:08:39.701,0.1,7.8,0.09,0.05
2025-12-31 17:08:40.702,0.1,7.8,0.10,0.05
2025-12-31 17:08:41.703,0.1,7.8,0.09,0.05
2025-12-31 17:08:42.704,0.1,7.8,0.09,0.05
2025-12-31 17:08:43.706,0.0,7.8,0.10,0.05
2025-12-31 17:08:44.707,0.1,7.8,0.09,0.05
2025-12-31 17:08:45.709,0.1,7.8,0.10,0.05
2025-12-31 17:08:46.710,0.2,7.8,0.10,0.05
2025-12-31 17:08:47.712,0.0,7.8,0.10,0.05
2025-12-31 17:08:48.714,0.1,7.8,0.09,0.05
2025-12-31 17:08:49.716,0.0,7.8,0.09,0.05
2025-12-31 17:08:50.717,0.1,7.8,0.10,0.05
2025-12-31 17:08:51.718,0.0,7.8,0.10,0.05
2025-12-31 17:08:52.719,0.0,7.8,0.09,0.05
2025-12-31 17:08:53.720,0.2,7.8,0.10,0.05
2025-12-31 17:08:54.721,0.0,7.8,0.09,0.05
2025-12-31 17:08:55.723,0.2,7.8,0.10,0.05
2025-12-31 17:08:56.724,0.1,7.8,0.10,0.05
2025-12-31 17:08:57.725,0.0,7.8,0.10,0.05
2025-12-31 17:08:58.726,0.1,7.8,0.09,0.05
2025-12-31 17:08:59.727,0.1,7.8,0.10,0.05
2025-12-31 17:09:00.729,0.0,7.8,0.10,0.05
2025-12-31 17:09:01.730,0.0,7.8,0.10,0.05
2025-12-31 17:09:02.731,0.1,7.8,0.10,0.05
2025-12-31 17:09:03.733,0.0,7.8,0.09,0.05
2025-12-31 17:09:04.734,0.1,7.8,0.10,0.05
2025-12-31 17:09:05.735,0.0,7.8,0.10,0.05
2025-12-31 17:09:06.736,0.1,7.8,0.09,0.05
2025-12-31 17:09:07.738,0.0,7.8,0.10,0.05
2025-12-31 17:09:08.739,0.1,7.8,0.10,0.05
2025-12-31 17:09:09.741,0.1,7.8,0.10,0.05
2025-12-31 17:09:10.743,0.0,7.8,0.10,0.05
2025-12-31 17:09:11.745,0.1,7.8,0.09,0.05
2025-12-31 17:09:12.746,0.1,7.8,0.09,0.05
2025-12-31 17:09:13.748,0.0,7.8,0.09,0.05
2025-12-31 17:09:14.749,0.1,7.8,0.10,0.05
2025-12-31 17:09:15.750,0.0,7.8,0.09,0.05
2025-12-31 17:09:16.751,0.2,7.8,0.09,0.05
2025-12-31 17:09:17.752,0.1,7.8,0.10,0.05
2025-12-31 17:09:18.754,0.1,7.8,0.09,0.05
2025-12-31 17:09:19.756,0.0,7.8,0.10,0.05
2025-12-31 17:09:20.759,0.0,7.8,0.10,0.05
2025-12-31 17:09:21.761,0.1,7.8,0.09,0.05
2025-12-31 17:09:22.764,0.2,7.8,0.09,0.05
2025-12-31 17:09:23.766,0.0,7.8,0.09,0.05
2025-12-31 17:09:24.767,0.1,7.8,0.10,0.05
2025-12-31 17:09:25.769,0.1,7.8,0.09,0.05
2025-12-31 17:09:26.770,0.0,7.8,0.09,0.05
2025-12-31 17:09:27.772,0.1,7.8,0.09,0.05
2025-12-31 17:09:28.773,0.0,7.8,0.09,0.05
2025-12-31 17:09:29.774,0.0,7.8,0.10,0.05
2025-12-31 17:09:30.776,0.0,7.8,0.10,0.05
2025-12-31 17:09:31.777,0.1,7.8,0.10,0.05
2025-12-31 17:09:32.779,0.2,7.8,0.09,0.05
2025-12-31 17:09:33.780,0.0,7.8,0.09,0.05
2025-12-31 17:09:34.782,0.0,7.8,0.09,0.05
2025-12-31 17:09:35.784,0.0,7.8,0.09,0.05
2025-12-31 17:09:36.786,0.0,7.8,0.10,0.05
2025-12-31 17:09:37.788,0.1,7.8,0.10,0.05
2025-12-31 17:09:38.790,0.0,7.8,0.09,0.05
2025-12-31 17:09:39.791,0.2,7.8,0.09,0.05
2025-12-31 17:09:40.793,0.0,7.8,0.10,0.05
2025-12-31 17:09:41.795,0.0,7.8,0.10,0.05
2025-12-31 17:09:42.797,0.2,7.8,0.09,0.05
2025-12-31 17:09:43.798,0.0,7.8,0.09,0.05
2025-12-31 17:09:44.800,0.1,7.8,0.09,0.05
2025-12-31 17:09:45.801,0.1,7.8,0.09,0.05
2025-12-31 17:09:46.802,0.2,7.8,0.09,0.05
2025-12-31 17:09:47.803,0.1,7.8,0.09,0.05
2025-12-31 17:09:48.804,0.2,7.8,0.09,0.05
2025-12-31 17:09:49.806,0.1,7.8,0.09,0.05
2025-12-31 17:09:50.808,0.2,7.8,0.10,0.05
2025-12-31 17:09:51.809,0.2,7.8,0.09,0.05
2025-12-31 17:09:52.811,0.2,7.8,0.10,0.05
2025-12-31 17:09:53.813,0.2,7.8,0.09,0.05
2025-12-31 17:09:54.814,0.2,7.8,0.09,0.05
2025-12-31 17:09:55.816,0.3,7.8,0.09,0.05
2025-12-31 17:09:56.818,0.3,7.8,0.09,0.05
2025-12-31 17:09:57.819,0.2,7.8,0.09,0.05
2025-12-31 17:09:58.820,0.4,7.8,0.09,0.05
2025-12-31 17:09:59.822,0.3,7.8,0.09,0.05
2025-12-31 17:10:00.823,0.2,7.8,0.10,0.05
2025-12-31 17:10:01.825,0.2,7.8,0.09,0.05
2025-12-31 17:10:02.827,0.4,7.8,0.10,0.05
2025-12-31 17:10:03.829,0.2,7.8,0.10,0.05
2025-12-31 17:10:04.831,0.3,7.8,0.09,0.05
2025-12-31 17:10:05.833,0.2,7.8,0.10,0.05
2025-12-31 17:10:06.835,0.3,7.8,0.09,0.05
2025-12-31 17:10:07.837,0.2,7.8,0.10,0.05
2025-12-31 17:10:08.838,0.2,7.8,0.10,0.05
2025-12-31 17:10:09.840,0.2,7.8,0.09,0.05
2025-12-31 17:10:10.841,0.1,7.8,0.10,0.05
2025-12-31 17:10:11.842,0.2,7.8,0.09,0.05
2025-12-31 17:10:12.843,0.2,7.8,0.10,0.05
2025-12-31 17:10:13.844,0.2,7.8,0.10,0.05
2025-12-31 17:10:14.846,0.2,7.8,0.09,0.05
2025-12-31 17:10:15.848,0.4,7.8,0.10,0.05
2025-12-31 17:10:16.849,0.1,7.8,0.09,0.05
2025-12-31 17:10:17.853,0.2,7.8,0.09,0.05
2025-12-31 17:10:18.854,0.2,7.8,0.09,0.05
2025-12-31 17:10:19.856,0.2,7.8,0.09,0.05
2025-12-31 17:10:20.857,0.2,7.8,0.10,0.05
2025-12-31 17:10:21.858,0.2,7.8,0.09,0.05
2025-12-31 17:10:22.860,0.1,7.8,0.10,0.05
2025-12-31 17:10:23.861,0.2,7.8,0.09,0.05
2025-12-31 17:10:24.863,0.1,7.8,0.10,0.05
2025-12-31 17:10:25.865,0.1,7.8,0.10,0.05
2025-12-31 17:10:26.867,0.2,7.8,0.09,0.05
2025-12-31 17:10:27.868,0.4,7.8,0.09,0.05
2025-12-31 17:10:28.869,0.1,7.8,0.09,0.05
2025-12-31 17:10:29.871,0.4,7.8,0.09,0.05
2025-12-31 17:10:30.872,0.2,7.8,0.10,0.05
2025-12-31 17:10:31.874,0.0,7.8,0.10,0.05
2025-12-31 17:10:32.875,0.2,7.8,0.10,0.05
2025-12-31 17:10:33.876,0.2,7.8,0.10,0.05
2025-12-31 17:10:34.877,0.1,7.8,0.10,0.05
2025-12-31 17:10:35.879,0.2,7.8,0.09,0.05
2025-12-31 17:10:36.880,0.2,7.8,0.10,0.05
2025-12-31 17:10:37.882,0.1,7.8,0.09,0.05
2025-12-31 17:10:38.884,0.3,7.8,0.09,0.05
2025-12-31 17:10:39.885,0.2,7.8,0.09,0.05
2025-12-31 17:10:40.886,0.2,7.8,0.10,0.05
2025-12-31 17:10:41.888,0.2,7.8,0.09,0.05
2025-12-31 17:10:42.890,0.1,7.8,0.09,0.05
2025-12-31 17:10:43.892,0.2,7.8,0.10,0.05
2025-12-31 17:10:44.893,0.2,7.8,0.10,0.05
2025-12-31 17:10:45.895,0.2,7.8,0.09,0.05
2025-12-31 17:10:46.896,0.2,7.8,0.09,0.05
2025-12-31 17:10:47.898,0.1,7.8,0.10,0.05
2025-12-31 17:10:48.899,0.2,7.8,0.10,0.05
2025-12-31 17:10:49.900,0.2,7.8,0.10,0.05
2025-12-31 17:10:50.901,0.1,7.8,0.10,0.05
2025-12-31 17:10:51.903,0.1,7.8,0.10,0.05
2025-12-31 17:10:52.904,0.1,7.8,0.10,0.05
2025-12-31 17:10:53.905,0.0,7.8,0.10,0.05
2025-12-31 17:10:54.906,0.2,7.8,0.10,0.05
2025-12-31 17:10:55.908,0.1,7.8,0.09,0.05
2025-12-31 17:10:56.909,0.2,7.8,0.09,0.05
2025-12-31 17:10:57.911,0.2,7.8,0.10,0.05
2025-12-31 17:10:58.912,0.2,7.8,0.09,0.05
2025-12-31 17:10:59.914,0.1,7.8,0.09,0.05
2025-12-31 17:11:00.915,0.1,7.8,0.10,0.05
2025-12-31 17:11:01.917,0.1,7.8,0.10,0.05
2025-12-31 17:11:02.918,0.0,7.8,0.09,0.05
2025-12-31 17:11:03.920,0.0,7.8,0.10,0.05
2025-12-31 17:11:04.921,0.2,7.8,0.10,0.05
2025-12-31 17:11:05.922,0.0,7.8,0.09,0.05
2025-12-31 17:11:06.924,0.0,7.8,0.10,0.05
2025-12-31 17:11:07.926,0.1,7.8,0.09,0.05
2025-12-31 17:11:08.927,0.1,7.8,0.09,0.05
2025-12-31 17:11:09.929,0.2,7.8,0.10,0.05
2025-12-31 17:11:10.931,0.0,7.8,0.10,0.05
2025-12-31 17:11:11.933,0.1,7.8,0.09,0.05
2025-12-31 17:11:12.935,0.0,7.8,0.09,0.05
2025-12-31 17:11:13.936,0.1,7.8,0.10,0.05
2025-12-31 17:11:14.937,0.0,7.8,0.09,0.05
2025-12-31 17:11:15.939,0.2,7.8,0.09,0.05
2025-12-31 17:11:16.941,0.1,7.8,0.09,0.05
2025-12-31 17:11:17.942,0.1,7.8,0.10,0.05
2025-12-31 17:11:18.943,0.1,7.8,0.10,0.05
2025-12-31 17:11:19.945,0.0,7.8,0.09,0.05
2025-12-31 17:11:20.946,0.1,7.8,0.10,0.05
2025-12-31 17:11:21.947,0.0,7.8,0.09,0.05
2025-12-31 17:11:22.948,0.0,7.8,0.09,0.05
2025-12-31 17:11:23.950,0.1,7.8,0.10,0.05
2025-12-31 17:11:24.951,0.1,7.8,0.10,0.05
2025-12-31 17:11:25.953,0.0,7.8,0.10,0.05
2025-12-31 17:11:26.954,0.1,7.8,0.09,0.05
2025-12-31 17:11:27.955,0.1,7.8,0.09,0.05
2025-12-31 17:11:28.956,0.0,7.8,0.09,0.05
2025-12-31 17:11:29.959,0.1,7.8,0.10,0.05
2025-12-31 17:11:30.960,0.1,7.8,0.10,0.05
2025-12-31 17:11:31.961,0.0,7.8,0.10,0.05
2025-12-31 17:11:32.962,0.1,7.8,0.09,0.05
2025-12-31 17:11:33.964,0.1,7.8,0.10,0.05
2025-12-31 17:11:34.965,0.0,7.8,0.09,0.05
2025-12-31 17:11:35.966,0.0,7.8,0.10,0.05
2025-12-31 17:11:36.968,0.2,7.8,0.09,0.05
2025-12-31 17:11:37.969,0.0,7.8,0.09,0.05
2025-12-31 17:11:38.971,0.0,7.8,0.10,0.05
2025-12-31 17:11:39.972,0.1,7.8,0.09,0.05
2025-12-31 17:11:40.973,0.1,7.8,0.10,0.05
2025-12-31 17:11:41.975,0.1,7.8,0.09,0.05
2025-12-31 17:11:42.977,0.1,7.8,0.10,0.05
2025-12-31 17:11:43.978,0.0,7.8,0.10,0.05
2025-12-31 17:11:44.980,0.0,7.8,0.09,0.05
2025-12-31 17:11:45.982,0.0,7.8,0.09,0.05
2025-12-31 17:11:46.984,0.2,7.8,0.09,0.05
2025-12-31 17:11:47.985,0.0,7.8,0.10,0.05
2025-12-31 17:11:48.986,0.0,7.8,0.09,0.05
2025-12-31 17:11:49.988,0.1,7.8,0.09,0.05
2025-12-31 17:11:50.989,0.0,7.8,0.10,0.05
2025-12-31 17:11:51.991,0.1,7.8,0.09,0.05
2025-12-31 17:11:52.992,0.0,7.8,0.09,0.05
2025-12-31 17:11:53.994,0.1,7.8,0.10,0.05
2025-12-31 17:11:54.995,0.1,7.8,0.09,0.05
2025-12-31 17:11:55.997,0.0,7.8,0.10,0.05
2025-12-31 17:11:56.998,0.1,7.8,0.10,0.05
2025-12-31 17:11:57.999,0.0,7.8,0.09,0.05
2025-12-31 17:11:59.000,0.1,7.8,0.09,0.05
2025-12-31 17:12:00.001,0.0,7.8,0.09,0.05
2025-12-31 17:12:01.004,0.2,7.8,0.10,0.05
2025-12-31 17:12:02.005,0.0,7.8,0.10,0.05
2025-12-31 17:12:03.007,0.0,7.8,0.10,0.05
2025-12-31 17:12:04.008,0.1,7.8,0.09,0.05
2025-12-31 17:12:05.010,0.0,7.8,0.10,0.05
2025-12-31 17:12:06.011,0.1,7.8,0.09,0.05
2025-12-31 17:12:07.012,0.1,7.8,0.10,0.05
2025-12-31 17:12:08.014,0.0,7.8,0.10,0.05
2025-12-31 17:12:09.015,0.1,7.8,0.09,0.05
2025-12-31 17:12:10.017,0.0,7.8,0.10,0.05
2025-12-31 17:12:11.018,0.2,7.8,0.10,0.05
2025-12-31 17:12:12.020,0.0,7.8,0.09,0.05
2025-12-31 17:12:13.022,0.1,7.8,0.09,0.05
2025-12-31 17:12:14.023,0.1,7.8,0.10,0.05
2025-12-31 17:12:15.024,0.1,7.8,0.09,0.05
2025-12-31 17:12:16.026,0.0,7.8,0.10,0.05
2025-12-31 17:12:17.027,0.2,7.8,0.09,0.05
2025-12-31 17:12:18.028,0.0,7.8,0.10,0.05
2025-12-31 17:12:19.029,0.0,7.8,0.09,0.05
2025-12-31 17:12:20.031,0.1,7.8,0.09,0.05
2025-12-31 17:12:21.032,0.1,7.8,0.10,0.05
2025-12-31 17:12:22.034,0.1,7.8,0.09,0.05
2025-12-31 17:12:23.035,0.0,7.8,0.09,0.05
2025-12-31 17:12:24.037,0.1,7.8,0.09,0.05
2025-12-31 17:12:25.039,0.1,7.8,0.10,0.05
2025-12-31 17:12:26.040,0.0,7.8,0.10,0.05
2025-12-31 17:12:27.042,0.0,7.8,0.10,0.05
2025-12-31 17:12:28.044,0.0,7.8,0.09,0.05
2025-12-31 17:12:29.045,0.0,7.8,0.09,0.05
2025-12-31 17:12:30.048,0.2,7.8,0.09,0.05
2025-12-31 17:12:31.049,0.0,7.8,0.10,0.05
2025-12-31 17:12:32.050,0.0,7.8,0.09,0.05
2025-12-31 17:12:33.051,0.1,7.8,0.09,0.05
2025-12-31 17:12:34.052,0.0,7.8,0.10,0.05
2025-12-31 17:12:35.054,0.1,7.8,0.10,0.05
2025-12-31 17:12:36.055,0.1,7.8,0.09,0.05
2025-12-31 17:12:37.056,0.1,7.8,0.10,0.05
2025-12-31 17:12:38.058,0.0,7.8,0.10,0.05
2025-12-31 17:12:39.060,0.1,7.8,0.09,0.05
2025-12-31 17:12:40.062,0.1,7.8,0.09,0.05
2025-12-31 17:12:41.063,0.0,7.8,0.10,0.05
2025-12-31 17:12:42.064,0.1,7.8,0.09,0.05
2025-12-31 17:12:43.066,0.1,7.8,0.10,0.05
2025-12-31 17:12:44.067,0.2,7.8,0.10,0.05
2025-12-31 17:12:45.069,0.2,7.8,0.09,0.05
2025-12-31 17:12:46.070,0.1,7.8,0.09,0.05
2025-12-31 17:12:47.071,0.4,7.8,0.09,0.05
2025-12-31 17:12:48.073,0.2,7.8,0.10,0.05
2025-12-31 17:12:49.074,0.2,7.8,0.10,0.05
2025-12-31 17:12:50.080,0.3,7.8,0.11,0.06
2025-12-31 17:12:51.082,0.2,7.8,0.10,0.05
2025-12-31 17:12:52.084,0.4,7.8,0.09,0.05
2025-12-31 17:12:53.085,0.3,7.8,0.09,0.05
2025-12-31 17:12:54.087,0.3,7.8,0.10,0.05
2025-12-31 17:12:55.088,0.3,7.8,0.09,0.05
2025-12-31 17:12:56.090,0.2,7.8,0.10,0.05
2025-12-31 17:12:57.092,0.2,7.8,0.09,0.05
2025-12-31 17:12:58.093,0.2,7.8,0.09,0.05
2025-12-31 17:12:59.095,0.3,7.8,0.09,0.05
2025-12-31 17:13:00.097,0.2,7.8,0.11,0.05
2025-12-31 17:13:01.098,0.2,7.8,0.10,0.05
2025-12-31 17:13:02.099,0.2,7.8,0.09,0.05
2025-12-31 17:13:03.100,0.2,7.8,0.09,0.05
2025-12-31 17:13:04.101,0.2,7.8,0.10,0.05
2025-12-31 17:13:05.103,0.2,7.8,0.09,0.05
2025-12-31 17:13:06.104,0.4,7.8,0.09,0.05
2025-12-31 17:13:07.105,0.1,7.8,0.09,0.05
2025-12-31 17:13:08.107,0.2,7.8,0.10,0.05
2025-12-31 17:13:09.109,0.1,7.8,0.09,0.05
2025-12-31 17:13:10.110,0.2,7.8,0.09,0.05
2025-12-31 17:13:11.112,0.1,7.8,0.10,0.05
2025-12-31 17:13:12.113,0.2,7.8,0.09,0.05
2025-12-31 17:13:13.115,0.2,7.8,0.09,0.05
2025-12-31 17:13:14.117,0.2,7.8,0.09,0.05
2025-12-31 17:13:15.119,0.2,7.8,0.09,0.05
2025-12-31 17:13:16.121,0.1,7.8,0.09,0.05
2025-12-31 17:13:17.122,0.2,7.8,0.09,0.05
2025-12-31 17:13:18.124,0.1,7.8,0.09,0.05
2025-12-31 17:13:19.125,0.2,7.8,0.09,0.05
2025-12-31 17:13:20.127,0.2,7.8,0.09,0.05
2025-12-31 17:13:21.129,0.0,7.8,0.10,0.05
2025-12-31 17:13:22.131,0.2,7.8,0.10,0.05
2025-12-31 17:13:23.132,0.1,7.8,0.09,0.05
2025-12-31 17:13:24.134,0.1,7.8,0.10,0.05
2025-12-31 17:13:25.136,0.1,7.8,0.10,0.05
2025-12-31 17:13:26.137,0.0,7.8,0.10,0.05
2025-12-31 17:13:27.139,0.2,7.8,0.09,0.05
2025-12-31 17:13:28.141,0.1,7.8,0.09,0.05
2025-12-31 17:13:29.143,0.1,7.8,0.09,0.05
2025-12-31 17:13:30.145,0.2,7.8,0.09,0.05
2025-12-31 17:13:31.146,0.2,7.8,0.10,0.05
2025-12-31 17:13:32.148,0.1,7.8,0.09,0.05
2025-12-31 17:13:33.149,0.1,7.8,0.09,0.05
2025-12-31 17:13:34.150,0.2,7.8,0.10,0.05
2025-12-31 17:13:35.152,0.2,7.8,0.10,0.05
2025-12-31 17:13:36.153,0.1,7.8,0.09,0.05
2025-12-31 17:13:37.154,0.2,7.8,0.09,0.05
2025-12-31 17:13:38.156,0.2,7.8,0.09,0.05
2025-12-31 17:13:39.158,0.0,7.8,0.10,0.05
2025-12-31 17:13:40.159,0.2,7.8,0.09,0.05
2025-12-31 17:13:41.160,0.2,7.8,0.10,0.05
2025-12-31 17:13:42.161,0.1,7.8,0.09,0.05
2025-12-31 17:13:43.163,0.1,7.8,0.10,0.05
2025-12-31 17:13:44.164,0.2,7.8,0.10,0.05
2025-12-31 17:13:45.166,0.0,7.8,0.09,0.05
2025-12-31 17:13:46.168,0.2,7.8,0.09,0.05
2025-12-31 17:13:47.170,0.1,7.8,0.09,0.05
2025-12-31 17:13:48.172,0.2,7.8,0.09,0.05
2025-12-31 17:13:49.173,0.1,7.8,0.09,0.05
2025-12-31 17:13:50.174,0.0,7.8,0.09,0.05
2025-12-31 17:13:51.176,0.2,7.8,0.10,0.05
2025-12-31 17:13:52.178,0.0,7.8,0.09,0.05
2025-12-31 17:13:53.180,0.1,7.8,0.09,0.05
2025-12-31 17:13:54.182,0.0,7.8,0.10,0.05
2025-12-31 17:13:55.184,0.1,7.8,0.10,0.05
2025-12-31 17:13:56.186,0.1,7.8,0.10,0.05
2025-12-31 17:13:57.187,0.0,7.8,0.09,0.05
2025-12-31 17:13:58.188,0.1,7.8,0.09,0.05
2025-12-31 17:13:59.189,0.2,7.8,0.09,0.05
2025-12-31 17:14:00.191,0.0,7.8,0.09,0.05
2025-12-31 17:14:01.192,0.2,7.8,0.10,0.05
2025-12-31 17:14:02.194,0.1,7.8,0.10,0.05
2025-12-31 17:14:03.196,0.0,7.8,0.09,0.05
2025-12-31 17:14:04.197,0.1,7.8,0.10,0.06
2025-12-31 17:14:05.198,0.1,7.8,0.09,0.06
2025-12-31 17:14:06.200,0.1,7.8,0.10,0.06
2025-12-31 17:14:07.201,0.0,7.8,0.09,0.06
2025-12-31 17:14:08.203,0.2,7.8,0.09,0.05
2025-12-31 17:14:09.204,0.1,7.8,0.09,0.05
2025-12-31 17:14:10.206,0.0,7.8,0.10,0.06
2025-12-31 17:14:11.207,0.1,7.8,0.10,0.05
2025-12-31 17:14:12.209,0.1,7.8,0.09,0.05
2025-12-31 17:14:13.210,0.0,7.8,0.09,0.05
2025-12-31 17:14:14.213,0.1,7.8,0.10,0.05
2025-12-31 17:14:15.214,0.0,7.8,0.09,0.05
2025-12-31 17:14:16.216,0.2,7.8,0.09,0.05
2025-12-31 17:14:17.218,0.1,7.8,0.10,0.05
2025-12-31 17:14:18.220,0.1,7.8,0.09,0.05
2025-12-31 17:14:19.222,0.1,7.8,0.09,0.05
2025-12-31 17:14:20.223,0.0,7.8,0.09,0.05
2025-12-31 17:14:21.224,0.2,7.8,0.10,0.05
2025-12-31 17:14:22.226,0.0,7.8,0.09,0.05
2025-12-31 17:14:23.228,0.0,7.8,0.09,0.05
2025-12-31 17:14:24.229,0.1,7.8,0.10,0.05
2025-12-31 17:14:25.231,0.0,7.8,0.10,0.05
2025-12-31 17:14:26.233,0.1,7.8,0.09,0.05
2025-12-31 17:14:27.234,0.0,7.8,0.09,0.05
2025-12-31 17:14:28.236,0.0,7.8,0.10,0.05
2025-12-31 17:14:29.238,0.1,7.8,0.09,0.05
2025-12-31 17:14:30.240,0.1,7.8,0.09,0.05
2025-12-31 17:14:31.241,0.0,7.8,0.10,0.05
2025-12-31 17:14:32.243,0.2,7.8,0.10,0.05
2025-12-31 17:14:33.245,0.2,7.8,0.09,0.05
2025-12-31 17:14:34.247,0.0,7.8,0.10,0.05
2025-12-31 17:14:35.248,0.0,7.8,0.09,0.05
2025-12-31 17:14:36.250,0.0,7.8,0.09,0.05
2025-12-31 17:14:37.251,0.2,7.8,0.09,0.05
2025-12-31 17:14:38.253,0.1,7.8,0.09,0.05
2025-12-31 17:14:39.255,0.2,7.8,0.10,0.05
2025-12-31 17:14:40.257,0.0,7.8,0.09,0.05
2025-12-31 17:14:41.259,0.1,7.8,0.10,0.05
2025-12-31 17:14:42.261,0.1,7.8,0.10,0.06
2025-12-31 17:14:43.262,0.0,7.8,0.10,0.05
2025-12-31 17:14:44.264,0.0,7.8,0.10,0.05
2025-12-31 17:14:45.266,0.1,7.8,0.09,0.05
2025-12-31 17:14:46.269,0.0,7.8,0.09,0.05
2025-12-31 17:14:47.272,0.2,7.8,0.09,0.05
2025-12-31 17:14:48.274,0.0,7.8,0.09,0.05
2025-12-31 17:14:49.276,0.1,7.8,0.09,0.05
2025-12-31 17:14:50.278,0.0,7.8,0.10,0.05
2025-12-31 17:14:51.280,0.1,7.8,0.10,0.05
2025-12-31 17:14:52.282,0.0,7.8,0.09,0.05
2025-12-31 17:14:53.285,0.0,7.8,0.09,0.05
2025-12-31 17:14:54.286,0.1,7.8,0.10,0.05
2025-12-31 17:14:55.287,0.0,7.8,0.09,0.05
2025-12-31 17:14:56.288,0.0,7.8,0.09,0.05
2025-12-31 17:14:57.289,0.1,7.8,0.09,0.05
2025-12-31 17:14:58.291,0.0,7.8,0.09,0.05
2025-12-31 17:14:59.293,0.0,7.8,0.09,0.05
2025-12-31 17:15:00.294,0.0,7.8,0.10,0.05
2025-12-31 17:15:01.295,0.2,7.8,0.10,0.05
2025-12-31 17:15:02.296,0.0,7.8,0.09,0.05
2025-12-31 17:15:03.298,0.1,7.8,0.09,0.05
2025-12-31 17:15:04.300,0.0,7.8,0.10,0.05
2025-12-31 17:15:05.301,0.2,7.8,0.09,0.09
2025-12-31 17:15:06.302,0.0,7.8,0.09,0.06
2025-12-31 17:15:07.304,0.1,7.8,0.09,0.05
2025-12-31 17:15:08.305,0.1,7.8,0.10,0.05
2025-12-31 17:15:09.307,0.2,7.8,0.09,0.06
2025-12-31 17:15:10.308,0.0,7.8,0.09,0.05
2025-12-31 17:15:11.309,0.1,7.8,0.10,0.06
2025-12-31 17:15:12.311,0.2,7.8,0.10,0.05
2025-12-31 17:15:13.312,0.1,7.8,0.09,0.05
2025-12-31 17:15:14.314,0.1,7.8,0.10,0.05
2025-12-31 17:15:15.315,0.0,7.8,0.09,0.05
2025-12-31 17:15:16.316,0.1,7.8,0.09,0.05
2025-12-31 17:15:17.317,0.1,7.8,0.09,0.05
2025-12-31 17:15:18.319,0.0,7.8,0.09,0.05
2025-12-31 17:15:19.320,0.1,7.8,0.09,0.05
2025-12-31 17:15:20.322,0.0,7.8,0.10,0.06
2025-12-31 17:15:21.323,0.2,7.8,0.10,0.05
2025-12-31 17:15:22.325,0.1,7.8,0.09,0.05
2025-12-31 17:15:23.327,0.0,7.8,0.10,0.05
2025-12-31 17:15:24.329,0.0,7.8,0.10,0.05
2025-12-31 17:15:25.330,0.1,7.8,0.10,0.05
2025-12-31 17:15:26.331,0.0,7.8,0.09,0.05
2025-12-31 17:15:27.333,0.1,7.8,0.10,0.05
2025-12-31 17:15:28.335,0.0,7.8,0.09,0.05
2025-12-31 17:15:29.337,0.0,7.8,0.09,0.05
2025-12-31 17:15:30.339,0.1,7.8,0.09,0.05
2025-12-31 17:15:31.341,0.1,7.8,0.10,0.05
2025-12-31 17:15:32.343,0.0,7.8,0.10,0.05
2025-12-31 17:15:33.344,0.0,7.8,0.09,0.05
2025-12-31 17:15:34.346,0.0,7.8,0.10,0.05
2025-12-31 17:15:35.347,0.2,7.8,0.09,0.05
2025-12-31 17:15:36.349,0.1,7.8,0.09,0.05
2025-12-31 17:15:37.350,0.0,7.8,0.09,0.05
2025-12-31 17:15:38.352,0.1,7.8,0.10,0.05
2025-12-31 17:15:39.353,0.1,7.8,0.09,0.05
2025-12-31 17:15:40.354,0.0,7.8,0.09,0.05
2025-12-31 17:15:41.356,0.2,7.8,0.10,0.05
2025-12-31 17:15:42.358,0.2,7.8,0.10,0.05
2025-12-31 17:15:43.359,0.2,7.8,0.10,0.05
2025-12-31 17:15:44.360,0.2,7.8,0.10,0.05
2025-12-31 17:15:45.362,0.2,7.8,0.10,0.05
2025-12-31 17:15:46.364,0.2,7.8,0.10,0.05
2025-12-31 17:15:47.366,0.2,7.8,0.09,0.05
2025-12-31 17:15:48.367,0.3,7.8,0.09,0.05
2025-12-31 17:15:49.369,0.2,7.8,0.09,0.05
2025-12-31 17:15:50.370,0.3,7.8,0.09,0.05
2025-12-31 17:15:51.372,0.3,7.8,0.10,0.05
2025-12-31 17:15:52.373,0.3,7.8,0.09,0.05
2025-12-31 17:15:53.374,0.4,7.8,0.10,0.05
2025-12-31 17:15:54.376,0.3,7.8,0.09,0.05
2025-12-31 17:15:55.378,0.3,7.8,0.09,0.05
2025-12-31 17:15:56.380,0.3,7.8,0.10,0.05
2025-12-31 17:15:57.381,0.3,7.8,0.10,0.05
2025-12-31 17:15:58.383,0.3,7.8,0.10,0.05
2025-12-31 17:15:59.384,0.2,7.8,0.09,0.05
2025-12-31 17:16:00.385,0.2,7.8,0.09,0.05
2025-12-31 17:16:01.387,0.3,7.8,0.10,0.05
2025-12-31 17:16:02.388,0.2,7.8,0.09,0.05
2025-12-31 17:16:03.390,0.1,7.8,0.10,0.05
2025-12-31 17:16:04.391,0.2,7.8,0.10,0.05
2025-12-31 17:16:05.392,0.2,7.8,0.09,0.05
2025-12-31 17:16:06.394,0.2,7.8,0.09,0.05
2025-12-31 17:16:07.395,0.4,7.8,0.10,0.05
2025-12-31 17:16:08.397,0.1,7.8,0.09,0.05
2025-12-31 17:16:09.398,0.2,7.8,0.09,0.05
2025-12-31 17:16:10.400,0.1,7.8,0.09,0.05
2025-12-31 17:16:11.402,0.1,7.8,0.10,0.05
2025-12-31 17:16:12.403,0.0,7.8,0.09,0.05
2025-12-31 17:16:13.405,0.2,7.8,0.10,0.05
2025-12-31 17:16:14.407,0.2,7.8,0.10,0.05
2025-12-31 17:16:15.409,0.1,7.8,0.09,0.05
2025-12-31 17:16:16.410,0.1,7.8,0.09,0.05
2025-12-31 17:16:17.412,0.2,7.8,0.09,0.05
2025-12-31 17:16:18.414,0.1,7.8,0.10,0.05
2025-12-31 17:16:19.417,0.1,7.8,0.09,0.05
2025-12-31 17:16:20.419,0.0,7.8,0.09,0.05
2025-12-31 17:16:21.421,0.1,7.8,0.10,0.05
2025-12-31 17:16:22.422,0.0,7.8,0.09,0.05
2025-12-31 17:16:23.424,0.1,7.8,0.10,0.05
2025-12-31 17:16:24.425,0.2,7.8,0.09,0.05
2025-12-31 17:16:25.426,0.1,7.8,0.10,0.05
2025-12-31 17:16:26.428,0.1,7.8,0.09,0.05
2025-12-31 17:16:27.430,0.0,7.8,0.09,0.05
2025-12-31 17:16:28.431,0.2,7.8,0.09,0.05
2025-12-31 17:16:29.433,0.2,7.8,0.09,0.05
2025-12-31 17:16:30.434,0.1,7.8,0.09,0.05
2025-12-31 17:16:31.437,0.2,7.8,0.10,0.05
2025-12-31 17:16:32.438,0.1,7.8,0.09,0.05
2025-12-31 17:16:33.440,0.2,7.8,0.10,0.05
2025-12-31 17:16:34.441,0.2,7.8,0.09,0.05
2025-12-31 17:16:35.442,0.1,7.8,0.10,0.06
2025-12-31 17:16:36.444,0.2,7.8,0.09,0.05
2025-12-31 17:16:37.446,0.2,7.8,0.09,0.05
2025-12-31 17:16:38.447,0.1,7.8,0.09,0.05
2025-12-31 17:16:39.449,0.2,7.8,0.09,0.05
2025-12-31 17:16:40.451,0.1,7.8,0.10,0.05
2025-12-31 17:16:41.452,0.2,7.8,0.10,0.05
2025-12-31 17:16:42.453,0.1,7.8,0.10,0.05
2025-12-31 17:16:43.455,0.2,7.8,0.10,0.05
2025-12-31 17:16:44.457,0.0,7.8,0.09,0.05
2025-12-31 17:16:45.459,0.2,7.8,0.10,0.05
2025-12-31 17:16:46.461,0.2,7.8,0.09,0.05
2025-12-31 17:16:47.462,0.2,7.8,0.09,0.05
2025-12-31 17:16:48.464,0.1,7.8,0.09,0.05
2025-12-31 17:16:49.466,0.1,7.8,0.09,0.05
2025-12-31 17:16:50.467,0.2,7.8,0.09,0.05
2025-12-31 17:16:51.469,0.1,7.8,0.10,0.05
2025-12-31 17:16:52.471,0.1,7.8,0.09,0.05
2025-12-31 17:16:53.473,0.0,7.8,0.09,0.05
2025-12-31 17:16:54.474,0.0,7.8,0.10,0.05
2025-12-31 17:16:55.476,0.1,7.8,0.09,0.05
2025-12-31 17:16:56.478,0.1,7.8,0.09,0.05
2025-12-31 17:16:57.479,0.2,7.8,0.09,0.05
2025-12-31 17:16:58.481,0.1,7.8,0.09,0.05
2025-12-31 17:16:59.483,0.2,7.8,0.09,0.05
2025-12-31 17:17:00.485,0.2,7.8,0.09,0.05
2025-12-31 17:17:01.487,0.8,7.8,0.10,0.05
2025-12-31 17:17:02.489,0.2,7.8,0.10,0.05
2025-12-31 17:17:03.491,0.0,7.8,0.10,0.05
2025-12-31 17:17:04.492,0.2,7.8,0.09,0.05
2025-12-31 17:17:05.493,0.0,7.8,0.09,0.05
2025-12-31 17:17:06.495,0.1,7.8,0.09,0.05
2025-12-31 17:17:07.496,0.1,7.8,0.09,0.05
2025-12-31 17:17:08.498,0.0,7.8,0.09,0.05
2025-12-31 17:17:09.500,0.2,7.8,0.09,0.05
2025-12-31 17:17:10.501,0.0,7.8,0.09,0.05
2025-12-31 17:17:11.503,0.1,7.8,0.10,0.05
2025-12-31 17:17:12.504,0.1,7.8,0.10,0.05
2025-12-31 17:17:13.506,0.0,7.8,0.11,0.06
2025-12-31 17:17:14.507,0.1,7.8,0.09,0.05
2025-12-31 17:17:15.508,0.0,7.8,0.09,0.05
2025-12-31 17:17:16.510,0.1,7.8,0.10,0.05
2025-12-31 17:17:17.511,0.1,7.8,0.09,0.05
2025-12-31 17:17:18.512,0.2,7.8,0.10,0.05
2025-12-31 17:17:19.513,0.0,7.8,0.09,0.05
2025-12-31 17:17:20.515,0.1,7.8,0.09,0.05
2025-12-31 17:17:21.517,0.0,7.8,0.10,0.05
2025-12-31 17:17:22.519,0.0,7.8,0.09,0.05
2025-12-31 17:17:23.520,0.1,7.8,0.10,0.05
2025-12-31 17:17:24.522,0.0,7.8,0.09,0.05
2025-12-31 17:17:25.524,0.1,7.8,0.10,0.05
2025-12-31 17:17:26.526,0.2,7.8,0.09,0.05
2025-12-31 17:17:27.527,0.1,7.8,0.09,0.05
2025-12-31 17:17:28.529,0.1,7.8,0.09,0.05
2025-12-31 17:17:29.530,0.2,7.8,0.09,0.05
2025-12-31 17:17:30.532,0.0,7.8,0.09,0.05
2025-12-31 17:17:31.533,0.0,7.8,0.10,0.05
2025-12-31 17:17:32.534,0.2,7.8,0.09,0.05
2025-12-31 17:17:33.536,0.1,7.8,0.10,0.05
2025-12-31 17:17:34.538,0.0,7.8,0.10,0.05
2025-12-31 17:17:35.540,0.1,7.8,0.09,0.05
2025-12-31 17:17:36.541,0.1,7.8,0.09,0.05
2025-12-31 17:17:37.543,0.1,7.8,0.09,0.05
2025-12-31 17:17:38.544,0.2,7.8,0.09,0.05
2025-12-31 17:17:39.546,0.1,7.8,0.10,0.05
2025-12-31 17:17:40.547,0.1,7.8,0.09,0.05
2025-12-31 17:17:41.548,0.1,7.8,0.10,0.05
2025-12-31 17:17:42.550,0.0,7.8,0.09,0.05
2025-12-31 17:17:43.552,0.2,7.8,0.10,0.05
2025-12-31 17:17:44.553,0.0,7.8,0.09,0.05
2025-12-31 17:17:45.556,0.2,7.8,0.10,0.05
2025-12-31 17:17:46.557,0.2,7.8,0.10,0.05
2025-12-31 17:17:47.558,0.0,7.8,0.09,0.05
2025-12-31 17:17:48.560,0.1,7.8,0.09,0.05
2025-12-31 17:17:49.561,0.0,7.8,0.09,0.05
2025-12-31 17:17:50.563,0.1,7.8,0.09,0.05
2025-12-31 17:17:51.565,0.1,7.8,0.10,0.05
2025-12-31 17:17:52.567,0.1,7.8,0.09,0.05
2025-12-31 17:17:53.569,0.1,7.8,0.10,0.06
2025-12-31 17:17:54.570,0.0,7.8,0.12,0.05
2025-12-31 17:17:55.571,0.1,7.8,0.10,0.05
2025-12-31 17:17:56.572,0.0,7.8,0.09,0.05
2025-12-31 17:17:57.574,0.2,7.8,0.10,0.05
2025-12-31 17:17:58.575,0.1,7.8,0.09,0.05
2025-12-31 17:17:59.576,0.0,7.8,0.09,0.05
2025-12-31 17:18:00.577,0.1,7.8,0.09,0.05
2025-12-31 17:18:01.578,0.0,7.8,0.10,0.05
2025-12-31 17:18:02.580,0.1,7.8,0.09,0.05
2025-12-31 17:18:03.581,0.0,7.8,0.10,0.05
2025-12-31 17:18:04.582,0.0,7.8,0.09,0.05
2025-12-31 17:18:05.584,0.0,7.8,0.09,0.05
2025-12-31 17:18:06.585,0.1,7.8,0.09,0.05
2025-12-31 17:18:07.587,0.1,7.8,0.10,0.05
2025-12-31 17:18:08.589,0.1,7.8,0.10,0.05
2025-12-31 17:18:09.590,0.2,7.8,0.09,0.05
2025-12-31 17:18:10.591,0.2,7.8,0.09,0.05
2025-12-31 17:18:11.592,0.1,7.8,0.10,0.05
2025-12-31 17:18:12.593,0.1,7.8,0.09,0.05
2025-12-31 17:18:13.595,0.1,7.8,0.10,0.05
2025-12-31 17:18:14.596,0.0,7.8,0.09,0.05
2025-12-31 17:18:15.597,0.0,7.8,0.09,0.05
2025-12-31 17:18:16.599,0.2,7.8,0.09,0.05
2025-12-31 17:18:17.600,0.0,7.8,0.10,0.05
2025-12-31 17:18:18.602,0.1,7.8,0.10,0.05
2025-12-31 17:18:19.603,0.0,7.8,0.09,0.05
2025-12-31 17:18:20.604,0.0,7.8,0.09,0.05
2025-12-31 17:18:21.605,0.1,7.8,0.10,0.05
2025-12-31 17:18:22.607,0.1,7.8,0.10,0.05
2025-12-31 17:18:23.609,0.1,7.8,0.09,0.05
2025-12-31 17:18:24.610,0.0,7.8,0.10,0.05
2025-12-31 17:18:25.611,0.2,7.8,0.09,0.05
2025-12-31 17:18:26.613,0.0,7.8,0.09,0.05
2025-12-31 17:18:27.615,0.0,7.8,0.09,0.05
2025-12-31 17:18:28.616,0.0,7.8,0.09,0.05
2025-12-31 17:18:29.618,0.1,7.8,0.10,0.05
2025-12-31 17:18:30.620,0.0,7.8,0.09,0.05
2025-12-31 17:18:31.622,0.1,7.8,0.10,0.05
2025-12-31 17:18:32.623,0.2,7.8,0.09,0.05
2025-12-31 17:18:33.624,0.2,7.8,0.09,0.05
2025-12-31 17:18:34.626,0.2,7.8,0.09,0.05
2025-12-31 17:18:35.627,0.1,7.8,0.09,0.05
2025-12-31 17:18:36.629,0.1,7.8,0.09,0.05
2025-12-31 17:18:37.631,0.1,7.8,0.09,0.05
2025-12-31 17:18:38.632,0.2,7.8,0.09,0.05
2025-12-31 17:18:39.634,0.2,7.8,0.10,0.05
2025-12-31 17:18:40.635,0.2,7.8,0.10,0.05
2025-12-31 17:18:41.637,0.2,7.8,0.09,0.05
2025-12-31 17:18:42.639,0.2,7.8,0.09,0.05
2025-12-31 17:18:43.641,0.4,7.8,0.09,0.05
2025-12-31 17:18:44.642,0.2,7.8,0.09,0.05
2025-12-31 17:18:45.644,0.4,7.8,0.09,0.05
2025-12-31 17:18:46.645,0.3,7.8,0.10,0.05
2025-12-31 17:18:47.647,0.3,7.8,0.09,0.05
2025-12-31 17:18:48.649,0.5,7.8,0.09,0.05
2025-12-31 17:18:49.650,0.3,7.8,0.09,0.05
2025-12-31 17:18:50.651,0.3,7.8,0.09,0.05
2025-12-31 17:18:51.653,0.3,7.8,0.10,0.05
2025-12-31 17:18:52.655,0.6,7.8,0.09,0.05
2025-12-31 17:18:53.657,0.2,7.8,0.09,0.05
2025-12-31 17:18:54.658,0.4,7.8,0.09,0.05
2025-12-31 17:18:55.660,0.3,7.8,0.09,0.05
2025-12-31 17:18:56.661,0.2,7.8,0.09,0.05
2025-12-31 17:18:57.663,0.4,7.8,0.09,0.05
2025-12-31 17:18:58.664,0.2,7.8,0.09,0.05
2025-12-31 17:18:59.666,0.2,7.8,0.09,0.05
2025-12-31 17:19:00.668,0.2,7.8,0.10,0.05
2025-12-31 17:19:01.669,0.2,7.8,0.10,0.05
2025-12-31 17:19:02.671,0.2,7.8,0.10,0.05
2025-12-31 17:19:03.673,0.1,7.8,0.09,0.05
2025-12-31 17:19:04.674,0.2,7.8,0.09,0.05
2025-12-31 17:19:05.676,0.1,7.8,0.09,0.05
2025-12-31 17:19:06.677,0.2,7.8,0.09,0.05
2025-12-31 17:19:07.679,0.2,7.8,0.10,0.06
2025-12-31 17:19:08.681,0.1,7.8,0.09,0.05
2025-12-31 17:19:09.682,0.2,7.8,0.09,0.05
2025-12-31 17:19:10.684,0.2,7.8,0.09,0.05
2025-12-31 17:19:11.686,0.1,7.8,0.10,0.05
2025-12-31 17:19:12.688,0.2,7.8,0.09,0.05
2025-12-31 17:19:13.689,0.0,7.8,0.10,0.05
2025-12-31 17:19:14.691,0.2,7.8,0.09,0.05
2025-12-31 17:19:15.692,0.2,7.8,0.09,0.05
2025-12-31 17:19:16.694,0.2,7.8,0.09,0.05
2025-12-31 17:19:17.696,0.2,7.8,0.09,0.05
2025-12-31 17:19:18.698,0.1,7.8,0.10,0.05
2025-12-31 17:19:19.699,0.0,7.8,0.09,0.05
2025-12-31 17:19:20.700,0.1,7.8,0.09,0.05
2025-12-31 17:19:21.701,0.1,7.8,0.10,0.05
2025-12-31 17:19:22.703,0.2,7.8,0.09,0.05
2025-12-31 17:19:23.705,0.2,7.8,0.10,0.05
2025-12-31 17:19:24.706,0.1,7.8,0.10,0.05
2025-12-31 17:19:25.708,0.1,7.8,0.10,0.05
2025-12-31 17:19:26.710,0.1,7.8,0.09,0.05
2025-12-31 17:19:27.712,0.2,7.8,0.09,0.05
2025-12-31 17:19:28.714,0.1,7.8,0.09,0.05
2025-12-31 17:19:29.715,0.2,7.8,0.09,0.05
2025-12-31 17:19:30.717,0.2,7.8,0.10,0.05
2025-12-31 17:19:31.718,0.2,7.8,0.10,0.05
2025-12-31 17:19:32.720,0.2,7.8,0.09,0.05
2025-12-31 17:19:33.722,0.1,7.8,0.10,0.05
2025-12-31 17:19:34.724,0.2,7.8,0.09,0.05
2025-12-31 17:19:35.726,0.1,7.8,0.10,0.05
2025-12-31 17:19:36.727,0.1,7.8,0.10,0.05
2025-12-31 17:19:37.729,0.1,7.8,0.09,0.05
2025-12-31 17:19:38.730,0.0,7.8,0.09,0.05
2025-12-31 17:19:39.732,0.2,7.8,0.09,0.05
2025-12-31 17:19:40.733,0.1,7.8,0.09,0.05
2025-12-31 17:19:41.734,0.1,7.8,0.10,0.05
2025-12-31 17:19:42.736,0.2,7.8,0.09,0.05
2025-12-31 17:19:43.737,0.1,7.8,0.10,0.05
2025-12-31 17:19:44.739,0.1,7.8,0.09,0.05
2025-12-31 17:19:45.740,0.2,7.8,0.10,0.05
2025-12-31 17:19:46.742,0.2,7.8,0.09,0.05
2025-12-31 17:19:47.744,0.0,7.8,0.09,0.05
2025-12-31 17:19:48.745,0.1,7.8,0.10,0.05
2025-12-31 17:19:49.747,0.1,7.8,0.10,0.05
2025-12-31 17:19:50.749,0.1,7.8,0.09,0.05
2025-12-31 17:19:51.750,0.1,7.8,0.10,0.05
2025-12-31 17:19:52.752,0.1,7.8,0.09,0.05
2025-12-31 17:19:53.754,0.1,7.8,0.09,0.05
2025-12-31 17:19:54.756,0.1,7.8,0.09,0.05
2025-12-31 17:19:55.758,0.1,7.8,0.09,0.05
2025-12-31 17:19:56.760,0.0,7.8,0.09,0.05
2025-12-31 17:19:57.761,0.1,7.8,0.10,0.05
2025-12-31 17:19:58.763,0.0,7.8,0.09,0.05
2025-12-31 17:19:59.764,0.0,7.8,0.09,0.05
2025-12-31 17:20:00.765,0.0,7.8,0.09,0.05
2025-12-31 17:20:01.767,0.1,7.8,0.10,0.05
2025-12-31 17:20:02.769,0.1,7.8,0.09,0.05
2025-12-31 17:20:03.772,0.2,7.8,0.10,0.05
2025-12-31 17:20:04.774,0.1,7.8,0.09,0.05
2025-12-31 17:20:05.775,0.0,7.8,0.09,0.05
2025-12-31 17:20:06.776,0.1,7.8,0.09,0.05
2025-12-31 17:20:07.778,0.0,7.8,0.09,0.05
2025-12-31 17:20:08.779,0.1,7.8,0.10,0.05
2025-12-31 17:20:09.780,0.1,7.8,0.09,0.05
2025-12-31 17:20:10.782,0.0,7.8,0.09,0.05
2025-12-31 17:20:11.783,0.0,7.8,0.10,0.05
2025-12-31 17:20:12.784,0.1,7.8,0.10,0.05
2025-12-31 17:20:13.785,0.0,7.8,0.10,0.05
2025-12-31 17:20:14.787,0.1,7.8,0.10,0.05
2025-12-31 17:20:15.788,0.0,7.8,0.09,0.05
2025-12-31 17:20:16.790,0.2,7.8,0.09,0.05
2025-12-31 17:20:17.792,0.0,7.8,0.09,0.05
2025-12-31 17:20:18.793,0.0,7.8,0.09,0.05
2025-12-31 17:20:19.795,0.1,7.8,0.10,0.05
2025-12-31 17:20:20.797,0.1,7.8,0.10,0.05
2025-12-31 17:20:21.798,0.1,7.8,0.10,0.05
2025-12-31 17:20:22.800,0.0,7.8,0.09,0.05
2025-12-31 17:20:23.802,0.0,7.8,0.10,0.05
2025-12-31 17:20:24.803,0.2,7.8,0.10,0.05
2025-12-31 17:20:25.805,0.0,7.8,0.10,0.05
2025-12-31 17:20:26.806,0.0,7.8,0.10,0.05
2025-12-31 17:20:27.807,0.1,7.8,0.09,0.05
2025-12-31 17:20:28.808,0.1,7.8,0.10,0.05
2025-12-31 17:20:29.809,0.0,7.8,0.09,0.05
2025-12-31 17:20:30.811,0.0,7.8,0.09,0.05
2025-12-31 17:20:31.812,0.0,7.8,0.10,0.05
2025-12-31 17:20:32.814,0.1,7.8,0.10,0.05
2025-12-31 17:20:33.815,0.0,7.8,0.09,0.05
2025-12-31 17:20:34.817,0.0,7.8,0.09,0.05
2025-12-31 17:20:35.820,0.2,7.8,0.09,0.05
2025-12-31 17:20:36.821,0.0,7.8,0.10,0.05
2025-12-31 17:20:37.824,0.1,7.8,0.09,0.05
2025-12-31 17:20:38.826,0.0,7.8,0.09,0.05
2025-12-31 17:20:39.827,0.0,7.8,0.10,0.05
2025-12-31 17:20:40.828,0.1,7.8,0.09,0.05
2025-12-31 17:20:41.829,0.1,7.8,0.10,0.05
2025-12-31 17:20:42.830,0.1,7.8,0.09,0.05
2025-12-31 17:20:43.831,0.0,7.8,0.10,0.05
2025-12-31 17:20:44.833,0.1,7.8,0.09,0.05
2025-12-31 17:20:45.834,0.0,7.8,0.09,0.05
2025-12-31 17:20:46.836,0.1,7.8,0.09,0.05
2025-12-31 17:20:47.837,0.1,7.8,0.10,0.05
2025-12-31 17:20:48.839,0.0,7.8,0.10,0.05
2025-12-31 17:20:49.840,0.0,7.8,0.09,0.05
2025-12-31 17:20:50.842,0.0,7.8,0.09,0.05
2025-12-31 17:20:51.844,0.1,7.8,0.10,0.05
2025-12-31 17:20:52.846,0.1,7.8,0.10,0.05
2025-12-31 17:20:53.847,0.1,7.8,0.10,0.05
2025-12-31 17:20:54.849,0.0,7.8,0.09,0.05
2025-12-31 17:20:55.850,0.1,7.8,0.10,0.05
2025-12-31 17:20:56.852,0.0,7.8,0.09,0.05
2025-12-31 17:20:57.853,0.1,7.8,0.09,0.05
2025-12-31 17:20:58.855,0.0,7.8,0.09,0.05
2025-12-31 17:20:59.856,0.1,7.8,0.09,0.05
2025-12-31 17:21:00.858,0.1,7.8,0.09,0.05
2025-12-31 17:21:01.859,0.0,7.8,0.10,0.06
2025-12-31 17:21:02.860,0.1,7.8,0.09,0.05
2025-12-31 17:21:03.861,0.1,7.8,0.10,0.05
2025-12-31 17:21:04.863,0.1,7.8,0.09,0.05
2025-12-31 17:21:05.864,0.0,7.8,0.09,0.05
2025-12-31 17:21:06.866,0.1,7.8,0.09,0.05
2025-12-31 17:21:07.867,0.1,7.8,0.09,0.05
2025-12-31 17:21:08.869,0.1,7.8,0.09,0.05
2025-12-31 17:21:09.870,0.0,7.8,0.09,0.05
2025-12-31 17:21:10.872,0.0,7.8,0.09,0.05
2025-12-31 17:21:11.874,0.1,7.8,0.10,0.05
2025-12-31 17:21:12.875,0.2,7.8,0.09,0.05
2025-12-31 17:21:13.876,0.0,7.8,0.09,0.05
2025-12-31 17:21:14.878,0.1,7.8,0.10,0.05
2025-12-31 17:21:15.879,0.0,7.8,0.10,0.05
2025-12-31 17:21:16.880,0.1,7.8,0.09,0.05
2025-12-31 17:21:17.882,0.1,7.8,0.09,0.05
2025-12-31 17:21:18.885,0.0,7.8,0.10,0.05
2025-12-31 17:21:19.886,0.0,7.8,0.09,0.05
2025-12-31 17:21:20.887,0.1,7.8,0.09,0.05
2025-12-31 17:21:21.888,0.1,7.8,0.10,0.05
2025-12-31 17:21:22.890,0.1,7.8,0.10,0.05
2025-12-31 17:21:23.892,0.0,7.8,0.09,0.05
2025-12-31 17:21:24.893,0.0,7.8,0.10,0.05
2025-12-31 17:21:25.895,0.1,7.8,0.09,0.05
2025-12-31 17:21:26.896,0.1,7.8,0.09,0.05
2025-12-31 17:21:27.897,0.1,7.8,0.09,0.05
2025-12-31 17:21:28.899,0.2,7.8,0.09,0.05
2025-12-31 17:21:29.901,0.2,7.8,0.09,0.05
2025-12-31 17:21:30.902,0.2,7.8,0.10,0.05
2025-12-31 17:21:31.904,0.2,7.8,0.10,0.05
2025-12-31 17:21:32.906,0.2,7.8,0.09,0.05
2025-12-31 17:21:33.907,0.2,7.8,0.10,0.05
2025-12-31 17:21:34.909,0.2,7.8,0.09,0.05
2025-12-31 17:21:35.911,0.2,7.8,0.09,0.05
2025-12-31 17:21:36.912,0.2,7.8,0.10,0.05
2025-12-31 17:21:37.914,0.2,7.8,0.10,0.05
2025-12-31 17:21:38.915,0.5,7.8,0.09,0.05
2025-12-31 17:21:39.917,0.2,7.8,0.10,0.05
2025-12-31 17:21:40.918,0.5,7.8,0.09,0.05
2025-12-31 17:21:41.919,0.4,7.8,0.10,0.05
2025-12-31 17:21:42.921,0.4,7.8,0.10,0.05
2025-12-31 17:21:43.923,0.4,7.8,0.10,0.05
2025-12-31 17:21:44.925,0.3,7.8,0.09,0.05
2025-12-31 17:21:45.927,0.5,7.8,0.09,0.05
2025-12-31 17:21:46.928,0.2,7.8,0.09,0.05
2025-12-31 17:21:47.930,0.4,7.8,0.10,0.05
2025-12-31 17:21:48.931,0.4,7.8,0.09,0.05
2025-12-31 17:21:49.932,0.4,7.8,0.10,0.05
2025-12-31 17:21:50.934,0.2,7.8,0.09,0.05
2025-12-31 17:21:51.936,0.3,7.8,0.10,0.05
2025-12-31 17:21:52.938,0.3,7.8,0.09,0.05
2025-12-31 17:21:53.940,0.2,7.8,0.10,0.05
2025-12-31 17:21:54.942,0.2,7.8,0.09,0.05
2025-12-31 17:21:55.943,0.2,7.8,0.09,0.05
2025-12-31 17:21:56.944,0.2,7.8,0.10,0.05
2025-12-31 17:21:57.946,0.2,7.8,0.09,0.05
2025-12-31 17:21:58.946,0.2,7.8,0.10,0.05
2025-12-31 17:21:59.947,0.3,7.8,0.09,0.05
2025-12-31 17:22:00.949,0.2,7.8,0.10,0.05
2025-12-31 17:22:01.951,0.2,7.8,0.10,0.05
2025-12-31 17:22:02.952,0.2,7.8,0.09,0.05
2025-12-31 17:22:03.953,0.1,7.8,0.10,0.05
2025-12-31 17:22:04.955,0.2,7.8,0.09,0.05
2025-12-31 17:22:05.956,0.2,7.8,0.09,0.05
2025-12-31 17:22:06.958,0.2,7.8,0.09,0.05
2025-12-31 17:22:07.960,0.1,7.8,0.09,0.05
2025-12-31 17:22:08.961,0.1,7.8,0.10,0.05
2025-12-31 17:22:09.963,0.2,7.8,0.10,0.05
2025-12-31 17:22:10.964,0.4,7.8,0.09,0.05
2025-12-31 17:22:11.966,0.1,7.8,0.10,0.05
2025-12-31 17:22:12.968,0.2,7.8,0.09,0.05
2025-12-31 17:22:13.969,0.1,7.8,0.09,0.05
2025-12-31 17:22:14.971,0.2,7.8,0.09,0.05
2025-12-31 17:22:15.973,0.2,7.8,0.10,0.05
2025-12-31 17:22:16.975,0.5,7.8,0.09,0.05
2025-12-31 17:22:17.976,0.2,7.8,0.10,0.05
2025-12-31 17:22:18.979,0.2,7.8,0.09,0.05
2025-12-31 17:22:19.980,0.2,7.8,0.09,0.05
2025-12-31 17:22:20.982,0.1,7.8,0.10,0.05
2025-12-31 17:22:21.983,0.3,7.8,0.10,0.05
2025-12-31 17:22:22.984,0.2,7.8,0.09,0.05
2025-12-31 17:22:23.985,0.2,7.8,0.09,0.05
2025-12-31 17:22:24.987,0.2,7.8,0.10,0.05
2025-12-31 17:22:25.989,0.2,7.8,0.09,0.05
2025-12-31 17:22:26.991,0.1,7.8,0.10,0.05
2025-12-31 17:22:27.993,0.1,7.8,0.09,0.05
2025-12-31 17:22:28.995,0.2,7.8,0.09,0.05
2025-12-31 17:22:29.996,0.1,7.8,0.09,0.05
2025-12-31 17:22:30.997,0.2,7.8,0.09,0.05
2025-12-31 17:22:31.999,0.2,7.8,0.10,0.05
2025-12-31 17:22:33.000,0.4,7.8,0.09,0.05
2025-12-31 17:22:34.002,0.2,7.8,0.10,0.05
2025-12-31 17:22:35.004,0.2,7.8,0.09,0.05
2025-12-31 17:22:36.005,0.0,7.8,0.09,0.05
2025-12-31 17:22:37.007,0.2,7.8,0.09,0.05
2025-12-31 17:22:38.009,0.1,7.8,0.09,0.05
2025-12-31 17:22:39.010,0.2,7.8,0.09,0.05
2025-12-31 17:22:40.012,0.2,7.8,0.10,0.05
2025-12-31 17:22:41.013,0.1,7.8,0.09,0.04
2025-12-31 17:22:42.015,0.2,7.8,0.10,0.05
2025-12-31 17:22:43.016,0.1,7.8,0.10,0.05
2025-12-31 17:22:44.017,0.0,7.8,0.09,0.05
2025-12-31 17:22:45.018,0.1,7.8,0.09,0.05
2025-12-31 17:22:46.020,0.1,7.8,0.09,0.05
2025-12-31 17:22:47.021,0.0,7.8,0.09,0.05
2025-12-31 17:22:48.023,0.1,7.8,0.09,0.05
2025-12-31 17:22:49.025,0.1,7.8,0.09,0.05
2025-12-31 17:22:50.027,0.0,7.8,0.10,0.05
2025-12-31 17:22:51.028,0.1,7.8,0.09,0.05
2025-12-31 17:22:52.030,0.2,7.8,0.10,0.05
2025-12-31 17:22:53.031,0.1,7.8,0.09,0.05
2025-12-31 17:22:54.032,0.1,7.8,0.10,0.05
2025-12-31 17:22:55.034,0.0,7.8,0.09,0.05
2025-12-31 17:22:56.035,0.1,7.8,0.10,0.05
2025-12-31 17:22:57.037,0.1,7.8,0.09,0.05
2025-12-31 17:22:58.038,0.1,7.8,0.09,0.05
2025-12-31 17:22:59.039,0.0,7.8,0.09,0.05
2025-12-31 17:23:00.041,0.0,7.8,0.09,0.05
2025-12-31 17:23:01.042,0.1,7.8,0.09,0.05
2025-12-31 17:23:02.044,0.1,7.8,0.10,0.05
2025-12-31 17:23:03.046,0.0,7.8,0.09,0.05
2025-12-31 17:23:04.048,0.1,7.8,0.09,0.05
2025-12-31 17:23:05.049,0.0,7.8,0.10,0.05
2025-12-31 17:23:06.050,0.1,7.8,0.09,0.05
2025-12-31 17:23:07.052,0.1,7.8,0.09,0.05
2025-12-31 17:23:08.054,0.0,7.8,0.10,0.05
2025-12-31 17:23:09.056,0.0,7.8,0.09,0.05
2025-12-31 17:23:10.058,0.1,7.8,0.09,0.05
2025-12-31 17:23:11.060,0.0,7.8,0.09,0.05
2025-12-31 17:23:12.063,0.1,7.8,0.12,0.06
2025-12-31 17:23:13.064,0.0,7.8,0.09,0.05
2025-12-31 17:23:14.065,0.1,7.8,0.09,0.05
2025-12-31 17:23:15.066,0.0,7.8,0.09,0.05
2025-12-31 17:23:16.068,0.0,7.8,0.09,0.05
2025-12-31 17:23:17.069,0.1,7.8,0.10,0.05
2025-12-31 17:23:18.070,0.0,7.8,0.09,0.05
2025-12-31 17:23:19.072,0.0,7.8,0.09,0.05
2025-12-31 17:23:20.073,0.1,7.8,0.09,0.05
2025-12-31 17:23:21.074,0.0,7.8,0.10,0.05
2025-12-31 17:23:22.076,0.0,7.8,0.10,0.05
2025-12-31 17:23:23.078,0.1,7.8,0.09,0.05
2025-12-31 17:23:24.079,0.1,7.8,0.09,0.05
2025-12-31 17:23:25.081,0.0,7.8,0.10,0.05
2025-12-31 17:23:26.082,0.0,7.8,0.10,0.05
2025-12-31 17:23:27.083,0.1,7.8,0.10,0.05
2025-12-31 17:23:28.084,0.1,7.8,0.09,0.05
2025-12-31 17:23:29.085,0.1,7.8,0.09,0.05
2025-12-31 17:23:30.087,0.0,7.8,0.10,0.05
2025-12-31 17:23:31.088,0.0,7.8,0.10,0.05
2025-12-31 17:23:32.090,0.1,7.8,0.10,0.05
2025-12-31 17:23:33.092,0.1,7.8,0.10,0.05
2025-12-31 17:23:34.093,0.1,7.8,0.10,0.05
2025-12-31 17:23:35.095,0.0,7.8,0.09,0.05
2025-12-31 17:23:36.096,0.0,7.8,0.09,0.05
2025-12-31 17:23:37.097,0.0,7.8,0.09,0.05
2025-12-31 17:23:38.099,0.1,7.8,0.10,0.05
2025-12-31 17:23:39.100,0.1,7.8,0.09,0.05
2025-12-31 17:23:40.102,0.2,7.8,0.10,0.05
2025-12-31 17:23:41.103,0.0,7.8,0.09,0.05
2025-12-31 17:23:42.105,0.0,7.8,0.10,0.05
2025-12-31 17:23:43.107,0.1,7.8,0.09,0.05
2025-12-31 17:23:44.109,0.0,7.8,0.09,0.05
2025-12-31 17:23:45.111,0.1,7.8,0.10,0.05
2025-12-31 17:23:46.113,0.0,7.8,0.09,0.05
2025-12-31 17:23:47.114,0.1,7.8,0.09,0.05
2025-12-31 17:23:48.116,0.0,7.8,0.09,0.05
2025-12-31 17:23:49.117,0.1,7.8,0.10,0.05
2025-12-31 17:23:50.119,0.0,7.8,0.09,0.05
2025-12-31 17:23:51.120,0.0,7.8,0.09,0.05
2025-12-31 17:23:52.121,0.1,7.8,0.10,0.05
2025-12-31 17:23:53.123,0.0,7.8,0.09,0.05
2025-12-31 17:23:54.124,0.1,7.8,0.09,0.05
2025-12-31 17:23:55.126,0.0,7.8,0.09,0.05
2025-12-31 17:23:56.127,0.0,7.8,0.09,0.05
2025-12-31 17:23:57.128,0.1,7.8,0.09,0.05
2025-12-31 17:23:58.130,0.1,7.8,0.10,0.05
2025-12-31 17:23:59.131,0.1,7.8,0.09,0.05
2025-12-31 17:24:00.133,0.2,7.8,0.09,0.05
2025-12-31 17:24:01.135,0.0,7.8,0.09,0.05
2025-12-31 17:24:02.136,0.1,7.8,0.10,0.05
2025-12-31 17:24:03.138,0.0,7.8,0.09,0.05
2025-12-31 17:24:04.139,0.1,7.8,0.09,0.05
2025-12-31 17:24:05.141,0.1,7.8,0.09,0.06
2025-12-31 17:24:06.142,0.0,7.8,0.09,0.06
2025-12-31 17:24:07.144,0.1,7.8,0.10,0.06
2025-12-31 17:24:08.146,0.0,7.8,0.09,0.05
2025-12-31 17:24:09.147,0.1,7.8,0.09,0.05
2025-12-31 17:24:10.149,0.0,7.8,0.09,0.05
2025-12-31 17:24:11.150,0.0,7.8,0.10,0.05
2025-12-31 17:24:12.152,0.1,7.8,0.10,0.06
2025-12-31 17:24:13.154,0.1,7.8,0.09,0.05
2025-12-31 17:24:14.156,0.0,7.8,0.09,0.05
2025-12-31 17:24:15.157,0.1,7.8,0.09,0.05
2025-12-31 17:24:16.160,0.0,7.8,0.09,0.05
2025-12-31 17:24:17.161,0.1,7.8,0.09,0.05
2025-12-31 17:24:18.163,0.1,7.8,0.09,0.05
2025-12-31 17:24:19.165,0.1,7.8,0.09,0.05
2025-12-31 17:24:20.166,0.0,7.8,0.09,0.05
2025-12-31 17:24:21.167,0.1,7.8,0.09,0.05
2025-12-31 17:24:22.169,0.1,7.8,0.10,0.05
2025-12-31 17:24:23.171,0.0,7.8,0.10,0.05
2025-12-31 17:24:24.173,0.1,7.8,0.09,0.05
2025-12-31 17:24:25.174,0.1,7.8,0.10,0.05
2025-12-31 17:24:26.176,0.0,7.8,0.10,0.05
2025-12-31 17:24:27.178,0.0,7.8,0.09,0.05
2025-12-31 17:24:28.180,0.2,7.8,0.09,0.05
2025-12-31 17:24:29.182,0.2,7.8,0.10,0.05
2025-12-31 17:24:30.183,0.2,7.8,0.09,0.05
2025-12-31 17:24:31.184,0.2,7.8,0.09,0.05
2025-12-31 17:24:32.186,0.2,7.8,0.10,0.05
2025-12-31 17:24:33.187,0.3,7.8,0.09,0.05
2025-12-31 17:24:34.188,0.1,7.8,0.09,0.05
2025-12-31 17:24:35.190,0.2,7.8,0.09,0.05
2025-12-31 17:24:36.191,0.2,7.8,0.09,0.05
2025-12-31 17:24:37.192,0.3,7.8,0.09,0.05
2025-12-31 17:24:38.194,0.2,7.8,0.09,0.05
2025-12-31 17:24:39.196,0.3,7.8,0.09,0.05
2025-12-31 17:24:40.198,0.4,7.8,0.09,0.05
2025-12-31 17:24:41.200,0.3,7.8,0.09,0.05
2025-12-31 17:24:42.201,0.4,7.8,0.10,0.05
2025-12-31 17:24:43.203,0.2,7.8,0.09,0.05
2025-12-31 17:24:44.205,0.2,7.8,0.10,0.05
2025-12-31 17:24:45.206,0.3,7.8,0.09,0.05
2025-12-31 17:24:46.207,0.5,7.8,0.09,0.05
2025-12-31 17:24:47.209,0.3,7.8,0.09,0.05
2025-12-31 17:24:48.211,0.2,7.8,0.09,0.05
2025-12-31 17:24:49.212,0.3,7.8,0.09,0.05
2025-12-31 17:24:50.214,0.3,7.8,0.09,0.05
2025-12-31 17:24:51.216,0.4,7.8,0.09,0.05
2025-12-31 17:24:52.217,0.4,7.8,0.10,0.05
2025-12-31 17:24:53.218,0.2,7.8,0.09,0.05
2025-12-31 17:24:54.220,0.4,7.8,0.09,0.05
2025-12-31 17:24:55.221,0.2,7.8,0.10,0.05
2025-12-31 17:24:56.223,0.2,7.8,0.09,0.05
2025-12-31 17:24:57.225,0.4,7.8,0.09,0.05
2025-12-31 17:24:58.226,0.2,7.8,0.09,0.05
2025-12-31 17:24:59.228,0.3,7.8,0.09,0.05
2025-12-31 17:25:00.230,0.1,7.8,0.10,0.05
2025-12-31 17:25:01.231,0.3,7.8,0.09,0.05
2025-12-31 17:25:02.232,0.2,7.8,0.10,0.05
2025-12-31 17:25:03.233,0.2,7.8,0.09,0.05
2025-12-31 17:25:04.236,0.3,7.8,0.09,0.05
2025-12-31 17:25:05.238,0.2,7.8,0.10,0.09
2025-12-31 17:25:06.240,0.2,7.8,0.10,0.06
2025-12-31 17:25:07.241,0.2,7.8,0.09,0.05
2025-12-31 17:25:08.242,0.1,7.8,0.09,0.06
2025-12-31 17:25:09.243,0.3,7.8,0.09,0.05
2025-12-31 17:25:10.245,0.2,7.8,0.09,0.06
2025-12-31 17:25:11.248,0.2,7.8,0.09,0.05
2025-12-31 17:25:12.249,0.2,7.8,0.10,0.06
2025-12-31 17:25:13.251,0.2,7.8,0.09,0.05
2025-12-31 17:25:14.252,0.2,7.8,0.09,0.05
2025-12-31 17:25:15.254,0.2,7.8,0.09,0.05
2025-12-31 17:25:16.255,0.2,7.8,0.10,0.05
2025-12-31 17:25:17.257,0.3,7.8,0.10,0.05
2025-12-31 17:25:18.260,0.1,7.8,0.09,0.05
2025-12-31 17:25:19.261,0.2,7.8,0.09,0.05
2025-12-31 17:25:20.262,0.1,7.8,0.09,0.05
2025-12-31 17:25:21.264,0.2,7.8,0.09,0.05
2025-12-31 17:25:22.266,0.2,7.8,0.10,0.05
2025-12-31 17:25:23.268,0.2,7.8,0.09,0.05
2025-12-31 17:25:24.269,0.2,7.8,0.09,0.05
2025-12-31 17:25:25.271,0.1,7.8,0.10,0.05
2025-12-31 17:25:26.273,0.0,7.8,0.10,0.05
2025-12-31 17:25:27.274,0.1,7.8,0.09,0.05
2025-12-31 17:25:28.276,0.1,7.8,0.10,0.05
2025-12-31 17:25:29.278,0.1,7.8,0.09,0.05
2025-12-31 17:25:30.280,0.2,7.8,0.10,0.05
2025-12-31 17:25:31.281,0.2,7.8,0.10,0.05
2025-12-31 17:25:32.282,0.0,7.8,0.10,0.05
2025-12-31 17:25:33.283,0.3,7.8,0.10,0.05
2025-12-31 17:25:34.285,0.1,7.8,0.09,0.05
2025-12-31 17:25:35.286,0.2,7.8,0.09,0.05
2025-12-31 17:25:36.287,0.0,7.8,0.09,0.05
2025-12-31 17:25:37.288,0.2,7.8,0.09,0.05
2025-12-31 17:25:38.290,0.2,7.8,0.09,0.05
2025-12-31 17:25:39.291,0.1,7.8,0.10,0.06
2025-12-31 17:25:40.292,0.1,7.8,0.09,0.05
2025-12-31 17:25:41.293,0.0,7.8,0.09,0.05
2025-12-31 17:25:42.295,0.1,7.8,0.10,0.05
2025-12-31 17:25:43.297,0.2,7.8,0.09,0.05
2025-12-31 17:25:44.299,0.1,7.8,0.09,0.05
2025-12-31 17:25:45.300,0.2,7.8,0.10,0.05
2025-12-31 17:25:46.301,0.0,7.8,0.09,0.05
2025-12-31 17:25:47.302,0.1,7.8,0.09,0.05
2025-12-31 17:25:48.304,0.2,7.8,0.09,0.05
2025-12-31 17:25:49.305,0.1,7.8,0.09,0.05
2025-12-31 17:25:50.307,0.0,7.8,0.10,0.05
2025-12-31 17:25:51.309,0.2,7.8,0.09,0.05
2025-12-31 17:25:52.310,0.0,7.8,0.10,0.05
2025-12-31 17:25:53.311,0.0,7.8,0.09,0.05
2025-12-31 17:25:54.312,0.0,7.8,0.09,0.05
2025-12-31 17:25:55.313,0.2,7.8,0.10,0.05
2025-12-31 17:25:56.315,0.1,7.8,0.09,0.05
2025-12-31 17:25:57.316,0.1,7.8,0.09,0.05
2025-12-31 17:25:58.318,0.2,7.8,0.10,0.05
2025-12-31 17:25:59.320,0.1,7.8,0.09,0.05
2025-12-31 17:26:00.321,0.0,7.8,0.09,0.05
2025-12-31 17:26:01.323,0.1,7.8,0.09,0.05
2025-12-31 17:26:02.325,0.0,7.8,0.10,0.05
2025-12-31 17:26:03.326,0.2,7.8,0.09,0.05
2025-12-31 17:26:04.328,0.2,7.8,0.09,0.05
2025-12-31 17:26:05.330,0.0,7.8,0.09,0.05
2025-12-31 17:26:06.332,0.0,7.8,0.10,0.05
2025-12-31 17:26:07.333,0.2,7.8,0.09,0.05
2025-12-31 17:26:08.335,0.1,7.8,0.10,0.05
2025-12-31 17:26:09.336,0.1,7.8,0.09,0.05
2025-12-31 17:26:10.337,0.1,7.8,0.09,0.05
2025-12-31 17:26:11.338,0.1,7.8,0.09,0.05
2025-12-31 17:26:12.340,0.2,7.8,0.10,0.05
2025-12-31 17:26:13.342,0.1,7.8,0.09,0.05
2025-12-31 17:26:14.343,0.0,7.8,0.09,0.05
2025-12-31 17:26:15.345,0.1,7.8,0.09,0.05
2025-12-31 17:26:16.346,0.1,7.8,0.09,0.05
2025-12-31 17:26:17.348,0.1,7.8,0.09,0.05
2025-12-31 17:26:18.349,0.1,7.8,0.09,0.05
2025-12-31 17:26:19.351,0.0,7.8,0.09,0.05
2025-12-31 17:26:20.352,0.1,7.8,0.09,0.05
2025-12-31 17:26:21.353,0.1,7.8,0.09,0.05
2025-12-31 17:26:22.354,0.0,7.8,0.10,0.05
2025-12-31 17:26:23.356,0.1,7.8,0.10,0.05
2025-12-31 17:26:24.358,0.0,7.8,0.09,0.05
2025-12-31 17:26:25.360,0.1,7.8,0.10,0.05
2025-12-31 17:26:26.362,0.0,7.8,0.09,0.05
2025-12-31 17:26:27.364,0.2,7.8,0.09,0.05
2025-12-31 17:26:28.365,0.0,7.8,0.09,0.05
2025-12-31 17:26:29.368,0.1,7.8,0.09,0.05
2025-12-31 17:26:30.369,0.1,7.8,0.09,0.05
2025-12-31 17:26:31.371,0.1,7.8,0.09,0.05
2025-12-31 17:26:32.373,0.1,7.8,0.10,0.05
2025-12-31 17:26:33.375,0.1,7.8,0.10,0.05
2025-12-31 17:26:34.377,0.1,7.8,0.09,0.05
2025-12-31 17:26:35.378,0.0,7.8,0.10,0.05
2025-12-31 17:26:36.379,0.1,7.8,0.09,0.05
2025-12-31 17:26:37.380,0.1,7.8,0.09,0.05
2025-12-31 17:26:38.381,0.0,7.8,0.09,0.05
2025-12-31 17:26:39.383,0.1,7.8,0.09,0.05
2025-12-31 17:26:40.384,0.1,7.8,0.09,0.05
2025-12-31 17:26:41.386,0.1,7.8,0.09,0.05
2025-12-31 17:26:42.388,0.1,7.8,0.10,0.05
2025-12-31 17:26:43.389,0.1,7.8,0.09,0.05
2025-12-31 17:26:44.391,0.2,7.8,0.10,0.05
2025-12-31 17:26:45.392,0.1,7.8,0.10,0.05
2025-12-31 17:26:46.394,0.1,7.8,0.09,0.05
2025-12-31 17:26:47.396,0.2,7.8,0.09,0.05
2025-12-31 17:26:48.397,0.1,7.8,0.09,0.05
2025-12-31 17:26:49.399,0.1,7.8,0.10,0.05
2025-12-31 17:26:50.401,0.1,7.8,0.09,0.05
2025-12-31 17:26:51.402,0.0,7.8,0.09,0.05
2025-12-31 17:26:52.403,0.2,7.8,0.10,0.05
2025-12-31 17:26:53.405,0.0,7.8,0.09,0.05
2025-12-31 17:26:54.406,0.1,7.8,0.09,0.05
2025-12-31 17:26:55.407,0.1,7.8,0.09,0.05
2025-12-31 17:26:56.409,0.1,7.8,0.10,0.05
2025-12-31 17:26:57.410,0.0,7.8,0.09,0.05
2025-12-31 17:26:58.412,0.0,7.8,0.09,0.05
2025-12-31 17:26:59.413,0.1,7.8,0.09,0.05
2025-12-31 17:27:00.415,0.2,7.8,0.10,0.05
2025-12-31 17:27:01.417,0.0,7.8,0.09,0.05
2025-12-31 17:27:02.419,0.1,7.8,0.10,0.05
2025-12-31 17:27:03.420,0.0,7.8,0.09,0.05
2025-12-31 17:27:04.422,0.1,7.8,0.10,0.05
2025-12-31 17:27:05.424,0.1,7.8,0.09,0.05
2025-12-31 17:27:06.425,0.0,7.8,0.10,0.05
2025-12-31 17:27:07.426,0.1,7.8,0.10,0.05
2025-12-31 17:27:08.428,0.1,7.8,0.09,0.05
2025-12-31 17:27:09.429,0.0,7.8,0.09,0.05
2025-12-31 17:27:10.430,0.0,7.8,0.09,0.05
2025-12-31 17:27:11.432,0.2,7.8,0.09,0.05
2025-12-31 17:27:12.434,0.1,7.8,0.10,0.05
2025-12-31 17:27:13.436,0.0,7.8,0.09,0.05
2025-12-31 17:27:14.437,0.0,7.8,0.09,0.05
2025-12-31 17:27:15.438,0.0,7.8,0.09,0.05
2025-12-31 17:27:16.439,0.1,7.8,0.09,0.05
2025-12-31 17:27:17.441,0.1,7.8,0.09,0.05
2025-12-31 17:27:18.444,0.2,7.8,0.09,0.05
2025-12-31 17:27:19.445,0.0,7.8,0.09,0.05
2025-12-31 17:27:20.446,0.1,7.8,0.09,0.05
2025-12-31 17:27:21.448,0.1,7.8,0.09,0.05
2025-12-31 17:27:22.450,0.0,7.8,0.10,0.05
2025-12-31 17:27:23.452,0.1,7.8,0.09,0.05
2025-12-31 17:27:24.453,0.1,7.8,0.09,0.05
2025-12-31 17:27:25.454,0.2,7.8,0.10,0.05
2025-12-31 17:27:26.455,0.2,7.8,0.09,0.05
2025-12-31 17:27:27.457,0.0,7.8,0.09,0.05
2025-12-31 17:27:28.458,0.2,7.8,0.09,0.05
2025-12-31 17:27:29.459,0.2,7.8,0.10,0.05
2025-12-31 17:27:30.461,0.2,7.8,0.09,0.05
2025-12-31 17:27:31.462,0.3,7.8,0.09,0.05
2025-12-31 17:27:32.464,0.3,7.8,0.10,0.05
2025-12-31 17:27:33.465,0.2,7.8,0.09,0.05
2025-12-31 17:27:34.467,0.3,7.8,0.09,0.05
2025-12-31 17:27:35.469,0.2,7.8,0.10,0.05
2025-12-31 17:27:36.470,0.4,7.8,0.10,0.05
2025-12-31 17:27:37.472,0.2,7.8,0.09,0.05
2025-12-31 17:27:38.473,0.3,7.8,0.09,0.05
2025-12-31 17:27:39.474,0.2,7.8,0.09,0.05
2025-12-31 17:27:40.475,0.4,7.8,0.10,0.05
2025-12-31 17:27:41.477,0.4,7.8,0.10,0.05
2025-12-31 17:27:42.478,0.2,7.8,0.10,0.05
2025-12-31 17:27:43.480,0.5,7.8,0.09,0.05
2025-12-31 17:27:44.481,0.4,7.8,0.09,0.05
2025-12-31 17:27:45.482,0.2,7.8,0.09,0.05
2025-12-31 17:27:46.484,0.2,7.8,0.10,0.05
2025-12-31 17:27:47.485,0.3,7.8,0.09,0.05
2025-12-31 17:27:48.486,0.3,7.8,0.09,0.05
2025-12-31 17:27:49.488,0.2,7.8,0.09,0.05
2025-12-31 17:27:50.489,0.2,7.8,0.10,0.05
2025-12-31 17:27:51.491,0.3,7.8,0.10,0.05
2025-12-31 17:27:52.492,0.3,7.8,0.10,0.05
2025-12-31 17:27:53.494,0.2,7.8,0.09,0.05
2025-12-31 17:27:54.495,0.2,7.8,0.09,0.05
2025-12-31 17:27:55.497,0.2,7.8,0.09,0.05
2025-12-31 17:27:56.499,0.2,7.8,0.09,0.05
2025-12-31 17:27:57.501,0.2,7.8,0.09,0.05
2025-12-31 17:27:58.503,0.1,7.8,0.09,0.05
2025-12-31 17:27:59.504,0.2,7.8,0.09,0.05
2025-12-31 17:28:00.505,0.2,7.8,0.10,0.05
2025-12-31 17:28:01.507,0.2,7.8,0.10,0.05
2025-12-31 17:28:02.508,0.2,7.8,0.10,0.05
2025-12-31 17:28:03.510,0.1,7.8,0.09,0.05
2025-12-31 17:28:04.511,0.2,7.8,0.09,0.05
2025-12-31 17:28:05.512,0.2,7.8,0.10,0.05
2025-12-31 17:28:06.514,0.0,7.8,0.09,0.05
2025-12-31 17:28:07.515,0.2,7.8,0.09,0.05
2025-12-31 17:28:08.517,0.0,7.8,0.09,0.05
2025-12-31 17:28:09.518,0.2,7.8,0.09,0.05
2025-12-31 17:28:10.519,0.1,7.8,0.10,0.05
2025-12-31 17:28:11.520,0.2,7.8,0.09,0.05
2025-12-31 17:28:12.522,0.0,7.8,0.10,0.05
2025-12-31 17:28:13.524,0.1,7.8,0.10,0.05
2025-12-31 17:28:14.525,0.1,7.8,0.09,0.05
2025-12-31 17:28:15.527,0.1,7.8,0.10,0.05
2025-12-31 17:28:16.528,0.1,7.8,0.09,0.05
2025-12-31 17:28:17.530,0.2,7.8,0.09,0.05
2025-12-31 17:28:18.532,0.2,7.8,0.09,0.05
2025-12-31 17:28:19.534,0.2,7.8,0.10,0.05
2025-12-31 17:28:20.535,0.2,7.8,0.09,0.05
2025-12-31 17:28:21.537,0.1,7.8,0.09,0.05
2025-12-31 17:28:22.538,0.2,7.8,0.10,0.05
2025-12-31 17:28:23.539,0.1,7.8,0.10,0.05
2025-12-31 17:28:24.541,0.2,7.8,0.09,0.05
2025-12-31 17:28:25.542,0.1,7.8,0.10,0.05
2025-12-31 17:28:26.544,0.2,7.8,0.09,0.05
2025-12-31 17:28:27.545,0.0,7.8,0.10,0.05
2025-12-31 17:28:28.547,0.2,7.8,0.10,0.05
2025-12-31 17:28:29.548,0.0,7.8,0.10,0.05
2025-12-31 17:28:30.550,0.1,7.8,0.10,0.05
2025-12-31 17:28:31.551,0.2,7.8,0.09,0.05
2025-12-31 17:28:32.553,0.0,7.8,0.10,0.05
2025-12-31 17:28:33.554,0.2,7.8,0.09,0.05
2025-12-31 17:28:34.555,0.1,7.8,0.10,0.05
2025-12-31 17:28:35.557,0.0,7.8,0.11,0.06
2025-12-31 17:28:36.558,0.2,7.8,0.09,0.05
2025-12-31 17:28:37.559,0.2,7.8,0.10,0.05
2025-12-31 17:28:38.560,0.0,7.8,0.10,0.05
2025-12-31 17:28:39.561,0.0,7.8,0.09,0.05
2025-12-31 17:28:40.562,0.1,7.8,0.09,0.05
2025-12-31 17:28:41.564,0.2,7.8,0.10,0.05
2025-12-31 17:28:42.565,0.1,7.8,0.10,0.05
2025-12-31 17:28:43.566,0.0,7.8,0.09,0.05
2025-12-31 17:28:44.568,0.1,7.8,0.09,0.05
2025-12-31 17:28:45.569,0.1,7.8,0.10,0.05
2025-12-31 17:28:46.570,0.1,7.8,0.09,0.05
2025-12-31 17:28:47.572,0.2,7.8,0.10,0.05
2025-12-31 17:28:48.573,0.0,7.8,0.09,0.05
2025-12-31 17:28:49.574,0.2,7.8,0.10,0.05
2025-12-31 17:28:50.576,0.1,7.8,0.09,0.05
2025-12-31 17:28:51.577,0.1,7.8,0.09,0.05
2025-12-31 17:28:52.577,0.1,7.8,0.10,0.05
2025-12-31 17:28:53.579,0.1,7.8,0.09,0.05
2025-12-31 17:28:54.580,0.0,7.8,0.09,0.05
2025-12-31 17:28:55.581,0.1,7.8,0.10,0.05
2025-12-31 17:28:56.583,0.1,7.8,0.10,0.05
2025-12-31 17:28:57.585,0.1,7.8,0.09,0.05
2025-12-31 17:28:58.586,0.2,7.8,0.09,0.05
2025-12-31 17:28:59.588,0.1,7.8,0.09,0.05
2025-12-31 17:29:00.589,0.2,7.8,0.09,0.05
2025-12-31 17:29:01.590,0.1,7.8,0.10,0.05
2025-12-31 17:29:02.591,0.1,7.8,0.10,0.05
2025-12-31 17:29:03.593,0.1,7.8,0.09,0.05
2025-12-31 17:29:04.594,0.1,7.8,0.09,0.05
2025-12-31 17:29:05.595,0.1,7.8,0.10,0.05
2025-12-31 17:29:06.596,0.1,7.8,0.09,0.05
2025-12-31 17:29:07.598,0.2,7.8,0.10,0.05
2025-12-31 17:29:08.600,0.0,7.8,0.09,0.05
2025-12-31 17:29:09.603,0.2,7.8,0.10,0.05
2025-12-31 17:29:10.605,0.1,7.8,0.09,0.05
2025-12-31 17:29:11.607,0.1,7.8,0.10,0.05
2025-12-31 17:29:12.609,0.0,7.8,0.10,0.05
2025-12-31 17:29:13.610,0.1,7.8,0.09,0.05
2025-12-31 17:29:14.612,0.0,7.8,0.09,0.05
2025-12-31 17:29:15.613,0.1,7.8,0.09,0.05
2025-12-31 17:29:16.615,0.2,7.8,0.10,0.06
2025-12-31 17:29:17.616,0.0,7.8,0.09,0.05
2025-12-31 17:29:18.618,0.1,7.8,0.10,0.05
2025-12-31 17:29:19.619,0.2,7.8,0.09,0.05
2025-12-31 17:29:20.620,0.0,7.8,0.09,0.05
2025-12-31 17:29:21.622,0.0,7.8,0.09,0.05
2025-12-31 17:29:22.624,0.2,7.8,0.10,0.05
2025-12-31 17:29:23.625,0.0,7.8,0.09,0.05
2025-12-31 17:29:24.627,0.1,7.8,0.10,0.05
2025-12-31 17:29:25.629,0.0,7.8,0.09,0.05
2025-12-31 17:29:26.631,0.0,7.8,0.09,0.05
2025-12-31 17:29:27.633,0.1,7.8,0.09,0.05
2025-12-31 17:29:28.634,0.1,7.8,0.09,0.05
2025-12-31 17:29:29.636,0.1,7.8,0.10,0.05
2025-12-31 17:29:30.638,0.0,7.8,0.09,0.05
2025-12-31 17:29:31.639,0.2,7.8,0.10,0.05
2025-12-31 17:29:32.641,0.1,7.8,0.10,0.05
2025-12-31 17:29:33.642,0.2,7.8,0.09,0.05
2025-12-31 17:29:34.644,0.0,7.8,0.09,0.05
2025-12-31 17:29:35.646,0.1,7.8,0.09,0.05
2025-12-31 17:29:36.648,0.0,7.8,0.09,0.05
2025-12-31 17:29:37.650,0.1,7.8,0.09,0.05
2025-12-31 17:29:38.652,0.2,7.8,0.10,0.05
2025-12-31 17:29:39.653,0.0,7.8,0.09,0.05
2025-12-31 17:29:40.656,0.1,7.8,0.10,0.05
2025-12-31 17:29:41.657,0.1,7.8,0.09,0.05
2025-12-31 17:29:42.658,0.1,7.8,0.10,0.05
2025-12-31 17:29:43.660,0.2,7.8,0.09,0.05
2025-12-31 17:29:44.662,0.0,7.8,0.10,0.05
2025-12-31 17:29:45.663,0.2,7.8,0.09,0.05
2025-12-31 17:29:46.664,0.1,7.8,0.09,0.05
2025-12-31 17:29:47.667,0.0,7.8,0.09,0.05
2025-12-31 17:29:48.668,0.1,7.8,0.09,0.05
2025-12-31 17:29:49.670,0.0,7.8,0.09,0.05
2025-12-31 17:29:50.671,0.0,7.8,0.09,0.05
2025-12-31 17:29:51.672,0.2,7.8,0.10,0.05
2025-12-31 17:29:52.674,0.1,7.8,0.10,0.05
2025-12-31 17:29:53.675,0.0,7.8,0.09,0.05
2025-12-31 17:29:54.676,0.1,7.8,0.10,0.06
2025-12-31 17:29:55.677,0.0,7.8,0.09,0.05
2025-12-31 17:29:56.678,0.2,7.8,0.09,0.05
2025-12-31 17:29:57.679,0.1,7.8,0.09,0.05
2025-12-31 17:29:58.681,0.1,7.8,0.09,0.05
2025-12-31 17:29:59.682,0.1,7.8,0.09,0.05
2025-12-31 17:30:00.684,0.1,7.8,0.10,0.05
2025-12-31 17:30:01.685,0.0,7.8,0.09,0.05
2025-12-31 17:30:02.686,0.0,7.8,0.10,0.05
2025-12-31 17:30:03.688,0.1,7.8,0.10,0.05
2025-12-31 17:30:04.689,0.0,7.8,0.09,0.05
2025-12-31 17:30:05.690,0.1,7.8,0.09,0.05
2025-12-31 17:30:06.692,0.0,7.8,0.10,0.05
2025-12-31 17:30:07.693,0.0,7.8,0.09,0.05
2025-12-31 17:30:08.694,0.2,7.8,0.09,0.05
2025-12-31 17:30:09.695,0.1,7.8,0.10,0.05
2025-12-31 17:30:10.696,0.0,7.8,0.10,0.05
2025-12-31 17:30:11.698,0.0,7.8,0.09,0.05
2025-12-31 17:30:12.699,0.1,7.8,0.10,0.05
2025-12-31 17:30:13.701,0.1,7.8,0.10,0.05
2025-12-31 17:30:14.702,0.0,7.8,0.10,0.05
2025-12-31 17:30:15.703,0.0,7.8,0.10,0.05
2025-12-31 17:30:16.705,0.2,7.8,0.09,0.05
2025-12-31 17:30:17.707,0.0,7.8,0.09,0.05
2025-12-31 17:30:18.708,0.1,7.8,0.09,0.05
2025-12-31 17:30:19.709,0.1,7.8,0.09,0.05
2025-12-31 17:30:20.711,0.2,7.8,0.09,0.05
2025-12-31 17:30:21.712,0.1,7.8,0.09,0.05
2025-12-31 17:30:22.713,0.1,7.8,0.10,0.05
2025-12-31 17:30:23.714,0.2,7.8,0.09,0.05
2025-12-31 17:30:24.716,0.2,7.8,0.10,0.05
2025-12-31 17:30:25.718,0.2,7.8,0.10,0.05
2025-12-31 17:30:26.719,0.1,7.8,0.09,0.05
2025-12-31 17:30:27.721,0.2,7.8,0.10,0.05
2025-12-31 17:30:28.723,0.2,7.8,0.09,0.05
2025-12-31 17:30:29.724,0.2,7.8,0.09,0.05
2025-12-31 17:30:30.725,0.2,7.8,0.09,0.05
2025-12-31 17:30:31.727,0.2,7.8,0.09,0.05
2025-12-31 17:30:32.729,0.3,7.8,0.10,0.05
2025-12-31 17:30:33.730,0.3,7.8,0.09,0.05
2025-12-31 17:30:34.731,0.2,7.8,0.10,0.05
2025-12-31 17:30:35.733,0.5,7.8,0.10,0.05
2025-12-31 17:30:36.735,0.4,7.8,0.09,0.05
2025-12-31 17:30:37.737,0.4,7.8,0.09,0.05
2025-12-31 17:30:38.739,0.4,7.8,0.09,0.05
2025-12-31 17:30:39.741,0.3,7.8,0.09,0.05
2025-12-31 17:30:40.742,0.3,7.8,0.10,0.05
2025-12-31 17:30:41.744,0.4,7.8,0.09,0.05
2025-12-31 17:30:42.745,0.4,7.8,0.10,0.05
2025-12-31 17:30:43.746,0.4,7.8,0.09,0.05
2025-12-31 17:30:44.747,0.3,7.8,0.09,0.05
2025-12-31 17:30:45.749,0.2,7.8,0.09,0.05
2025-12-31 17:30:46.750,0.4,7.8,0.10,0.05
2025-12-31 17:30:47.753,0.1,7.8,0.09,0.05
2025-12-31 17:30:48.754,0.1,7.8,0.09,0.05
2025-12-31 17:30:49.756,0.2,7.8,0.09,0.05
2025-12-31 17:30:50.758,0.2,7.8,0.09,0.05
2025-12-31 17:30:51.760,0.1,7.8,0.09,0.05
2025-12-31 17:30:52.761,0.2,7.8,0.10,0.05
2025-12-31 17:30:53.764,0.1,7.8,0.10,0.05
2025-12-31 17:30:54.765,0.2,7.8,0.09,0.05
2025-12-31 17:30:55.766,0.2,7.8,0.09,0.05
2025-12-31 17:30:56.768,0.2,7.8,0.09,0.05
2025-12-31 17:30:57.770,0.1,7.8,0.10,0.05
2025-12-31 17:30:58.771,0.0,7.8,0.09,0.05
2025-12-31 17:30:59.772,0.2,7.8,0.10,0.05
2025-12-31 17:31:00.774,0.2,7.8,0.09,0.05
2025-12-31 17:31:01.775,0.0,7.8,0.09,0.05
2025-12-31 17:31:02.776,0.0,7.8,0.10,0.05
2025-12-31 17:31:03.777,0.1,7.8,0.10,0.05
2025-12-31 17:31:04.779,0.2,7.8,0.09,0.05
2025-12-31 17:31:05.780,0.1,7.8,0.09,0.05
2025-12-31 17:31:06.782,0.0,7.8,0.09,0.05
2025-12-31 17:31:07.784,0.2,7.8,0.09,0.05
2025-12-31 17:31:08.786,0.1,7.8,0.10,0.05
2025-12-31 17:31:09.787,0.2,7.8,0.09,0.05
2025-12-31 17:31:10.789,0.2,7.8,0.10,0.05
2025-12-31 17:31:11.790,0.3,7.8,0.10,0.05
2025-12-31 17:31:12.791,0.2,7.8,0.10,0.05
2025-12-31 17:31:13.793,0.1,7.8,0.09,0.05
2025-12-31 17:31:14.794,0.2,7.8,0.10,0.05
2025-12-31 17:31:15.795,0.1,7.8,0.09,0.05
2025-12-31 17:31:16.797,0.2,7.8,0.10,0.05
2025-12-31 17:31:17.799,0.1,7.8,0.09,0.05
2025-12-31 17:31:18.800,0.2,7.8,0.09,0.05
2025-12-31 17:31:19.801,0.2,7.8,0.09,0.05
2025-12-31 17:31:20.803,0.2,7.8,0.10,0.05
2025-12-31 17:31:21.804,0.2,7.8,0.09,0.05
2025-12-31 17:31:22.805,0.1,7.8,0.10,0.05
2025-12-31 17:31:23.807,0.0,7.8,0.10,0.05
2025-12-31 17:31:24.808,0.1,7.8,0.10,0.05
2025-12-31 17:31:25.810,0.2,7.8,0.10,0.05
2025-12-31 17:31:26.811,0.1,7.8,0.09,0.05
2025-12-31 17:31:27.813,0.1,7.8,0.09,0.05
2025-12-31 17:31:28.815,0.0,7.8,0.09,0.05
2025-12-31 17:31:29.816,0.2,7.8,0.09,0.05
2025-12-31 17:31:30.818,0.1,7.8,0.10,0.05
2025-12-31 17:31:31.819,0.1,7.8,0.09,0.05
2025-12-31 17:31:32.820,0.1,7.8,0.10,0.05
2025-12-31 17:31:33.822,0.1,7.8,0.09,0.05
2025-12-31 17:31:34.823,0.0,7.8,0.09,0.05
2025-12-31 17:31:35.825,0.0,7.8,0.09,0.05
2025-12-31 17:31:36.827,0.1,7.8,0.09,0.05
2025-12-31 17:31:37.828,0.0,7.8,0.09,0.05
2025-12-31 17:31:38.830,0.1,7.8,0.09,0.05
2025-12-31 17:31:39.831,0.2,7.8,0.10,0.05
2025-12-31 17:31:40.833,0.1,7.8,0.09,0.05
2025-12-31 17:31:41.834,0.1,7.8,0.10,0.05
2025-12-31 17:31:42.835,0.0,7.8,0.10,0.05
2025-12-31 17:31:43.837,0.0,7.8,0.09,0.05
2025-12-31 17:31:44.839,0.0,7.8,0.09,0.05
2025-12-31 17:31:45.840,0.2,7.8,0.09,0.05
2025-12-31 17:31:46.841,0.2,7.8,0.10,0.05
2025-12-31 17:31:47.843,0.1,7.8,0.09,0.05
2025-12-31 17:31:48.845,0.0,7.8,0.10,0.05
2025-12-31 17:31:49.846,0.1,7.8,0.09,0.05
2025-12-31 17:31:50.848,0.2,7.8,0.09,0.05
2025-12-31 17:31:51.850,0.0,7.8,0.10,0.05
2025-12-31 17:31:52.851,0.2,7.8,0.10,0.05
2025-12-31 17:31:53.853,0.0,7.8,0.09,0.05
2025-12-31 17:31:54.855,0.2,7.8,0.09,0.05
2025-12-31 17:31:55.856,0.2,7.8,0.09,0.05
2025-12-31 17:31:56.858,0.0,7.8,0.09,0.05
2025-12-31 17:31:57.859,0.1,7.8,0.09,0.05
2025-12-31 17:31:58.860,0.0,7.8,0.09,0.05
2025-12-31 17:31:59.862,0.1,7.8,0.09,0.05
2025-12-31 17:32:00.863,0.2,7.8,0.09,0.05
2025-12-31 17:32:01.865,0.1,7.8,0.09,0.05
2025-12-31 17:32:02.867,0.0,7.8,0.10,0.05
2025-12-31 17:32:03.869,0.0,7.8,0.10,0.05
2025-12-31 17:32:04.870,0.1,7.8,0.10,0.05
2025-12-31 17:32:05.871,0.2,7.8,0.09,0.05
2025-12-31 17:32:06.872,0.1,7.8,0.09,0.05
2025-12-31 17:32:07.874,0.1,7.8,0.10,0.05
2025-12-31 17:32:08.875,0.2,7.8,0.09,0.05
2025-12-31 17:32:09.877,0.1,7.8,0.09,0.05
2025-12-31 17:32:10.878,0.1,7.8,0.10,0.05
2025-12-31 17:32:11.880,0.1,7.8,0.09,0.05
2025-12-31 17:32:12.881,0.0,7.8,0.10,0.05
2025-12-31 17:32:13.883,0.0,7.8,0.10,0.05
2025-12-31 17:32:14.884,0.1,7.8,0.10,0.05
2025-12-31 17:32:15.885,0.1,7.8,0.09,0.05
2025-12-31 17:32:16.886,0.1,7.8,0.10,0.05
2025-12-31 17:32:17.888,0.1,7.8,0.09,0.05
2025-12-31 17:32:18.891,0.1,7.8,0.09,0.05
2025-12-31 17:32:19.892,0.1,7.8,0.09,0.05
2025-12-31 17:32:20.894,0.1,7.8,0.09,0.05
2025-12-31 17:32:21.897,0.0,7.8,0.09,0.05
2025-12-31 17:32:22.898,0.2,7.8,0.10,0.05
2025-12-31 17:32:23.900,0.0,7.8,0.09,0.05
2025-12-31 17:32:24.902,0.0,7.8,0.10,0.05
2025-12-31 17:32:25.904,0.0,7.8,0.10,0.05
2025-12-31 17:32:26.905,0.1,7.8,0.10,0.05
2025-12-31 17:32:27.907,0.1,7.8,0.09,0.05
2025-12-31 17:32:28.909,0.1,7.8,0.09,0.05
2025-12-31 17:32:29.910,0.1,7.8,0.09,0.05
2025-12-31 17:32:30.912,0.2,7.8,0.09,0.05
2025-12-31 17:32:31.913,0.0,7.8,0.09,0.05
2025-12-31 17:32:32.915,0.1,7.8,0.10,0.05
2025-12-31 17:32:33.916,0.2,7.8,0.09,0.05
2025-12-31 17:32:34.918,0.1,7.8,0.09,0.05
2025-12-31 17:32:35.919,0.0,7.8,0.09,0.05
2025-12-31 17:32:36.921,0.2,7.8,0.10,0.05
2025-12-31 17:32:37.923,0.1,7.8,0.09,0.05
2025-12-31 17:32:38.924,0.1,7.8,0.09,0.05
2025-12-31 17:32:39.926,0.1,7.8,0.09,0.05
2025-12-31 17:32:40.927,0.1,7.8,0.09,0.05
2025-12-31 17:32:41.929,0.1,7.8,0.10,0.05
2025-12-31 17:32:42.929,0.2,7.8,0.10,0.05
2025-12-31 17:32:43.931,0.0,7.8,0.09,0.05
2025-12-31 17:32:44.932,0.0,7.8,0.10,0.05
2025-12-31 17:32:45.933,0.1,7.8,0.10,0.05
2025-12-31 17:32:46.934,0.2,7.8,0.09,0.05
2025-12-31 17:32:47.936,0.1,7.8,0.10,0.05
2025-12-31 17:32:48.937,0.0,7.8,0.09,0.05
2025-12-31 17:32:49.939,0.1,7.8,0.10,0.05
2025-12-31 17:32:50.941,0.0,7.8,0.09,0.05
2025-12-31 17:32:51.942,0.0,7.8,0.09,0.05
2025-12-31 17:32:52.944,0.1,7.8,0.10,0.05
2025-12-31 17:32:53.945,0.0,7.8,0.09,0.05
2025-12-31 17:32:54.947,0.1,7.8,0.09,0.05
2025-12-31 17:32:55.949,0.0,7.8,0.10,0.05
2025-12-31 17:32:56.950,0.2,7.8,0.09,0.05
2025-12-31 17:32:57.951,0.1,7.8,0.09,0.05
2025-12-31 17:32:58.952,0.0,7.8,0.09,0.05
2025-12-31 17:32:59.953,0.0,7.8,0.09,0.05
2025-12-31 17:33:00.955,0.1,7.8,0.10,0.05
2025-12-31 17:33:01.956,0.1,7.8,0.09,0.05
2025-12-31 17:33:02.958,0.0,7.8,0.10,0.05
2025-12-31 17:33:03.959,0.0,7.8,0.10,0.05
2025-12-31 17:33:04.960,0.1,7.8,0.10,0.05
2025-12-31 17:33:05.961,0.0,7.8,0.09,0.05
2025-12-31 17:33:06.963,0.1,7.8,0.09,0.05
2025-12-31 17:33:07.964,0.0,7.8,0.10,0.05
2025-12-31 17:33:08.966,0.0,7.8,0.09,0.05
2025-12-31 17:33:09.967,0.0,7.8,0.10,0.05
2025-12-31 17:33:10.969,0.2,7.8,0.09,0.05
2025-12-31 17:33:11.970,0.0,7.8,0.10,0.05
2025-12-31 17:33:12.972,0.2,7.8,0.10,0.05
2025-12-31 17:33:13.973,0.0,7.8,0.09,0.05
2025-12-31 17:33:14.974,0.1,7.8,0.09,0.05
2025-12-31 17:33:15.976,0.2,7.8,0.10,0.05
2025-12-31 17:33:16.977,0.2,7.8,0.09,0.05
2025-12-31 17:33:17.979,0.2,7.8,0.10,0.05
2025-12-31 17:33:18.980,0.0,7.8,0.09,0.05
2025-12-31 17:33:19.981,0.2,7.8,0.09,0.05
2025-12-31 17:33:20.982,0.1,7.8,0.09,0.05
2025-12-31 17:33:21.984,0.2,7.8,0.10,0.05
2025-12-31 17:33:22.985,0.2,7.8,0.10,0.05
2025-12-31 17:33:23.986,0.1,7.8,0.09,0.05
2025-12-31 17:33:24.987,0.0,7.8,0.10,0.05
2025-12-31 17:33:25.989,0.1,7.8,0.09,0.05
2025-12-31 17:33:26.990,0.2,7.8,0.09,0.05
2025-12-31 17:33:27.991,0.2,7.8,0.09,0.05
2025-12-31 17:33:28.992,0.3,7.8,0.09,0.05
2025-12-31 17:33:29.994,0.4,7.8,0.09,0.05
2025-12-31 17:33:30.996,0.2,7.8,0.09,0.05
2025-12-31 17:33:31.997,0.3,7.8,0.10,0.05
2025-12-31 17:33:32.999,0.4,7.8,0.10,0.05
2025-12-31 17:33:34.000,0.6,7.8,0.09,0.05
2025-12-31 17:33:35.001,0.4,7.8,0.09,0.05
2025-12-31 17:33:36.002,0.3,7.8,0.10,0.05
2025-12-31 17:33:37.004,0.3,7.8,0.09,0.05
2025-12-31 17:33:38.005,0.4,7.8,0.09,0.05
2025-12-31 17:33:39.007,0.3,7.8,0.10,0.05
2025-12-31 17:33:40.008,0.3,7.8,0.09,0.05
2025-12-31 17:33:41.010,0.2,7.8,0.10,0.05
2025-12-31 17:33:42.011,0.3,7.8,0.09,0.05
2025-12-31 17:33:43.012,0.5,7.8,0.11,0.06
2025-12-31 17:33:44.013,0.3,7.8,0.09,0.05
2025-12-31 17:33:45.015,0.2,7.8,0.09,0.05
2025-12-31 17:33:46.017,0.2,7.8,0.10,0.05
2025-12-31 17:33:47.017,0.3,7.8,0.10,0.05
2025-12-31 17:33:48.019,0.2,7.8,0.09,0.05
2025-12-31 17:33:49.020,0.2,7.8,0.09,0.05
2025-12-31 17:33:50.021,0.0,7.8,0.10,0.05
2025-12-31 17:33:51.022,0.2,7.8,0.09,0.05
2025-12-31 17:33:52.024,0.2,7.8,0.09,0.05
2025-12-31 17:33:53.025,0.1,7.8,0.10,0.05
2025-12-31 17:33:54.027,0.1,7.8,0.10,0.05
2025-12-31 17:33:55.029,0.2,7.8,0.09,0.05
2025-12-31 17:33:56.030,0.2,7.8,0.10,0.05
2025-12-31 17:33:57.031,0.0,7.8,0.09,0.05
2025-12-31 17:33:58.032,0.2,7.8,0.10,0.05
2025-12-31 17:33:59.033,0.1,7.8,0.09,0.05
2025-12-31 17:34:00.035,0.0,7.8,0.09,0.05
2025-12-31 17:34:01.036,0.2,7.8,0.09,0.05
2025-12-31 17:34:02.038,0.2,7.8,0.09,0.05
2025-12-31 17:34:03.039,0.1,7.8,0.10,0.05
2025-12-31 17:34:04.040,0.1,7.8,0.09,0.05
2025-12-31 17:34:05.041,0.1,7.8,0.09,0.06
2025-12-31 17:34:06.043,0.2,7.8,0.09,0.06
2025-12-31 17:34:07.044,0.1,7.8,0.09,0.06
2025-12-31 17:34:08.045,0.2,7.8,0.09,0.05
2025-12-31 17:34:09.046,0.1,7.8,0.09,0.05
2025-12-31 17:34:10.048,0.2,7.8,0.12,0.06
2025-12-31 17:34:11.049,0.1,7.8,0.10,0.05
2025-12-31 17:34:12.050,0.1,7.8,0.09,0.06
2025-12-31 17:34:13.051,0.2,7.8,0.10,0.06
2025-12-31 17:34:14.052,0.2,7.8,0.09,0.05
2025-12-31 17:34:15.053,0.1,7.8,0.09,0.05
2025-12-31 17:34:16.054,0.2,7.8,0.10,0.06
2025-12-31 17:34:17.055,0.4,7.8,0.09,0.05
2025-12-31 17:34:18.056,0.0,7.8,0.09,0.05
2025-12-31 17:34:19.057,0.1,7.8,0.10,0.05
2025-12-31 17:34:20.059,0.2,7.8,0.09,0.05
2025-12-31 17:34:21.060,0.1,7.8,0.10,0.05
2025-12-31 17:34:22.061,0.1,7.8,0.09,0.05
2025-12-31 17:34:23.062,0.1,7.8,0.10,0.05
2025-12-31 17:34:24.064,0.2,7.8,0.09,0.05
2025-12-31 17:34:25.065,0.0,7.8,0.10,0.05
2025-12-31 17:34:26.066,0.2,7.8,0.09,0.05
2025-12-31 17:34:27.069,0.1,7.8,0.10,0.05
2025-12-31 17:34:28.070,0.1,7.8,0.10,0.05
2025-12-31 17:34:29.071,0.1,7.8,0.09,0.05
2025-12-31 17:34:30.072,0.1,7.8,0.09,0.05
2025-12-31 17:34:31.074,0.0,7.8,0.09,0.05
2025-12-31 17:34:32.075,0.2,7.8,0.10,0.05
2025-12-31 17:34:33.077,0.2,7.8,0.10,0.05
2025-12-31 17:34:34.078,0.1,7.8,0.09,0.05
2025-12-31 17:34:35.079,0.2,7.8,0.09,0.05
2025-12-31 17:34:36.081,0.0,7.8,0.09,0.05
2025-12-31 17:34:37.083,0.0,7.8,0.10,0.05
2025-12-31 17:34:38.085,0.1,7.8,0.10,0.05
2025-12-31 17:34:39.086,0.1,7.8,0.10,0.05
2025-12-31 17:34:40.088,0.1,7.8,0.09,0.05
2025-12-31 17:34:41.089,0.0,7.8,0.09,0.05
2025-12-31 17:34:42.090,0.1,7.8,0.09,0.05
2025-12-31 17:34:43.092,0.1,7.8,0.10,0.05
2025-12-31 17:34:44.093,0.2,7.8,0.09,0.05
2025-12-31 17:34:45.094,0.0,7.8,0.10,0.05
2025-12-31 17:34:46.095,0.1,7.8,0.09,0.05
2025-12-31 17:34:47.096,0.1,7.8,0.09,0.05
2025-12-31 17:34:48.097,0.1,7.8,0.09,0.05
2025-12-31 17:34:49.099,0.2,7.8,0.10,0.05
2025-12-31 17:34:50.100,0.1,7.8,0.09,0.05
2025-12-31 17:34:51.102,0.1,7.8,0.09,0.05
2025-12-31 17:34:52.103,0.2,7.8,0.10,0.05
2025-12-31 17:34:53.104,0.0,7.8,0.10,0.05
2025-12-31 17:34:54.106,0.1,7.8,0.09,0.05
2025-12-31 17:34:55.107,0.1,7.8,0.09,0.05
2025-12-31 17:34:56.108,0.1,7.8,0.09,0.05
2025-12-31 17:34:57.110,0.2,7.8,0.09,0.05
2025-12-31 17:34:58.111,0.1,7.8,0.10,0.05
2025-12-31 17:34:59.113,0.2,7.8,0.10,0.06
2025-12-31 17:35:00.114,0.1,7.8,0.10,0.05
2025-12-31 17:35:01.116,0.2,7.8,0.09,0.05
2025-12-31 17:35:02.118,0.0,7.8,0.09,0.05
2025-12-31 17:35:03.119,0.1,7.8,0.10,0.05
2025-12-31 17:35:04.121,0.0,7.8,0.09,0.05
2025-12-31 17:35:05.122,0.1,7.8,0.10,0.08
2025-12-31 17:35:06.124,0.1,7.8,0.09,0.06
2025-12-31 17:35:07.125,0.1,7.8,0.09,0.06
2025-12-31 17:35:08.127,0.1,7.8,0.09,0.06
2025-12-31 17:35:09.129,0.0,7.8,0.09,0.05
2025-12-31 17:35:10.131,0.2,7.8,0.10,0.06
2025-12-31 17:35:11.133,0.1,7.8,0.10,0.05
2025-12-31 17:35:12.134,0.0,7.8,0.09,0.05
2025-12-31 17:35:13.136,0.1,7.8,0.10,0.05
2025-12-31 17:35:14.138,0.1,7.8,0.09,0.05
2025-12-31 17:35:15.140,0.2,7.8,0.09,0.05
2025-12-31 17:35:16.141,0.2,7.8,0.10,0.05
2025-12-31 17:35:17.143,0.2,7.8,0.09,0.05
2025-12-31 17:35:18.145,0.0,7.8,0.09,0.05
2025-12-31 17:35:19.147,0.1,7.8,0.09,0.05
2025-12-31 17:35:20.148,0.2,7.8,0.10,0.05
2025-12-31 17:35:21.150,0.0,7.8,0.09,0.05
2025-12-31 17:35:22.152,0.1,7.8,0.10,0.05
2025-12-31 17:35:23.153,0.1,7.8,0.10,0.05
2025-12-31 17:35:24.155,0.2,7.8,0.09,0.05
2025-12-31 17:35:25.157,0.1,7.8,0.10,0.05
2025-12-31 17:35:26.158,0.0,7.8,0.09,0.05
2025-12-31 17:35:27.160,0.2,7.8,0.09,0.05
2025-12-31 17:35:28.161,0.1,7.8,0.09,0.05
2025-12-31 17:35:29.163,0.0,7.8,0.09,0.05
2025-12-31 17:35:30.165,0.1,7.8,0.09,0.05
2025-12-31 17:35:31.166,0.1,7.8,0.10,0.05
2025-12-31 17:35:32.168,0.1,7.8,0.09,0.05
2025-12-31 17:35:33.169,0.1,7.8,0.10,0.05
2025-12-31 17:35:34.172,0.2,7.8,0.09,0.05
2025-12-31 17:35:35.173,0.2,7.8,0.09,0.05
2025-12-31 17:35:36.175,0.1,7.8,0.09,0.05
2025-12-31 17:35:37.176,0.1,7.8,0.10,0.05
2025-12-31 17:35:38.177,0.1,7.8,0.09,0.05
2025-12-31 17:35:39.179,0.2,7.8,0.09,0.05
2025-12-31 17:35:40.181,0.1,7.8,0.09,0.05
2025-12-31 17:35:41.182,0.0,7.8,0.09,0.05
2025-12-31 17:35:42.184,0.2,7.8,0.09,0.06
2025-12-31 17:35:43.185,0.0,7.8,0.10,0.06
2025-12-31 17:35:44.187,0.0,7.8,0.10,0.05
2025-12-31 17:35:45.188,0.1,7.8,0.10,0.05
2025-12-31 17:35:46.190,0.0,7.8,0.10,0.05
2025-12-31 17:35:47.191,0.1,7.8,0.09,0.05
2025-12-31 17:35:48.193,0.1,7.8,0.09,0.05
2025-12-31 17:35:49.194,0.2,7.8,0.09,0.05
2025-12-31 17:35:50.196,0.0,7.8,0.09,0.05
2025-12-31 17:35:51.197,0.2,7.8,0.10,0.05
2025-12-31 17:35:52.199,0.1,7.8,0.09,0.05
2025-12-31 17:35:53.201,0.1,7.8,0.10,0.05
2025-12-31 17:35:54.202,0.0,7.8,0.09,0.05
2025-12-31 17:35:55.204,0.0,7.8,0.10,0.05
2025-12-31 17:35:56.206,0.1,7.8,0.10,0.05
2025-12-31 17:35:57.208,0.2,7.8,0.09,0.05
2025-12-31 17:35:58.210,0.0,7.8,0.09,0.05
2025-12-31 17:35:59.212,0.2,7.8,0.09,0.05
2025-12-31 17:36:00.214,0.0,7.8,0.09,0.05
2025-12-31 17:36:01.215,0.1,7.8,0.09,0.05
2025-12-31 17:36:02.217,0.1,7.8,0.09,0.05
2025-12-31 17:36:03.219,0.0,7.8,0.10,0.05
2025-12-31 17:36:04.220,0.2,7.8,0.10,0.05
2025-12-31 17:36:05.222,0.0,7.8,0.09,0.05
2025-12-31 17:36:06.223,0.1,7.8,0.10,0.05
2025-12-31 17:36:07.225,0.0,7.8,0.09,0.05
2025-12-31 17:36:08.227,0.1,7.8,0.09,0.05
2025-12-31 17:36:09.228,0.0,7.8,0.09,0.05
2025-12-31 17:36:10.229,0.0,7.8,0.09,0.05
2025-12-31 17:36:11.231,0.1,7.8,0.09,0.05
2025-12-31 17:36:12.232,0.1,7.8,0.09,0.05
2025-12-31 17:36:13.233,0.1,7.8,0.10,0.05
2025-12-31 17:36:14.234,0.1,7.8,0.09,0.05
2025-12-31 17:36:15.236,0.1,7.8,0.10,0.06
2025-12-31 17:36:16.238,0.2,7.8,0.09,0.05
2025-12-31 17:36:17.240,0.2,7.8,0.09,0.05
2025-12-31 17:36:18.241,0.1,7.8,0.10,0.05
2025-12-31 17:36:19.243,0.2,7.8,0.09,0.05
2025-12-31 17:36:20.244,0.1,7.8,0.09,0.05
2025-12-31 17:36:21.245,0.2,7.8,0.09,0.05
2025-12-31 17:36:22.247,0.1,7.8,0.10,0.05
2025-12-31 17:36:23.248,0.1,7.8,0.10,0.05
2025-12-31 17:36:24.249,0.2,7.8,0.09,0.05
2025-12-31 17:36:25.251,0.2,7.8,0.10,0.05
2025-12-31 17:36:26.252,0.1,7.8,0.09,0.05
2025-12-31 17:36:27.253,0.3,7.8,0.09,0.05
2025-12-31 17:36:28.255,0.2,7.8,0.10,0.05
2025-12-31 17:36:29.257,0.3,7.8,0.09,0.05
2025-12-31 17:36:30.259,0.3,7.8,0.10,0.05
2025-12-31 17:36:31.261,0.2,7.8,0.09,0.05
2025-12-31 17:36:32.263,0.2,7.8,0.09,0.05
2025-12-31 17:36:33.264,0.2,7.8,0.10,0.05
2025-12-31 17:36:34.265,0.4,7.8,0.09,0.05
2025-12-31 17:36:35.266,0.3,7.8,0.09,0.05
2025-12-31 17:36:36.268,0.6,7.8,0.09,0.05
2025-12-31 17:36:37.269,0.3,7.8,0.09,0.05
2025-12-31 17:36:38.271,0.4,7.8,0.09,0.05
2025-12-31 17:36:39.273,0.3,7.8,0.10,0.05
2025-12-31 17:36:40.274,0.3,7.8,0.09,0.05
2025-12-31 17:36:41.275,0.2,7.8,0.09,0.05
2025-12-31 17:36:42.277,0.2,7.8,0.09,0.05
2025-12-31 17:36:43.279,0.2,7.8,0.10,0.05
2025-12-31 17:36:44.280,0.2,7.8,0.10,0.05
2025-12-31 17:36:45.282,0.2,7.8,0.09,0.05
2025-12-31 17:36:46.283,0.2,7.8,0.09,0.05
2025-12-31 17:36:47.285,0.2,7.8,0.10,0.05
2025-12-31 17:36:48.286,0.1,7.8,0.09,0.05
2025-12-31 17:36:49.287,0.1,7.8,0.09,0.05
2025-12-31 17:36:50.289,0.2,7.8,0.10,0.05
2025-12-31 17:36:51.291,0.1,7.8,0.09,0.05
2025-12-31 17:36:52.293,0.3,7.8,0.09,0.05
2025-12-31 17:36:53.294,0.1,7.8,0.10,0.05
2025-12-31 17:36:54.296,0.2,7.8,0.10,0.05
2025-12-31 17:36:55.297,0.2,7.8,0.09,0.05
2025-12-31 17:36:56.298,0.2,7.8,0.10,0.05
2025-12-31 17:36:57.299,0.2,7.8,0.09,0.05
2025-12-31 17:36:58.301,0.2,7.8,0.10,0.05
2025-12-31 17:36:59.303,0.2,7.8,0.09,0.05
2025-12-31 17:37:00.304,0.1,7.8,0.10,0.05
2025-12-31 17:37:01.305,0.2,7.8,0.10,0.05
2025-12-31 17:37:02.307,0.2,7.8,0.09,0.05
2025-12-31 17:37:03.308,0.2,7.8,0.10,0.05
2025-12-31 17:37:04.310,0.2,7.8,0.09,0.05
2025-12-31 17:37:05.311,0.1,7.8,0.09,0.05
2025-12-31 17:37:06.313,0.2,7.8,0.09,0.05
2025-12-31 17:37:07.314,0.2,7.8,0.09,0.05
2025-12-31 17:37:08.315,0.1,7.8,0.09,0.05
2025-12-31 17:37:09.316,0.2,7.8,0.09,0.05
2025-12-31 17:37:10.318,0.2,7.8,0.09,0.05
2025-12-31 17:37:11.319,0.2,7.8,0.09,0.05
2025-12-31 17:37:12.321,0.1,7.8,0.10,0.05
2025-12-31 17:37:13.323,0.2,7.8,0.10,0.05
2025-12-31 17:37:14.324,0.2,7.8,0.09,0.05
2025-12-31 17:37:15.325,0.1,7.8,0.09,0.05
2025-12-31 17:37:16.326,0.1,7.8,0.09,0.05
2025-12-31 17:37:17.328,0.2,7.8,0.09,0.05
2025-12-31 17:37:18.330,0.2,7.8,0.09,0.05
2025-12-31 17:37:19.332,0.2,7.8,0.09,0.05
2025-12-31 17:37:20.333,0.2,7.8,0.09,0.05
2025-12-31 17:37:21.335,0.0,7.8,0.09,0.05
2025-12-31 17:37:22.336,0.1,7.8,0.09,0.05
2025-12-31 17:37:23.338,0.3,7.8,0.10,0.05
2025-12-31 17:37:24.339,0.1,7.8,0.10,0.05
2025-12-31 17:37:25.340,0.0,7.8,0.10,0.05
2025-12-31 17:37:26.342,0.2,7.8,0.09,0.05
2025-12-31 17:37:27.344,0.1,7.8,0.09,0.05
2025-12-31 17:37:28.345,0.1,7.8,0.09,0.05
2025-12-31 17:37:29.346,0.1,7.8,0.09,0.05
2025-12-31 17:37:30.348,0.1,7.8,0.09,0.05
2025-12-31 17:37:31.349,0.2,7.8,0.10,0.05
2025-12-31 17:37:32.351,0.0,7.8,0.09,0.05
2025-12-31 17:37:33.353,0.2,7.8,0.10,0.05
2025-12-31 17:37:34.354,0.2,7.8,0.09,0.05
2025-12-31 17:37:35.356,0.1,7.8,0.10,0.05
2025-12-31 17:37:36.357,0.0,7.8,0.09,0.05
2025-12-31 17:37:37.359,0.2,7.8,0.09,0.05
2025-12-31 17:37:38.361,0.1,7.8,0.09,0.05
2025-12-31 17:37:39.363,0.2,7.8,0.10,0.05
2025-12-31 17:37:40.364,0.1,7.8,0.09,0.05
2025-12-31 17:37:41.365,0.1,7.8,0.09,0.05
2025-12-31 17:37:42.366,0.1,7.8,0.09,0.05
2025-12-31 17:37:43.368,0.1,7.8,0.10,0.05
2025-12-31 17:37:44.369,0.1,7.8,0.09,0.05
2025-12-31 17:37:45.371,0.1,7.8,0.10,0.05
2025-12-31 17:37:46.373,0.2,7.8,0.09,0.05
2025-12-31 17:37:47.374,0.2,7.8,0.09,0.05
2025-12-31 17:37:48.376,0.0,7.8,0.09,0.05
2025-12-31 17:37:49.378,0.2,7.8,0.09,0.05
2025-12-31 17:37:50.379,0.1,7.8,0.09,0.05
2025-12-31 17:37:51.381,0.0,7.8,0.09,0.05
2025-12-31 17:37:52.382,0.1,7.8,0.09,0.05
2025-12-31 17:37:53.383,0.1,7.8,0.10,0.05
2025-12-31 17:37:54.384,0.2,7.8,0.09,0.05
2025-12-31 17:37:55.386,0.0,7.8,0.10,0.05
2025-12-31 17:37:56.388,0.2,7.8,0.09,0.05
2025-12-31 17:37:57.389,0.0,7.8,0.09,0.05
2025-12-31 17:37:58.390,0.1,7.8,0.10,0.05
2025-12-31 17:37:59.392,0.1,7.8,0.09,0.05
2025-12-31 17:38:00.393,0.0,7.8,0.09,0.05
2025-12-31 17:38:01.395,0.1,7.8,0.09,0.05
2025-12-31 17:38:02.397,0.1,7.8,0.09,0.05
2025-12-31 17:38:03.399,0.1,7.8,0.10,0.05
2025-12-31 17:38:04.400,0.3,7.8,0.09,0.05
2025-12-31 17:38:05.402,0.1,7.8,0.09,0.05
2025-12-31 17:38:06.404,0.2,7.8,0.09,0.05
2025-12-31 17:38:07.405,0.1,7.8,0.10,0.05
2025-12-31 17:38:08.406,0.0,7.8,0.10,0.05
2025-12-31 17:38:09.408,0.2,7.8,0.10,0.05
2025-12-31 17:38:10.409,0.0,7.8,0.09,0.05
2025-12-31 17:38:11.411,0.1,7.8,0.09,0.05
2025-12-31 17:38:12.413,0.1,7.8,0.09,0.05
2025-12-31 17:38:13.414,0.2,7.8,0.10,0.05
2025-12-31 17:38:14.416,0.2,7.8,0.09,0.05
2025-12-31 17:38:15.417,0.0,7.8,0.09,0.05
2025-12-31 17:38:16.419,0.2,7.8,0.09,0.05
2025-12-31 17:38:17.420,0.2,7.8,0.09,0.05
2025-12-31 17:38:18.422,0.1,7.8,0.10,0.05
2025-12-31 17:38:19.424,0.0,7.8,0.09,0.05
2025-12-31 17:38:20.426,0.2,7.8,0.09,0.05
2025-12-31 17:38:21.428,0.0,7.8,0.09,0.05
2025-12-31 17:38:22.429,0.1,7.8,0.09,0.05
2025-12-31 17:38:23.431,0.0,7.8,0.10,0.05
2025-12-31 17:38:24.434,0.2,7.8,0.09,0.05
2025-12-31 17:38:25.436,0.1,7.8,0.10,0.05
2025-12-31 17:38:26.438,0.0,7.8,0.10,0.05
2025-12-31 17:38:27.440,0.1,7.8,0.09,0.05
2025-12-31 17:38:28.442,0.0,7.8,0.09,0.05
2025-12-31 17:38:29.444,0.1,7.8,0.10,0.05
2025-12-31 17:38:30.445,0.2,7.8,0.09,0.05
2025-12-31 17:38:31.448,0.1,7.8,0.09,0.05
2025-12-31 17:38:32.449,0.0,7.8,0.09,0.05
2025-12-31 17:38:33.450,0.1,7.8,0.10,0.05
2025-12-31 17:38:34.452,0.0,7.8,0.10,0.05
2025-12-31 17:38:35.454,0.1,7.8,0.09,0.05
2025-12-31 17:38:36.456,0.1,7.8,0.09,0.05
2025-12-31 17:38:37.457,0.1,7.8,0.09,0.05
2025-12-31 17:38:38.459,0.1,7.8,0.09,0.05
2025-12-31 17:38:39.461,0.1,7.8,0.09,0.05
2025-12-31 17:38:40.462,0.0,7.8,0.10,0.05
2025-12-31 17:38:41.463,0.0,7.8,0.10,0.05
2025-12-31 17:38:42.464,0.0,7.8,0.09,0.05
2025-12-31 17:38:43.466,0.1,7.8,0.10,0.05
2025-12-31 17:38:44.467,0.1,7.8,0.09,0.05
2025-12-31 17:38:45.469,0.0,7.8,0.09,0.05
2025-12-31 17:38:46.470,0.1,7.8,0.09,0.05
2025-12-31 17:38:47.472,0.1,7.8,0.10,0.05
2025-12-31 17:38:48.473,0.1,7.8,0.09,0.05
2025-12-31 17:38:49.475,0.0,7.8,0.09,0.05
2025-12-31 17:38:50.477,0.1,7.8,0.09,0.05
2025-12-31 17:38:51.478,0.1,7.8,0.10,0.05
2025-12-31 17:38:52.480,0.1,7.8,0.09,0.05
2025-12-31 17:38:53.482,0.0,7.8,0.10,0.05
2025-12-31 17:38:54.483,0.1,7.8,0.09,0.05
2025-12-31 17:38:55.485,0.0,7.8,0.09,0.05
2025-12-31 17:38:56.486,0.1,7.8,0.10,0.05
2025-12-31 17:38:57.487,0.0,7.8,0.09,0.05
2025-12-31 17:38:58.489,0.1,7.8,0.09,0.05
2025-12-31 17:38:59.491,0.0,7.8,0.09,0.05
2025-12-31 17:39:00.493,0.0,7.8,0.09,0.05
2025-12-31 17:39:01.494,0.1,7.8,0.10,0.05
2025-12-31 17:39:02.496,0.1,7.8,0.09,0.05
2025-12-31 17:39:03.497,0.0,7.8,0.10,0.05
2025-12-31 17:39:04.500,0.1,7.8,0.09,0.05
2025-12-31 17:39:05.502,0.1,7.8,0.10,0.05
2025-12-31 17:39:06.503,0.0,7.8,0.09,0.05
2025-12-31 17:39:07.505,0.2,7.8,0.09,0.05
2025-12-31 17:39:08.506,0.0,7.8,0.10,0.05
2025-12-31 17:39:09.507,0.1,7.8,0.09,0.05
2025-12-31 17:39:10.509,0.1,7.8,0.09,0.05
2025-12-31 17:39:11.511,0.1,7.8,0.09,0.05
2025-12-31 17:39:12.513,0.1,7.8,0.10,0.05
2025-12-31 17:39:13.514,0.2,7.8,0.10,0.05
2025-12-31 17:39:14.516,0.1,7.8,0.09,0.05
2025-12-31 17:39:15.517,0.2,7.8,0.09,0.05
2025-12-31 17:39:16.518,0.2,7.8,0.09,0.05
2025-12-31 17:39:17.520,0.3,7.8,0.09,0.05
2025-12-31 17:39:18.522,0.0,7.8,0.09,0.05
2025-12-31 17:39:19.523,0.2,7.8,0.09,0.05
2025-12-31 17:39:20.526,0.2,7.8,0.10,0.05
2025-12-31 17:39:21.527,0.2,7.8,0.09,0.05
2025-12-31 17:39:22.529,0.1,7.8,0.09,0.05
2025-12-31 17:39:23.530,0.1,7.8,0.10,0.05
2025-12-31 17:39:24.532,0.2,7.8,0.10,0.05
2025-12-31 17:39:25.533,0.2,7.8,0.10,0.05
2025-12-31 17:39:26.534,0.2,7.8,0.10,0.05
2025-12-31 17:39:27.535,0.5,7.8,0.09,0.05
2025-12-31 17:39:28.537,0.2,7.8,0.09,0.05
2025-12-31 17:39:29.539,0.2,7.8,0.09,0.05
2025-12-31 17:39:30.540,0.3,7.8,0.09,0.05
2025-12-31 17:39:31.542,0.2,7.8,0.11,0.06
2025-12-31 17:39:32.543,0.4,7.8,0.09,0.05
2025-12-31 17:39:33.544,0.3,7.8,0.10,0.05
2025-12-31 17:39:34.546,0.2,7.8,0.09,0.05
2025-12-31 17:39:35.547,0.3,7.8,0.10,0.05
2025-12-31 17:39:36.548,0.2,7.8,0.09,0.05
2025-12-31 17:39:37.549,0.2,7.8,0.09,0.05
2025-12-31 17:39:38.550,0.1,7.8,0.09,0.05
2025-12-31 17:39:39.551,0.2,7.8,0.09,0.05
2025-12-31 17:39:40.553,0.1,7.8,0.09,0.05
2025-12-31 17:39:41.554,0.1,7.8,0.09,0.05
2025-12-31 17:39:42.556,0.0,7.8,0.09,0.05
2025-12-31 17:39:43.557,0.2,7.8,0.10,0.05
2025-12-31 17:39:44.559,0.1,7.8,0.09,0.05
2025-12-31 17:39:45.561,0.1,7.8,0.10,0.05
2025-12-31 17:39:46.562,0.2,7.8,0.09,0.05
2025-12-31 17:39:47.563,0.2,7.8,0.09,0.05
2025-12-31 17:39:48.564,0.1,7.8,0.09,0.05
2025-12-31 17:39:49.565,0.1,7.8,0.09,0.05
2025-12-31 17:39:50.566,0.2,7.8,0.09,0.05
2025-12-31 17:39:51.568,0.1,7.8,0.09,0.05
2025-12-31 17:39:52.569,0.1,7.8,0.09,0.05
2025-12-31 17:39:53.571,0.1,7.8,0.10,0.05
2025-12-31 17:39:54.572,0.1,7.8,0.09,0.05
2025-12-31 17:39:55.574,0.2,7.8,0.09,0.05
2025-12-31 17:39:56.575,0.0,7.8,0.10,0.05
2025-12-31 17:39:57.577,0.1,7.8,0.09,0.05
2025-12-31 17:39:58.579,0.1,7.8,0.09,0.05
2025-12-31 17:39:59.580,0.2,7.8,0.09,0.05
2025-12-31 17:40:00.582,0.1,7.8,0.09,0.05
2025-12-31 17:40:01.583,0.2,7.8,0.10,0.05
2025-12-31 17:40:02.584,0.2,7.8,0.10,0.05
2025-12-31 17:40:03.586,0.2,7.8,0.10,0.05
2025-12-31 17:40:04.587,0.2,7.8,0.09,0.05
2025-12-31 17:40:05.589,0.1,7.8,0.09,0.05
2025-12-31 17:40:06.590,0.2,7.8,0.10,0.05
2025-12-31 17:40:07.592,0.1,7.8,0.10,0.05
2025-12-31 17:40:08.593,0.1,7.8,0.09,0.05
2025-12-31 17:40:09.595,0.1,7.8,0.09,0.05
2025-12-31 17:40:10.597,0.2,7.8,0.09,0.05
2025-12-31 17:40:11.598,0.2,7.8,0.09,0.05
2025-12-31 17:40:12.600,0.2,7.8,0.09,0.05
2025-12-31 17:40:13.601,0.2,7.8,0.10,0.05
2025-12-31 17:40:14.603,0.1,7.8,0.09,0.05
2025-12-31 17:40:15.605,0.1,7.8,0.09,0.05
2025-12-31 17:40:16.607,0.1,7.8,0.09,0.05
2025-12-31 17:40:17.608,0.1,7.8,0.09,0.05
2025-12-31 17:40:18.609,0.1,7.8,0.10,0.05
2025-12-31 17:40:19.611,0.1,7.8,0.09,0.05
2025-12-31 17:40:20.613,0.1,7.8,0.09,0.05
2025-12-31 17:40:21.614,0.1,7.8,0.09,0.05
2025-12-31 17:40:22.616,0.1,7.8,0.09,0.05
2025-12-31 17:40:23.617,0.0,7.8,0.10,0.05
2025-12-31 17:40:24.618,0.2,7.8,0.10,0.05
2025-12-31 17:40:25.620,0.0,7.8,0.09,0.05
2025-12-31 17:40:26.622,0.0,7.8,0.09,0.05
2025-12-31 17:40:27.624,0.1,7.8,0.09,0.05
2025-12-31 17:40:28.625,0.1,7.8,0.09,0.05
2025-12-31 17:40:29.627,0.0,7.8,0.10,0.05
2025-12-31 17:40:30.629,0.1,7.8,0.09,0.05
2025-12-31 17:40:31.630,0.1,7.8,0.09,0.05
2025-12-31 17:40:32.632,0.1,7.8,0.09,0.05
2025-12-31 17:40:33.634,0.0,7.8,0.10,0.05
2025-12-31 17:40:34.636,0.2,7.8,0.09,0.05
2025-12-31 17:40:35.638,0.2,7.8,0.09,0.05
2025-12-31 17:40:36.640,0.1,7.8,0.09,0.05
2025-12-31 17:40:37.642,0.1,7.8,0.09,0.05
2025-12-31 17:40:38.644,0.1,7.8,0.09,0.05
2025-12-31 17:40:39.646,0.0,7.8,0.09,0.05
2025-12-31 17:40:40.648,0.0,7.8,0.10,0.05
2025-12-31 17:40:41.650,0.2,7.8,0.09,0.05
2025-12-31 17:40:42.652,0.1,7.8,0.10,0.05
2025-12-31 17:40:43.654,0.1,7.8,0.10,0.05
2025-12-31 17:40:44.656,0.1,7.8,0.09,0.05
2025-12-31 17:40:45.657,0.2,7.8,0.09,0.05
2025-12-31 17:40:46.658,0.1,7.8,0.09,0.05
2025-12-31 17:40:47.659,0.2,7.8,0.10,0.05
2025-12-31 17:40:48.660,0.1,7.8,0.09,0.05
2025-12-31 17:40:49.662,0.1,7.8,0.09,0.05
2025-12-31 17:40:50.663,0.0,7.8,0.09,0.05
2025-12-31 17:40:51.665,0.1,7.8,0.10,0.05
2025-12-31 17:40:52.666,0.1,7.8,0.10,0.05
2025-12-31 17:40:53.668,0.2,7.8,0.10,0.05
2025-12-31 17:40:54.669,0.1,7.8,0.09,0.05
2025-12-31 17:40:55.671,0.0,7.8,0.09,0.05
2025-12-31 17:40:56.673,0.1,7.8,0.09,0.05
2025-12-31 17:40:57.674,0.2,7.8,0.10,0.05
2025-12-31 17:40:58.675,0.1,7.8,0.09,0.05
2025-12-31 17:40:59.677,0.2,7.8,0.09,0.05
2025-12-31 17:41:00.678,0.0,7.8,0.10,0.05
2025-12-31 17:41:01.680,0.1,7.8,0.09,0.05
2025-12-31 17:41:02.681,0.0,7.8,0.10,0.05
2025-12-31 17:41:03.683,0.1,7.8,0.10,0.05
2025-12-31 17:41:04.685,0.1,7.8,0.10,0.05
2025-12-31 17:41:05.686,0.0,7.8,0.09,0.05
2025-12-31 17:41:06.688,0.1,7.8,0.09,0.05
2025-12-31 17:41:07.689,0.1,7.8,0.09,0.05
2025-12-31 17:41:08.691,0.1,7.8,0.09,0.05
2025-12-31 17:41:09.692,0.1,7.8,0.10,0.05
2025-12-31 17:41:10.693,0.0,7.8,0.10,0.05
2025-12-31 17:41:11.695,0.2,7.8,0.09,0.05
2025-12-31 17:41:12.697,0.0,7.8,0.09,0.05
2025-12-31 17:41:13.699,0.0,7.8,0.10,0.05
2025-12-31 17:41:14.700,0.1,7.8,0.09,0.05
2025-12-31 17:41:15.702,0.0,7.8,0.09,0.05
2025-12-31 17:41:16.703,0.2,7.8,0.09,0.05
2025-12-31 17:41:17.705,0.0,7.8,0.09,0.05
2025-12-31 17:41:18.708,0.1,7.8,0.10,0.05
2025-12-31 17:41:19.709,0.2,7.8,0.09,0.05
2025-12-31 17:41:20.712,0.0,7.8,0.09,0.05
2025-12-31 17:41:21.713,0.1,7.8,0.10,0.05
2025-12-31 17:41:22.715,0.2,7.8,0.09,0.05
2025-12-31 17:41:23.716,0.1,7.8,0.10,0.05
2025-12-31 17:41:24.718,0.1,7.8,0.10,0.05
2025-12-31 17:41:25.719,0.1,7.8,0.09,0.05
2025-12-31 17:41:26.721,0.1,7.8,0.09,0.05
2025-12-31 17:41:27.724,0.0,7.8,0.09,0.05
2025-12-31 17:41:28.726,0.1,7.8,0.09,0.05
2025-12-31 17:41:29.728,0.2,7.8,0.09,0.05
2025-12-31 17:41:30.730,0.0,7.8,0.09,0.05
2025-12-31 17:41:31.732,0.2,7.8,0.10,0.05
2025-12-31 17:41:32.734,0.0,7.8,0.09,0.05
2025-12-31 17:41:33.736,0.2,7.8,0.10,0.05
2025-12-31 17:41:34.737,0.2,7.8,0.09,0.05
2025-12-31 17:41:35.739,0.0,7.8,0.10,0.05
2025-12-31 17:41:36.742,0.1,7.8,0.09,0.05
2025-12-31 17:41:37.745,0.0,7.8,0.09,0.05
2025-12-31 17:41:38.746,0.0,7.8,0.09,0.05
2025-12-31 17:41:39.748,0.1,7.8,0.10,0.05
2025-12-31 17:41:40.750,0.0,7.8,0.09,0.05
2025-12-31 17:41:41.753,0.1,7.8,0.09,0.05
2025-12-31 17:41:42.755,0.1,7.8,0.10,0.05
2025-12-31 17:41:43.757,0.0,7.8,0.10,0.05
2025-12-31 17:41:44.758,0.0,7.8,0.09,0.05
2025-12-31 17:41:45.759,0.0,7.8,0.09,0.05
2025-12-31 17:41:46.761,0.2,7.8,0.10,0.05
2025-12-31 17:41:47.762,0.0,7.8,0.09,0.05
2025-12-31 17:41:48.764,0.0,7.8,0.09,0.05
2025-12-31 17:41:49.766,0.0,7.8,0.09,0.05
2025-12-31 17:41:50.767,0.1,7.8,0.09,0.05
2025-12-31 17:41:51.768,0.1,7.8,0.09,0.05
2025-12-31 17:41:52.770,0.1,7.8,0.09,0.05
2025-12-31 17:41:53.771,0.1,7.8,0.10,0.05
2025-12-31 17:41:54.773,0.0,7.8,0.09,0.05
2025-12-31 17:41:55.775,0.1,7.8,0.09,0.05
2025-12-31 17:41:56.777,0.1,7.8,0.10,0.05
2025-12-31 17:41:57.778,0.0,7.8,0.10,0.05
2025-12-31 17:41:58.780,0.1,7.8,0.09,0.05
2025-12-31 17:41:59.782,0.1,7.8,0.09,0.05
2025-12-31 17:42:00.783,0.0,7.8,0.09,0.05
2025-12-31 17:42:01.784,0.1,7.8,0.09,0.05
2025-12-31 17:42:02.786,0.0,7.8,0.09,0.05
2025-12-31 17:42:03.787,0.1,7.8,0.10,0.05
2025-12-31 17:42:04.788,0.0,7.8,0.10,0.05
2025-12-31 17:42:05.790,0.1,7.8,0.09,0.05
2025-12-31 17:42:06.793,0.2,7.8,0.10,0.05
2025-12-31 17:42:07.795,0.1,7.8,0.09,0.05
2025-12-31 17:42:08.797,0.2,7.8,0.10,0.05
2025-12-31 17:42:09.799,0.1,7.8,0.09,0.05
2025-12-31 17:42:10.800,0.2,7.8,0.09,0.05
2025-12-31 17:42:11.801,0.2,7.8,0.09,0.05
2025-12-31 17:42:12.803,0.1,7.8,0.10,0.05
2025-12-31 17:42:13.804,0.1,7.8,0.10,0.05
2025-12-31 17:42:14.805,0.2,7.8,0.09,0.05
2025-12-31 17:42:15.806,0.1,7.8,0.09,0.05
2025-12-31 17:42:16.808,0.3,7.8,0.09,0.05
2025-12-31 17:42:17.809,0.2,7.8,0.09,0.05
2025-12-31 17:42:18.810,0.2,7.8,0.09,0.05
2025-12-31 17:42:19.811,0.2,7.8,0.10,0.05
2025-12-31 17:42:20.813,0.2,7.8,0.09,0.05
2025-12-31 17:42:21.815,0.2,7.8,0.09,0.05
2025-12-31 17:42:22.816,0.3,7.8,0.09,0.05
2025-12-31 17:42:23.818,0.3,7.8,0.10,0.05
2025-12-31 17:42:24.820,0.5,7.8,0.10,0.05
2025-12-31 17:42:25.821,0.4,7.8,0.09,0.05
2025-12-31 17:42:26.823,0.2,7.8,0.10,0.05
2025-12-31 17:42:27.824,0.4,7.8,0.09,0.05
2025-12-31 17:42:28.826,0.4,7.8,0.09,0.05
2025-12-31 17:42:29.827,0.3,7.8,0.09,0.05
2025-12-31 17:42:30.828,0.4,7.8,0.10,0.05
2025-12-31 17:42:31.830,0.2,7.8,0.09,0.05
2025-12-31 17:42:32.832,0.3,7.8,0.09,0.05
2025-12-31 17:42:33.833,0.3,7.8,0.10,0.05
2025-12-31 17:42:34.835,0.3,7.8,0.10,0.05
2025-12-31 17:42:35.836,0.2,7.8,0.09,0.05
2025-12-31 17:42:36.837,0.2,7.8,0.10,0.05
2025-12-31 17:42:37.839,0.2,7.8,0.09,0.05
2025-12-31 17:42:38.840,0.2,7.8,0.09,0.05
2025-12-31 17:42:39.841,0.2,7.8,0.09,0.05
2025-12-31 17:42:40.843,0.1,7.8,0.09,0.05
2025-12-31 17:42:41.844,0.3,7.8,0.10,0.05
2025-12-31 17:42:42.846,0.1,7.8,0.10,0.05
2025-12-31 17:42:43.848,0.2,7.8,0.10,0.05
2025-12-31 17:42:44.849,0.1,7.8,0.09,0.05
2025-12-31 17:42:45.850,0.0,7.8,0.09,0.05
2025-12-31 17:42:46.852,0.3,7.8,0.09,0.05
2025-12-31 17:42:47.853,0.1,7.8,0.09,0.05
2025-12-31 17:42:48.855,0.2,7.8,0.09,0.05
2025-12-31 17:42:49.857,0.2,7.8,0.09,0.05
2025-12-31 17:42:50.858,0.2,7.8,0.10,0.05
2025-12-31 17:42:51.859,0.2,7.8,0.09,0.05
2025-12-31 17:42:52.861,0.2,7.8,0.09,0.05
2025-12-31 17:42:53.863,0.1,7.8,0.10,0.05
2025-12-31 17:42:54.865,0.5,7.8,0.09,0.05
2025-12-31 17:42:55.866,0.2,7.8,0.09,0.05
2025-12-31 17:42:56.867,0.2,7.8,0.09,0.05
2025-12-31 17:42:57.869,0.2,7.8,0.09,0.05
2025-12-31 17:42:58.870,0.2,7.8,0.09,0.05
2025-12-31 17:42:59.872,0.2,7.8,0.09,0.05
2025-12-31 17:43:00.873,0.2,7.8,0.09,0.05
2025-12-31 17:43:01.875,0.2,7.8,0.09,0.05
2025-12-31 17:43:02.876,0.2,7.8,0.09,0.05
2025-12-31 17:43:03.877,0.2,7.8,0.10,0.05
2025-12-31 17:43:04.879,0.1,7.8,0.10,0.05
2025-12-31 17:43:05.881,0.2,7.8,0.09,0.05
2025-12-31 17:43:06.883,0.1,7.8,0.09,0.05
2025-12-31 17:43:07.885,0.2,7.8,0.09,0.05
2025-12-31 17:43:08.887,0.2,7.8,0.09,0.05
2025-12-31 17:43:09.889,0.1,7.8,0.09,0.05
2025-12-31 17:43:10.890,0.1,7.8,0.09,0.05
2025-12-31 17:43:11.892,0.2,7.8,0.09,0.05
2025-12-31 17:43:12.893,0.2,7.8,0.10,0.05
2025-12-31 17:43:13.894,0.0,7.8,0.10,0.05
2025-12-31 17:43:14.896,0.2,7.8,0.09,0.05
2025-12-31 17:43:15.897,0.1,7.8,0.09,0.05
2025-12-31 17:43:16.899,0.2,7.8,0.09,0.05
2025-12-31 17:43:17.901,0.2,7.8,0.09,0.05
2025-12-31 17:43:18.902,0.2,7.8,0.10,0.05
2025-12-31 17:43:19.903,0.0,7.8,0.09,0.05
2025-12-31 17:43:20.905,0.2,7.8,0.09,0.05
2025-12-31 17:43:21.907,0.1,7.8,0.09,0.05
2025-12-31 17:43:22.908,0.1,7.8,0.09,0.05
2025-12-31 17:43:23.910,0.1,7.8,0.10,0.05
2025-12-31 17:43:24.911,0.2,7.8,0.10,0.05
2025-12-31 17:43:25.912,0.0,7.8,0.10,0.05
2025-12-31 17:43:26.913,0.1,7.8,0.09,0.05
2025-12-31 17:43:27.915,0.2,7.8,0.09,0.05
2025-12-31 17:43:28.916,0.2,7.8,0.09,0.05
2025-12-31 17:43:29.917,0.1,7.8,0.09,0.05
2025-12-31 17:43:30.919,0.1,7.8,0.09,0.05
2025-12-31 17:43:31.921,0.1,7.8,0.09,0.05
2025-12-31 17:43:32.922,0.1,7.8,0.09,0.05
2025-12-31 17:43:33.924,0.2,7.8,0.10,0.05
2025-12-31 17:43:34.925,0.2,7.8,0.10,0.05
2025-12-31 17:43:35.927,0.2,7.8,0.10,0.05
2025-12-31 17:43:36.928,0.1,7.8,0.10,0.05
2025-12-31 17:43:37.929,0.0,7.8,0.09,0.05
2025-12-31 17:43:38.931,0.2,7.8,0.09,0.05
2025-12-31 17:43:39.932,0.2,7.8,0.09,0.05
2025-12-31 17:43:40.933,0.1,7.8,0.09,0.05
2025-12-31 17:43:41.935,0.1,7.8,0.09,0.05
2025-12-31 17:43:42.937,0.2,7.8,0.09,0.05
2025-12-31 17:43:43.938,0.2,7.8,0.10,0.05
2025-12-31 17:43:44.940,0.1,7.8,0.09,0.05
2025-12-31 17:43:45.941,0.1,7.8,0.09,0.05
2025-12-31 17:43:46.943,0.2,7.8,0.09,0.05
2025-12-31 17:43:47.945,0.1,7.8,0.10,0.05
2025-12-31 17:43:48.947,0.1,7.8,0.10,0.05
2025-12-31 17:43:49.949,0.2,7.8,0.09,0.05
2025-12-31 17:43:50.951,0.1,7.8,0.09,0.05
2025-12-31 17:43:51.953,0.1,7.8,0.09,0.05
2025-12-31 17:43:52.954,0.1,7.8,0.09,0.05
2025-12-31 17:43:53.956,0.2,7.8,0.10,0.05
2025-12-31 17:43:54.957,0.0,7.8,0.09,0.05
2025-12-31 17:43:55.959,0.1,7.8,0.09,0.05
2025-12-31 17:43:56.960,0.2,7.8,0.09,0.05
2025-12-31 17:43:57.962,0.2,7.8,0.09,0.05
2025-12-31 17:43:58.963,0.1,7.8,0.09,0.05
2025-12-31 17:43:59.965,0.2,7.8,0.09,0.05
2025-12-31 17:44:00.966,0.0,7.8,0.10,0.05
2025-12-31 17:44:01.968,0.1,7.8,0.09,0.05
2025-12-31 17:44:02.970,0.0,7.8,0.09,0.05
2025-12-31 17:44:03.972,0.2,7.8,0.10,0.06
2025-12-31 17:44:04.973,0.1,7.8,0.09,0.06
2025-12-31 17:44:05.975,0.2,7.8,0.10,0.06
2025-12-31 17:44:06.977,0.1,7.8,0.09,0.06
2025-12-31 17:44:07.978,0.1,7.8,0.09,0.05
2025-12-31 17:44:08.980,0.1,7.8,0.09,0.05
2025-12-31 17:44:09.982,0.1,7.8,0.09,0.06
2025-12-31 17:44:10.984,0.0,7.8,0.09,0.05
2025-12-31 17:44:11.986,0.1,7.8,0.09,0.05
2025-12-31 17:44:12.987,0.2,7.8,0.09,0.05
2025-12-31 17:44:13.989,0.2,7.8,0.10,0.05
2025-12-31 17:44:14.990,0.0,7.8,0.09,0.05
2025-12-31 17:44:15.992,0.0,7.8,0.10,0.06
2025-12-31 17:44:16.993,0.2,7.8,0.09,0.05
2025-12-31 17:44:17.995,0.1,7.8,0.09,0.05
2025-12-31 17:44:18.997,0.1,7.8,0.09,0.05
2025-12-31 17:44:19.998,0.1,7.8,0.09,0.05
2025-12-31 17:44:21.000,0.1,7.8,0.09,0.05
2025-12-31 17:44:22.002,0.0,7.8,0.09,0.05
2025-12-31 17:44:23.004,0.2,7.8,0.09,0.05
2025-12-31 17:44:24.005,0.0,7.8,0.10,0.05
2025-12-31 17:44:25.007,0.0,7.8,0.10,0.05
2025-12-31 17:44:26.008,0.1,7.8,0.09,0.05
2025-12-31 17:44:27.009,0.2,7.8,0.09,0.05
2025-12-31 17:44:28.011,0.1,7.8,0.09,0.05
2025-12-31 17:44:29.012,0.1,7.8,0.10,0.05
2025-12-31 17:44:30.014,0.2,7.8,0.09,0.05
2025-12-31 17:44:31.015,0.1,7.8,0.09,0.05
2025-12-31 17:44:32.017,0.0,7.8,0.10,0.05
2025-12-31 17:44:33.018,0.1,7.8,0.09,0.05
2025-12-31 17:44:34.020,0.0,7.8,0.10,0.05
2025-12-31 17:44:35.021,0.2,7.8,0.09,0.05
2025-12-31 17:44:36.023,0.0,7.8,0.09,0.05
2025-12-31 17:44:37.025,0.1,7.8,0.09,0.05
2025-12-31 17:44:38.026,0.1,7.8,0.10,0.05
2025-12-31 17:44:39.028,0.1,7.8,0.09,0.05
2025-12-31 17:44:40.030,0.1,7.8,0.09,0.05
2025-12-31 17:44:41.032,0.1,7.8,0.09,0.05
2025-12-31 17:44:42.034,0.1,7.8,0.12,0.05
2025-12-31 17:44:43.035,0.1,7.8,0.10,0.05
2025-12-31 17:44:44.036,0.1,7.8,0.10,0.05
2025-12-31 17:44:45.037,0.1,7.8,0.09,0.05
2025-12-31 17:44:46.038,0.0,7.8,0.09,0.05
2025-12-31 17:44:47.039,0.2,7.8,0.09,0.05
2025-12-31 17:44:48.040,0.1,7.8,0.09,0.05
2025-12-31 17:44:49.041,0.0,7.8,0.09,0.05
2025-12-31 17:44:50.042,0.0,7.8,0.09,0.05
2025-12-31 17:44:51.044,0.1,7.8,0.10,0.05
2025-12-31 17:44:52.045,0.1,7.8,0.10,0.05
2025-12-31 17:44:53.046,0.0,7.8,0.09,0.05
2025-12-31 17:44:54.048,0.1,7.8,0.10,0.05
2025-12-31 17:44:55.050,0.0,7.8,0.09,0.05
2025-12-31 17:44:56.052,0.0,7.8,0.09,0.05
2025-12-31 17:44:57.053,0.0,7.8,0.10,0.05
2025-12-31 17:44:58.054,0.1,7.8,0.09,0.05
2025-12-31 17:44:59.055,0.1,7.8,0.09,0.05
2025-12-31 17:45:00.056,0.0,7.8,0.09,0.05
2025-12-31 17:45:01.057,0.0,7.8,0.09,0.05
2025-12-31 17:45:02.058,0.1,7.8,0.09,0.05
2025-12-31 17:45:03.060,0.0,7.8,0.09,0.05
2025-12-31 17:45:04.061,0.1,7.8,0.10,0.05
2025-12-31 17:45:05.063,0.0,7.8,0.10,0.08
2025-12-31 17:45:06.064,0.1,7.8,0.09,0.07
2025-12-31 17:45:07.066,0.1,7.8,0.10,0.05
2025-12-31 17:45:08.067,0.2,7.8,0.09,0.06
2025-12-31 17:45:09.068,0.3,7.8,0.10,0.05
2025-12-31 17:45:10.070,0.2,7.8,0.09,0.06
2025-12-31 17:45:11.072,0.2,7.8,0.09,0.05
2025-12-31 17:45:12.073,0.1,7.8,0.09,0.05
2025-12-31 17:45:13.074,0.2,7.8,0.09,0.05
2025-12-31 17:45:14.076,0.2,7.8,0.09,0.05
2025-12-31 17:45:15.078,0.2,7.8,0.10,0.05
2025-12-31 17:45:16.080,0.3,7.8,0.10,0.05
2025-12-31 17:45:17.081,0.3,7.8,0.10,0.05
2025-12-31 17:45:18.082,0.4,7.8,0.09,0.05
2025-12-31 17:45:19.083,0.2,7.8,0.09,0.05
2025-12-31 17:45:20.085,0.2,7.8,0.09,0.05
2025-12-31 17:45:21.086,0.2,7.8,0.09,0.05
2025-12-31 17:45:22.087,0.4,7.8,0.09,0.05
2025-12-31 17:45:23.089,0.3,7.8,0.09,0.05
2025-12-31 17:45:24.090,0.3,7.8,0.09,0.05
2025-12-31 17:45:25.091,0.4,7.8,0.11,0.05
2025-12-31 17:45:26.092,0.3,7.8,0.09,0.05
2025-12-31 17:45:27.094,0.2,7.8,0.10,0.05
2025-12-31 17:45:28.095,0.3,7.8,0.09,0.05
2025-12-31 17:45:29.096,0.2,7.8,0.09,0.05
2025-12-31 17:45:30.098,0.3,7.8,0.09,0.05
2025-12-31 17:45:31.099,0.1,7.8,0.09,0.05
2025-12-31 17:45:32.101,0.3,7.8,0.09,0.05
2025-12-31 17:45:33.102,0.2,7.8,0.09,0.05
2025-12-31 17:45:34.104,0.2,7.8,0.09,0.05
2025-12-31 17:45:35.105,0.1,7.8,0.10,0.05
2025-12-31 17:45:36.106,0.2,7.8,0.09,0.05
2025-12-31 17:45:37.108,0.2,7.8,0.09,0.05
2025-12-31 17:45:38.110,0.2,7.8,0.09,0.05
2025-12-31 17:45:39.112,0.2,7.8,0.09,0.05
2025-12-31 17:45:40.113,0.1,7.8,0.09,0.05
2025-12-31 17:45:41.114,0.2,7.8,0.10,0.05
2025-12-31 17:45:42.115,0.2,7.8,0.09,0.05
2025-12-31 17:45:43.117,0.1,7.8,0.09,0.05
2025-12-31 17:45:44.119,0.2,7.8,0.09,0.05
2025-12-31 17:45:45.121,0.2,7.8,0.10,0.06
2025-12-31 17:45:46.122,0.1,7.8,0.09,0.05
2025-12-31 17:45:47.123,0.2,7.8,0.09,0.05
2025-12-31 17:45:48.125,0.2,7.8,0.09,0.05
2025-12-31 17:45:49.126,0.1,7.8,0.10,0.05
2025-12-31 17:45:50.128,0.2,7.8,0.10,0.05
2025-12-31 17:45:51.129,0.2,7.8,0.09,0.05
2025-12-31 17:45:52.131,0.2,7.8,0.09,0.05
2025-12-31 17:45:53.132,0.2,7.8,0.09,0.05
2025-12-31 17:45:54.134,0.2,7.8,0.09,0.05
2025-12-31 17:45:55.136,0.0,7.8,0.10,0.05
2025-12-31 17:45:56.138,0.2,7.8,0.09,0.05
2025-12-31 17:45:57.140,0.2,7.8,0.10,0.05
2025-12-31 17:45:58.142,0.2,7.8,0.09,0.05
2025-12-31 17:45:59.144,0.2,7.8,0.09,0.05
2025-12-31 17:46:00.145,0.1,7.8,0.10,0.05
2025-12-31 17:46:01.147,0.2,7.8,0.09,0.05
2025-12-31 17:46:02.149,0.2,7.8,0.09,0.05
2025-12-31 17:46:03.151,0.0,7.8,0.10,0.06
2025-12-31 17:46:04.152,0.2,7.8,0.09,0.05
2025-12-31 17:46:05.153,0.1,7.8,0.10,0.05
2025-12-31 17:46:06.154,0.1,7.8,0.09,0.05
2025-12-31 17:46:07.156,0.0,7.8,0.09,0.05
2025-12-31 17:46:08.157,0.1,7.8,0.09,0.05
2025-12-31 17:46:09.159,0.1,7.8,0.09,0.05
2025-12-31 17:46:10.160,0.2,7.8,0.09,0.05
2025-12-31 17:46:11.162,0.0,7.8,0.10,0.05
2025-12-31 17:46:12.163,0.2,7.8,0.09,0.05
2025-12-31 17:46:13.164,0.2,7.8,0.09,0.05
2025-12-31 17:46:14.166,0.1,7.8,0.09,0.05
2025-12-31 17:46:15.167,0.1,7.8,0.10,0.05
2025-12-31 17:46:16.168,0.2,7.8,0.09,0.05
2025-12-31 17:46:17.170,0.2,7.8,0.09,0.05
2025-12-31 17:46:18.172,0.1,7.8,0.10,0.05
2025-12-31 17:46:19.173,0.2,7.8,0.09,0.05
2025-12-31 17:46:20.175,0.2,7.8,0.09,0.05
2025-12-31 17:46:21.176,0.1,7.8,0.09,0.05
2025-12-31 17:46:22.178,0.1,7.8,0.09,0.05
2025-12-31 17:46:23.179,0.1,7.8,0.10,0.05
2025-12-31 17:46:24.181,0.1,7.8,0.09,0.05
2025-12-31 17:46:25.183,0.2,7.8,0.10,0.05
2025-12-31 17:46:26.185,0.2,7.8,0.09,0.05
2025-12-31 17:46:27.187,0.0,7.8,0.09,0.05
2025-12-31 17:46:28.188,0.1,7.8,0.09,0.05
2025-12-31 17:46:29.190,0.2,7.8,0.09,0.05
2025-12-31 17:46:30.191,0.1,7.8,0.09,0.05
2025-12-31 17:46:31.193,0.1,7.8,0.09,0.05
2025-12-31 17:46:32.195,0.1,7.8,0.09,0.05
2025-12-31 17:46:33.196,0.0,7.8,0.10,0.05
2025-12-31 17:46:34.198,0.2,7.8,0.09,0.05
2025-12-31 17:46:35.200,0.2,7.8,0.10,0.05
2025-12-31 17:46:36.202,0.2,7.8,0.09,0.05
2025-12-31 17:46:37.204,0.0,7.8,0.09,0.05
2025-12-31 17:46:38.206,0.2,7.8,0.09,0.05
2025-12-31 17:46:39.208,0.3,7.8,0.09,0.05
2025-12-31 17:46:40.209,0.1,7.8,0.09,0.05
2025-12-31 17:46:41.211,0.2,7.8,0.10,0.05
2025-12-31 17:46:42.213,0.0,7.8,0.10,0.05
2025-12-31 17:46:43.215,0.2,7.8,0.09,0.05
2025-12-31 17:46:44.216,0.2,7.8,0.10,0.05
2025-12-31 17:46:45.218,0.2,7.8,0.10,0.05
2025-12-31 17:46:46.220,0.1,7.8,0.09,0.05
2025-12-31 17:46:47.223,0.3,7.8,0.09,0.05
2025-12-31 17:46:48.225,0.0,7.8,0.09,0.05
2025-12-31 17:46:49.228,0.1,7.8,0.09,0.05
2025-12-31 17:46:50.229,0.1,7.8,0.09,0.05
2025-12-31 17:46:51.230,0.1,7.8,0.09,0.05
2025-12-31 17:46:52.232,0.0,7.8,0.09,0.05
2025-12-31 17:46:53.234,0.2,7.8,0.09,0.05
2025-12-31 17:46:54.236,0.0,7.8,0.09,0.05
2025-12-31 17:46:55.238,0.0,7.8,0.10,0.05
2025-12-31 17:46:56.239,0.2,7.8,0.09,0.05
2025-12-31 17:46:57.241,0.0,7.8,0.09,0.05
2025-12-31 17:46:58.243,0.0,7.8,0.09,0.05
2025-12-31 17:46:59.244,0.1,7.8,0.09,0.05
2025-12-31 17:47:00.246,0.1,7.8,0.09,0.05
2025-12-31 17:47:01.248,0.1,7.8,0.10,0.06
2025-12-31 17:47:02.249,0.2,7.8,0.10,0.05
2025-12-31 17:47:03.250,0.0,7.8,0.09,0.05
2025-12-31 17:47:04.251,0.1,7.8,0.09,0.05
2025-12-31 17:47:05.253,0.0,7.8,0.10,0.05
2025-12-31 17:47:06.255,0.0,7.8,0.10,0.05
2025-12-31 17:47:07.256,0.1,7.8,0.09,0.05
2025-12-31 17:47:08.258,0.2,7.8,0.09,0.05
2025-12-31 17:47:09.259,0.1,7.8,0.09,0.05
2025-12-31 17:47:10.261,0.1,7.8,0.09,0.05
2025-12-31 17:47:11.262,0.0,7.8,0.09,0.05
2025-12-31 17:47:12.263,0.2,7.8,0.09,0.05
2025-12-31 17:47:13.265,0.1,7.8,0.10,0.05
2025-12-31 17:47:14.266,0.1,7.8,0.09,0.05
2025-12-31 17:47:15.268,0.1,7.8,0.10,0.05
2025-12-31 17:47:16.269,0.2,7.8,0.09,0.05
2025-12-31 17:47:17.271,0.1,7.8,0.10,0.05
2025-12-31 17:47:18.272,0.2,7.8,0.09,0.05
2025-12-31 17:47:19.273,0.2,7.8,0.09,0.05
2025-12-31 17:47:20.274,0.1,7.8,0.09,0.05
2025-12-31 17:47:21.276,0.1,7.8,0.09,0.05
2025-12-31 17:47:22.277,0.0,7.8,0.10,0.05
2025-12-31 17:47:23.278,0.0,7.8,0.09,0.05
2025-12-31 17:47:24.280,0.1,7.8,0.09,0.05
2025-12-31 17:47:25.282,0.1,7.8,0.10,0.06
2025-12-31 17:47:26.284,0.2,7.8,0.10,0.05
2025-12-31 17:47:27.285,0.1,7.8,0.10,0.05
2025-12-31 17:47:28.287,0.0,7.8,0.09,0.05
2025-12-31 17:47:29.288,0.1,7.8,0.09,0.05
2025-12-31 17:47:30.290,0.1,7.8,0.09,0.05
2025-12-31 17:47:31.291,0.1,7.8,0.09,0.05
2025-12-31 17:47:32.292,0.0,7.8,0.09,0.05
2025-12-31 17:47:33.294,0.1,7.8,0.09,0.05
2025-12-31 17:47:34.296,0.2,7.8,0.09,0.05
2025-12-31 17:47:35.297,0.1,7.8,0.10,0.05
2025-12-31 17:47:36.299,0.2,7.8,0.09,0.05
2025-12-31 17:47:37.300,0.0,7.8,0.10,0.05
2025-12-31 17:47:38.302,0.1,7.8,0.09,0.05
2025-12-31 17:47:39.303,0.0,7.8,0.10,0.06
2025-12-31 17:47:40.305,0.2,7.8,0.09,0.05
2025-12-31 17:47:41.306,0.0,7.8,0.09,0.05
2025-12-31 17:47:42.307,0.2,7.8,0.09,0.05
2025-12-31 17:47:43.309,0.0,7.8,0.10,0.05
2025-12-31 17:47:44.310,0.0,7.8,0.10,0.05
2025-12-31 17:47:45.312,0.1,7.8,0.10,0.05
2025-12-31 17:47:46.313,0.0,7.8,0.09,0.05
2025-12-31 17:47:47.314,0.1,7.8,0.09,0.05
2025-12-31 17:47:48.316,0.0,7.8,0.09,0.05
2025-12-31 17:47:49.317,0.1,7.8,0.09,0.05
2025-12-31 17:47:50.319,0.0,7.8,0.10,0.05
2025-12-31 17:47:51.321,0.2,7.8,0.09,0.05
2025-12-31 17:47:52.323,0.0,7.8,0.09,0.05
2025-12-31 17:47:53.325,0.0,7.8,0.09,0.05
2025-12-31 17:47:54.327,0.2,7.8,0.10,0.05
2025-12-31 17:47:55.328,0.2,7.8,0.10,0.05
2025-12-31 17:47:56.330,0.0,7.8,0.09,0.05
2025-12-31 17:47:57.331,0.0,7.8,0.09,0.05
2025-12-31 17:47:58.333,0.1,7.8,0.10,0.05
2025-12-31 17:47:59.334,0.1,7.8,0.09,0.05
2025-12-31 17:48:00.335,0.1,7.8,0.09,0.05
2025-12-31 17:48:01.337,0.1,7.8,0.10,0.05
2025-12-31 17:48:02.338,0.0,7.8,0.09,0.05
2025-12-31 17:48:03.340,0.1,7.8,0.09,0.05
2025-12-31 17:48:04.341,0.2,7.8,0.09,0.05
2025-12-31 17:48:05.343,0.2,7.8,0.10,0.05
2025-12-31 17:48:06.344,0.1,7.8,0.09,0.05
2025-12-31 17:48:07.346,0.1,7.8,0.09,0.05
2025-12-31 17:48:08.348,0.0,7.8,0.09,0.05
2025-12-31 17:48:09.350,0.1,7.8,0.09,0.05
2025-12-31 17:48:10.351,0.2,7.8,0.10,0.05
2025-12-31 17:48:11.353,0.1,7.8,0.09,0.05
2025-12-31 17:48:12.354,0.2,7.8,0.10,0.05
2025-12-31 17:48:13.356,0.2,7.8,0.09,0.05
2025-12-31 17:48:14.357,0.2,7.8,0.09,0.05
2025-12-31 17:48:15.358,0.2,7.8,0.11,0.05
2025-12-31 17:48:16.360,0.2,7.8,0.09,0.05
2025-12-31 17:48:17.361,0.2,7.8,0.10,0.05
2025-12-31 17:48:18.363,0.3,7.8,0.09,0.05
2025-12-31 17:48:19.364,0.2,7.8,0.10,0.05
2025-12-31 17:48:20.366,0.2,7.8,0.09,0.05
2025-12-31 17:48:21.367,0.3,7.8,0.09,0.05
2025-12-31 17:48:22.369,0.2,7.8,0.09,0.05
2025-12-31 17:48:23.371,0.3,7.8,0.10,0.05
2025-12-31 17:48:24.372,0.2,7.8,0.09,0.05
2025-12-31 17:48:25.374,0.2,7.8,0.10,0.06
2025-12-31 17:48:26.376,0.2,7.8,0.09,0.05
2025-12-31 17:48:27.377,0.3,7.8,0.09,0.05
2025-12-31 17:48:28.379,0.3,7.8,0.09,0.05
2025-12-31 17:48:29.380,0.1,7.8,0.09,0.05
2025-12-31 17:48:30.381,0.2,7.8,0.10,0.05
2025-12-31 17:48:31.383,0.2,7.8,0.09,0.05
2025-12-31 17:48:32.384,0.2,7.8,0.09,0.05
2025-12-31 17:48:33.386,0.2,7.8,0.09,0.05
2025-12-31 17:48:34.387,0.2,7.8,0.10,0.05
2025-12-31 17:48:35.389,0.2,7.8,0.10,0.05
2025-12-31 17:48:36.390,0.2,7.8,0.09,0.05
2025-12-31 17:48:37.391,0.2,7.8,0.09,0.05
2025-12-31 17:48:38.393,0.1,7.8,0.09,0.05
2025-12-31 17:48:39.395,0.2,7.8,0.09,0.05
2025-12-31 17:48:40.396,0.2,7.8,0.09,0.05
2025-12-31 17:48:41.397,0.1,7.8,0.09,0.05
2025-12-31 17:48:42.398,0.1,7.8,0.09,0.05
2025-12-31 17:48:43.400,0.1,7.8,0.09,0.05
2025-12-31 17:48:44.402,0.0,7.8,0.09,0.05
2025-12-31 17:48:45.404,0.0,7.8,0.10,0.05
2025-12-31 17:48:46.405,0.1,7.8,0.10,0.05
2025-12-31 17:48:47.407,0.2,7.8,0.09,0.05
2025-12-31 17:48:48.408,0.2,7.8,0.10,0.05
2025-12-31 17:48:49.411,0.0,7.8,0.09,0.05
2025-12-31 17:48:50.412,0.2,7.8,0.09,0.05
2025-12-31 17:48:51.414,0.1,7.8,0.09,0.05
2025-12-31 17:48:52.416,0.2,7.8,0.09,0.05
2025-12-31 17:48:53.417,0.0,7.8,0.09,0.05
2025-12-31 17:48:54.419,0.1,7.8,0.09,0.05
2025-12-31 17:48:55.421,0.2,7.8,0.10,0.05
2025-12-31 17:48:56.422,0.1,7.8,0.10,0.05
2025-12-31 17:48:57.424,0.1,7.8,0.09,0.05
2025-12-31 17:48:58.425,0.1,7.8,0.10,0.05
2025-12-31 17:48:59.427,0.1,7.8,0.09,0.05
2025-12-31 17:49:00.429,0.2,7.8,0.09,0.05
2025-12-31 17:49:01.430,0.0,7.8,0.09,0.05
2025-12-31 17:49:02.432,0.1,7.8,0.09,0.05
2025-12-31 17:49:03.433,0.1,7.8,0.09,0.05
2025-12-31 17:49:04.435,0.1,7.8,0.09,0.05
2025-12-31 17:49:05.437,0.2,7.8,0.10,0.05
2025-12-31 17:49:06.438,0.1,7.8,0.09,0.05
2025-12-31 17:49:07.440,0.2,7.8,0.10,0.05
2025-12-31 17:49:08.441,0.0,7.8,0.09,0.05
2025-12-31 17:49:09.443,0.1,7.8,0.09,0.05
2025-12-31 17:49:10.445,0.1,7.8,0.09,0.05
2025-12-31 17:49:11.446,0.2,7.8,0.09,0.05
2025-12-31 17:49:12.447,0.1,7.8,0.10,0.05
2025-12-31 17:49:13.448,0.2,7.8,0.09,0.05
2025-12-31 17:49:14.449,0.2,7.8,0.09,0.05
2025-12-31 17:49:15.452,0.1,7.8,0.10,0.05
2025-12-31 17:49:16.453,0.2,7.8,0.09,0.05
2025-12-31 17:49:17.455,0.2,7.8,0.10,0.05
2025-12-31 17:49:18.456,0.2,7.8,0.10,0.05
2025-12-31 17:49:19.458,0.2,7.8,0.10,0.05
2025-12-31 17:49:20.459,0.2,7.8,0.09,0.05
2025-12-31 17:49:21.460,0.3,7.8,0.09,0.05
2025-12-31 17:49:22.462,0.2,7.8,0.09,0.05
2025-12-31 17:49:23.464,0.1,7.8,0.09,0.05
2025-12-31 17:49:24.466,0.2,7.8,0.10,0.05
2025-12-31 17:49:25.467,0.2,7.8,0.10,0.05
2025-12-31 17:49:26.468,0.2,7.8,0.09,0.05
2025-12-31 17:49:27.470,0.2,7.8,0.09,0.05
2025-12-31 17:49:28.472,0.1,7.8,0.10,0.05
2025-12-31 17:49:29.474,0.2,7.8,0.09,0.05
2025-12-31 17:49:30.475,0.2,7.8,0.09,0.05
2025-12-31 17:49:31.477,0.2,7.8,0.09,0.05
2025-12-31 17:49:32.479,0.2,7.8,0.09,0.05
2025-12-31 17:49:33.480,0.1,7.8,0.10,0.05
2025-12-31 17:49:34.482,0.0,7.8,0.09,0.05
2025-12-31 17:49:35.483,0.1,7.8,0.10,0.05
2025-12-31 17:49:36.485,0.1,7.8,0.09,0.05
2025-12-31 17:49:37.486,0.1,7.8,0.09,0.05
2025-12-31 17:49:38.488,0.1,7.8,0.09,0.05
2025-12-31 17:49:39.490,0.0,7.8,0.10,0.05
2025-12-31 17:49:40.492,0.1,7.8,0.09,0.05
2025-12-31 17:49:41.494,0.2,7.8,0.09,0.05
2025-12-31 17:49:42.495,0.0,7.8,0.10,0.05
2025-12-31 17:49:43.497,0.0,7.8,0.09,0.05
2025-12-31 17:49:44.498,0.0,7.8,0.09,0.05
2025-12-31 17:49:45.499,0.2,7.8,0.10,0.05
2025-12-31 17:49:46.501,0.1,7.8,0.09,0.05
2025-12-31 17:49:47.503,0.2,7.8,0.10,0.05
2025-12-31 17:49:48.505,0.2,7.8,0.09,0.05
2025-12-31 17:49:49.506,0.1,7.8,0.09,0.05
2025-12-31 17:49:50.507,0.1,7.8,0.10,0.05
2025-12-31 17:49:51.509,0.0,7.8,0.10,0.05
2025-12-31 17:49:52.510,0.2,7.8,0.09,0.05
2025-12-31 17:49:53.512,0.0,7.8,0.09,0.05
2025-12-31 17:49:54.513,0.2,7.8,0.09,0.05
2025-12-31 17:49:55.515,0.2,7.8,0.10,0.05
2025-12-31 17:49:56.517,0.0,7.8,0.09,0.05
2025-12-31 17:49:57.518,0.0,7.8,0.09,0.05
2025-12-31 17:49:58.520,0.1,7.8,0.10,0.05
2025-12-31 17:49:59.522,0.1,7.8,0.09,0.05
2025-12-31 17:50:00.525,0.1,7.8,0.09,0.05
2025-12-31 17:50:01.526,0.1,7.8,0.11,0.06
2025-12-31 17:50:02.527,0.1,7.8,0.09,0.05
2025-12-31 17:50:03.528,0.1,7.8,0.10,0.05
2025-12-31 17:50:04.529,0.1,7.8,0.09,0.05
2025-12-31 17:50:05.530,0.0,7.8,0.10,0.05
2025-12-31 17:50:06.531,0.2,7.8,0.09,0.05
2025-12-31 17:50:07.532,0.1,7.8,0.10,0.05
2025-12-31 17:50:08.533,0.2,7.8,0.09,0.05
2025-12-31 17:50:09.535,0.1,7.8,0.10,0.05
2025-12-31 17:50:10.536,0.1,7.8,0.10,0.05
2025-12-31 17:50:11.538,0.2,7.8,0.10,0.05
2025-12-31 17:50:12.539,0.1,7.8,0.10,0.05
2025-12-31 17:50:13.541,0.1,7.8,0.09,0.05
2025-12-31 17:50:14.543,0.0,7.8,0.10,0.05
2025-12-31 17:50:15.544,0.1,7.8,0.10,0.05
2025-12-31 17:50:16.546,0.2,7.8,0.09,0.05
2025-12-31 17:50:17.547,0.2,7.8,0.10,0.05
2025-12-31 17:50:18.548,0.0,7.8,0.10,0.05
2025-12-31 17:50:19.549,0.0,7.8,0.10,0.05
2025-12-31 17:50:20.550,0.2,7.8,0.09,0.05
2025-12-31 17:50:21.552,0.1,7.8,0.09,0.05
2025-12-31 17:50:22.553,0.1,7.8,0.09,0.05
2025-12-31 17:50:23.555,0.1,7.8,0.10,0.05
2025-12-31 17:50:24.556,0.2,7.8,0.09,0.05
2025-12-31 17:50:25.558,0.0,7.8,0.11,0.06
2025-12-31 17:50:26.560,0.2,7.8,0.09,0.05
2025-12-31 17:50:27.561,0.1,7.8,0.09,0.05
2025-12-31 17:50:28.562,0.0,7.8,0.09,0.05
2025-12-31 17:50:29.564,0.0,7.8,0.09,0.05
2025-12-31 17:50:30.565,0.1,7.8,0.09,0.05
2025-12-31 17:50:31.566,0.2,7.8,0.09,0.05
2025-12-31 17:50:32.568,0.0,7.8,0.09,0.05
2025-12-31 17:50:33.569,0.0,7.8,0.10,0.05
2025-12-31 17:50:34.570,0.1,7.8,0.10,0.05
2025-12-31 17:50:35.572,0.2,7.8,0.10,0.05
2025-12-31 17:50:36.573,0.0,7.8,0.09,0.05
2025-12-31 17:50:37.575,0.1,7.8,0.09,0.05
2025-12-31 17:50:38.576,0.1,7.8,0.09,0.05
2025-12-31 17:50:39.578,0.1,7.8,0.09,0.05
2025-12-31 17:50:40.579,0.0,7.8,0.09,0.05
2025-12-31 17:50:41.580,0.1,7.8,0.09,0.05
2025-12-31 17:50:42.581,0.1,7.8,0.09,0.05
2025-12-31 17:50:43.583,0.1,7.8,0.09,0.05
2025-12-31 17:50:44.585,0.0,7.8,0.10,0.05
2025-12-31 17:50:45.586,0.1,7.8,0.10,0.05
2025-12-31 17:50:46.588,0.2,7.8,0.09,0.05
2025-12-31 17:50:47.589,0.1,7.8,0.09,0.05
2025-12-31 17:50:48.590,0.2,7.8,0.09,0.05
2025-12-31 17:50:49.591,0.0,7.8,0.10,0.05
2025-12-31 17:50:50.593,0.2,7.8,0.09,0.05
2025-12-31 17:50:51.594,0.0,7.8,0.09,0.05
2025-12-31 17:50:52.596,0.1,7.8,0.09,0.05
2025-12-31 17:50:53.598,0.0,7.8,0.09,0.05
2025-12-31 17:50:54.599,0.2,7.8,0.09,0.05
2025-12-31 17:50:55.600,0.0,7.8,0.10,0.05
2025-12-31 17:50:56.602,0.1,7.8,0.10,0.05
2025-12-31 17:50:57.604,0.0,7.8,0.09,0.05
2025-12-31 17:50:58.605,0.2,7.8,0.09,0.05
2025-12-31 17:50:59.607,0.1,7.8,0.09,0.05
2025-12-31 17:51:00.609,0.1,7.8,0.09,0.05
2025-12-31 17:51:01.610,0.2,7.8,0.09,0.05
2025-12-31 17:51:02.612,0.0,7.8,0.09,0.05
2025-12-31 17:51:03.613,0.1,7.8,0.09,0.05
2025-12-31 17:51:04.614,0.1,7.8,0.10,0.05
2025-12-31 17:51:05.616,0.2,7.8,0.10,0.05
2025-12-31 17:51:06.617,0.2,7.8,0.09,0.05
2025-12-31 17:51:07.619,0.2,7.8,0.10,0.05
2025-12-31 17:51:08.620,0.2,7.8,0.09,0.05
2025-12-31 17:51:09.622,0.2,7.8,0.10,0.05
2025-12-31 17:51:10.623,0.3,7.8,0.09,0.05
2025-12-31 17:51:11.624,0.2,7.8,0.10,0.05
2025-12-31 17:51:12.625,0.2,7.8,0.09,0.05
2025-12-31 17:51:13.627,0.2,7.8,0.10,0.05
2025-12-31 17:51:14.629,0.2,7.8,0.09,0.05
2025-12-31 17:51:15.630,0.2,7.8,0.10,0.05
2025-12-31 17:51:16.631,0.4,7.8,0.09,0.05
2025-12-31 17:51:17.632,0.3,7.8,0.09,0.05
2025-12-31 17:51:18.634,0.3,7.8,0.10,0.05
2025-12-31 17:51:19.635,0.2,7.8,0.09,0.05
2025-12-31 17:51:20.637,0.2,7.8,0.10,0.05
2025-12-31 17:51:21.639,0.2,7.8,0.10,0.05
2025-12-31 17:51:22.640,0.1,7.8,0.09,0.05
2025-12-31 17:51:23.641,0.1,7.8,0.09,0.05
2025-12-31 17:51:24.643,0.2,7.8,0.10,0.05
2025-12-31 17:51:25.644,0.1,7.8,0.10,0.05
2025-12-31 17:51:26.645,0.2,7.8,0.10,0.05
2025-12-31 17:51:27.647,0.2,7.8,0.10,0.05
2025-12-31 17:51:28.648,0.1,7.8,0.09,0.05
2025-12-31 17:51:29.650,0.2,7.8,0.10,0.05
2025-12-31 17:51:30.651,0.2,7.8,0.09,0.05
2025-12-31 17:51:31.652,0.2,7.8,0.10,0.05
2025-12-31 17:51:32.653,0.1,7.8,0.09,0.05
2025-12-31 17:51:33.655,0.3,7.8,0.10,0.05
2025-12-31 17:51:34.657,0.1,7.8,0.09,0.05
2025-12-31 17:51:35.659,0.2,7.8,0.10,0.05
2025-12-31 17:51:36.661,0.2,7.8,0.10,0.05
2025-12-31 17:51:37.662,0.2,7.8,0.09,0.05
2025-12-31 17:51:38.664,0.2,7.8,0.09,0.05
2025-12-31 17:51:39.666,0.2,7.8,0.09,0.05
2025-12-31 17:51:40.667,0.2,7.8,0.10,0.05
2025-12-31 17:51:41.669,0.2,7.8,0.09,0.05
2025-12-31 17:51:42.670,0.2,7.8,0.09,0.05
2025-12-31 17:51:43.672,0.2,7.8,0.09,0.05
2025-12-31 17:51:44.674,0.2,7.8,0.09,0.05
2025-12-31 17:51:45.676,0.2,7.8,0.10,0.05
2025-12-31 17:51:46.677,0.2,7.8,0.09,0.05
2025-12-31 17:51:47.679,0.2,7.8,0.09,0.05
2025-12-31 17:51:48.680,0.1,7.8,0.10,0.05
2025-12-31 17:51:49.681,0.2,7.8,0.09,0.05
2025-12-31 17:51:50.682,0.2,7.8,0.09,0.05
2025-12-31 17:51:51.684,0.2,7.8,0.10,0.05
2025-12-31 17:51:52.685,0.0,7.8,0.09,0.05
2025-12-31 17:51:53.687,0.3,7.8,0.10,0.05
2025-12-31 17:51:54.689,0.0,7.8,0.10,0.05
2025-12-31 17:51:55.690,0.3,7.8,0.10,0.05
2025-12-31 17:51:56.691,0.2,7.8,0.09,0.05
2025-12-31 17:51:57.693,0.1,7.8,0.09,0.05
2025-12-31 17:51:58.694,0.0,7.8,0.09,0.05
2025-12-31 17:51:59.696,0.1,7.8,0.09,0.05
2025-12-31 17:52:00.698,0.1,7.8,0.09,0.05
2025-12-31 17:52:01.699,0.1,7.8,0.09,0.05
2025-12-31 17:52:02.701,0.2,7.8,0.09,0.05
2025-12-31 17:52:03.702,0.1,7.8,0.10,0.05
2025-12-31 17:52:04.704,0.1,7.8,0.09,0.05
2025-12-31 17:52:05.706,0.1,7.8,0.10,0.05
2025-12-31 17:52:06.708,0.2,7.8,0.09,0.05
2025-12-31 17:52:07.709,0.2,7.8,0.09,0.05
2025-12-31 17:52:08.711,0.2,7.8,0.10,0.05
2025-12-31 17:52:09.712,0.2,7.8,0.09,0.05
2025-12-31 17:52:10.714,0.2,7.8,0.10,0.05
2025-12-31 17:52:11.715,0.1,7.8,0.09,0.05
2025-12-31 17:52:12.717,0.2,7.8,0.10,0.05
2025-12-31 17:52:13.719,0.2,7.8,0.10,0.05
2025-12-31 17:52:14.720,0.2,7.8,0.09,0.05
2025-12-31 17:52:15.722,0.2,7.8,0.10,0.05
2025-12-31 17:52:16.723,0.3,7.8,0.09,0.05
2025-12-31 17:52:17.724,0.2,7.8,0.10,0.05
2025-12-31 17:52:18.727,0.2,7.8,0.09,0.05
2025-12-31 17:52:19.729,0.3,7.8,0.09,0.05
2025-12-31 17:52:20.730,0.2,7.8,0.09,0.05
2025-12-31 17:52:21.732,0.1,7.8,0.09,0.05
2025-12-31 17:52:22.734,0.2,7.8,0.09,0.05
2025-12-31 17:52:23.736,0.2,7.8,0.09,0.05
2025-12-31 17:52:24.737,0.1,7.8,0.10,0.05
2025-12-31 17:52:25.739,0.1,7.8,0.10,0.05
2025-12-31 17:52:26.741,0.2,7.8,0.09,0.05
2025-12-31 17:52:27.743,0.1,7.8,0.09,0.05
2025-12-31 17:52:28.744,0.2,7.8,0.09,0.05
2025-12-31 17:52:29.745,0.0,7.8,0.10,0.05
2025-12-31 17:52:30.747,0.1,7.8,0.09,0.05
2025-12-31 17:52:31.749,0.0,7.8,0.09,0.05
2025-12-31 17:52:32.750,0.1,7.8,0.09,0.05
2025-12-31 17:52:33.752,0.1,7.8,0.10,0.05
2025-12-31 17:52:34.753,0.1,7.8,0.09,0.05
2025-12-31 17:52:35.755,0.1,7.8,0.10,0.05
2025-12-31 17:52:36.757,0.0,7.8,0.10,0.05
2025-12-31 17:52:37.759,0.2,7.8,0.09,0.05
2025-12-31 17:52:38.760,0.1,7.8,0.09,0.05
2025-12-31 17:52:39.761,0.1,7.8,0.09,0.05
2025-12-31 17:52:40.762,0.1,7.8,0.10,0.05
2025-12-31 17:52:41.764,0.2,7.8,0.09,0.05
2025-12-31 17:52:42.765,0.1,7.8,0.10,0.05
2025-12-31 17:52:43.766,0.1,7.8,0.09,0.05
2025-12-31 17:52:44.768,0.2,7.8,0.10,0.05
2025-12-31 17:52:45.769,0.1,7.8,0.09,0.05
2025-12-31 17:52:46.771,0.2,7.8,0.10,0.05
2025-12-31 17:52:47.772,0.2,7.8,0.09,0.05
2025-12-31 17:52:48.774,0.1,7.8,0.10,0.05
2025-12-31 17:52:49.775,0.1,7.8,0.09,0.05
2025-12-31 17:52:50.777,0.2,7.8,0.10,0.05
2025-12-31 17:52:51.778,0.1,7.8,0.09,0.05
2025-12-31 17:52:52.780,0.2,7.8,0.09,0.05
2025-12-31 17:52:53.782,0.2,7.8,0.10,0.05
2025-12-31 17:52:54.783,0.2,7.8,0.10,0.05
2025-12-31 17:52:55.785,0.1,7.8,0.10,0.05
2025-12-31 17:52:56.786,0.1,7.8,0.09,0.05
2025-12-31 17:52:57.787,0.1,7.8,0.10,0.05
2025-12-31 17:52:58.788,0.2,7.8,0.09,0.05
2025-12-31 17:52:59.790,0.0,7.8,0.09,0.05
2025-12-31 17:53:00.792,0.1,7.8,0.10,0.05
2025-12-31 17:53:01.794,0.1,7.8,0.09,0.05
2025-12-31 17:53:02.795,0.0,7.8,0.09,0.05
2025-12-31 17:53:03.796,0.1,7.8,0.09,0.05
2025-12-31 17:53:04.797,0.2,7.8,0.09,0.05
2025-12-31 17:53:05.799,0.2,7.8,0.10,0.05
2025-12-31 17:53:06.800,0.0,7.8,0.10,0.05
2025-12-31 17:53:07.802,0.0,7.8,0.09,0.05
2025-12-31 17:53:08.803,0.1,7.8,0.10,0.05
2025-12-31 17:53:09.805,0.1,7.8,0.09,0.05
2025-12-31 17:53:10.806,0.1,7.8,0.09,0.05
2025-12-31 17:53:11.808,0.0,7.8,0.09,0.05
2025-12-31 17:53:12.809,0.0,7.8,0.10,0.05
2025-12-31 17:53:13.811,0.1,7.8,0.09,0.05
2025-12-31 17:53:14.812,0.0,7.8,0.09,0.05
2025-12-31 17:53:15.814,0.1,7.8,0.10,0.05
2025-12-31 17:53:16.815,0.2,7.8,0.09,0.05
2025-12-31 17:53:17.817,0.1,7.8,0.09,0.05
2025-12-31 17:53:18.819,0.0,7.8,0.09,0.05
2025-12-31 17:53:19.820,0.0,7.8,0.10,0.05
2025-12-31 17:53:20.822,0.1,7.8,0.09,0.05
2025-12-31 17:53:21.824,0.0,7.8,0.10,0.05
2025-12-31 17:53:22.826,0.1,7.8,0.09,0.05
2025-12-31 17:53:23.828,0.1,7.8,0.09,0.05
2025-12-31 17:53:24.829,0.1,7.8,0.10,0.05
2025-12-31 17:53:25.830,0.0,7.8,0.10,0.05
2025-12-31 17:53:26.832,0.0,7.8,0.09,0.05
2025-12-31 17:53:27.834,0.1,7.8,0.09,0.05
2025-12-31 17:53:28.835,0.1,7.8,0.09,0.05
2025-12-31 17:53:29.837,0.2,7.8,0.09,0.05
2025-12-31 17:53:30.838,0.1,7.8,0.10,0.05
2025-12-31 17:53:31.839,0.2,7.8,0.09,0.05
2025-12-31 17:53:32.841,0.1,7.8,0.10,0.05
2025-12-31 17:53:33.842,0.0,7.8,0.09,0.05
2025-12-31 17:53:34.843,0.0,7.8,0.09,0.05
2025-12-31 17:53:35.844,0.0,7.8,0.10,0.05
2025-12-31 17:53:36.846,0.0,7.8,0.09,0.05
2025-12-31 17:53:37.848,0.1,7.8,0.09,0.05
2025-12-31 17:53:38.850,0.1,7.8,0.09,0.05
2025-12-31 17:53:39.851,0.0,7.8,0.09,0.05
2025-12-31 17:53:40.852,0.2,7.8,0.09,0.05
2025-12-31 17:53:41.854,0.1,7.8,0.10,0.05
2025-12-31 17:53:42.856,0.0,7.8,0.09,0.05
2025-12-31 17:53:43.857,0.0,7.8,0.09,0.05
2025-12-31 17:53:44.859,0.1,7.8,0.09,0.05
2025-12-31 17:53:45.861,0.0,7.8,0.10,0.05
2025-12-31 17:53:46.863,0.1,7.8,0.09,0.05
2025-12-31 17:53:47.865,0.0,7.8,0.09,0.05
2025-12-31 17:53:48.866,0.1,7.8,0.09,0.05
2025-12-31 17:53:49.867,0.0,7.8,0.09,0.05
2025-12-31 17:53:50.869,0.1,7.8,0.09,0.05
2025-12-31 17:53:51.871,0.0,7.8,0.10,0.05
2025-12-31 17:53:52.872,0.2,7.8,0.10,0.05
2025-12-31 17:53:53.873,0.1,7.8,0.09,0.05
2025-12-31 17:53:54.874,0.2,7.8,0.09,0.05
2025-12-31 17:53:55.875,0.0,7.8,0.11,0.05
2025-12-31 17:53:56.877,0.1,7.8,0.09,0.05
2025-12-31 17:53:57.879,0.1,7.8,0.09,0.05
2025-12-31 17:53:58.881,0.2,7.8,0.09,0.05
2025-12-31 17:53:59.882,0.1,7.8,0.10,0.05
2025-12-31 17:54:00.883,0.2,7.8,0.09,0.05
2025-12-31 17:54:01.885,0.1,7.8,0.09,0.05
2025-12-31 17:54:02.887,0.2,7.8,0.09,0.05
2025-12-31 17:54:03.888,0.1,7.8,0.10,0.06
2025-12-31 17:54:04.889,0.2,7.8,0.09,0.06
2025-12-31 17:54:05.891,0.2,7.8,0.10,0.06
2025-12-31 17:54:06.892,0.2,7.8,0.09,0.05
2025-12-31 17:54:07.894,0.2,7.8,0.09,0.05
2025-12-31 17:54:08.895,0.3,7.8,0.10,0.05
2025-12-31 17:54:09.897,0.2,7.8,0.09,0.06
2025-12-31 17:54:10.898,0.2,7.8,0.09,0.05
2025-12-31 17:54:11.899,0.3,7.8,0.09,0.05
2025-12-31 17:54:12.901,0.2,7.8,0.10,0.05
2025-12-31 17:54:13.902,0.4,7.8,0.09,0.05
2025-12-31 17:54:14.903,0.3,7.8,0.10,0.06
2025-12-31 17:54:15.904,0.2,7.8,0.10,0.06
2025-12-31 17:54:16.906,0.3,7.8,0.09,0.05
2025-12-31 17:54:17.908,0.3,7.8,0.09,0.05
2025-12-31 17:54:18.910,0.2,7.8,0.09,0.05
2025-12-31 17:54:19.912,0.2,7.8,0.09,0.05
2025-12-31 17:54:20.914,0.2,7.8,0.09,0.05
2025-12-31 17:54:21.916,0.2,7.8,0.09,0.05
2025-12-31 17:54:22.917,0.2,7.8,0.09,0.05
2025-12-31 17:54:23.918,0.2,7.8,0.09,0.05
2025-12-31 17:54:24.920,0.2,7.8,0.10,0.05
2025-12-31 17:54:25.921,0.1,7.8,0.10,0.05
2025-12-31 17:54:26.923,0.2,7.8,0.10,0.05
2025-12-31 17:54:27.924,0.2,7.8,0.10,0.05
2025-12-31 17:54:28.926,0.2,7.8,0.09,0.05
2025-12-31 17:54:29.928,0.2,7.8,0.09,0.05
2025-12-31 17:54:30.929,0.1,7.8,0.09,0.05
2025-12-31 17:54:31.931,0.1,7.8,0.09,0.05
2025-12-31 17:54:32.932,0.1,7.8,0.09,0.05
2025-12-31 17:54:33.933,0.2,7.8,0.09,0.05
2025-12-31 17:54:34.935,0.2,7.8,0.09,0.05
2025-12-31 17:54:35.936,0.2,7.8,0.10,0.05
2025-12-31 17:54:36.937,0.2,7.8,0.10,0.05
2025-12-31 17:54:37.939,0.1,7.8,0.10,0.05
2025-12-31 17:54:38.940,0.2,7.8,0.10,0.05
2025-12-31 17:54:39.942,0.1,7.8,0.09,0.05
2025-12-31 17:54:40.943,0.1,7.8,0.09,0.05
2025-12-31 17:54:41.944,0.1,7.8,0.09,0.05
2025-12-31 17:54:42.946,0.2,7.8,0.09,0.05
2025-12-31 17:54:43.947,0.2,7.8,0.09,0.05
2025-12-31 17:54:44.949,0.2,7.8,0.10,0.05
2025-12-31 17:54:45.950,0.1,7.8,0.10,0.05
2025-12-31 17:54:46.952,0.1,7.8,0.09,0.05
2025-12-31 17:54:47.953,0.1,7.8,0.10,0.05
2025-12-31 17:54:48.955,0.2,7.8,0.09,0.05
2025-12-31 17:54:49.957,0.2,7.8,0.09,0.05
2025-12-31 17:54:50.959,0.0,7.8,0.09,0.05
2025-12-31 17:54:51.960,0.2,7.8,0.09,0.05
2025-12-31 17:54:52.962,0.2,7.8,0.09,0.05
2025-12-31 17:54:53.964,0.1,7.8,0.10,0.05
2025-12-31 17:54:54.966,0.1,7.8,0.09,0.05
2025-12-31 17:54:55.968,0.2,7.8,0.10,0.05
2025-12-31 17:54:56.969,0.0,7.8,0.09,0.05
2025-12-31 17:54:57.970,0.2,7.8,0.10,0.05
2025-12-31 17:54:58.972,0.1,7.8,0.10,0.05
2025-12-31 17:54:59.973,0.1,7.8,0.09,0.05
2025-12-31 17:55:00.974,0.1,7.8,0.09,0.05
2025-12-31 17:55:01.975,0.0,7.8,0.09,0.05
2025-12-31 17:55:02.977,0.1,7.8,0.10,0.05
2025-12-31 17:55:03.980,0.2,7.8,0.09,0.05
2025-12-31 17:55:04.981,0.1,7.8,0.09,0.08
2025-12-31 17:55:05.983,0.2,7.8,0.10,0.06
2025-12-31 17:55:06.984,0.2,7.8,0.09,0.06
2025-12-31 17:55:07.986,0.1,7.8,0.09,0.06
2025-12-31 17:55:08.988,0.1,7.8,0.09,0.05
2025-12-31 17:55:09.989,0.1,7.8,0.10,0.06
2025-12-31 17:55:10.991,0.2,7.8,0.09,0.05
2025-12-31 17:55:11.993,0.2,7.8,0.09,0.05
2025-12-31 17:55:12.995,0.2,7.8,0.09,0.05
2025-12-31 17:55:13.997,0.0,7.8,0.09,0.05
2025-12-31 17:55:14.999,0.2,7.8,0.10,0.05
2025-12-31 17:55:16.001,0.2,7.8,0.10,0.05
2025-12-31 17:55:17.002,0.2,7.8,0.09,0.05
2025-12-31 17:55:18.004,0.2,7.8,0.09,0.05
2025-12-31 17:55:19.005,0.1,7.8,0.09,0.05
2025-12-31 17:55:20.006,0.2,7.8,0.09,0.05
2025-12-31 17:55:21.008,0.0,7.8,0.10,0.05
2025-12-31 17:55:22.009,0.2,7.8,0.09,0.05
2025-12-31 17:55:23.011,0.1,7.8,0.09,0.05
2025-12-31 17:55:24.013,0.1,7.8,0.09,0.05
2025-12-31 17:55:25.014,0.1,7.8,0.10,0.05
2025-12-31 17:55:26.016,0.1,7.8,0.10,0.05
2025-12-31 17:55:27.018,0.1,7.8,0.09,0.06
2025-12-31 17:55:28.019,0.0,7.8,0.12,0.05
2025-12-31 17:55:29.020,0.0,7.8,0.10,0.05
2025-12-31 17:55:30.021,0.1,7.8,0.09,0.05
2025-12-31 17:55:31.022,0.0,7.8,0.09,0.05
2025-12-31 17:55:32.023,0.0,7.8,0.09,0.05
2025-12-31 17:55:33.024,0.1,7.8,0.09,0.05
2025-12-31 17:55:34.025,0.1,7.8,0.09,0.05
2025-12-31 17:55:35.026,0.2,7.8,0.09,0.05
2025-12-31 17:55:36.028,0.1,7.8,0.10,0.05
2025-12-31 17:55:37.029,0.0,7.8,0.09,0.05
2025-12-31 17:55:38.030,0.1,7.8,0.10,0.05
2025-12-31 17:55:39.032,0.1,7.8,0.09,0.05
2025-12-31 17:55:40.033,0.2,7.8,0.09,0.05
2025-12-31 17:55:41.034,0.1,7.8,0.10,0.05
2025-12-31 17:55:42.036,0.1,7.8,0.09,0.05
2025-12-31 17:55:43.038,0.1,7.8,0.10,0.05
2025-12-31 17:55:44.039,0.1,7.8,0.10,0.05
2025-12-31 17:55:45.040,0.2,7.8,0.09,0.05
2025-12-31 17:55:46.041,0.0,7.8,0.10,0.05
2025-12-31 17:55:47.043,0.2,7.8,0.09,0.05
2025-12-31 17:55:48.045,0.2,7.8,0.10,0.06
2025-12-31 17:55:49.046,0.1,7.8,0.09,0.05
2025-12-31 17:55:50.047,0.2,7.8,0.09,0.05
2025-12-31 17:55:51.048,0.1,7.8,0.09,0.05
2025-12-31 17:55:52.050,0.1,7.8,0.09,0.05
2025-12-31 17:55:53.051,0.1,7.8,0.09,0.05
2025-12-31 17:55:54.053,0.1,7.8,0.10,0.05
2025-12-31 17:55:55.054,0.0,7.8,0.09,0.05
2025-12-31 17:55:56.056,0.1,7.8,0.10,0.05
2025-12-31 17:55:57.057,0.0,7.8,0.09,0.05
2025-12-31 17:55:58.059,0.1,7.8,0.09,0.05
2025-12-31 17:55:59.060,0.2,7.8,0.09,0.05
2025-12-31 17:56:00.062,0.0,7.8,0.10,0.05
2025-12-31 17:56:01.063,0.2,7.8,0.09,0.05
2025-12-31 17:56:02.065,0.2,7.8,0.09,0.05
2025-12-31 17:56:03.067,0.0,7.8,0.10,0.05
2025-12-31 17:56:04.069,0.2,7.8,0.09,0.05
2025-12-31 17:56:05.070,0.1,7.8,0.10,0.05
2025-12-31 17:56:06.072,0.1,7.8,0.10,0.05
2025-12-31 17:56:07.074,0.0,7.8,0.09,0.05
2025-12-31 17:56:08.075,0.1,7.8,0.09,0.05
2025-12-31 17:56:09.077,0.0,7.8,0.09,0.05
2025-12-31 17:56:10.078,0.1,7.8,0.09,0.05
2025-12-31 17:56:11.080,0.1,7.8,0.09,0.05
2025-12-31 17:56:12.081,0.1,7.8,0.09,0.05
2025-12-31 17:56:13.083,0.0,7.8,0.09,0.05
2025-12-31 17:56:14.085,0.1,7.8,0.09,0.05
2025-12-31 17:56:15.086,0.0,7.8,0.09,0.05
2025-12-31 17:56:16.088,0.1,7.8,0.10,0.05
2025-12-31 17:56:17.089,0.2,7.8,0.09,0.05
2025-12-31 17:56:18.091,0.0,7.8,0.09,0.05
2025-12-31 17:56:19.092,0.1,7.8,0.09,0.05
2025-12-31 17:56:20.094,0.0,7.8,0.09,0.05
2025-12-31 17:56:21.096,0.1,7.8,0.09,0.05
2025-12-31 17:56:22.097,0.0,7.8,0.09,0.05
2025-12-31 17:56:23.100,0.2,7.8,0.09,0.05
2025-12-31 17:56:24.102,0.1,7.8,0.09,0.05
2025-12-31 17:56:25.104,0.1,7.8,0.10,0.05
2025-12-31 17:56:26.105,0.1,7.8,0.10,0.05
2025-12-31 17:56:27.108,0.2,7.8,0.10,0.05
2025-12-31 17:56:28.109,0.0,7.8,0.09,0.05
2025-12-31 17:56:29.110,0.2,7.8,0.09,0.05
2025-12-31 17:56:30.112,0.0,7.8,0.09,0.05
2025-12-31 17:56:31.114,0.0,7.8,0.09,0.05
2025-12-31 17:56:32.115,0.0,7.8,0.10,0.05
2025-12-31 17:56:33.117,0.1,7.8,0.09,0.05
2025-12-31 17:56:34.118,0.0,7.8,0.10,0.05
2025-12-31 17:56:35.120,0.1,7.8,0.09,0.05
2025-12-31 17:56:36.121,0.1,7.8,0.10,0.05
2025-12-31 17:56:37.122,0.0,7.8,0.10,0.05
2025-12-31 17:56:38.124,0.1,7.8,0.10,0.05
2025-12-31 17:56:39.126,0.0,7.8,0.09,0.05
2025-12-31 17:56:40.128,0.1,7.8,0.09,0.05
2025-12-31 17:56:41.129,0.0,7.8,0.10,0.05
2025-12-31 17:56:42.131,0.0,7.8,0.09,0.05
2025-12-31 17:56:43.132,0.0,7.8,0.09,0.05
2025-12-31 17:56:44.134,0.1,7.8,0.10,0.05
2025-12-31 17:56:45.136,0.2,7.8,0.09,0.05
2025-12-31 17:56:46.138,0.1,7.8,0.10,0.05
2025-12-31 17:56:47.139,0.1,7.8,0.09,0.05
2025-12-31 17:56:48.141,0.0,7.8,0.09,0.05
2025-12-31 17:56:49.142,0.1,7.8,0.10,0.05
2025-12-31 17:56:50.144,0.1,7.8,0.09,0.05
2025-12-31 17:56:51.145,0.0,7.8,0.09,0.05
2025-12-31 17:56:52.146,0.0,7.8,0.09,0.05
2025-12-31 17:56:53.147,0.2,7.8,0.09,0.05
2025-12-31 17:56:54.148,0.1,7.8,0.09,0.05
2025-12-31 17:56:55.149,0.1,7.8,0.09,0.05
2025-12-31 17:56:56.151,0.2,7.8,0.10,0.05
2025-12-31 17:56:57.153,0.1,7.8,0.09,0.05
2025-12-31 17:56:58.155,0.1,7.8,0.09,0.05
2025-12-31 17:56:59.156,0.1,7.8,0.10,0.05
2025-12-31 17:57:00.158,0.3,7.8,0.10,0.05
2025-12-31 17:57:01.160,0.1,7.8,0.09,0.05
2025-12-31 17:57:02.161,0.2,7.8,0.09,0.05
2025-12-31 17:57:03.163,0.1,7.8,0.09,0.05
2025-12-31 17:57:04.165,0.3,7.8,0.09,0.05
2025-12-31 17:57:05.167,0.2,7.8,0.09,0.05
2025-12-31 17:57:06.168,0.3,7.8,0.10,0.05
2025-12-31 17:57:07.170,0.2,7.8,0.09,0.05
2025-12-31 17:57:08.172,0.3,7.8,0.09,0.05
2025-12-31 17:57:09.173,0.2,7.8,0.09,0.05
2025-12-31 17:57:10.176,0.2,7.8,0.10,0.05
2025-12-31 17:57:11.177,0.4,7.8,0.09,0.05
2025-12-31 17:57:12.179,0.3,7.8,0.09,0.05
2025-12-31 17:57:13.180,0.3,7.8,0.09,0.05
2025-12-31 17:57:14.182,0.2,7.8,0.09,0.05
2025-12-31 17:57:15.183,0.1,7.8,0.09,0.05
2025-12-31 17:57:16.185,0.3,7.8,0.10,0.05
2025-12-31 17:57:17.186,0.2,7.8,0.09,0.05
2025-12-31 17:57:18.188,0.2,7.8,0.09,0.05
2025-12-31 17:57:19.189,0.1,7.8,0.09,0.05
2025-12-31 17:57:20.191,0.2,7.8,0.09,0.05
2025-12-31 17:57:21.192,0.2,7.8,0.09,0.05
2025-12-31 17:57:22.193,0.2,7.8,0.10,0.05
2025-12-31 17:57:23.195,0.2,7.8,0.09,0.05
2025-12-31 17:57:24.197,0.1,7.8,0.09,0.05
2025-12-31 17:57:25.199,0.1,7.8,0.10,0.06
2025-12-31 17:57:26.200,0.2,7.8,0.10,0.05
2025-12-31 17:57:27.201,0.2,7.8,0.09,0.05
2025-12-31 17:57:28.202,0.1,7.8,0.09,0.05
2025-12-31 17:57:29.204,0.3,7.8,0.09,0.05
2025-12-31 17:57:30.205,0.1,7.8,0.10,0.05
2025-12-31 17:57:31.207,0.2,7.8,0.09,0.05
2025-12-31 17:57:32.209,0.1,7.8,0.09,0.05
2025-12-31 17:57:33.210,0.2,7.8,0.10,0.05
2025-12-31 17:57:34.212,0.3,7.8,0.10,0.05
2025-12-31 17:57:35.214,0.2,7.8,0.09,0.05
2025-12-31 17:57:36.216,0.2,7.8,0.10,0.05
2025-12-31 17:57:37.217,0.1,7.8,0.09,0.05
2025-12-31 17:57:38.218,0.2,7.8,0.09,0.05
2025-12-31 17:57:39.219,0.2,7.8,0.09,0.05
2025-12-31 17:57:40.221,0.0,7.8,0.09,0.05
2025-12-31 17:57:41.222,0.2,7.8,0.10,0.05
2025-12-31 17:57:42.224,0.1,7.8,0.09,0.05
2025-12-31 17:57:43.226,0.2,7.8,0.09,0.05
2025-12-31 17:57:44.228,0.2,7.8,0.09,0.05
2025-12-31 17:57:45.231,0.2,7.8,0.09,0.05
2025-12-31 17:57:46.233,0.1,7.8,0.10,0.05
2025-12-31 17:57:47.235,0.3,7.8,0.10,0.05
2025-12-31 17:57:48.236,0.2,7.8,0.10,0.05
2025-12-31 17:57:49.237,0.1,7.8,0.09,0.05
2025-12-31 17:57:50.238,0.2,7.8,0.09,0.05
2025-12-31 17:57:51.239,0.2,7.8,0.09,0.05
2025-12-31 17:57:52.241,0.2,7.8,0.09,0.05
2025-12-31 17:57:53.242,0.1,7.8,0.09,0.05
2025-12-31 17:57:54.243,0.2,7.8,0.09,0.05
2025-12-31 17:57:55.245,0.1,7.8,0.10,0.05
2025-12-31 17:57:56.247,0.1,7.8,0.10,0.05
2025-12-31 17:57:57.248,0.2,7.8,0.09,0.05
2025-12-31 17:57:58.250,0.1,7.8,0.10,0.05
2025-12-31 17:57:59.252,0.2,7.8,0.09,0.05
2025-12-31 17:58:00.254,0.1,7.8,0.09,0.05
2025-12-31 17:58:01.255,0.1,7.8,0.10,0.05
2025-12-31 17:58:02.256,0.2,7.8,0.09,0.05
2025-12-31 17:58:03.257,0.1,7.8,0.09,0.05
2025-12-31 17:58:04.258,0.1,7.8,0.10,0.05
2025-12-31 17:58:05.260,0.2,7.8,0.10,0.05
2025-12-31 17:58:06.261,0.1,7.8,0.10,0.05
2025-12-31 17:58:07.263,0.2,7.8,0.09,0.05
2025-12-31 17:58:08.264,0.1,7.8,0.10,0.05
2025-12-31 17:58:09.266,0.1,7.8,0.09,0.05
2025-12-31 17:58:10.267,0.2,7.8,0.09,0.05
2025-12-31 17:58:11.268,0.2,7.8,0.09,0.05
2025-12-31 17:58:12.270,0.2,7.8,0.09,0.05
2025-12-31 17:58:13.271,0.2,7.8,0.10,0.05
2025-12-31 17:58:14.272,0.1,7.8,0.09,0.05
2025-12-31 17:58:15.273,0.2,7.8,0.09,0.05
2025-12-31 17:58:16.274,0.1,7.8,0.10,0.05
2025-12-31 17:58:17.276,0.2,7.8,0.09,0.05
2025-12-31 17:58:18.277,0.0,7.8,0.09,0.05
2025-12-31 17:58:19.278,0.1,7.8,0.10,0.05
2025-12-31 17:58:20.279,0.2,7.8,0.09,0.05
2025-12-31 17:58:21.281,0.1,7.8,0.09,0.05
2025-12-31 17:58:22.282,0.1,7.8,0.09,0.05
2025-12-31 17:58:23.284,0.1,7.8,0.09,0.05
2025-12-31 17:58:24.285,0.0,7.8,0.09,0.05
2025-12-31 17:58:25.287,0.1,7.8,0.10,0.05
2025-12-31 17:58:26.288,0.2,7.8,0.10,0.05
2025-12-31 17:58:27.289,0.1,7.8,0.09,0.05
2025-12-31 17:58:28.291,0.0,7.8,0.10,0.05
2025-12-31 17:58:29.292,0.1,7.8,0.09,0.05
2025-12-31 17:58:30.294,0.1,7.8,0.10,0.05
2025-12-31 17:58:31.295,0.2,7.8,0.09,0.05
2025-12-31 17:58:32.298,0.0,7.8,0.09,0.05
2025-12-31 17:58:33.299,0.0,7.8,0.10,0.05
2025-12-31 17:58:34.301,0.1,7.8,0.09,0.05
2025-12-31 17:58:35.303,0.1,7.8,0.10,0.05
2025-12-31 17:58:36.305,0.2,7.8,0.10,0.05
2025-12-31 17:58:37.306,0.0,7.8,0.09,0.05
2025-12-31 17:58:38.308,0.1,7.8,0.10,0.05
2025-12-31 17:58:39.309,0.0,7.8,0.10,0.05
2025-12-31 17:58:40.311,0.1,7.8,0.09,0.05
2025-12-31 17:58:41.313,0.1,7.8,0.09,0.05
2025-12-31 17:58:42.315,0.1,7.8,0.10,0.05
2025-12-31 17:58:43.316,0.1,7.8,0.09,0.05
2025-12-31 17:58:44.318,0.2,7.8,0.09,0.05
2025-12-31 17:58:45.319,0.0,7.8,0.09,0.05
2025-12-31 17:58:46.321,0.2,7.8,0.10,0.05
2025-12-31 17:58:47.323,0.2,7.8,0.09,0.05
2025-12-31 17:58:48.325,0.2,7.8,0.09,0.05
2025-12-31 17:58:49.327,0.2,7.8,0.09,0.05
2025-12-31 17:58:50.329,0.1,7.8,0.10,0.05
2025-12-31 17:58:51.330,0.1,7.8,0.10,0.05
2025-12-31 17:58:52.332,0.2,7.8,0.09,0.05
2025-12-31 17:58:53.333,0.1,7.8,0.10,0.05
2025-12-31 17:58:54.335,0.1,7.8,0.10,0.05
2025-12-31 17:58:55.336,0.1,7.8,0.09,0.05
2025-12-31 17:58:56.337,0.1,7.8,0.10,0.05
2025-12-31 17:58:57.338,0.1,7.8,0.09,0.05
2025-12-31 17:58:58.339,0.2,7.8,0.10,0.05
2025-12-31 17:58:59.341,0.1,7.8,0.10,0.05
2025-12-31 17:59:00.342,0.1,7.8,0.09,0.05
2025-12-31 17:59:01.343,0.1,7.8,0.10,0.05
2025-12-31 17:59:02.345,0.0,7.8,0.10,0.05
2025-12-31 17:59:03.346,0.1,7.8,0.09,0.05
2025-12-31 17:59:04.348,0.0,7.8,0.09,0.05
2025-12-31 17:59:05.349,0.2,7.8,0.09,0.05
2025-12-31 17:59:06.351,0.0,7.8,0.10,0.05
2025-12-31 17:59:07.352,0.0,7.8,0.09,0.05
2025-12-31 17:59:08.353,0.0,7.8,0.09,0.05
2025-12-31 17:59:09.354,0.1,7.8,0.09,0.05
2025-12-31 17:59:10.356,0.0,7.8,0.09,0.05
2025-12-31 17:59:11.357,0.1,7.8,0.09,0.05
2025-12-31 17:59:12.358,0.1,7.8,0.10,0.05
2025-12-31 17:59:13.360,0.0,7.8,0.09,0.05
2025-12-31 17:59:14.362,0.0,7.8,0.09,0.05
2025-12-31 17:59:15.364,0.1,7.8,0.09,0.05
2025-12-31 17:59:16.365,0.0,7.8,0.10,0.05
2025-12-31 17:59:17.367,0.2,7.8,0.09,0.05
2025-12-31 17:59:18.369,0.1,7.8,0.10,0.05
2025-12-31 17:59:19.371,0.0,7.8,0.09,0.05
2025-12-31 17:59:20.372,0.1,7.8,0.09,0.05
2025-12-31 17:59:21.373,0.1,7.8,0.09,0.05
2025-12-31 17:59:22.375,0.0,7.8,0.09,0.05
2025-12-31 17:59:23.376,0.1,7.8,0.10,0.05
2025-12-31 17:59:24.378,0.1,7.8,0.09,0.05
2025-12-31 17:59:25.379,0.0,7.8,0.10,0.05
2025-12-31 17:59:26.381,0.1,7.8,0.10,0.05
2025-12-31 17:59:27.382,0.0,7.8,0.09,0.05
2025-12-31 17:59:28.384,0.1,7.8,0.09,0.05
2025-12-31 17:59:29.386,0.0,7.8,0.09,0.05
2025-12-31 17:59:30.387,0.1,7.8,0.09,0.05
2025-12-31 17:59:31.388,0.0,7.8,0.09,0.05
2025-12-31 17:59:32.390,0.0,7.8,0.09,0.05
2025-12-31 17:59:33.392,0.1,7.8,0.09,0.05
2025-12-31 17:59:34.393,0.0,7.8,0.10,0.05
2025-12-31 17:59:35.394,0.2,7.8,0.09,0.05
2025-12-31 17:59:36.396,0.0,7.8,0.10,0.05
2025-12-31 17:59:37.397,0.0,7.8,0.10,0.05
2025-12-31 17:59:38.399,0.1,7.8,0.09,0.05
2025-12-31 17:59:39.401,0.1,7.8,0.09,0.05
2025-12-31 17:59:40.403,0.1,7.8,0.09,0.05
2025-12-31 17:59:41.405,0.0,7.8,0.10,0.05
2025-12-31 17:59:42.406,0.0,7.8,0.09,0.05
2025-12-31 17:59:43.408,0.1,7.8,0.09,0.05
2025-12-31 17:59:44.409,0.1,7.8,0.09,0.05
2025-12-31 17:59:45.411,0.0,7.8,0.10,0.05
2025-12-31 17:59:46.413,0.0,7.8,0.10,0.05
2025-12-31 17:59:47.415,0.2,7.8,0.09,0.05
2025-12-31 17:59:48.416,0.0,7.8,0.09,0.05
2025-12-31 17:59:49.419,0.2,7.8,0.09,0.05
2025-12-31 17:59:50.421,0.2,7.8,0.09,0.05
2025-12-31 17:59:51.423,0.2,7.8,0.09,0.05
2025-12-31 17:59:52.425,0.2,7.8,0.09,0.05
2025-12-31 17:59:53.427,0.1,7.8,0.09,0.05
2025-12-31 17:59:54.430,0.2,7.8,0.09,0.05
2025-12-31 17:59:55.431,0.1,7.8,0.10,0.05
2025-12-31 17:59:56.432,0.2,7.8,0.10,0.05
2025-12-31 17:59:57.433,0.1,7.8,0.09,0.05
2025-12-31 17:59:58.434,0.3,7.8,0.09,0.05
2025-12-31 17:59:59.436,0.2,7.8,0.09,0.05
2025-12-31 18:00:00.437,0.1,7.8,0.10,0.05
2025-12-31 18:00:01.438,0.1,7.8,0.09,0.05
2025-12-31 18:00:02.439,0.2,7.8,0.09,0.05
2025-12-31 18:00:03.441,0.2,7.8,0.09,0.05
2025-12-31 18:00:04.442,0.2,7.8,0.09,0.05
2025-12-31 18:00:05.443,0.2,7.8,0.10,0.05
2025-12-31 18:00:06.444,0.2,7.8,0.10,0.05
2025-12-31 18:00:07.445,0.2,7.8,0.09,0.05
2025-12-31 18:00:08.446,0.2,7.8,0.10,0.05
2025-12-31 18:00:09.448,0.2,7.8,0.09,0.05
2025-12-31 18:00:10.449,0.2,7.8,0.10,0.05
2025-12-31 18:00:11.451,0.2,7.8,0.09,0.05
2025-12-31 18:00:12.452,0.2,7.8,0.09,0.05
2025-12-31 18:00:13.454,0.2,7.8,0.09,0.05
2025-12-31 18:00:14.456,0.3,7.8,0.10,0.05
2025-12-31 18:00:15.458,0.0,7.8,0.09,0.05
2025-12-31 18:00:16.460,0.2,7.8,0.10,0.05
2025-12-31 18:00:17.461,0.2,7.8,0.10,0.05
2025-12-31 18:00:18.463,0.1,7.8,0.09,0.05
2025-12-31 18:00:19.465,0.0,7.8,0.10,0.05
2025-12-31 18:00:20.467,0.1,7.8,0.09,0.05
2025-12-31 18:00:21.469,0.2,7.8,0.09,0.05
2025-12-31 18:00:22.470,0.1,7.8,0.10,0.05
2025-12-31 18:00:23.472,0.2,7.8,0.09,0.05
2025-12-31 18:00:24.473,0.0,7.8,0.09,0.05
2025-12-31 18:00:25.475,0.2,7.8,0.10,0.05
2025-12-31 18:00:26.476,0.1,7.8,0.10,0.05
2025-12-31 18:00:27.478,0.1,7.8,0.09,0.05
2025-12-31 18:00:28.480,0.1,7.8,0.10,0.05
2025-12-31 18:00:29.481,0.1,7.8,0.09,0.05
2025-12-31 18:00:30.482,0.1,7.8,0.09,0.05
2025-12-31 18:00:31.483,0.0,7.8,0.10,0.05
2025-12-31 18:00:32.485,0.2,7.8,0.10,0.05
2025-12-31 18:00:33.486,0.1,7.8,0.09,0.05
2025-12-31 18:00:34.489,0.1,7.8,0.09,0.05
2025-12-31 18:00:35.491,0.2,7.8,0.09,0.05
2025-12-31 18:00:36.492,0.2,7.8,0.10,0.05
2025-12-31 18:00:37.494,0.0,7.8,0.09,0.05
2025-12-31 18:00:38.496,0.2,7.8,0.09,0.05
2025-12-31 18:00:39.497,0.2,7.8,0.10,0.05
2025-12-31 18:00:40.498,0.1,7.8,0.09,0.05
2025-12-31 18:00:41.500,0.2,7.8,0.10,0.05
2025-12-31 18:00:42.501,0.1,7.8,0.09,0.05
2025-12-31 18:00:43.503,0.3,7.8,0.09,0.05
2025-12-31 18:00:44.506,0.1,7.8,0.09,0.05
2025-12-31 18:00:45.508,0.1,7.8,0.10,0.05
2025-12-31 18:00:46.510,0.2,7.8,0.10,0.05
2025-12-31 18:00:47.511,0.2,7.8,0.12,0.06
2025-12-31 18:00:48.512,0.1,7.8,0.09,0.05
2025-12-31 18:00:49.513,0.2,7.8,0.09,0.05
2025-12-31 18:00:50.515,0.0,7.8,0.10,0.05
2025-12-31 18:00:51.516,0.2,7.8,0.10,0.05
2025-12-31 18:00:52.517,0.1,7.8,0.09,0.05
2025-12-31 18:00:53.518,0.0,7.8,0.09,0.05
2025-12-31 18:00:54.519,0.1,7.8,0.10,0.05
2025-12-31 18:00:55.521,0.1,7.8,0.10,0.05
2025-12-31 18:00:56.522,0.1,7.8,0.10,0.05
2025-12-31 18:00:57.524,0.1,7.8,0.10,0.05
2025-12-31 18:00:58.525,0.2,7.8,0.09,0.05
2025-12-31 18:00:59.527,0.2,7.8,0.09,0.05
2025-12-31 18:01:00.528,0.1,7.8,0.09,0.05
2025-12-31 18:01:01.529,0.0,7.8,0.09,0.05
2025-12-31 18:01:02.531,0.0,7.8,0.09,0.05
2025-12-31 18:01:03.532,0.1,7.8,0.10,0.05
2025-12-31 18:01:04.533,0.2,7.8,0.10,0.05
2025-12-31 18:01:05.534,0.2,7.8,0.09,0.05
2025-12-31 18:01:06.536,0.1,7.8,0.10,0.05
2025-12-31 18:01:07.537,0.2,7.8,0.09,0.05
2025-12-31 18:01:08.538,0.4,7.8,0.09,0.05
2025-12-31 18:01:09.540,0.2,7.8,0.10,0.05
2025-12-31 18:01:10.541,0.1,7.8,0.09,0.05
2025-12-31 18:01:11.543,0.2,7.8,0.09,0.05
2025-12-31 18:01:12.544,0.1,7.8,0.09,0.05
2025-12-31 18:01:13.545,0.1,7.8,0.09,0.05
2025-12-31 18:01:14.546,0.2,7.8,0.09,0.05
2025-12-31 18:01:15.548,0.0,7.8,0.09,0.05
2025-12-31 18:01:16.550,0.2,7.8,0.09,0.05
2025-12-31 18:01:17.551,0.2,7.8,0.09,0.05
2025-12-31 18:01:18.552,0.1,7.8,0.09,0.05
2025-12-31 18:01:19.553,0.1,7.8,0.10,0.05
2025-12-31 18:01:20.554,0.0,7.8,0.09,0.05
2025-12-31 18:01:21.555,0.1,7.8,0.09,0.05
2025-12-31 18:01:22.557,0.0,7.8,0.09,0.05
2025-12-31 18:01:23.558,0.1,7.8,0.10,0.05
2025-12-31 18:01:24.559,0.0,7.8,0.09,0.05
2025-12-31 18:01:25.560,0.0,7.8,0.10,0.05
2025-12-31 18:01:26.562,0.1,7.8,0.10,0.05
2025-12-31 18:01:27.563,0.0,7.8,0.09,0.05
2025-12-31 18:01:28.565,0.1,7.8,0.09,0.05
2025-12-31 18:01:29.566,0.0,7.8,0.10,0.05
2025-12-31 18:01:30.568,0.1,7.8,0.09,0.05
2025-12-31 18:01:31.569,0.0,7.8,0.10,0.05
2025-12-31 18:01:32.570,0.2,7.8,0.09,0.05
2025-12-31 18:01:33.571,0.1,7.8,0.09,0.05
2025-12-31 18:01:34.573,0.0,7.8,0.10,0.05
2025-12-31 18:01:35.574,0.1,7.8,0.10,0.05
2025-12-31 18:01:36.576,0.0,7.8,0.10,0.05
2025-12-31 18:01:37.577,0.1,7.8,0.09,0.05
2025-12-31 18:01:38.578,0.0,7.8,0.09,0.05
2025-12-31 18:01:39.580,0.0,7.8,0.09,0.05
2025-12-31 18:01:40.581,0.0,7.8,0.10,0.05
2025-12-31 18:01:41.582,0.2,7.8,0.09,0.05
2025-12-31 18:01:42.584,0.0,7.8,0.09,0.05
2025-12-31 18:01:43.585,0.0,7.8,0.10,0.05
2025-12-31 18:01:44.587,0.2,7.8,0.09,0.05
2025-12-31 18:01:45.589,0.1,7.8,0.10,0.05
2025-12-31 18:01:46.590,0.2,7.8,0.10,0.05
2025-12-31 18:01:47.592,0.1,7.8,0.09,0.05
2025-12-31 18:01:48.594,0.2,7.8,0.09,0.05
2025-12-31 18:01:49.595,0.0,7.8,0.09,0.05
2025-12-31 18:01:50.597,0.2,7.8,0.10,0.05
2025-12-31 18:01:51.599,0.1,7.8,0.09,0.05
2025-12-31 18:01:52.600,0.1,7.8,0.09,0.05
2025-12-31 18:01:53.601,0.1,7.8,0.09,0.05
2025-12-31 18:01:54.603,0.2,7.8,0.09,0.05
2025-12-31 18:01:55.605,0.0,7.8,0.09,0.05
2025-12-31 18:01:56.606,0.1,7.8,0.10,0.05
2025-12-31 18:01:57.608,0.1,7.8,0.09,0.05
2025-12-31 18:01:58.609,0.0,7.8,0.09,0.05
2025-12-31 18:01:59.610,0.0,7.8,0.09,0.05
2025-12-31 18:02:00.612,0.2,7.8,0.09,0.05
2025-12-31 18:02:01.615,0.0,7.8,0.09,0.05
2025-12-31 18:02:02.616,0.2,7.8,0.09,0.05
2025-12-31 18:02:03.618,0.0,7.8,0.09,0.05
2025-12-31 18:02:04.620,0.1,7.8,0.10,0.05
2025-12-31 18:02:05.621,0.0,7.8,0.09,0.05
2025-12-31 18:02:06.623,0.0,7.8,0.10,0.05
2025-12-31 18:02:07.624,0.1,7.8,0.09,0.05
2025-12-31 18:02:08.626,0.0,7.8,0.09,0.05
2025-12-31 18:02:09.627,0.2,7.8,0.09,0.05
2025-12-31 18:02:10.629,0.0,7.8,0.09,0.05
2025-12-31 18:02:11.630,0.1,7.8,0.09,0.05
2025-12-31 18:02:12.631,0.0,7.8,0.09,0.05
2025-12-31 18:02:13.632,0.1,7.8,0.10,0.05
2025-12-31 18:02:14.633,0.0,7.8,0.10,0.05
2025-12-31 18:02:15.634,0.1,7.8,0.09,0.05
2025-12-31 18:02:16.636,0.1,7.8,0.10,0.05
2025-12-31 18:02:17.637,0.1,7.8,0.09,0.05
2025-12-31 18:02:18.639,0.0,7.8,0.10,0.05
2025-12-31 18:02:19.641,0.1,7.8,0.09,0.05
2025-12-31 18:02:20.642,0.1,7.8,0.09,0.05
2025-12-31 18:02:21.643,0.1,7.8,0.09,0.05
2025-12-31 18:02:22.644,0.0,7.8,0.10,0.05
2025-12-31 18:02:23.646,0.1,7.8,0.09,0.05
2025-12-31 18:02:24.647,0.0,7.8,0.09,0.05
2025-12-31 18:02:25.649,0.1,7.8,0.10,0.05
2025-12-31 18:02:26.651,0.0,7.8,0.10,0.05
2025-12-31 18:02:27.653,0.1,7.8,0.09,0.05
2025-12-31 18:02:28.654,0.1,7.8,0.10,0.05
2025-12-31 18:02:29.656,0.0,7.8,0.09,0.05
2025-12-31 18:02:30.657,0.0,7.8,0.09,0.05
2025-12-31 18:02:31.658,0.1,7.8,0.09,0.05
2025-12-31 18:02:32.659,0.1,7.8,0.09,0.05
2025-12-31 18:02:33.661,0.0,7.8,0.10,0.05
2025-12-31 18:02:34.662,0.0,7.8,0.09,0.05
2025-12-31 18:02:35.664,0.2,7.8,0.09,0.05
2025-12-31 18:02:36.666,0.1,7.8,0.10,0.05
2025-12-31 18:02:37.667,0.1,7.8,0.09,0.05
2025-12-31 18:02:38.669,0.1,7.8,0.09,0.05
2025-12-31 18:02:39.671,0.0,7.8,0.09,0.05
2025-12-31 18:02:40.672,0.0,7.8,0.10,0.05
2025-12-31 18:02:41.673,0.1,7.8,0.09,0.05
2025-12-31 18:02:42.675,0.1,7.8,0.10,0.05
2025-12-31 18:02:43.676,0.1,7.8,0.09,0.05
2025-12-31 18:02:44.677,0.1,7.8,0.09,0.05
2025-12-31 18:02:45.679,0.1,7.8,0.09,0.05
2025-12-31 18:02:46.681,0.2,7.8,0.10,0.05
2025-12-31 18:02:47.682,0.2,7.8,0.09,0.05
2025-12-31 18:02:48.684,0.2,7.8,0.09,0.05
2025-12-31 18:02:49.685,0.1,7.8,0.09,0.05
2025-12-31 18:02:50.687,0.1,7.8,0.09,0.05
2025-12-31 18:02:51.688,0.1,7.8,0.10,0.05
2025-12-31 18:02:52.690,0.1,7.8,0.09,0.05
2025-12-31 18:02:53.692,0.1,7.8,0.09,0.05
2025-12-31 18:02:54.694,0.2,7.8,0.09,0.05
2025-12-31 18:02:55.697,0.1,7.8,0.09,0.05
2025-12-31 18:02:56.698,0.2,7.8,0.10,0.05
2025-12-31 18:02:57.699,0.1,7.8,0.09,0.05
2025-12-31 18:02:58.701,0.2,7.8,0.09,0.05
2025-12-31 18:02:59.703,0.1,7.8,0.09,0.05
2025-12-31 18:03:00.705,0.2,7.8,0.09,0.05
2025-12-31 18:03:01.707,0.2,7.8,0.09,0.05
2025-12-31 18:03:02.709,0.2,7.8,0.10,0.05
2025-12-31 18:03:03.711,0.1,7.8,0.09,0.05
2025-12-31 18:03:04.712,0.3,7.8,0.09,0.05
2025-12-31 18:03:05.713,0.2,7.8,0.09,0.05
2025-12-31 18:03:06.715,0.2,7.8,0.10,0.05
2025-12-31 18:03:07.716,0.2,7.8,0.09,0.05
2025-12-31 18:03:08.718,0.2,7.8,0.10,0.05
2025-12-31 18:03:09.720,0.1,7.8,0.09,0.05
2025-12-31 18:03:10.722,0.2,7.8,0.09,0.05
2025-12-31 18:03:11.723,0.1,7.8,0.09,0.05
2025-12-31 18:03:12.725,0.2,7.8,0.09,0.05
2025-12-31 18:03:13.726,0.1,7.8,0.10,0.05
2025-12-31 18:03:14.727,0.2,7.8,0.09,0.05
2025-12-31 18:03:15.729,0.1,7.8,0.10,0.05
2025-12-31 18:03:16.730,0.2,7.8,0.10,0.05
2025-12-31 18:03:17.731,0.1,7.8,0.09,0.05
2025-12-31 18:03:18.732,0.2,7.8,0.09,0.05
2025-12-31 18:03:19.733,0.1,7.8,0.09,0.05
2025-12-31 18:03:20.735,0.1,7.8,0.09,0.05
2025-12-31 18:03:21.736,0.2,7.8,0.09,0.05
2025-12-31 18:03:22.738,0.2,7.8,0.09,0.05
2025-12-31 18:03:23.739,0.2,7.8,0.09,0.05
2025-12-31 18:03:24.741,0.1,7.8,0.10,0.05
2025-12-31 18:03:25.742,0.2,7.8,0.09,0.05
2025-12-31 18:03:26.744,0.2,7.8,0.10,0.05
2025-12-31 18:03:27.745,0.2,7.8,0.09,0.05
2025-12-31 18:03:28.746,0.2,7.8,0.09,0.05
2025-12-31 18:03:29.748,0.2,7.8,0.10,0.05
2025-12-31 18:03:30.749,0.1,7.8,0.10,0.05
2025-12-31 18:03:31.750,0.2,7.8,0.09,0.05
2025-12-31 18:03:32.752,0.2,7.8,0.10,0.05
2025-12-31 18:03:33.753,0.0,7.8,0.09,0.05
2025-12-31 18:03:34.755,0.2,7.8,0.09,0.05
2025-12-31 18:03:35.757,0.2,7.8,0.10,0.05
2025-12-31 18:03:36.758,0.2,7.8,0.10,0.05
2025-12-31 18:03:37.760,0.1,7.8,0.09,0.05
2025-12-31 18:03:38.762,0.1,7.8,0.10,0.05
2025-12-31 18:03:39.764,0.2,7.8,0.09,0.05
2025-12-31 18:03:40.766,0.0,7.8,0.09,0.05
2025-12-31 18:03:41.767,0.4,7.8,0.09,0.05
2025-12-31 18:03:42.768,0.1,7.8,0.10,0.05
2025-12-31 18:03:43.770,0.0,7.8,0.09,0.05
2025-12-31 18:03:44.771,0.2,7.8,0.10,0.05
2025-12-31 18:03:45.772,0.2,7.8,0.09,0.05
2025-12-31 18:03:46.774,0.2,7.8,0.10,0.05
2025-12-31 18:03:47.775,0.1,7.8,0.10,0.05
2025-12-31 18:03:48.777,0.2,7.8,0.09,0.05
2025-12-31 18:03:49.778,0.1,7.8,0.09,0.05
2025-12-31 18:03:50.780,0.1,7.8,0.09,0.05
2025-12-31 18:03:51.782,0.2,7.8,0.09,0.05
2025-12-31 18:03:52.783,0.2,7.8,0.09,0.05
2025-12-31 18:03:53.785,0.2,7.8,0.09,0.05
2025-12-31 18:03:54.786,0.1,7.8,0.10,0.05
2025-12-31 18:03:55.788,0.2,7.8,0.09,0.05
2025-12-31 18:03:56.790,0.2,7.8,0.10,0.05
2025-12-31 18:03:57.792,0.2,7.8,0.10,0.05
2025-12-31 18:03:58.793,0.1,7.8,0.09,0.05
2025-12-31 18:03:59.795,0.1,7.8,0.09,0.05
2025-12-31 18:04:00.797,0.1,7.8,0.10,0.05
2025-12-31 18:04:01.798,0.2,7.8,0.09,0.05
2025-12-31 18:04:02.800,0.2,7.8,0.09,0.05
2025-12-31 18:04:03.801,0.1,7.8,0.09,0.06
2025-12-31 18:04:04.803,0.2,7.8,0.10,0.06
2025-12-31 18:04:05.805,0.2,7.8,0.10,0.05
2025-12-31 18:04:06.806,0.1,7.8,0.10,0.06
2025-12-31 18:04:07.808,0.1,7.8,0.10,0.06
2025-12-31 18:04:08.809,0.2,7.8,0.10,0.05
2025-12-31 18:04:09.811,0.2,7.8,0.09,0.06
2025-12-31 18:04:10.812,0.1,7.8,0.09,0.05
2025-12-31 18:04:11.814,0.2,7.8,0.09,0.06
2025-12-31 18:04:12.816,0.3,7.8,0.10,0.06
2025-12-31 18:04:13.817,0.1,7.8,0.09,0.05
2025-12-31 18:04:14.819,0.1,7.8,0.09,0.06
2025-12-31 18:04:15.821,0.0,7.8,0.10,0.06
2025-12-31 18:04:16.823,0.2,7.8,0.10,0.05
2025-12-31 18:04:17.825,0.0,7.8,0.09,0.05
2025-12-31 18:04:18.827,0.0,7.8,0.10,0.05
2025-12-31 18:04:19.828,0.1,7.8,0.10,0.05
2025-12-31 18:04:20.829,0.1,7.8,0.09,0.05
2025-12-31 18:04:21.830,0.1,7.8,0.09,0.05
2025-12-31 18:04:22.832,0.0,7.8,0.10,0.05
2025-12-31 18:04:23.833,0.0,7.8,0.09,0.05
2025-12-31 18:04:24.835,0.2,7.8,0.10,0.05
2025-12-31 18:04:25.836,0.0,7.8,0.10,0.05
2025-12-31 18:04:26.838,0.0,7.8,0.10,0.05
2025-12-31 18:04:27.839,0.1,7.8,0.09,0.05
2025-12-31 18:04:28.841,0.1,7.8,0.09,0.05
2025-12-31 18:04:29.842,0.0,7.8,0.09,0.05
2025-12-31 18:04:30.843,0.0,7.8,0.10,0.05
2025-12-31 18:04:31.844,0.0,7.8,0.09,0.05
2025-12-31 18:04:32.845,0.1,7.8,0.09,0.05
2025-12-31 18:04:33.847,0.1,7.8,0.10,0.05
2025-12-31 18:04:34.849,0.0,7.8,0.09,0.05
2025-12-31 18:04:35.851,0.1,7.8,0.10,0.05
2025-12-31 18:04:36.852,0.2,7.8,0.10,0.05
2025-12-31 18:04:37.854,0.2,7.8,0.09,0.05
2025-12-31 18:04:38.856,0.1,7.8,0.09,0.05
2025-12-31 18:04:39.857,0.1,7.8,0.09,0.05
2025-12-31 18:04:40.859,0.2,7.8,0.09,0.05
2025-12-31 18:04:41.861,0.2,7.8,0.10,0.05
2025-12-31 18:04:42.862,0.0,7.8,0.09,0.05
2025-12-31 18:04:43.864,0.1,7.8,0.09,0.05
2025-12-31 18:04:44.865,0.0,7.8,0.09,0.05
2025-12-31 18:04:45.867,0.1,7.8,0.10,0.05
2025-12-31 18:04:46.868,0.2,7.8,0.10,0.05
2025-12-31 18:04:47.870,0.1,7.8,0.09,0.05
2025-12-31 18:04:48.871,0.1,7.8,0.09,0.05
2025-12-31 18:04:49.873,0.1,7.8,0.09,0.05
2025-12-31 18:04:50.874,0.1,7.8,0.10,0.05
2025-12-31 18:04:51.876,0.1,7.8,0.09,0.05
2025-12-31 18:04:52.878,0.2,7.8,0.09,0.05
2025-12-31 18:04:53.880,0.1,7.8,0.09,0.05
2025-12-31 18:04:54.881,0.0,7.8,0.09,0.05
2025-12-31 18:04:55.882,0.1,7.8,0.09,0.05
2025-12-31 18:04:56.884,0.2,7.8,0.10,0.05
2025-12-31 18:04:57.885,0.1,7.8,0.09,0.05
2025-12-31 18:04:58.886,0.1,7.8,0.09,0.05
2025-12-31 18:04:59.887,0.1,7.8,0.10,0.05
2025-12-31 18:05:00.889,0.0,7.8,0.09,0.05
2025-12-31 18:05:01.891,0.0,7.8,0.09,0.05
2025-12-31 18:05:02.893,0.1,7.8,0.10,0.05
2025-12-31 18:05:03.894,0.1,7.8,0.10,0.05
2025-12-31 18:05:04.896,0.0,7.8,0.10,0.07
2025-12-31 18:05:05.898,0.1,7.8,0.09,0.06
2025-12-31 18:05:06.899,0.1,7.8,0.10,0.06
2025-12-31 18:05:07.901,0.1,7.8,0.09,0.06
2025-12-31 18:05:08.903,0.0,7.8,0.09,0.05
2025-12-31 18:05:09.904,0.1,7.8,0.10,0.06
2025-12-31 18:05:10.906,0.1,7.8,0.09,0.05
2025-12-31 18:05:11.908,0.0,7.8,0.09,0.06
2025-12-31 18:05:12.909,0.0,7.8,0.10,0.05
2025-12-31 18:05:13.910,0.1,7.8,0.09,0.05
2025-12-31 18:05:14.912,0.1,7.8,0.10,0.05
2025-12-31 18:05:15.914,0.1,7.8,0.10,0.05
2025-12-31 18:05:16.915,0.2,7.8,0.10,0.05
2025-12-31 18:05:17.916,0.0,7.8,0.10,0.05
2025-12-31 18:05:18.918,0.1,7.8,0.09,0.05
2025-12-31 18:05:19.919,0.0,7.8,0.09,0.05
2025-12-31 18:05:20.921,0.0,7.8,0.10,0.05
2025-12-31 18:05:21.923,0.0,7.8,0.09,0.05
2025-12-31 18:05:22.925,0.1,7.8,0.09,0.05
2025-12-31 18:05:23.926,0.0,7.8,0.10,0.05
2025-12-31 18:05:24.927,0.1,7.8,0.10,0.05
2025-12-31 18:05:25.928,0.1,7.8,0.10,0.05
2025-12-31 18:05:26.930,0.0,7.8,0.10,0.05
2025-12-31 18:05:27.931,0.1,7.8,0.09,0.05
2025-12-31 18:05:28.933,0.0,7.8,0.09,0.05
2025-12-31 18:05:29.934,0.2,7.8,0.09,0.05
2025-12-31 18:05:30.936,0.0,7.8,0.10,0.05
2025-12-31 18:05:31.937,0.1,7.8,0.09,0.05
2025-12-31 18:05:32.938,0.0,7.8,0.09,0.05
2025-12-31 18:05:33.940,0.1,7.8,0.09,0.05
2025-12-31 18:05:34.942,0.0,7.8,0.10,0.05
2025-12-31 18:05:35.944,0.1,7.8,0.10,0.05
2025-12-31 18:05:36.945,0.0,7.8,0.10,0.05
2025-12-31 18:05:37.946,0.1,7.8,0.09,0.05
2025-12-31 18:05:38.948,0.1,7.8,0.10,0.05
2025-12-31 18:05:39.949,0.1,7.8,0.09,0.05
2025-12-31 18:05:40.951,0.1,7.8,0.09,0.05
2025-12-31 18:05:41.952,0.1,7.8,0.09,0.05
2025-12-31 18:05:42.954,0.1,7.8,0.09,0.05
2025-12-31 18:05:43.956,0.1,7.8,0.09,0.05
2025-12-31 18:05:44.957,0.2,7.8,0.09,0.05
2025-12-31 18:05:45.959,0.2,7.8,0.10,0.05
2025-12-31 18:05:46.961,0.3,7.8,0.10,0.05
2025-12-31 18:05:47.962,0.2,7.8,0.10,0.05
2025-12-31 18:05:48.963,0.2,7.8,0.10,0.05
2025-12-31 18:05:49.964,0.1,7.8,0.09,0.06
2025-12-31 18:05:50.966,0.1,7.8,0.09,0.06
2025-12-31 18:05:51.968,0.2,7.8,0.09,0.05
2025-12-31 18:05:52.970,0.2,7.8,0.09,0.05
2025-12-31 18:05:53.973,0.2,7.8,0.10,0.05
2025-12-31 18:05:54.974,0.2,7.8,0.09,0.05
2025-12-31 18:05:55.976,0.2,7.8,0.09,0.05
2025-12-31 18:05:56.977,0.2,7.8,0.10,0.05
2025-12-31 18:05:57.979,0.2,7.8,0.09,0.05
2025-12-31 18:05:58.981,0.2,7.8,0.10,0.05
2025-12-31 18:05:59.982,0.3,7.8,0.09,0.05
2025-12-31 18:06:00.984,0.2,7.8,0.09,0.05
2025-12-31 18:06:01.986,0.2,7.8,0.10,0.05
2025-12-31 18:06:02.987,0.2,7.8,0.09,0.05
2025-12-31 18:06:03.989,0.3,7.8,0.09,0.05
2025-12-31 18:06:04.990,0.3,7.8,0.09,0.05
2025-12-31 18:06:05.992,0.2,7.8,0.09,0.05
2025-12-31 18:06:06.994,0.2,7.8,0.10,0.05
2025-12-31 18:06:07.995,0.3,7.8,0.09,0.05
2025-12-31 18:06:08.996,0.2,7.8,0.09,0.05
2025-12-31 18:06:09.998,0.2,7.8,0.10,0.05
2025-12-31 18:06:10.999,0.1,7.8,0.09,0.05
2025-12-31 18:06:12.001,0.2,7.8,0.10,0.05
2025-12-31 18:06:13.003,0.2,7.8,0.09,0.05
2025-12-31 18:06:14.004,0.2,7.8,0.12,0.06
2025-12-31 18:06:15.005,0.2,7.8,0.10,0.05
2025-12-31 18:06:16.006,0.1,7.8,0.09,0.05
2025-12-31 18:06:17.007,0.1,7.8,0.09,0.05
2025-12-31 18:06:18.008,0.2,7.8,0.09,0.05
2025-12-31 18:06:19.009,0.2,7.8,0.10,0.05
2025-12-31 18:06:20.011,0.0,7.8,0.10,0.05
2025-12-31 18:06:21.012,0.1,7.8,0.10,0.05
2025-12-31 18:06:22.013,0.1,7.8,0.10,0.05
2025-12-31 18:06:23.014,0.1,7.8,0.09,0.05
2025-12-31 18:06:24.016,0.2,7.8,0.09,0.05
2025-12-31 18:06:25.017,0.2,7.8,0.10,0.05
2025-12-31 18:06:26.019,0.2,7.8,0.09,0.05
2025-12-31 18:06:27.020,0.1,7.8,0.11,0.05
2025-12-31 18:06:28.021,0.2,7.8,0.10,0.05
2025-12-31 18:06:29.023,0.1,7.8,0.09,0.05
2025-12-31 18:06:30.025,0.1,7.8,0.10,0.05
2025-12-31 18:06:31.026,0.2,7.8,0.09,0.05
2025-12-31 18:06:32.027,0.1,7.8,0.09,0.05
2025-12-31 18:06:33.028,0.1,7.8,0.10,0.05
2025-12-31 18:06:34.029,0.2,7.8,0.09,0.05
2025-12-31 18:06:35.031,0.0,7.8,0.10,0.05
2025-12-31 18:06:36.032,0.1,7.8,0.09,0.05
2025-12-31 18:06:37.034,0.2,7.8,0.10,0.05
2025-12-31 18:06:38.035,0.2,7.8,0.09,0.05
2025-12-31 18:06:39.036,0.1,7.8,0.10,0.05
2025-12-31 18:06:40.037,0.1,7.8,0.10,0.05
2025-12-31 18:06:41.039,0.1,7.8,0.10,0.05
2025-12-31 18:06:42.040,0.1,7.8,0.09,0.05
2025-12-31 18:06:43.042,0.2,7.8,0.10,0.05
2025-12-31 18:06:44.044,0.1,7.8,0.10,0.05
2025-12-31 18:06:45.045,0.1,7.8,0.09,0.05
2025-12-31 18:06:46.046,0.1,7.8,0.09,0.05
2025-12-31 18:06:47.048,0.2,7.8,0.10,0.05
2025-12-31 18:06:48.049,0.1,7.8,0.09,0.05
2025-12-31 18:06:49.051,0.1,7.8,0.10,0.05
2025-12-31 18:06:50.052,0.2,7.8,0.09,0.05
2025-12-31 18:06:51.053,0.2,7.8,0.10,0.05
2025-12-31 18:06:52.055,0.1,7.8,0.09,0.05
2025-12-31 18:06:53.057,0.1,7.8,0.09,0.05
2025-12-31 18:06:54.059,0.1,7.8,0.10,0.05
2025-12-31 18:06:55.061,0.1,7.8,0.09,0.05
2025-12-31 18:06:56.062,0.1,7.8,0.09,0.05
2025-12-31 18:06:57.064,0.1,7.8,0.10,0.05
2025-12-31 18:06:58.065,0.1,7.8,0.09,0.05
2025-12-31 18:06:59.066,0.0,7.8,0.09,0.05
2025-12-31 18:07:00.067,0.1,7.8,0.10,0.05
2025-12-31 18:07:01.069,0.1,7.8,0.09,0.05
2025-12-31 18:07:02.070,0.1,7.8,0.10,0.05
2025-12-31 18:07:03.072,0.0,7.8,0.10,0.05
2025-12-31 18:07:04.073,0.0,7.8,0.09,0.05
2025-12-31 18:07:05.075,0.3,7.8,0.10,0.05
2025-12-31 18:07:06.076,0.1,7.8,0.09,0.05
2025-12-31 18:07:07.077,0.0,7.8,0.10,0.05
2025-12-31 18:07:08.078,0.1,7.8,0.09,0.05
2025-12-31 18:07:09.080,0.1,7.8,0.09,0.05
2025-12-31 18:07:10.081,0.0,7.8,0.09,0.05
2025-12-31 18:07:11.083,0.1,7.8,0.09,0.05
2025-12-31 18:07:12.085,0.1,7.8,0.09,0.05
2025-12-31 18:07:13.087,0.0,7.8,0.09,0.05
2025-12-31 18:07:14.089,0.0,7.8,0.09,0.05
2025-12-31 18:07:15.091,0.1,7.8,0.10,0.05
2025-12-31 18:07:16.092,0.1,7.8,0.10,0.05
2025-12-31 18:07:17.093,0.1,7.8,0.10,0.05
2025-12-31 18:07:18.095,0.0,7.8,0.10,0.06
2025-12-31 18:07:19.096,0.1,7.8,0.09,0.05
2025-12-31 18:07:20.098,0.0,7.8,0.09,0.05
2025-12-31 18:07:21.099,0.2,7.8,0.09,0.05
2025-12-31 18:07:22.101,0.0,7.8,0.10,0.05
2025-12-31 18:07:23.102,0.2,7.8,0.09,0.05
2025-12-31 18:07:24.104,0.1,7.8,0.09,0.05
2025-12-31 18:07:25.105,0.0,7.8,0.10,0.05
2025-12-31 18:07:26.107,0.0,7.8,0.09,0.05
2025-12-31 18:07:27.108,0.1,7.8,0.10,0.06
2025-12-31 18:07:28.109,0.0,7.8,0.09,0.05
2025-12-31 18:07:29.111,0.0,7.8,0.09,0.05
2025-12-31 18:07:30.113,0.1,7.8,0.10,0.05
2025-12-31 18:07:31.114,0.0,7.8,0.09,0.05
2025-12-31 18:07:32.116,0.2,7.8,0.09,0.05
2025-12-31 18:07:33.117,0.1,7.8,0.09,0.05
2025-12-31 18:07:34.119,0.0,7.8,0.10,0.05
2025-12-31 18:07:35.120,0.2,7.8,0.09,0.05
2025-12-31 18:07:36.123,0.2,7.8,0.10,0.05
2025-12-31 18:07:37.124,0.1,7.8,0.10,0.05
2025-12-31 18:07:38.125,0.0,7.8,0.10,0.05
2025-12-31 18:07:39.126,0.1,7.8,0.10,0.05
2025-12-31 18:07:40.128,0.2,7.8,0.09,0.05
2025-12-31 18:07:41.129,0.0,7.8,0.09,0.05
2025-12-31 18:07:42.131,0.2,7.8,0.10,0.05
2025-12-31 18:07:43.133,0.1,7.8,0.09,0.05
2025-12-31 18:07:44.134,0.1,7.8,0.10,0.05
2025-12-31 18:07:45.136,0.2,7.8,0.09,0.05
2025-12-31 18:07:46.138,0.0,7.8,0.10,0.05
2025-12-31 18:07:47.139,0.2,7.8,0.10,0.05
2025-12-31 18:07:48.141,0.0,7.8,0.09,0.05
2025-12-31 18:07:49.142,0.1,7.8,0.10,0.05
2025-12-31 18:07:50.144,0.2,7.8,0.09,0.05
2025-12-31 18:07:51.145,0.1,7.8,0.10,0.05
2025-12-31 18:07:52.147,0.0,7.8,0.09,0.05
2025-12-31 18:07:53.148,0.1,7.8,0.10,0.05
2025-12-31 18:07:54.150,0.0,7.8,0.09,0.05
2025-12-31 18:07:55.152,0.1,7.8,0.09,0.05
2025-12-31 18:07:56.153,0.0,7.8,0.10,0.06
2025-12-31 18:07:57.154,0.1,7.8,0.10,0.05
2025-12-31 18:07:58.156,0.0,7.8,0.10,0.05
2025-12-31 18:07:59.157,0.1,7.8,0.09,0.05
2025-12-31 18:08:00.158,0.0,7.8,0.10,0.05
2025-12-31 18:08:01.161,0.0,7.8,0.09,0.05
2025-12-31 18:08:02.162,0.2,7.8,0.10,0.05
2025-12-31 18:08:03.163,0.0,7.8,0.09,0.05
2025-12-31 18:08:04.164,0.1,7.8,0.10,0.05
2025-12-31 18:08:05.166,0.0,7.8,0.10,0.05
2025-12-31 18:08:06.167,0.1,7.8,0.09,0.05
2025-12-31 18:08:07.168,0.0,7.8,0.10,0.05
2025-12-31 18:08:08.170,0.1,7.8,0.10,0.05
2025-12-31 18:08:09.172,0.1,7.8,0.09,0.05
2025-12-31 18:08:10.174,0.0,7.8,0.09,0.05
2025-12-31 18:08:11.175,0.0,7.8,0.10,0.05
2025-12-31 18:08:12.177,0.1,7.8,0.09,0.05
2025-12-31 18:08:13.178,0.1,7.8,0.10,0.05
2025-12-31 18:08:14.180,0.1,7.8,0.09,0.05
2025-12-31 18:08:15.181,0.1,7.8,0.09,0.05
2025-12-31 18:08:16.182,0.2,7.8,0.09,0.05
2025-12-31 18:08:17.183,0.2,7.8,0.10,0.05
2025-12-31 18:08:18.185,0.1,7.8,0.09,0.05
2025-12-31 18:08:19.187,0.0,7.8,0.09,0.05
2025-12-31 18:08:20.188,0.0,7.8,0.10,0.05
2025-12-31 18:08:21.189,0.2,7.8,0.09,0.05
2025-12-31 18:08:22.190,0.0,7.8,0.10,0.05
2025-12-31 18:08:23.191,0.1,7.8,0.09,0.05
2025-12-31 18:08:24.192,0.0,7.8,0.10,0.05
2025-12-31 18:08:25.194,0.1,7.8,0.10,0.05
2025-12-31 18:08:26.195,0.0,7.8,0.09,0.05
2025-12-31 18:08:27.197,0.2,7.8,0.10,0.05
2025-12-31 18:08:28.198,0.1,7.8,0.09,0.05
2025-12-31 18:08:29.199,0.1,7.8,0.09,0.05
2025-12-31 18:08:30.202,0.0,7.8,0.10,0.05
2025-12-31 18:08:31.204,0.1,7.8,0.09,0.05
2025-12-31 18:08:32.206,0.0,7.8,0.09,0.05
2025-12-31 18:08:33.208,0.1,7.8,0.10,0.05
2025-12-31 18:08:34.209,0.1,7.8,0.10,0.05
2025-12-31 18:08:35.212,0.1,7.8,0.10,0.05
2025-12-31 18:08:36.214,0.1,7.8,0.10,0.05
2025-12-31 18:08:37.215,0.1,7.8,0.10,0.05
2025-12-31 18:08:38.217,0.1,7.8,0.10,0.05
2025-12-31 18:08:39.218,0.2,7.8,0.09,0.05
2025-12-31 18:08:40.219,0.1,7.8,0.10,0.05
2025-12-31 18:08:41.220,0.1,7.8,0.10,0.05
2025-12-31 18:08:42.221,0.2,7.8,0.09,0.05
2025-12-31 18:08:43.222,0.1,7.8,0.09,0.05
2025-12-31 18:08:44.223,0.3,7.8,0.10,0.05
2025-12-31 18:08:45.225,0.2,7.8,0.09,0.05
2025-12-31 18:08:46.226,0.2,7.8,0.10,0.05
2025-12-31 18:08:47.227,0.2,7.8,0.10,0.05
2025-12-31 18:08:48.228,0.5,7.8,0.10,0.05
2025-12-31 18:08:49.230,0.2,7.8,0.09,0.05
2025-12-31 18:08:50.231,0.4,7.8,0.10,0.05
2025-12-31 18:08:51.233,0.2,7.8,0.09,0.05
2025-12-31 18:08:52.234,0.3,7.8,0.10,0.05
2025-12-31 18:08:53.235,0.4,7.8,0.09,0.05
2025-12-31 18:08:54.236,0.6,7.8,0.09,0.05
2025-12-31 18:08:55.238,0.2,7.8,0.10,0.05
2025-12-31 18:08:56.240,0.3,7.8,0.09,0.05
2025-12-31 18:08:57.241,0.2,7.8,0.10,0.05
2025-12-31 18:08:58.243,0.5,7.8,0.09,0.05
2025-12-31 18:08:59.245,0.3,7.8,0.09,0.05
2025-12-31 18:09:00.247,0.2,7.8,0.10,0.05
2025-12-31 18:09:01.248,0.5,7.8,0.09,0.05
2025-12-31 18:09:02.250,0.2,7.8,0.10,0.05
2025-12-31 18:09:03.251,0.3,7.8,0.09,0.05
2025-12-31 18:09:04.253,0.2,7.8,0.09,0.05
2025-12-31 18:09:05.254,0.3,7.8,0.10,0.05
2025-12-31 18:09:06.255,0.2,7.8,0.09,0.05
2025-12-31 18:09:07.257,0.1,7.8,0.10,0.05
2025-12-31 18:09:08.259,0.2,7.8,0.10,0.05
2025-12-31 18:09:09.260,0.2,7.8,0.09,0.05
2025-12-31 18:09:10.262,0.2,7.8,0.10,0.05
2025-12-31 18:09:11.263,0.1,7.8,0.09,0.05
2025-12-31 18:09:12.264,0.2,7.8,0.10,0.05
2025-12-31 18:09:13.266,0.0,7.8,0.09,0.05
2025-12-31 18:09:14.268,0.2,7.8,0.09,0.05
2025-12-31 18:09:15.269,0.2,7.8,0.10,0.05
2025-12-31 18:09:16.270,0.2,7.8,0.09,0.05
2025-12-31 18:09:17.272,0.2,7.8,0.10,0.05
2025-12-31 18:09:18.273,0.2,7.8,0.09,0.05
2025-12-31 18:09:19.275,0.1,7.8,0.09,0.05
2025-12-31 18:09:20.276,0.1,7.8,0.09,0.05
2025-12-31 18:09:21.278,0.2,7.8,0.09,0.05
2025-12-31 18:09:22.280,0.2,7.8,0.09,0.05
2025-12-31 18:09:23.281,0.2,7.8,0.10,0.05
2025-12-31 18:09:24.283,0.2,7.8,0.09,0.05
2025-12-31 18:09:25.285,0.2,7.8,0.10,0.05
2025-12-31 18:09:26.286,0.0,7.8,0.09,0.05
2025-12-31 18:09:27.288,0.1,7.8,0.10,0.05
2025-12-31 18:09:28.289,0.1,7.8,0.10,0.05
2025-12-31 18:09:29.290,0.0,7.8,0.09,0.05
2025-12-31 18:09:30.292,0.2,7.8,0.09,0.05
2025-12-31 18:09:31.294,0.2,7.8,0.09,0.05
2025-12-31 18:09:32.295,0.2,7.8,0.10,0.05
2025-12-31 18:09:33.297,0.2,7.8,0.09,0.05
2025-12-31 18:09:34.298,0.2,7.8,0.09,0.05
2025-12-31 18:09:35.300,0.2,7.8,0.10,0.05
2025-12-31 18:09:36.304,0.2,7.8,0.09,0.05
2025-12-31 18:09:37.306,0.1,7.8,0.10,0.05
2025-12-31 18:09:38.307,0.2,7.8,0.09,0.05
2025-12-31 18:09:39.308,0.0,7.8,0.10,0.05
2025-12-31 18:09:40.309,0.2,7.8,0.09,0.05
2025-12-31 18:09:41.311,0.2,7.8,0.10,0.05
2025-12-31 18:09:42.313,0.2,7.8,0.09,0.05
2025-12-31 18:09:43.315,0.3,7.8,0.09,0.05
2025-12-31 18:09:44.316,0.1,7.8,0.09,0.05
2025-12-31 18:09:45.318,0.1,7.8,0.10,0.05
2025-12-31 18:09:46.319,0.1,7.8,0.09,0.05
2025-12-31 18:09:47.321,0.3,7.8,0.10,0.05
2025-12-31 18:09:48.322,0.1,7.8,0.09,0.05
2025-12-31 18:09:49.323,0.1,7.8,0.09,0.05
2025-12-31 18:09:50.325,0.1,7.8,0.10,0.05
2025-12-31 18:09:51.326,0.1,7.8,0.10,0.05
2025-12-31 18:09:52.328,0.0,7.8,0.09,0.05
2025-12-31 18:09:53.329,0.1,7.8,0.09,0.05
2025-12-31 18:09:54.331,0.0,7.8,0.09,0.05
2025-12-31 18:09:55.332,0.0,7.8,0.09,0.05
2025-12-31 18:09:56.334,0.2,7.8,0.09,0.05
2025-12-31 18:09:57.336,0.1,7.8,0.10,0.05
2025-12-31 18:09:58.337,0.1,7.8,0.09,0.05
2025-12-31 18:09:59.339,0.1,7.8,0.09,0.05
2025-12-31 18:10:00.340,0.1,7.8,0.09,0.05
2025-12-31 18:10:01.342,0.1,7.8,0.09,0.05
2025-12-31 18:10:02.344,0.1,7.8,0.09,0.05
2025-12-31 18:10:03.346,0.2,7.8,0.09,0.05
2025-12-31 18:10:04.347,0.1,7.8,0.09,0.05
2025-12-31 18:10:05.348,0.1,7.8,0.09,0.05
2025-12-31 18:10:06.350,0.1,7.8,0.09,0.05
2025-12-31 18:10:07.351,0.2,7.8,0.10,0.05
2025-12-31 18:10:08.352,0.2,7.8,0.10,0.05
2025-12-31 18:10:09.353,0.2,7.8,0.09,0.05
2025-12-31 18:10:10.355,0.0,7.8,0.09,0.05
2025-12-31 18:10:11.356,0.1,7.8,0.09,0.05
2025-12-31 18:10:12.357,0.0,7.8,0.10,0.05
2025-12-31 18:10:13.359,0.0,7.8,0.09,0.05
2025-12-31 18:10:14.361,0.0,7.8,0.09,0.05
2025-12-31 18:10:15.362,0.1,7.8,0.09,0.05
2025-12-31 18:10:16.364,0.1,7.8,0.09,0.05
2025-12-31 18:10:17.366,0.2,7.8,0.10,0.05
2025-12-31 18:10:18.368,0.0,7.8,0.09,0.05
2025-12-31 18:10:19.369,0.1,7.8,0.09,0.05
2025-12-31 18:10:20.370,0.1,7.8,0.09,0.05
2025-12-31 18:10:21.371,0.1,7.8,0.09,0.05
2025-12-31 18:10:22.373,0.0,7.8,0.09,0.05
2025-12-31 18:10:23.374,0.1,7.8,0.09,0.05
2025-12-31 18:10:24.376,0.1,7.8,0.09,0.05
2025-12-31 18:10:25.378,0.1,7.8,0.10,0.05
2025-12-31 18:10:26.379,0.0,7.8,0.09,0.05
2025-12-31 18:10:27.381,0.0,7.8,0.10,0.05
2025-12-31 18:10:28.383,0.0,7.8,0.10,0.05
2025-12-31 18:10:29.385,0.1,7.8,0.09,0.05
2025-12-31 18:10:30.386,0.1,7.8,0.09,0.04
2025-12-31 18:10:31.388,0.1,7.8,0.09,0.05
2025-12-31 18:10:32.390,0.1,7.8,0.09,0.05
2025-12-31 18:10:33.392,0.1,7.8,0.09,0.05
2025-12-31 18:10:34.394,0.1,7.8,0.10,0.05
2025-12-31 18:10:35.395,0.1,7.8,0.10,0.05
2025-12-31 18:10:36.397,0.3,7.8,0.09,0.05
2025-12-31 18:10:37.398,0.1,7.8,0.10,0.05
2025-12-31 18:10:38.400,0.0,7.8,0.09,0.05
2025-12-31 18:10:39.401,0.1,7.8,0.09,0.05
2025-12-31 18:10:40.403,0.1,7.8,0.09,0.05
2025-12-31 18:10:41.405,0.1,7.8,0.10,0.05
2025-12-31 18:10:42.407,0.1,7.8,0.09,0.05
2025-12-31 18:10:43.409,0.1,7.8,0.09,0.05
2025-12-31 18:10:44.411,0.0,7.8,0.09,0.05
2025-12-31 18:10:45.412,0.2,7.8,0.09,0.05
2025-12-31 18:10:46.413,0.1,7.8,0.09,0.05
2025-12-31 18:10:47.415,0.1,7.8,0.10,0.05
2025-12-31 18:10:48.416,0.1,7.8,0.09,0.05
2025-12-31 18:10:49.417,0.0,7.8,0.10,0.05
2025-12-31 18:10:50.418,0.1,7.8,0.09,0.05
2025-12-31 18:10:51.420,0.1,7.8,0.09,0.05
2025-12-31 18:10:52.421,0.0,7.8,0.09,0.05
2025-12-31 18:10:53.422,0.1,7.8,0.09,0.05
2025-12-31 18:10:54.424,0.0,7.8,0.09,0.05
2025-12-31 18:10:55.426,0.2,7.8,0.09,0.05
2025-12-31 18:10:56.427,0.0,7.8,0.10,0.05
2025-12-31 18:10:57.429,0.1,7.8,0.10,0.05
2025-12-31 18:10:58.430,0.0,7.8,0.10,0.05
2025-12-31 18:10:59.432,0.2,7.8,0.10,0.05
2025-12-31 18:11:00.433,0.0,7.8,0.09,0.05
2025-12-31 18:11:01.435,0.0,7.8,0.10,0.05
2025-12-31 18:11:02.436,0.1,7.8,0.09,0.05
2025-12-31 18:11:03.438,0.0,7.8,0.09,0.05
2025-12-31 18:11:04.439,0.2,7.8,0.09,0.05
2025-12-31 18:11:05.440,0.2,7.8,0.09,0.05
2025-12-31 18:11:06.442,0.1,7.8,0.11,0.06
2025-12-31 18:11:07.443,0.1,7.8,0.10,0.05
2025-12-31 18:11:08.445,0.1,7.8,0.09,0.05
2025-12-31 18:11:09.446,0.0,7.8,0.09,0.05
2025-12-31 18:11:10.448,0.1,7.8,0.09,0.05
2025-12-31 18:11:11.449,0.1,7.8,0.09,0.05
2025-12-31 18:11:12.452,0.1,7.8,0.09,0.05
2025-12-31 18:11:13.453,0.1,7.8,0.09,0.05
2025-12-31 18:11:14.455,0.0,7.8,0.10,0.05
2025-12-31 18:11:15.456,0.2,7.8,0.09,0.05
2025-12-31 18:11:16.457,0.0,7.8,0.09,0.05
2025-12-31 18:11:17.458,0.2,7.8,0.10,0.05
2025-12-31 18:11:18.459,0.0,7.8,0.09,0.05
2025-12-31 18:11:19.460,0.0,7.8,0.10,0.05
2025-12-31 18:11:20.462,0.1,7.8,0.09,0.05
2025-12-31 18:11:21.464,0.1,7.8,0.09,0.05
2025-12-31 18:11:22.465,0.0,7.8,0.10,0.05
2025-12-31 18:11:23.466,0.1,7.8,0.09,0.05
2025-12-31 18:11:24.468,0.0,7.8,0.09,0.05
2025-12-31 18:11:25.469,0.0,7.8,0.10,0.05
2025-12-31 18:11:26.471,0.2,7.8,0.09,0.05
2025-12-31 18:11:27.473,0.0,7.8,0.10,0.05
2025-12-31 18:11:28.475,0.2,7.8,0.10,0.05
2025-12-31 18:11:29.477,0.0,7.8,0.10,0.05
2025-12-31 18:11:30.478,0.1,7.8,0.09,0.05
2025-12-31 18:11:31.480,0.1,7.8,0.10,0.05
2025-12-31 18:11:32.482,0.0,7.8,0.09,0.05
2025-12-31 18:11:33.483,0.2,7.8,0.09,0.05
2025-12-31 18:11:34.485,0.1,7.8,0.09,0.05
2025-12-31 18:11:35.487,0.1,7.8,0.09,0.05
2025-12-31 18:11:36.489,0.2,7.8,0.09,0.05
2025-12-31 18:11:37.490,0.2,7.8,0.10,0.05
2025-12-31 18:11:38.491,0.1,7.8,0.09,0.05
2025-12-31 18:11:39.493,0.2,7.8,0.10,0.05
2025-12-31 18:11:40.494,0.3,7.8,0.09,0.05
2025-12-31 18:11:41.497,0.2,7.8,0.09,0.05
2025-12-31 18:11:42.498,0.2,7.8,0.11,0.05
2025-12-31 18:11:43.498,0.2,7.8,0.09,0.05
2025-12-31 18:11:44.499,0.2,7.8,0.09,0.05
2025-12-31 18:11:45.501,0.2,7.8,0.09,0.05
2025-12-31 18:11:46.502,0.2,7.8,0.09,0.05
2025-12-31 18:11:47.502,0.3,7.8,0.10,0.05
2025-12-31 18:11:48.504,0.3,7.8,0.09,0.05
2025-12-31 18:11:49.505,0.2,7.8,0.09,0.05
2025-12-31 18:11:50.507,0.4,7.8,0.09,0.05
2025-12-31 18:11:51.510,0.2,7.8,0.09,0.05
2025-12-31 18:11:52.512,0.3,7.8,0.09,0.05
2025-12-31 18:11:53.513,0.6,7.8,0.09,0.05
2025-12-31 18:11:54.515,0.4,7.8,0.10,0.05
2025-12-31 18:11:55.516,0.4,7.8,0.10,0.05
2025-12-31 18:11:56.517,0.2,7.8,0.09,0.05
2025-12-31 18:11:57.519,0.2,7.8,0.10,0.05
2025-12-31 18:11:58.520,0.2,7.8,0.09,0.05
2025-12-31 18:11:59.521,0.3,7.8,0.09,0.05
2025-12-31 18:12:00.522,0.2,7.8,0.10,0.05
2025-12-31 18:12:01.524,0.1,7.8,0.09,0.05
2025-12-31 18:12:02.525,0.2,7.8,0.09,0.05
2025-12-31 18:12:03.526,0.2,7.8,0.09,0.05
2025-12-31 18:12:04.528,0.2,7.8,0.10,0.05
2025-12-31 18:12:05.530,0.1,7.8,0.09,0.05
2025-12-31 18:12:06.531,0.2,7.8,0.09,0.05
2025-12-31 18:12:07.532,0.2,7.8,0.10,0.05
2025-12-31 18:12:08.533,0.1,7.8,0.09,0.05
2025-12-31 18:12:09.534,0.1,7.8,0.10,0.05
2025-12-31 18:12:10.536,0.2,7.8,0.09,0.05
2025-12-31 18:12:11.537,0.1,7.8,0.09,0.05
2025-12-31 18:12:12.539,0.2,7.8,0.09,0.05
2025-12-31 18:12:13.540,0.2,7.8,0.09,0.05
2025-12-31 18:12:14.542,0.2,7.8,0.09,0.05
2025-12-31 18:12:15.543,0.2,7.8,0.09,0.05
2025-12-31 18:12:16.545,0.2,7.8,0.09,0.05
2025-12-31 18:12:17.546,0.2,7.8,0.10,0.05
2025-12-31 18:12:18.548,0.2,7.8,0.09,0.05
2025-12-31 18:12:19.549,0.2,7.8,0.09,0.05
2025-12-31 18:12:20.550,0.2,7.8,0.09,0.05
2025-12-31 18:12:21.552,0.2,7.8,0.09,0.05
2025-12-31 18:12:22.553,0.4,7.8,0.10,0.05
2025-12-31 18:12:23.554,0.2,7.8,0.09,0.05
2025-12-31 18:12:24.555,0.1,7.8,0.09,0.05
2025-12-31 18:12:25.557,0.2,7.8,0.10,0.05
2025-12-31 18:12:26.558,0.2,7.8,0.10,0.05
2025-12-31 18:12:27.559,0.1,7.8,0.10,0.05
2025-12-31 18:12:28.561,0.1,7.8,0.09,0.05
2025-12-31 18:12:29.563,0.2,7.8,0.10,0.05
2025-12-31 18:12:30.564,0.1,7.8,0.09,0.05
2025-12-31 18:12:31.566,0.1,7.8,0.09,0.05
2025-12-31 18:12:32.568,0.2,7.8,0.09,0.05
2025-12-31 18:12:33.569,0.2,7.8,0.09,0.05
2025-12-31 18:12:34.571,0.2,7.8,0.10,0.05
2025-12-31 18:12:35.572,0.2,7.8,0.09,0.05
2025-12-31 18:12:36.574,0.2,7.8,0.09,0.05
2025-12-31 18:12:37.575,0.1,7.8,0.10,0.05
2025-12-31 18:12:38.576,0.2,7.8,0.09,0.05
2025-12-31 18:12:39.578,0.2,7.8,0.09,0.05
2025-12-31 18:12:40.580,0.1,7.8,0.09,0.05
2025-12-31 18:12:41.581,0.1,7.8,0.10,0.05
2025-12-31 18:12:42.583,0.2,7.8,0.09,0.05
2025-12-31 18:12:43.585,0.0,7.8,0.09,0.05
2025-12-31 18:12:44.587,0.0,7.8,0.09,0.05
2025-12-31 18:12:45.588,0.2,7.8,0.10,0.05
2025-12-31 18:12:46.590,0.2,7.8,0.10,0.05
2025-12-31 18:12:47.592,0.1,7.8,0.10,0.05
2025-12-31 18:12:48.593,0.1,7.8,0.09,0.05
2025-12-31 18:12:49.595,0.2,7.8,0.09,0.05
2025-12-31 18:12:50.597,0.1,7.8,0.09,0.05
2025-12-31 18:12:51.599,0.0,7.8,0.10,0.05
2025-12-31 18:12:52.601,0.1,7.8,0.09,0.05
2025-12-31 18:12:53.602,0.2,7.8,0.09,0.05
2025-12-31 18:12:54.603,0.0,7.8,0.10,0.05
2025-12-31 18:12:55.605,0.1,7.8,0.09,0.05
2025-12-31 18:12:56.606,0.2,7.8,0.09,0.05
2025-12-31 18:12:57.608,0.0,7.8,0.10,0.05
2025-12-31 18:12:58.609,0.1,7.8,0.09,0.05
2025-12-31 18:12:59.611,0.1,7.8,0.09,0.05
2025-12-31 18:13:00.612,0.0,7.8,0.09,0.05
2025-12-31 18:13:01.616,0.1,7.8,0.09,0.05
2025-12-31 18:13:02.617,0.0,7.8,0.10,0.05
2025-12-31 18:13:03.619,0.2,7.8,0.10,0.05
2025-12-31 18:13:04.620,0.1,7.8,0.09,0.05
2025-12-31 18:13:05.621,0.1,7.8,0.10,0.05
2025-12-31 18:13:06.622,0.0,7.8,0.09,0.05
2025-12-31 18:13:07.624,0.0,7.8,0.10,0.05
2025-12-31 18:13:08.625,0.2,7.8,0.09,0.05
2025-12-31 18:13:09.627,0.1,7.8,0.09,0.05
2025-12-31 18:13:10.628,0.0,7.8,0.10,0.05
2025-12-31 18:13:11.630,0.1,7.8,0.09,0.05
2025-12-31 18:13:12.632,0.0,7.8,0.09,0.05
2025-12-31 18:13:13.633,0.0,7.8,0.09,0.05
2025-12-31 18:13:14.634,0.1,7.8,0.09,0.05
2025-12-31 18:13:15.636,0.1,7.8,0.09,0.05
2025-12-31 18:13:16.637,0.1,7.8,0.09,0.05
2025-12-31 18:13:17.639,0.0,7.8,0.10,0.05
2025-12-31 18:13:18.640,0.0,7.8,0.09,0.05
2025-12-31 18:13:19.642,0.2,7.8,0.10,0.05
2025-12-31 18:13:20.643,0.0,7.8,0.09,0.05
2025-12-31 18:13:21.644,0.1,7.8,0.09,0.05
2025-12-31 18:13:22.646,0.0,7.8,0.09,0.05
2025-12-31 18:13:23.648,0.1,7.8,0.09,0.05
2025-12-31 18:13:24.649,0.1,7.8,0.10,0.05
2025-12-31 18:13:25.651,0.0,7.8,0.09,0.05
2025-12-31 18:13:26.652,0.2,7.8,0.09,0.05
2025-12-31 18:13:27.654,0.0,7.8,0.10,0.05
2025-12-31 18:13:28.656,0.1,7.8,0.10,0.05
2025-12-31 18:13:29.657,0.0,7.8,0.09,0.05
2025-12-31 18:13:30.659,0.0,7.8,0.09,0.05
2025-12-31 18:13:31.660,0.1,7.8,0.09,0.05
2025-12-31 18:13:32.662,0.0,7.8,0.09,0.05
2025-12-31 18:13:33.664,0.1,7.8,0.10,0.05
2025-12-31 18:13:34.666,0.2,7.8,0.09,0.05
2025-12-31 18:13:35.667,0.0,7.8,0.09,0.05
2025-12-31 18:13:36.669,0.2,7.8,0.09,0.05
2025-12-31 18:13:37.670,0.0,7.8,0.10,0.05
2025-12-31 18:13:38.672,0.1,7.8,0.10,0.05
2025-12-31 18:13:39.673,0.0,7.8,0.09,0.05
2025-12-31 18:13:40.675,0.2,7.8,0.10,0.05
2025-12-31 18:13:41.676,0.1,7.8,0.09,0.05
2025-12-31 18:13:42.678,0.1,7.8,0.09,0.05
2025-12-31 18:13:43.680,0.1,7.8,0.09,0.05
2025-12-31 18:13:44.681,0.0,7.8,0.09,0.05
2025-12-31 18:13:45.683,0.1,7.8,0.09,0.05
2025-12-31 18:13:46.685,0.1,7.8,0.09,0.05
2025-12-31 18:13:47.687,0.1,7.8,0.10,0.05
2025-12-31 18:13:48.688,0.1,7.8,0.10,0.05
2025-12-31 18:13:49.689,0.0,7.8,0.09,0.05
2025-12-31 18:13:50.691,0.1,7.8,0.09,0.05
2025-12-31 18:13:51.692,0.0,7.8,0.09,0.05
2025-12-31 18:13:52.694,0.1,7.8,0.10,0.05
2025-12-31 18:13:53.696,0.1,7.8,0.09,0.05
2025-12-31 18:13:54.697,0.0,7.8,0.09,0.05
2025-12-31 18:13:55.699,0.0,7.8,0.09,0.05
2025-12-31 18:13:56.700,0.1,7.8,0.10,0.05
2025-12-31 18:13:57.702,0.1,7.8,0.10,0.05
2025-12-31 18:13:58.703,0.1,7.8,0.09,0.05
2025-12-31 18:13:59.705,0.0,7.8,0.09,0.05
2025-12-31 18:14:00.707,0.1,7.8,0.09,0.05
2025-12-31 18:14:01.708,0.1,7.8,0.09,0.05
2025-12-31 18:14:02.710,0.0,7.8,0.10,0.05
2025-12-31 18:14:03.711,0.1,7.8,0.09,0.05
2025-12-31 18:14:04.713,0.2,7.8,0.10,0.06
2025-12-31 18:14:05.714,0.0,7.8,0.09,0.05
2025-12-31 18:14:06.715,0.1,7.8,0.09,0.05
2025-12-31 18:14:07.716,0.2,7.8,0.10,0.06
2025-12-31 18:14:08.717,0.0,7.8,0.09,0.05
2025-12-31 18:14:09.719,0.1,7.8,0.09,0.05
2025-12-31 18:14:10.721,0.1,7.8,0.09,0.05
2025-12-31 18:14:11.722,0.0,7.8,0.09,0.05
2025-12-31 18:14:12.724,0.1,7.8,0.09,0.05
2025-12-31 18:14:13.725,0.0,7.8,0.09,0.05
2025-12-31 18:14:14.726,0.0,7.8,0.09,0.05
2025-12-31 18:14:15.728,0.1,7.8,0.10,0.05
2025-12-31 18:14:16.730,0.1,7.8,0.10,0.05
2025-12-31 18:14:17.731,0.0,7.8,0.10,0.05
2025-12-31 18:14:18.733,0.1,7.8,0.09,0.05
2025-12-31 18:14:19.734,0.0,7.8,0.10,0.05
2025-12-31 18:14:20.736,0.0,7.8,0.10,0.05
2025-12-31 18:14:21.737,0.0,7.8,0.09,0.05
2025-12-31 18:14:22.738,0.1,7.8,0.09,0.05
2025-12-31 18:14:23.740,0.0,7.8,0.09,0.05
2025-12-31 18:14:24.741,0.1,7.8,0.10,0.05
2025-12-31 18:14:25.743,0.1,7.8,0.09,0.05
2025-12-31 18:14:26.744,0.0,7.8,0.09,0.05
2025-12-31 18:14:27.746,0.1,7.8,0.10,0.05
2025-12-31 18:14:28.748,0.0,7.8,0.09,0.05
2025-12-31 18:14:29.749,0.1,7.8,0.10,0.05
2025-12-31 18:14:30.751,0.2,7.8,0.09,0.05
2025-12-31 18:14:31.752,0.0,7.8,0.09,0.05
2025-12-31 18:14:32.754,0.1,7.8,0.09,0.05
2025-12-31 18:14:33.755,0.2,7.8,0.09,0.05
2025-12-31 18:14:34.756,0.2,7.8,0.09,0.05
2025-12-31 18:14:35.758,0.2,7.8,0.10,0.05
2025-12-31 18:14:36.760,0.2,7.8,0.09,0.05
2025-12-31 18:14:37.761,0.2,7.8,0.10,0.05
2025-12-31 18:14:38.763,0.1,7.8,0.10,0.05
2025-12-31 18:14:39.765,0.2,7.8,0.09,0.05
2025-12-31 18:14:40.767,0.2,7.8,0.10,0.05
2025-12-31 18:14:41.768,0.2,7.8,0.09,0.05
2025-12-31 18:14:42.770,0.4,7.8,0.09,0.05
2025-12-31 18:14:43.772,0.3,7.8,0.10,0.05
2025-12-31 18:14:44.773,0.3,7.8,0.09,0.05
2025-12-31 18:14:45.775,0.4,7.8,0.09,0.05
2025-12-31 18:14:46.777,0.5,7.8,0.10,0.05
2025-12-31 18:14:47.778,0.2,7.8,0.10,0.05
2025-12-31 18:14:48.780,0.4,7.8,0.09,0.05
2025-12-31 18:14:49.782,0.5,7.8,0.09,0.05
2025-12-31 18:14:50.783,0.4,7.8,0.10,0.05
2025-12-31 18:14:51.785,0.3,7.8,0.09,0.05
2025-12-31 18:14:52.787,0.2,7.8,0.09,0.05
2025-12-31 18:14:53.789,0.3,7.8,0.09,0.05
2025-12-31 18:14:54.790,0.3,7.8,0.10,0.05
2025-12-31 18:14:55.791,0.2,7.8,0.09,0.05
2025-12-31 18:14:56.793,0.2,7.8,0.09,0.05
2025-12-31 18:14:57.795,0.4,7.8,0.10,0.05
2025-12-31 18:14:58.797,0.2,7.8,0.10,0.05
2025-12-31 18:14:59.798,0.1,7.8,0.09,0.05
2025-12-31 18:15:00.800,0.2,7.8,0.09,0.05
2025-12-31 18:15:01.802,0.1,7.8,0.09,0.05
2025-12-31 18:15:02.804,0.2,7.8,0.09,0.05
2025-12-31 18:15:03.805,0.1,7.8,0.10,0.05
2025-12-31 18:15:04.806,0.1,7.8,0.09,0.07
2025-12-31 18:15:05.808,0.1,7.8,0.09,0.07
2025-12-31 18:15:06.810,0.0,7.8,0.09,0.06
2025-12-31 18:15:07.811,0.2,7.8,0.10,0.06
2025-12-31 18:15:08.812,0.2,7.8,0.10,0.06
2025-12-31 18:15:09.813,0.2,7.8,0.09,0.05
2025-12-31 18:15:10.814,0.2,7.8,0.09,0.05
2025-12-31 18:15:11.816,0.2,7.8,0.09,0.05
2025-12-31 18:15:12.817,0.2,7.8,0.09,0.05
2025-12-31 18:15:13.819,0.4,7.8,0.09,0.05
2025-12-31 18:15:14.821,0.2,7.8,0.09,0.05
2025-12-31 18:15:15.822,0.2,7.8,0.10,0.05
2025-12-31 18:15:16.824,0.2,7.8,0.09,0.05
2025-12-31 18:15:17.825,0.3,7.8,0.10,0.05
2025-12-31 18:15:18.826,0.2,7.8,0.09,0.05
2025-12-31 18:15:19.828,0.3,7.8,0.10,0.05
2025-12-31 18:15:20.829,0.2,7.8,0.09,0.05
2025-12-31 18:15:21.831,0.2,7.8,0.09,0.05
2025-12-31 18:15:22.833,0.2,7.8,0.09,0.05
2025-12-31 18:15:23.834,0.1,7.8,0.09,0.05
2025-12-31 18:15:24.836,0.2,7.8,0.10,0.05
2025-12-31 18:15:25.838,0.1,7.8,0.09,0.05
2025-12-31 18:15:26.839,0.2,7.8,0.09,0.05
2025-12-31 18:15:27.841,0.1,7.8,0.10,0.05
2025-12-31 18:15:28.842,0.2,7.8,0.09,0.05
2025-12-31 18:15:29.843,0.2,7.8,0.09,0.05
2025-12-31 18:15:30.844,0.1,7.8,0.10,0.05
2025-12-31 18:15:31.846,0.2,7.8,0.09,0.05
2025-12-31 18:15:32.848,0.3,7.8,0.10,0.05
2025-12-31 18:15:33.850,0.2,7.8,0.09,0.05
2025-12-31 18:15:34.851,0.2,7.8,0.09,0.05
2025-12-31 18:15:35.852,0.0,7.8,0.09,0.05
2025-12-31 18:15:36.853,0.2,7.8,0.09,0.05
2025-12-31 18:15:37.855,0.1,7.8,0.10,0.05
2025-12-31 18:15:38.857,0.2,7.8,0.09,0.05
2025-12-31 18:15:39.859,0.2,7.8,0.09,0.05
2025-12-31 18:15:40.861,0.2,7.8,0.09,0.05
2025-12-31 18:15:41.862,0.2,7.8,0.10,0.05
2025-12-31 18:15:42.864,0.0,7.8,0.09,0.05
2025-12-31 18:15:43.865,0.1,7.8,0.09,0.05
2025-12-31 18:15:44.866,0.2,7.8,0.09,0.05
2025-12-31 18:15:45.868,0.1,7.8,0.09,0.05
2025-12-31 18:15:46.871,0.2,7.8,0.09,0.05
2025-12-31 18:15:47.872,0.1,7.8,0.10,0.05
2025-12-31 18:15:48.873,0.1,7.8,0.09,0.05
2025-12-31 18:15:49.874,0.2,7.8,0.09,0.05
2025-12-31 18:15:50.876,0.0,7.8,0.10,0.05
2025-12-31 18:15:51.877,0.1,7.8,0.09,0.05
2025-12-31 18:15:52.878,0.1,7.8,0.10,0.06
2025-12-31 18:15:53.880,0.2,7.8,0.09,0.05
2025-12-31 18:15:54.881,0.1,7.8,0.09,0.05
2025-12-31 18:15:55.883,0.1,7.8,0.09,0.05
2025-12-31 18:15:56.884,0.0,7.8,0.09,0.05
2025-12-31 18:15:57.886,0.1,7.8,0.10,0.05
2025-12-31 18:15:58.888,0.2,7.8,0.09,0.05
2025-12-31 18:15:59.890,0.0,7.8,0.09,0.05
2025-12-31 18:16:00.891,0.1,7.8,0.09,0.05
2025-12-31 18:16:01.892,0.2,7.8,0.09,0.05
2025-12-31 18:16:02.893,0.0,7.8,0.09,0.05
2025-12-31 18:16:03.895,0.0,7.8,0.10,0.05
2025-12-31 18:16:04.896,0.2,7.8,0.09,0.05
2025-12-31 18:16:05.897,0.0,7.8,0.09,0.05
2025-12-31 18:16:06.898,0.1,7.8,0.09,0.05
2025-12-31 18:16:07.900,0.0,7.8,0.10,0.05
2025-12-31 18:16:08.902,0.0,7.8,0.10,0.05
2025-12-31 18:16:09.903,0.1,7.8,0.09,0.05
2025-12-31 18:16:10.904,0.0,7.8,0.10,0.06
2025-12-31 18:16:11.905,0.0,7.8,0.09,0.05
2025-12-31 18:16:12.907,0.1,7.8,0.09,0.05
2025-12-31 18:16:13.909,0.1,7.8,0.10,0.05
2025-12-31 18:16:14.910,0.0,7.8,0.10,0.05
2025-12-31 18:16:15.912,0.1,7.8,0.09,0.05
2025-12-31 18:16:16.913,0.1,7.8,0.09,0.05
2025-12-31 18:16:17.914,0.2,7.8,0.10,0.05
2025-12-31 18:16:18.916,0.0,7.8,0.09,0.05
2025-12-31 18:16:19.917,0.0,7.8,0.09,0.05
2025-12-31 18:16:20.919,0.2,7.8,0.09,0.05
2025-12-31 18:16:21.920,0.0,7.8,0.09,0.05
2025-12-31 18:16:22.922,0.0,7.8,0.09,0.05
2025-12-31 18:16:23.923,0.1,7.8,0.09,0.05
2025-12-31 18:16:24.924,0.0,7.8,0.10,0.05
2025-12-31 18:16:25.926,0.1,7.8,0.10,0.05
2025-12-31 18:16:26.927,0.1,7.8,0.09,0.05
2025-12-31 18:16:27.929,0.1,7.8,0.10,0.05
2025-12-31 18:16:28.930,0.0,7.8,0.09,0.05
2025-12-31 18:16:29.932,0.1,7.8,0.09,0.05
2025-12-31 18:16:30.933,0.1,7.8,0.09,0.05
2025-12-31 18:16:31.935,0.1,7.8,0.09,0.05
2025-12-31 18:16:32.937,0.1,7.8,0.09,0.05
2025-12-31 18:16:33.939,0.1,7.8,0.09,0.05
2025-12-31 18:16:34.941,0.1,7.8,0.09,0.05
2025-12-31 18:16:35.943,0.1,7.8,0.09,0.05
2025-12-31 18:16:36.945,0.1,7.8,0.10,0.05
2025-12-31 18:16:37.946,0.1,7.8,0.10,0.05
2025-12-31 18:16:38.948,0.2,7.8,0.09,0.05
2025-12-31 18:16:39.950,0.1,7.8,0.10,0.05
2025-12-31 18:16:40.951,0.1,7.8,0.09,0.05
2025-12-31 18:16:41.953,0.0,7.8,0.09,0.05
2025-12-31 18:16:42.954,0.1,7.8,0.09,0.05
2025-12-31 18:16:43.956,0.0,7.8,0.09,0.05
2025-12-31 18:16:44.957,0.1,7.8,0.09,0.05
2025-12-31 18:16:45.959,0.0,7.8,0.10,0.05
2025-12-31 18:16:46.961,0.2,7.8,0.09,0.05
2025-12-31 18:16:47.962,0.0,7.8,0.10,0.05
2025-12-31 18:16:48.963,0.1,7.8,0.10,0.05
2025-12-31 18:16:49.964,0.0,7.8,0.09,0.05
2025-12-31 18:16:50.965,0.0,7.8,0.09,0.05
2025-12-31 18:16:51.967,0.1,7.8,0.09,0.05
2025-12-31 18:16:52.968,0.1,7.8,0.09,0.05
2025-12-31 18:16:53.970,0.0,7.8,0.09,0.05
2025-12-31 18:16:54.971,0.0,7.8,0.09,0.05
2025-12-31 18:16:55.973,0.0,7.8,0.09,0.05
2025-12-31 18:16:56.975,0.1,7.8,0.09,0.05
2025-12-31 18:16:57.976,0.1,7.8,0.10,0.05
2025-12-31 18:16:58.978,0.1,7.8,0.10,0.05
2025-12-31 18:16:59.979,0.1,7.8,0.09,0.05
2025-12-31 18:17:00.981,0.0,7.8,0.09,0.05
2025-12-31 18:17:01.983,0.7,7.8,0.09,0.05
2025-12-31 18:17:02.984,0.1,7.8,0.09,0.05
2025-12-31 18:17:03.986,0.1,7.8,0.09,0.05
2025-12-31 18:17:04.988,0.1,7.8,0.09,0.05
2025-12-31 18:17:05.990,0.1,7.8,0.11,0.05
2025-12-31 18:17:06.991,0.0,7.8,0.10,0.05
2025-12-31 18:17:07.992,0.0,7.8,0.10,0.05
2025-12-31 18:17:08.993,0.0,7.8,0.09,0.05
2025-12-31 18:17:09.994,0.2,7.8,0.10,0.05
2025-12-31 18:17:10.995,0.0,7.8,0.10,0.05
2025-12-31 18:17:11.996,0.1,7.8,0.10,0.05
2025-12-31 18:17:12.998,0.0,7.8,0.09,0.05
2025-12-31 18:17:13.999,0.2,7.8,0.09,0.05
2025-12-31 18:17:15.001,0.1,7.8,0.09,0.05
2025-12-31 18:17:16.002,0.1,7.8,0.09,0.05
2025-12-31 18:17:17.004,0.1,7.8,0.09,0.05
2025-12-31 18:17:18.006,0.1,7.8,0.10,0.05
2025-12-31 18:17:19.007,0.0,7.8,0.10,0.05
2025-12-31 18:17:20.009,0.0,7.8,0.11,0.05
2025-12-31 18:17:21.011,0.2,7.8,0.10,0.05
2025-12-31 18:17:22.012,0.0,7.8,0.10,0.05
2025-12-31 18:17:23.013,0.1,7.8,0.10,0.05
2025-12-31 18:17:24.014,0.0,7.8,0.09,0.05
2025-12-31 18:17:25.016,0.2,7.8,0.10,0.05
2025-12-31 18:17:26.017,0.1,7.8,0.09,0.05
2025-12-31 18:17:27.019,0.2,7.8,0.10,0.05
2025-12-31 18:17:28.021,0.0,7.8,0.10,0.05
2025-12-31 18:17:29.022,0.2,7.8,0.09,0.05
2025-12-31 18:17:30.024,0.1,7.8,0.09,0.05
2025-12-31 18:17:31.025,0.2,7.8,0.09,0.05
2025-12-31 18:17:32.027,0.1,7.8,0.10,0.05
2025-12-31 18:17:33.029,0.2,7.8,0.09,0.05
2025-12-31 18:17:34.030,0.2,7.8,0.09,0.05
2025-12-31 18:17:35.032,0.3,7.8,0.09,0.05
2025-12-31 18:17:36.033,0.2,7.8,0.09,0.05
2025-12-31 18:17:37.034,0.2,7.8,0.09,0.05
2025-12-31 18:17:38.037,0.2,7.8,0.10,0.05
2025-12-31 18:17:39.038,0.2,7.8,0.09,0.05
2025-12-31 18:17:40.040,0.2,7.8,0.09,0.05
2025-12-31 18:17:41.041,0.0,7.8,0.09,0.05
2025-12-31 18:17:42.042,0.3,7.8,0.10,0.05
2025-12-31 18:17:43.043,0.2,7.8,0.10,0.05
2025-12-31 18:17:44.045,0.2,7.8,0.09,0.05
2025-12-31 18:17:45.046,0.2,7.8,0.09,0.05
2025-12-31 18:17:46.047,0.3,7.8,0.09,0.05
2025-12-31 18:17:47.049,0.4,7.8,0.09,0.05
2025-12-31 18:17:48.050,0.3,7.8,0.10,0.05
2025-12-31 18:17:49.052,0.3,7.8,0.09,0.05
2025-12-31 18:17:50.053,0.2,7.8,0.10,0.05
2025-12-31 18:17:51.054,0.2,7.8,0.09,0.05
2025-12-31 18:17:52.056,0.2,7.8,0.09,0.05
2025-12-31 18:17:53.058,0.1,7.8,0.09,0.05
2025-12-31 18:17:54.059,0.2,7.8,0.10,0.05
2025-12-31 18:17:55.061,0.2,7.8,0.09,0.05
2025-12-31 18:17:56.062,0.2,7.8,0.09,0.05
2025-12-31 18:17:57.064,0.2,7.8,0.10,0.05
2025-12-31 18:17:58.065,0.1,7.8,0.10,0.05
2025-12-31 18:17:59.066,0.1,7.8,0.09,0.05
2025-12-31 18:18:00.068,0.2,7.8,0.09,0.05
2025-12-31 18:18:01.069,0.0,7.8,0.09,0.05
2025-12-31 18:18:02.071,0.2,7.8,0.09,0.05
2025-12-31 18:18:03.073,0.1,7.8,0.09,0.05
2025-12-31 18:18:04.074,0.2,7.8,0.09,0.05
2025-12-31 18:18:05.076,0.1,7.8,0.10,0.05
2025-12-31 18:18:06.078,0.2,7.8,0.09,0.05
2025-12-31 18:18:07.079,0.1,7.8,0.09,0.05
2025-12-31 18:18:08.081,0.2,7.8,0.10,0.05
2025-12-31 18:18:09.083,0.2,7.8,0.09,0.05
2025-12-31 18:18:10.084,0.2,7.8,0.09,0.05
2025-12-31 18:18:11.085,0.2,7.8,0.09,0.05
2025-12-31 18:18:12.086,0.2,7.8,0.09,0.05
2025-12-31 18:18:13.088,0.1,7.8,0.10,0.05
2025-12-31 18:18:14.090,0.2,7.8,0.09,0.05
2025-12-31 18:18:15.091,0.2,7.8,0.09,0.05
2025-12-31 18:18:16.093,0.2,7.8,0.10,0.05
2025-12-31 18:18:17.094,0.2,7.8,0.09,0.05
2025-12-31 18:18:18.096,0.2,7.8,0.10,0.05
2025-12-31 18:18:19.098,0.2,7.8,0.09,0.05
2025-12-31 18:18:20.099,0.2,7.8,0.09,0.05
2025-12-31 18:18:21.101,0.0,7.8,0.09,0.05
2025-12-31 18:18:22.103,0.3,7.8,0.09,0.05
2025-12-31 18:18:23.104,0.2,7.8,0.09,0.05
2025-12-31 18:18:24.106,0.2,7.8,0.09,0.05
2025-12-31 18:18:25.107,0.2,7.8,0.10,0.05
2025-12-31 18:18:26.109,0.2,7.8,0.10,0.05
2025-12-31 18:18:27.110,0.2,7.8,0.10,0.05
2025-12-31 18:18:28.111,0.2,7.8,0.10,0.05
2025-12-31 18:18:29.113,0.2,7.8,0.09,0.05
2025-12-31 18:18:30.114,0.1,7.8,0.09,0.05
2025-12-31 18:18:31.116,0.2,7.8,0.09,0.05
2025-12-31 18:18:32.118,0.2,7.8,0.09,0.05
2025-12-31 18:18:33.119,0.2,7.8,0.09,0.05
2025-12-31 18:18:34.121,0.2,7.8,0.09,0.05
2025-12-31 18:18:35.122,0.2,7.8,0.09,0.05
2025-12-31 18:18:36.124,0.2,7.8,0.09,0.05
2025-12-31 18:18:37.125,0.0,7.8,0.09,0.05
2025-12-31 18:18:38.127,0.2,7.8,0.10,0.05
2025-12-31 18:18:39.128,0.3,7.8,0.09,0.05
2025-12-31 18:18:40.129,0.0,7.8,0.09,0.05
2025-12-31 18:18:41.131,0.2,7.8,0.09,0.05
2025-12-31 18:18:42.133,0.1,7.8,0.09,0.05
2025-12-31 18:18:43.134,0.1,7.8,0.10,0.06
2025-12-31 18:18:44.136,0.2,7.8,0.09,0.05
2025-12-31 18:18:45.137,0.0,7.8,0.09,0.05
2025-12-31 18:18:46.139,0.2,7.8,0.09,0.05
2025-12-31 18:18:47.141,0.2,7.8,0.09,0.05
2025-12-31 18:18:48.142,0.1,7.8,0.10,0.05
2025-12-31 18:18:49.143,0.1,7.8,0.10,0.05
2025-12-31 18:18:50.145,0.2,7.8,0.09,0.05
2025-12-31 18:18:51.146,0.0,7.8,0.10,0.05
2025-12-31 18:18:52.148,0.2,7.8,0.09,0.05
2025-12-31 18:18:53.149,0.1,7.8,0.09,0.05
2025-12-31 18:18:54.150,0.2,7.8,0.09,0.05
2025-12-31 18:18:55.152,0.0,7.8,0.09,0.05
2025-12-31 18:18:56.153,0.1,7.8,0.09,0.05
2025-12-31 18:18:57.154,0.0,7.8,0.09,0.05
2025-12-31 18:18:58.155,0.1,7.8,0.10,0.05
2025-12-31 18:18:59.157,0.2,7.8,0.09,0.05
2025-12-31 18:19:00.158,0.0,7.8,0.10,0.05
2025-12-31 18:19:01.160,0.0,7.8,0.09,0.05
2025-12-31 18:19:02.161,0.0,7.8,0.09,0.05
2025-12-31 18:19:03.163,0.1,7.8,0.09,0.05
2025-12-31 18:19:04.165,0.0,7.8,0.09,0.05
2025-12-31 18:19:05.167,0.1,7.8,0.09,0.05
2025-12-31 18:19:06.169,0.1,7.8,0.09,0.05
2025-12-31 18:19:07.170,0.1,7.8,0.09,0.05
2025-12-31 18:19:08.172,0.0,7.8,0.10,0.05
2025-12-31 18:19:09.174,0.0,7.8,0.09,0.05
2025-12-31 18:19:10.175,0.1,7.8,0.09,0.05
2025-12-31 18:19:11.177,0.0,7.8,0.10,0.05
2025-12-31 18:19:12.178,0.1,7.8,0.09,0.05
2025-12-31 18:19:13.179,0.0,7.8,0.09,0.05
2025-12-31 18:19:14.181,0.0,7.8,0.10,0.05
2025-12-31 18:19:15.184,0.0,7.8,0.09,0.05
2025-12-31 18:19:16.186,0.2,7.8,0.10,0.05
2025-12-31 18:19:17.187,0.2,7.8,0.09,0.05
2025-12-31 18:19:18.189,0.2,7.8,0.10,0.05
2025-12-31 18:19:19.191,0.1,7.8,0.09,0.05
2025-12-31 18:19:20.193,0.0,7.8,0.09,0.05
2025-12-31 18:19:21.194,0.0,7.8,0.10,0.05
2025-12-31 18:19:22.196,0.2,7.8,0.10,0.05
2025-12-31 18:19:23.197,0.1,7.8,0.09,0.05
2025-12-31 18:19:24.199,0.0,7.8,0.09,0.05
2025-12-31 18:19:25.200,0.2,7.8,0.10,0.05
2025-12-31 18:19:26.202,0.0,7.8,0.09,0.05
2025-12-31 18:19:27.202,0.1,7.8,0.09,0.05
2025-12-31 18:19:28.204,0.0,7.8,0.10,0.05
2025-12-31 18:19:29.206,0.1,7.8,0.10,0.05
2025-12-31 18:19:30.207,0.1,7.8,0.10,0.05
2025-12-31 18:19:31.207,0.2,7.8,0.09,0.05
2025-12-31 18:19:32.209,0.0,7.8,0.09,0.05
2025-12-31 18:19:33.211,0.1,7.8,0.10,0.05
2025-12-31 18:19:34.212,0.0,7.8,0.09,0.05
2025-12-31 18:19:35.213,0.1,7.8,0.10,0.05
2025-12-31 18:19:36.215,0.1,7.8,0.09,0.05
2025-12-31 18:19:37.216,0.2,7.8,0.09,0.05
2025-12-31 18:19:38.217,0.0,7.8,0.10,0.05
2025-12-31 18:19:39.219,0.1,7.8,0.09,0.05
2025-12-31 18:19:40.221,0.1,7.8,0.09,0.05
2025-12-31 18:19:41.222,0.1,7.8,0.09,0.05
2025-12-31 18:19:42.223,0.1,7.8,0.09,0.05
2025-12-31 18:19:43.225,0.1,7.8,0.09,0.05
2025-12-31 18:19:44.227,0.0,7.8,0.10,0.05
2025-12-31 18:19:45.228,0.1,7.8,0.09,0.05
2025-12-31 18:19:46.229,0.1,7.8,0.10,0.05
2025-12-31 18:19:47.230,0.1,7.8,0.09,0.05
2025-12-31 18:19:48.231,0.1,7.8,0.10,0.05
2025-12-31 18:19:49.233,0.1,7.8,0.09,0.05
2025-12-31 18:19:50.235,0.0,7.8,0.09,0.05
2025-12-31 18:19:51.237,0.1,7.8,0.09,0.05
2025-12-31 18:19:52.239,0.0,7.8,0.09,0.05
2025-12-31 18:19:53.241,0.2,7.8,0.09,0.05
2025-12-31 18:19:54.242,0.0,7.8,0.09,0.05
2025-12-31 18:19:55.243,0.1,7.8,0.10,0.05
2025-12-31 18:19:56.245,0.0,7.8,0.10,0.05
2025-12-31 18:19:57.246,0.0,7.8,0.09,0.05
2025-12-31 18:19:58.248,0.1,7.8,0.10,0.05
2025-12-31 18:19:59.249,0.1,7.8,0.10,0.05
2025-12-31 18:20:00.250,0.0,7.8,0.09,0.05
2025-12-31 18:20:01.252,0.1,7.8,0.09,0.05
2025-12-31 18:20:02.253,0.0,7.8,0.09,0.05
2025-12-31 18:20:03.254,0.1,7.8,0.09,0.05
2025-12-31 18:20:04.255,0.2,7.8,0.09,0.05
2025-12-31 18:20:05.257,0.0,7.8,0.09,0.05
2025-12-31 18:20:06.259,0.0,7.8,0.10,0.05
2025-12-31 18:20:07.260,0.1,7.8,0.09,0.05
2025-12-31 18:20:08.262,0.1,7.8,0.10,0.05
2025-12-31 18:20:09.264,0.1,7.8,0.09,0.05
2025-12-31 18:20:10.265,0.1,7.8,0.09,0.05
2025-12-31 18:20:11.266,0.1,7.8,0.09,0.05
2025-12-31 18:20:12.268,0.0,7.8,0.09,0.05
2025-12-31 18:20:13.270,0.0,7.8,0.09,0.05
2025-12-31 18:20:14.272,0.0,7.8,0.09,0.05
2025-12-31 18:20:15.273,0.1,7.8,0.09,0.05
2025-12-31 18:20:16.274,0.0,7.8,0.10,0.05
2025-12-31 18:20:17.275,0.1,7.8,0.10,0.05
2025-12-31 18:20:18.277,0.0,7.8,0.10,0.05
2025-12-31 18:20:19.278,0.1,7.8,0.09,0.05
2025-12-31 18:20:20.280,0.1,7.8,0.10,0.05
2025-12-31 18:20:21.281,0.0,7.8,0.09,0.05
2025-12-31 18:20:22.283,0.1,7.8,0.10,0.05
2025-12-31 18:20:23.285,0.2,7.8,0.09,0.05
2025-12-31 18:20:24.286,0.1,7.8,0.09,0.05
2025-12-31 18:20:25.289,0.2,7.8,0.10,0.05
2025-12-31 18:20:26.291,0.1,7.8,0.09,0.05
2025-12-31 18:20:27.292,0.0,7.8,0.09,0.05
2025-12-31 18:20:28.294,0.1,7.8,0.10,0.05
2025-12-31 18:20:29.296,0.1,7.8,0.09,0.05
2025-12-31 18:20:30.297,0.1,7.8,0.09,0.05
2025-12-31 18:20:31.299,0.2,7.8,0.09,0.05
2025-12-31 18:20:32.301,0.2,7.8,0.10,0.05
2025-12-31 18:20:33.302,0.1,7.8,0.09,0.05
2025-12-31 18:20:34.304,0.3,7.8,0.10,0.05
2025-12-31 18:20:35.305,0.2,7.8,0.09,0.05
2025-12-31 18:20:36.306,0.0,7.8,0.09,0.05
2025-12-31 18:20:37.307,0.4,7.8,0.10,0.05
2025-12-31 18:20:38.309,0.2,7.8,0.10,0.05
2025-12-31 18:20:39.311,0.1,7.8,0.09,0.05
2025-12-31 18:20:40.312,0.3,7.8,0.09,0.05
2025-12-31 18:20:41.313,0.2,7.8,0.09,0.05
2025-12-31 18:20:42.314,0.2,7.8,0.09,0.05
2025-12-31 18:20:43.316,0.3,7.8,0.10,0.05
2025-12-31 18:20:44.317,0.2,7.8,0.10,0.05
2025-12-31 18:20:45.319,0.2,7.8,0.09,0.05
2025-12-31 18:20:46.320,0.2,7.8,0.09,0.05
2025-12-31 18:20:47.322,0.3,7.8,0.10,0.05
2025-12-31 18:20:48.324,0.3,7.8,0.10,0.05
2025-12-31 18:20:49.326,0.2,7.8,0.09,0.05
2025-12-31 18:20:50.328,0.2,7.8,0.10,0.05
2025-12-31 18:20:51.329,0.3,7.8,0.09,0.05
2025-12-31 18:20:52.331,0.2,7.8,0.09,0.05
2025-12-31 18:20:53.332,0.2,7.8,0.09,0.05
2025-12-31 18:20:54.334,0.0,7.8,0.09,0.05
2025-12-31 18:20:55.336,0.3,7.8,0.09,0.05
2025-12-31 18:20:56.338,0.1,7.8,0.10,0.05
2025-12-31 18:20:57.340,0.2,7.8,0.09,0.05
2025-12-31 18:20:58.341,0.2,7.8,0.10,0.05
2025-12-31 18:20:59.343,0.1,7.8,0.09,0.05
2025-12-31 18:21:00.345,0.2,7.8,0.09,0.05
2025-12-31 18:21:01.346,0.1,7.8,0.09,0.05
2025-12-31 18:21:02.348,0.1,7.8,0.09,0.05
2025-12-31 18:21:03.349,0.1,7.8,0.09,0.05
2025-12-31 18:21:04.351,0.1,7.8,0.10,0.05
2025-12-31 18:21:05.353,0.2,7.8,0.10,0.05
2025-12-31 18:21:06.354,0.0,7.8,0.09,0.05
2025-12-31 18:21:07.356,0.2,7.8,0.09,0.05
2025-12-31 18:21:08.358,0.1,7.8,0.10,0.05
2025-12-31 18:21:09.360,0.1,7.8,0.09,0.05
2025-12-31 18:21:10.362,0.3,7.8,0.09,0.05
2025-12-31 18:21:11.364,0.0,7.8,0.09,0.05
2025-12-31 18:21:12.365,0.1,7.8,0.10,0.05
2025-12-31 18:21:13.367,0.1,7.8,0.09,0.05
2025-12-31 18:21:14.368,0.1,7.8,0.09,0.05
2025-12-31 18:21:15.369,0.1,7.8,0.10,0.05
2025-12-31 18:21:16.371,0.2,7.8,0.10,0.05
2025-12-31 18:21:17.372,0.1,7.8,0.09,0.05
2025-12-31 18:21:18.374,0.1,7.8,0.10,0.05
2025-12-31 18:21:19.376,0.1,7.8,0.09,0.05
2025-12-31 18:21:20.377,0.1,7.8,0.09,0.05
2025-12-31 18:21:21.379,0.0,7.8,0.09,0.05
2025-12-31 18:21:22.380,0.2,7.8,0.09,0.05
2025-12-31 18:21:23.382,0.0,7.8,0.10,0.05
2025-12-31 18:21:24.383,0.1,7.8,0.09,0.05
2025-12-31 18:21:25.385,0.1,7.8,0.10,0.05
2025-12-31 18:21:26.386,0.0,7.8,0.10,0.05
2025-12-31 18:21:27.388,0.2,7.8,0.10,0.05
2025-12-31 18:21:28.390,0.2,7.8,0.10,0.05
2025-12-31 18:21:29.391,0.2,7.8,0.10,0.05
2025-12-31 18:21:30.392,0.1,7.8,0.09,0.05
2025-12-31 18:21:31.394,0.1,7.8,0.09,0.05
2025-12-31 18:21:32.395,0.0,7.8,0.09,0.05
2025-12-31 18:21:33.397,0.2,7.8,0.09,0.05
2025-12-31 18:21:34.398,0.2,7.8,0.10,0.05
2025-12-31 18:21:35.399,0.1,7.8,0.09,0.05
2025-12-31 18:21:36.401,0.0,7.8,0.09,0.05
2025-12-31 18:21:37.402,0.2,7.8,0.10,0.05
2025-12-31 18:21:38.403,0.2,7.8,0.10,0.05
2025-12-31 18:21:39.404,0.2,7.8,0.09,0.05
2025-12-31 18:21:40.405,0.1,7.8,0.09,0.05
2025-12-31 18:21:41.406,0.1,7.8,0.09,0.05
2025-12-31 18:21:42.407,0.1,7.8,0.09,0.05
2025-12-31 18:21:43.409,0.1,7.8,0.09,0.05
2025-12-31 18:21:44.410,0.0,7.8,0.10,0.05
2025-12-31 18:21:45.412,0.2,7.8,0.10,0.05
2025-12-31 18:21:46.413,0.0,7.8,0.10,0.05
2025-12-31 18:21:47.414,0.2,7.8,0.09,0.05
2025-12-31 18:21:48.416,0.1,7.8,0.10,0.05
2025-12-31 18:21:49.417,0.1,7.8,0.10,0.05
2025-12-31 18:21:50.419,0.2,7.8,0.09,0.05
2025-12-31 18:21:51.421,0.0,7.8,0.09,0.05
2025-12-31 18:21:52.423,0.1,7.8,0.09,0.05
2025-12-31 18:21:53.424,0.1,7.8,0.10,0.05
2025-12-31 18:21:54.426,0.1,7.8,0.10,0.05
2025-12-31 18:21:55.428,0.1,7.8,0.10,0.05
2025-12-31 18:21:56.430,0.1,7.8,0.09,0.05
2025-12-31 18:21:57.431,0.0,7.8,0.09,0.05
2025-12-31 18:21:58.432,0.2,7.8,0.10,0.05
2025-12-31 18:21:59.434,0.0,7.8,0.09,0.05
2025-12-31 18:22:00.436,0.1,7.8,0.09,0.05
2025-12-31 18:22:01.437,0.0,7.8,0.09,0.05
2025-12-31 18:22:02.438,0.1,7.8,0.09,0.05
2025-12-31 18:22:03.440,0.1,7.8,0.10,0.05
2025-12-31 18:22:04.441,0.0,7.8,0.09,0.05
2025-12-31 18:22:05.442,0.0,7.8,0.10,0.05
2025-12-31 18:22:06.443,0.2,7.8,0.09,0.05
2025-12-31 18:22:07.445,0.1,7.8,0.09,0.05
2025-12-31 18:22:08.447,0.0,7.8,0.10,0.05
2025-12-31 18:22:09.448,0.0,7.8,0.09,0.05
2025-12-31 18:22:10.450,0.1,7.8,0.09,0.05
2025-12-31 18:22:11.451,0.0,7.8,0.09,0.05
2025-12-31 18:22:12.453,0.0,7.8,0.09,0.05
2025-12-31 18:22:13.454,0.1,7.8,0.09,0.05
2025-12-31 18:22:14.455,0.2,7.8,0.09,0.05
2025-12-31 18:22:15.457,0.0,7.8,0.09,0.05
2025-12-31 18:22:16.459,0.0,7.8,0.09,0.05
2025-12-31 18:22:17.460,0.2,7.8,0.10,0.05
2025-12-31 18:22:18.462,0.0,7.8,0.10,0.05
2025-12-31 18:22:19.463,0.2,7.8,0.10,0.05
2025-12-31 18:22:20.465,0.1,7.8,0.09,0.05
2025-12-31 18:22:21.467,0.0,7.8,0.09,0.05
2025-12-31 18:22:22.469,0.2,7.8,0.09,0.05
2025-12-31 18:22:23.470,0.0,7.8,0.09,0.05
2025-12-31 18:22:24.473,0.1,7.8,0.10,0.05
2025-12-31 18:22:25.475,0.0,7.8,0.10,0.05
2025-12-31 18:22:26.477,0.1,7.8,0.09,0.05
2025-12-31 18:22:27.479,0.2,7.8,0.09,0.05
2025-12-31 18:22:28.481,0.1,7.8,0.10,0.05
2025-12-31 18:22:29.482,0.1,7.8,0.11,0.06
2025-12-31 18:22:30.484,0.0,7.8,0.10,0.05
2025-12-31 18:22:31.485,0.1,7.8,0.10,0.05
2025-12-31 18:22:32.486,0.0,7.8,0.10,0.05
2025-12-31 18:22:33.487,0.2,7.8,0.10,0.05
2025-12-31 18:22:34.488,0.1,7.8,0.09,0.05
2025-12-31 18:22:35.489,0.1,7.8,0.09,0.05
2025-12-31 18:22:36.491,0.2,7.8,0.09,0.05
2025-12-31 18:22:37.492,0.1,7.8,0.10,0.05
2025-12-31 18:22:38.494,0.0,7.8,0.10,0.05
2025-12-31 18:22:39.495,0.1,7.8,0.09,0.05
2025-12-31 18:22:40.497,0.1,7.8,0.09,0.05
2025-12-31 18:22:41.498,0.0,7.8,0.09,0.05
2025-12-31 18:22:42.500,0.1,7.8,0.09,0.05
2025-12-31 18:22:43.502,0.1,7.8,0.10,0.05
2025-12-31 18:22:44.503,0.0,7.8,0.10,0.05
2025-12-31 18:22:45.504,0.1,7.8,0.10,0.05
2025-12-31 18:22:46.505,0.0,7.8,0.09,0.05
2025-12-31 18:22:47.507,0.1,7.8,0.09,0.05
2025-12-31 18:22:48.508,0.1,7.8,0.10,0.05
2025-12-31 18:22:49.510,0.0,7.8,0.10,0.05
2025-12-31 18:22:50.511,0.1,7.8,0.10,0.05
2025-12-31 18:22:51.512,0.0,7.8,0.09,0.05
2025-12-31 18:22:52.514,0.0,7.8,0.09,0.05
2025-12-31 18:22:53.515,0.2,7.8,0.10,0.05
2025-12-31 18:22:54.517,0.1,7.8,0.10,0.05
2025-12-31 18:22:55.519,0.0,7.8,0.09,0.05
2025-12-31 18:22:56.520,0.1,7.8,0.09,0.05
2025-12-31 18:22:57.522,0.0,7.8,0.09,0.05
2025-12-31 18:22:58.523,0.2,7.8,0.10,0.05
2025-12-31 18:22:59.525,0.0,7.8,0.09,0.05
2025-12-31 18:23:00.526,0.2,7.8,0.09,0.05
2025-12-31 18:23:01.528,0.1,7.8,0.10,0.05
2025-12-31 18:23:02.529,0.0,7.8,0.09,0.05
2025-12-31 18:23:03.531,0.0,7.8,0.10,0.05
2025-12-31 18:23:04.533,0.0,7.8,0.09,0.05
2025-12-31 18:23:05.534,0.1,7.8,0.09,0.05
2025-12-31 18:23:06.536,0.0,7.8,0.09,0.05
2025-12-31 18:23:07.537,0.1,7.8,0.09,0.05
2025-12-31 18:23:08.538,0.0,7.8,0.10,0.05
2025-12-31 18:23:09.540,0.0,7.8,0.10,0.05
2025-12-31 18:23:10.542,0.2,7.8,0.09,0.05
2025-12-31 18:23:11.544,0.1,7.8,0.09,0.05
2025-12-31 18:23:12.546,0.0,7.8,0.10,0.05
2025-12-31 18:23:13.547,0.0,7.8,0.09,0.05
2025-12-31 18:23:14.549,0.0,7.8,0.09,0.05
2025-12-31 18:23:15.550,0.0,7.8,0.09,0.05
2025-12-31 18:23:16.551,0.2,7.8,0.09,0.05
2025-12-31 18:23:17.553,0.2,7.8,0.09,0.05
2025-12-31 18:23:18.554,0.0,7.8,0.10,0.05
2025-12-31 18:23:19.555,0.1,7.8,0.09,0.05
2025-12-31 18:23:20.557,0.0,7.8,0.09,0.05
2025-12-31 18:23:21.558,0.2,7.8,0.10,0.05
2025-12-31 18:23:22.560,0.1,7.8,0.10,0.05
2025-12-31 18:23:23.561,0.2,7.8,0.10,0.05
2025-12-31 18:23:24.563,0.2,7.8,0.09,0.05
2025-12-31 18:23:25.564,0.0,7.8,0.10,0.05
2025-12-31 18:23:26.566,0.2,7.8,0.09,0.05
2025-12-31 18:23:27.567,0.0,7.8,0.09,0.05
2025-12-31 18:23:28.568,0.2,7.8,0.10,0.05
2025-12-31 18:23:29.570,0.2,7.8,0.09,0.05
2025-12-31 18:23:30.571,0.1,7.8,0.09,0.05
2025-12-31 18:23:31.573,0.2,7.8,0.09,0.05
2025-12-31 18:23:32.574,0.2,7.8,0.09,0.05
2025-12-31 18:23:33.576,0.2,7.8,0.09,0.05
2025-12-31 18:23:34.577,0.4,7.8,0.10,0.05
2025-12-31 18:23:35.579,0.3,7.8,0.10,0.05
2025-12-31 18:23:36.581,0.3,7.8,0.09,0.05
2025-12-31 18:23:37.583,0.3,7.8,0.09,0.05
2025-12-31 18:23:38.584,0.3,7.8,0.10,0.05
2025-12-31 18:23:39.585,0.2,7.8,0.09,0.05
2025-12-31 18:23:40.587,0.3,7.8,0.09,0.05
2025-12-31 18:23:41.588,0.5,7.8,0.09,0.05
2025-12-31 18:23:42.590,0.2,7.8,0.09,0.05
2025-12-31 18:23:43.592,0.4,7.8,0.09,0.05
2025-12-31 18:23:44.593,0.3,7.8,0.09,0.05
2025-12-31 18:23:45.595,0.2,7.8,0.10,0.05
2025-12-31 18:23:46.596,0.2,7.8,0.09,0.05
2025-12-31 18:23:47.598,0.1,7.8,0.10,0.05
2025-12-31 18:23:48.600,0.2,7.8,0.10,0.05
2025-12-31 18:23:49.601,0.2,7.8,0.10,0.05
2025-12-31 18:23:50.602,0.2,7.8,0.09,0.05
2025-12-31 18:23:51.604,0.2,7.8,0.09,0.05
2025-12-31 18:23:52.605,0.2,7.8,0.10,0.05
2025-12-31 18:23:53.606,0.1,7.8,0.09,0.05
2025-12-31 18:23:54.608,0.3,7.8,0.10,0.05
2025-12-31 18:23:55.609,0.1,7.8,0.09,0.05
2025-12-31 18:23:56.611,0.2,7.8,0.10,0.05
2025-12-31 18:23:57.612,0.2,7.8,0.09,0.05
2025-12-31 18:23:58.614,0.1,7.8,0.10,0.05
2025-12-31 18:23:59.615,0.2,7.8,0.09,0.05
2025-12-31 18:24:00.616,0.2,7.8,0.09,0.05
2025-12-31 18:24:01.618,0.0,7.8,0.09,0.05
2025-12-31 18:24:02.619,0.4,7.8,0.09,0.05
2025-12-31 18:24:03.620,0.1,7.8,0.09,0.05
2025-12-31 18:24:04.622,0.2,7.8,0.10,0.06
2025-12-31 18:24:05.624,0.1,7.8,0.09,0.05
2025-12-31 18:24:06.625,0.3,7.8,0.10,0.05
2025-12-31 18:24:07.626,0.2,7.8,0.10,0.05
2025-12-31 18:24:08.628,0.2,7.8,0.10,0.06
2025-12-31 18:24:09.629,0.2,7.8,0.09,0.05
2025-12-31 18:24:10.631,0.1,7.8,0.09,0.05
2025-12-31 18:24:11.632,0.2,7.8,0.09,0.05
2025-12-31 18:24:12.634,0.3,7.8,0.09,0.05
2025-12-31 18:24:13.635,0.2,7.8,0.09,0.05
2025-12-31 18:24:14.636,0.2,7.8,0.10,0.05
2025-12-31 18:24:15.638,0.1,7.8,0.09,0.05
2025-12-31 18:24:16.640,0.2,7.8,0.09,0.05
2025-12-31 18:24:17.641,0.2,7.8,0.09,0.05
2025-12-31 18:24:18.643,0.2,7.8,0.10,0.05
2025-12-31 18:24:19.644,0.2,7.8,0.09,0.05
2025-12-31 18:24:20.645,0.2,7.8,0.09,0.05
2025-12-31 18:24:21.646,0.1,7.8,0.09,0.05
2025-12-31 18:24:22.648,0.2,7.8,0.10,0.05
2025-12-31 18:24:23.649,0.2,7.8,0.10,0.05
2025-12-31 18:24:24.651,0.3,7.8,0.09,0.05
2025-12-31 18:24:25.652,0.2,7.8,0.10,0.05
2025-12-31 18:24:26.654,0.1,7.8,0.09,0.05
2025-12-31 18:24:27.656,0.2,7.8,0.10,0.05
2025-12-31 18:24:28.657,0.1,7.8,0.10,0.05
2025-12-31 18:24:29.659,0.1,7.8,0.10,0.05
2025-12-31 18:24:30.661,0.2,7.8,0.09,0.05
2025-12-31 18:24:31.664,0.0,7.8,0.09,0.05
2025-12-31 18:24:32.665,0.1,7.8,0.09,0.05
2025-12-31 18:24:33.666,0.0,7.8,0.09,0.05
2025-12-31 18:24:34.668,0.2,7.8,0.09,0.05
2025-12-31 18:24:35.669,0.1,7.8,0.09,0.05
2025-12-31 18:24:36.671,0.0,7.8,0.09,0.05
2025-12-31 18:24:37.672,0.2,7.8,0.09,0.05
2025-12-31 18:24:38.675,0.0,7.8,0.09,0.05
2025-12-31 18:24:39.677,0.2,7.8,0.10,0.05
2025-12-31 18:24:40.678,0.0,7.8,0.10,0.05
2025-12-31 18:24:41.681,0.2,7.8,0.09,0.05
2025-12-31 18:24:42.682,0.1,7.8,0.09,0.05
2025-12-31 18:24:43.684,0.2,7.8,0.10,0.05
2025-12-31 18:24:44.685,0.2,7.8,0.10,0.05
2025-12-31 18:24:45.687,0.0,7.8,0.09,0.05
2025-12-31 18:24:46.688,0.1,7.8,0.09,0.05
2025-12-31 18:24:47.690,0.0,7.8,0.09,0.05
2025-12-31 18:24:48.691,0.1,7.8,0.09,0.05
2025-12-31 18:24:49.692,0.0,7.8,0.10,0.05
2025-12-31 18:24:50.694,0.0,7.8,0.10,0.05
2025-12-31 18:24:51.695,0.2,7.8,0.10,0.05
2025-12-31 18:24:52.697,0.1,7.8,0.09,0.05
2025-12-31 18:24:53.698,0.1,7.8,0.10,0.05
2025-12-31 18:24:54.699,0.0,7.8,0.10,0.05
2025-12-31 18:24:55.700,0.2,7.8,0.10,0.05
2025-12-31 18:24:56.702,0.0,7.8,0.09,0.05
2025-12-31 18:24:57.703,0.1,7.8,0.09,0.05
2025-12-31 18:24:58.705,0.0,7.8,0.09,0.05
2025-12-31 18:24:59.706,0.0,7.8,0.10,0.05
2025-12-31 18:25:00.708,0.1,7.8,0.09,0.05
2025-12-31 18:25:01.709,0.0,7.8,0.09,0.05
2025-12-31 18:25:02.711,0.0,7.8,0.10,0.05
2025-12-31 18:25:03.713,0.0,7.8,0.10,0.05
2025-12-31 18:25:04.714,0.1,7.8,0.09,0.07
2025-12-31 18:25:05.716,0.0,7.8,0.09,0.07
2025-12-31 18:25:06.717,0.0,7.8,0.09,0.06
2025-12-31 18:25:07.718,0.1,7.8,0.10,0.06
2025-12-31 18:25:08.719,0.0,7.8,0.09,0.05
2025-12-31 18:25:09.720,0.1,7.8,0.10,0.06
2025-12-31 18:25:10.721,0.0,7.8,0.09,0.05
2025-12-31 18:25:11.723,0.0,7.8,0.09,0.05
2025-12-31 18:25:12.724,0.1,7.8,0.09,0.05
2025-12-31 18:25:13.725,0.0,7.8,0.10,0.05
2025-12-31 18:25:14.726,0.1,7.8,0.10,0.05
2025-12-31 18:25:15.727,0.1,7.8,0.09,0.05
2025-12-31 18:25:16.729,0.1,7.8,0.09,0.05
2025-12-31 18:25:17.730,0.1,7.8,0.09,0.05
2025-12-31 18:25:18.732,0.0,7.8,0.09,0.05
2025-12-31 18:25:19.733,0.0,7.8,0.09,0.05
2025-12-31 18:25:20.734,0.0,7.8,0.10,0.05
2025-12-31 18:25:21.736,0.1,7.8,0.09,0.05
2025-12-31 18:25:22.737,0.0,7.8,0.09,0.05
2025-12-31 18:25:23.739,0.0,7.8,0.09,0.05
2025-12-31 18:25:24.741,0.1,7.8,0.10,0.05
2025-12-31 18:25:25.743,0.1,7.8,0.10,0.05
2025-12-31 18:25:26.745,0.1,7.8,0.09,0.05
2025-12-31 18:25:27.746,0.1,7.8,0.10,0.05
2025-12-31 18:25:28.747,0.1,7.8,0.09,0.05
2025-12-31 18:25:29.748,0.0,7.8,0.10,0.05
2025-12-31 18:25:30.749,0.1,7.8,0.09,0.05
2025-12-31 18:25:31.751,0.0,7.8,0.09,0.05
2025-12-31 18:25:32.752,0.0,7.8,0.09,0.05
2025-12-31 18:25:33.754,0.0,7.8,0.10,0.05
2025-12-31 18:25:34.756,0.1,7.8,0.09,0.05
2025-12-31 18:25:35.757,0.0,7.8,0.10,0.05
2025-12-31 18:25:36.758,0.2,7.8,0.09,0.05
2025-12-31 18:25:37.760,0.1,7.8,0.10,0.05
2025-12-31 18:25:38.761,0.0,7.8,0.09,0.05
2025-12-31 18:25:39.762,0.1,7.8,0.10,0.05
2025-12-31 18:25:40.763,0.1,7.8,0.09,0.05
2025-12-31 18:25:41.765,0.2,7.8,0.10,0.05
2025-12-31 18:25:42.766,0.0,7.8,0.09,0.05
2025-12-31 18:25:43.767,0.0,7.8,0.09,0.05
2025-12-31 18:25:44.769,0.0,7.8,0.09,0.05
2025-12-31 18:25:45.770,0.0,7.8,0.09,0.05
2025-12-31 18:25:46.772,0.2,7.8,0.10,0.05
2025-12-31 18:25:47.773,0.1,7.8,0.10,0.05
2025-12-31 18:25:48.774,0.0,7.8,0.09,0.05
2025-12-31 18:25:49.775,0.0,7.8,0.10,0.05
2025-12-31 18:25:50.777,0.0,7.8,0.09,0.05
2025-12-31 18:25:51.778,0.1,7.8,0.10,0.05
2025-12-31 18:25:52.779,0.1,7.8,0.09,0.05
2025-12-31 18:25:53.781,0.0,7.8,0.09,0.05
2025-12-31 18:25:54.782,0.1,7.8,0.09,0.05
2025-12-31 18:25:55.783,0.0,7.8,0.10,0.05
2025-12-31 18:25:56.784,0.1,7.8,0.10,0.05
2025-12-31 18:25:57.785,0.1,7.8,0.10,0.05
2025-12-31 18:25:58.786,0.0,7.8,0.09,0.05
2025-12-31 18:25:59.788,0.1,7.8,0.10,0.05
2025-12-31 18:26:00.790,0.0,7.8,0.09,0.05
2025-12-31 18:26:01.792,0.1,7.8,0.09,0.05
2025-12-31 18:26:02.794,0.0,7.8,0.09,0.05
2025-12-31 18:26:03.795,0.1,7.8,0.09,0.05
2025-12-31 18:26:04.797,0.0,7.8,0.10,0.05
2025-12-31 18:26:05.798,0.1,7.8,0.09,0.05
2025-12-31 18:26:06.799,0.0,7.8,0.09,0.05
2025-12-31 18:26:07.800,0.1,7.8,0.09,0.05
2025-12-31 18:26:08.801,0.1,7.8,0.10,0.05
2025-12-31 18:26:09.803,0.1,7.8,0.10,0.05
2025-12-31 18:26:10.805,0.0,7.8,0.09,0.05
2025-12-31 18:26:11.807,0.1,7.8,0.09,0.05
2025-12-31 18:26:12.808,0.0,7.8,0.10,0.05
2025-12-31 18:26:13.810,0.1,7.8,0.10,0.05
2025-12-31 18:26:14.811,0.0,7.8,0.09,0.05
2025-12-31 18:26:15.813,0.1,7.8,0.09,0.05
2025-12-31 18:26:16.815,0.2,7.8,0.10,0.05
2025-12-31 18:26:17.816,0.2,7.8,0.09,0.05
2025-12-31 18:26:18.818,0.0,7.8,0.09,0.05
2025-12-31 18:26:19.819,0.0,7.8,0.10,0.06
2025-12-31 18:26:20.820,0.2,7.8,0.09,0.05
2025-12-31 18:26:21.821,0.1,7.8,0.09,0.05
2025-12-31 18:26:22.823,0.2,7.8,0.09,0.05
2025-12-31 18:26:23.824,0.2,7.8,0.09,0.05
2025-12-31 18:26:24.826,0.2,7.8,0.10,0.05
2025-12-31 18:26:25.827,0.2,7.8,0.09,0.05
2025-12-31 18:26:26.828,0.2,7.8,0.09,0.05
2025-12-31 18:26:27.830,0.1,7.8,0.10,0.05
2025-12-31 18:26:28.832,0.4,7.8,0.09,0.05
2025-12-31 18:26:29.834,0.2,7.8,0.10,0.05
2025-12-31 18:26:30.836,0.4,7.8,0.10,0.05
2025-12-31 18:26:31.837,0.3,7.8,0.09,0.05
2025-12-31 18:26:32.838,0.1,7.8,0.09,0.05
2025-12-31 18:26:33.840,0.4,7.8,0.10,0.05
2025-12-31 18:26:34.841,0.4,7.8,0.09,0.05
2025-12-31 18:26:35.843,0.5,7.8,0.09,0.05
2025-12-31 18:26:36.845,0.6,7.8,0.09,0.05
2025-12-31 18:26:37.847,0.2,7.8,0.09,0.05
2025-12-31 18:26:38.848,0.4,7.8,0.09,0.05
2025-12-31 18:26:39.850,0.2,7.8,0.10,0.05
2025-12-31 18:26:40.851,0.3,7.8,0.10,0.05
2025-12-31 18:26:41.852,0.4,7.8,0.10,0.05
2025-12-31 18:26:42.854,0.1,7.8,0.09,0.05
2025-12-31 18:26:43.856,0.3,7.8,0.09,0.05
2025-12-31 18:26:44.857,0.3,7.8,0.10,0.05
2025-12-31 18:26:45.859,0.2,7.8,0.09,0.05
2025-12-31 18:26:46.860,0.2,7.8,0.09,0.05
2025-12-31 18:26:47.861,0.2,7.8,0.10,0.05
2025-12-31 18:26:48.863,0.2,7.8,0.10,0.05
2025-12-31 18:26:49.864,0.2,7.8,0.10,0.05
2025-12-31 18:26:50.866,0.2,7.8,0.09,0.05
2025-12-31 18:26:51.867,0.2,7.8,0.09,0.05
2025-12-31 18:26:52.869,0.1,7.8,0.10,0.05
2025-12-31 18:26:53.870,0.1,7.8,0.09,0.05
2025-12-31 18:26:54.872,0.2,7.8,0.09,0.05
2025-12-31 18:26:55.873,0.2,7.8,0.10,0.05
2025-12-31 18:26:56.874,0.1,7.8,0.10,0.05
2025-12-31 18:26:57.875,0.5,7.8,0.10,0.05
2025-12-31 18:26:58.877,0.0,7.8,0.10,0.05
2025-12-31 18:26:59.879,0.1,7.8,0.10,0.05
2025-12-31 18:27:00.880,0.2,7.8,0.09,0.05
2025-12-31 18:27:01.882,0.1,7.8,0.09,0.05
2025-12-31 18:27:02.883,0.1,7.8,0.09,0.05
2025-12-31 18:27:03.885,0.3,7.8,0.10,0.05
2025-12-31 18:27:04.886,0.2,7.8,0.10,0.05
2025-12-31 18:27:05.888,0.2,7.8,0.10,0.05
2025-12-31 18:27:06.890,0.1,7.8,0.09,0.05
2025-12-31 18:27:07.892,0.1,7.8,0.09,0.05
2025-12-31 18:27:08.893,0.1,7.8,0.10,0.05
2025-12-31 18:27:09.895,0.3,7.8,0.10,0.05
2025-12-31 18:27:10.896,0.2,7.8,0.09,0.05
2025-12-31 18:27:11.897,0.1,7.8,0.09,0.05
2025-12-31 18:27:12.898,0.1,7.8,0.09,0.05
2025-12-31 18:27:13.900,0.2,7.8,0.10,0.05
2025-12-31 18:27:14.901,0.2,7.8,0.10,0.05
2025-12-31 18:27:15.903,0.1,7.8,0.09,0.05
2025-12-31 18:27:16.904,0.2,7.8,0.09,0.05
2025-12-31 18:27:17.905,0.2,7.8,0.09,0.05
2025-12-31 18:27:18.907,0.1,7.8,0.09,0.05
2025-12-31 18:27:19.908,0.2,7.8,0.10,0.05
2025-12-31 18:27:20.909,0.1,7.8,0.10,0.05
2025-12-31 18:27:21.910,0.2,7.8,0.09,0.05
2025-12-31 18:27:22.911,0.4,7.8,0.09,0.05
2025-12-31 18:27:23.913,0.0,7.8,0.09,0.05
2025-12-31 18:27:24.914,0.2,7.8,0.10,0.05
2025-12-31 18:27:25.916,0.1,7.8,0.10,0.05
2025-12-31 18:27:26.918,0.0,7.8,0.09,0.05
2025-12-31 18:27:27.919,0.0,7.8,0.09,0.05
2025-12-31 18:27:28.921,0.1,7.8,0.09,0.05
2025-12-31 18:27:29.922,0.2,7.8,0.10,0.05
2025-12-31 18:27:30.923,0.0,7.8,0.09,0.05
2025-12-31 18:27:31.925,0.0,7.8,0.09,0.05
2025-12-31 18:27:32.926,0.1,7.8,0.09,0.05
2025-12-31 18:27:33.928,0.0,7.8,0.09,0.05
2025-12-31 18:27:34.930,0.1,7.8,0.10,0.05
2025-12-31 18:27:35.931,0.1,7.8,0.09,0.05
2025-12-31 18:27:36.933,0.2,7.8,0.10,0.05
2025-12-31 18:27:37.934,0.0,7.8,0.09,0.05
2025-12-31 18:27:38.936,0.1,7.8,0.09,0.05
2025-12-31 18:27:39.938,0.2,7.8,0.10,0.05
2025-12-31 18:27:40.939,0.1,7.8,0.10,0.05
2025-12-31 18:27:41.941,0.1,7.8,0.09,0.05
2025-12-31 18:27:42.942,0.0,7.8,0.10,0.05
2025-12-31 18:27:43.943,0.2,7.8,0.09,0.05
2025-12-31 18:27:44.945,0.0,7.8,0.09,0.05
2025-12-31 18:27:45.946,0.0,7.8,0.09,0.05
2025-12-31 18:27:46.948,0.2,7.8,0.09,0.05
2025-12-31 18:27:47.949,0.0,7.8,0.10,0.05
2025-12-31 18:27:48.951,0.0,7.8,0.09,0.05
2025-12-31 18:27:49.952,0.0,7.8,0.10,0.05
2025-12-31 18:27:50.954,0.1,7.8,0.09,0.05
2025-12-31 18:27:51.955,0.1,7.8,0.09,0.05
2025-12-31 18:27:52.957,0.0,7.8,0.10,0.05
2025-12-31 18:27:53.958,0.1,7.8,0.09,0.05
2025-12-31 18:27:54.960,0.0,7.8,0.09,0.05
2025-12-31 18:27:55.961,0.1,7.8,0.10,0.05
2025-12-31 18:27:56.964,0.0,7.8,0.09,0.05
2025-12-31 18:27:57.966,0.1,7.8,0.09,0.05
2025-12-31 18:27:58.968,0.1,7.8,0.09,0.05
2025-12-31 18:27:59.970,0.1,7.8,0.10,0.05
2025-12-31 18:28:00.972,0.0,7.8,0.10,0.05
2025-12-31 18:28:01.974,0.1,7.8,0.11,0.06
2025-12-31 18:28:02.975,0.1,7.8,0.11,0.05
2025-12-31 18:28:03.976,0.0,7.8,0.09,0.05
2025-12-31 18:28:04.977,0.0,7.8,0.10,0.05
2025-12-31 18:28:05.978,0.0,7.8,0.09,0.05
2025-12-31 18:28:06.979,0.1,7.8,0.09,0.05
2025-12-31 18:28:07.980,0.0,7.8,0.09,0.05
2025-12-31 18:28:08.981,0.2,7.8,0.10,0.05
2025-12-31 18:28:09.983,0.0,7.8,0.10,0.05
2025-12-31 18:28:10.984,0.0,7.8,0.10,0.05
2025-12-31 18:28:11.985,0.1,7.8,0.09,0.05
2025-12-31 18:28:12.987,0.0,7.8,0.10,0.06
2025-12-31 18:28:13.988,0.2,7.8,0.09,0.05
2025-12-31 18:28:14.990,0.0,7.8,0.09,0.05
2025-12-31 18:28:15.991,0.1,7.8,0.09,0.05
2025-12-31 18:28:16.993,0.1,7.8,0.09,0.05
2025-12-31 18:28:17.994,0.0,7.8,0.10,0.05
2025-12-31 18:28:18.996,0.2,7.8,0.09,0.05
2025-12-31 18:28:19.997,0.0,7.8,0.10,0.05
2025-12-31 18:28:20.998,0.1,7.8,0.10,0.05
2025-12-31 18:28:21.999,0.0,7.8,0.10,0.05
2025-12-31 18:28:23.001,0.1,7.8,0.09,0.05
2025-12-31 18:28:24.002,0.1,7.8,0.09,0.05
2025-12-31 18:28:25.003,0.0,7.8,0.10,0.05
2025-12-31 18:28:26.005,0.0,7.8,0.10,0.05
2025-12-31 18:28:27.006,0.1,7.8,0.09,0.05
2025-12-31 18:28:28.007,0.2,7.8,0.10,0.05
2025-12-31 18:28:29.009,0.0,7.8,0.09,0.05
2025-12-31 18:28:30.011,0.0,7.8,0.10,0.05
2025-12-31 18:28:31.012,0.1,7.8,0.10,0.05
2025-12-31 18:28:32.014,0.1,7.8,0.10,0.05
2025-12-31 18:28:33.015,0.0,7.8,0.09,0.05
2025-12-31 18:28:34.017,0.1,7.8,0.09,0.05
2025-12-31 18:28:35.018,0.1,7.8,0.09,0.05
2025-12-31 18:28:36.020,0.0,7.8,0.09,0.05
2025-12-31 18:28:37.021,0.2,7.8,0.09,0.05
2025-12-31 18:28:38.023,0.0,7.8,0.10,0.05
2025-12-31 18:28:39.025,0.1,7.8,0.09,0.05
2025-12-31 18:28:40.026,0.0,7.8,0.10,0.05
2025-12-31 18:28:41.028,0.1,7.8,0.09,0.05
2025-12-31 18:28:42.029,0.0,7.8,0.09,0.05
2025-12-31 18:28:43.030,0.0,7.8,0.10,0.05
2025-12-31 18:28:44.032,0.1,7.8,0.09,0.05
2025-12-31 18:28:45.034,0.1,7.8,0.09,0.05
2025-12-31 18:28:46.035,0.1,7.8,0.09,0.05
2025-12-31 18:28:47.037,0.1,7.8,0.09,0.05
2025-12-31 18:28:48.039,0.2,7.8,0.09,0.05
2025-12-31 18:28:49.041,0.1,7.8,0.09,0.05
2025-12-31 18:28:50.043,0.0,7.8,0.10,0.05
2025-12-31 18:28:51.044,0.0,7.8,0.10,0.05
2025-12-31 18:28:52.046,0.1,7.8,0.10,0.05
2025-12-31 18:28:53.047,0.0,7.8,0.09,0.05
2025-12-31 18:28:54.049,0.0,7.8,0.10,0.05
2025-12-31 18:28:55.051,0.0,7.8,0.09,0.05
2025-12-31 18:28:56.052,0.1,7.8,0.09,0.05
2025-12-31 18:28:57.054,0.1,7.8,0.09,0.05
2025-12-31 18:28:58.056,0.1,7.8,0.09,0.05
2025-12-31 18:28:59.057,0.0,7.8,0.09,0.05
2025-12-31 18:29:00.059,0.1,7.8,0.10,0.05
2025-12-31 18:29:01.061,0.1,7.8,0.09,0.05
2025-12-31 18:29:02.062,0.0,7.8,0.09,0.05
2025-12-31 18:29:03.063,0.1,7.8,0.10,0.05
2025-12-31 18:29:04.065,0.1,7.8,0.09,0.05
2025-12-31 18:29:05.066,0.0,7.8,0.10,0.05
2025-12-31 18:29:06.068,0.1,7.8,0.09,0.05
2025-12-31 18:29:07.070,0.0,7.8,0.09,0.05
2025-12-31 18:29:08.071,0.1,7.8,0.09,0.05
2025-12-31 18:29:09.073,0.1,7.8,0.09,0.05
2025-12-31 18:29:10.074,0.0,7.8,0.10,0.05
2025-12-31 18:29:11.076,0.0,7.8,0.09,0.05
2025-12-31 18:29:12.077,0.1,7.8,0.09,0.05
2025-12-31 18:29:13.079,0.0,7.8,0.09,0.05
2025-12-31 18:29:14.080,0.1,7.8,0.09,0.05
2025-12-31 18:29:15.082,0.1,7.8,0.09,0.05
2025-12-31 18:29:16.084,0.1,7.8,0.10,0.05
2025-12-31 18:29:17.085,0.2,7.8,0.09,0.05
2025-12-31 18:29:18.086,0.1,7.8,0.09,0.05
2025-12-31 18:29:19.088,0.2,7.8,0.09,0.05
2025-12-31 18:29:20.090,0.2,7.8,0.10,0.05
2025-12-31 18:29:21.092,0.0,7.8,0.09,0.05
2025-12-31 18:29:22.093,0.2,7.8,0.10,0.05
2025-12-31 18:29:23.094,0.1,7.8,0.10,0.05
2025-12-31 18:29:24.095,0.2,7.8,0.09,0.05
2025-12-31 18:29:25.097,0.3,7.8,0.10,0.05
2025-12-31 18:29:26.099,0.1,7.8,0.09,0.05
2025-12-31 18:29:27.100,0.4,7.8,0.10,0.05
2025-12-31 18:29:28.102,0.3,7.8,0.09,0.05
2025-12-31 18:29:29.104,0.3,7.8,0.10,0.05
2025-12-31 18:29:30.106,0.5,7.8,0.10,0.05
2025-12-31 18:29:31.107,0.5,7.8,0.09,0.05
2025-12-31 18:29:32.108,0.6,7.8,0.09,0.05
2025-12-31 18:29:33.109,0.7,7.8,0.10,0.05
2025-12-31 18:29:34.111,0.4,7.8,0.10,0.05
2025-12-31 18:29:35.112,0.5,7.8,0.10,0.05
2025-12-31 18:29:36.113,0.4,7.8,0.09,0.05
2025-12-31 18:29:37.115,0.5,7.8,0.09,0.05
2025-12-31 18:29:38.117,0.4,7.8,0.10,0.05
2025-12-31 18:29:39.118,0.5,7.8,0.09,0.05
2025-12-31 18:29:40.120,0.3,7.8,0.10,0.05
2025-12-31 18:29:41.121,0.3,7.8,0.10,0.05
2025-12-31 18:29:42.122,0.2,7.8,0.09,0.05
2025-12-31 18:29:43.124,0.2,7.8,0.10,0.05
2025-12-31 18:29:44.126,0.1,7.8,0.09,0.05
2025-12-31 18:29:45.127,0.2,7.8,0.09,0.05
2025-12-31 18:29:46.129,0.1,7.8,0.09,0.05
2025-12-31 18:29:47.130,0.2,7.8,0.10,0.05
2025-12-31 18:29:48.132,0.2,7.8,0.09,0.05
2025-12-31 18:29:49.133,0.2,7.8,0.10,0.05
2025-12-31 18:29:50.135,0.1,7.8,0.10,0.05
2025-12-31 18:29:51.137,0.2,7.8,0.09,0.05
2025-12-31 18:29:52.138,0.1,7.8,0.09,0.05
2025-12-31 18:29:53.140,0.2,7.8,0.09,0.05
2025-12-31 18:29:54.141,0.1,7.8,0.10,0.05
2025-12-31 18:29:55.143,0.2,7.8,0.09,0.05
2025-12-31 18:29:56.144,0.2,7.8,0.09,0.05
2025-12-31 18:29:57.146,0.0,7.8,0.09,0.05
2025-12-31 18:29:58.148,0.1,7.8,0.10,0.05
2025-12-31 18:29:59.149,0.2,7.8,0.09,0.05
2025-12-31 18:30:00.150,0.2,7.8,0.10,0.05
2025-12-31 18:30:01.151,0.2,7.8,0.09,0.05
2025-12-31 18:30:02.152,0.1,7.8,0.09,0.05
2025-12-31 18:30:03.154,0.3,7.8,0.09,0.05
2025-12-31 18:30:04.156,0.2,7.8,0.09,0.05
2025-12-31 18:30:05.157,0.2,7.8,0.10,0.05
2025-12-31 18:30:06.159,0.1,7.8,0.09,0.05
2025-12-31 18:30:07.161,0.2,7.8,0.10,0.05
2025-12-31 18:30:08.162,0.2,7.8,0.09,0.05
2025-12-31 18:30:09.164,0.2,7.8,0.09,0.05
2025-12-31 18:30:10.166,0.2,7.8,0.10,0.05
2025-12-31 18:30:11.168,0.4,7.8,0.10,0.05
2025-12-31 18:30:12.170,0.2,7.8,0.09,0.05
2025-12-31 18:30:13.171,0.2,7.8,0.09,0.05
2025-12-31 18:30:14.173,0.2,7.8,0.09,0.05
2025-12-31 18:30:15.175,0.3,7.8,0.09,0.05
2025-12-31 18:30:16.177,0.1,7.8,0.09,0.05
2025-12-31 18:30:17.179,0.2,7.8,0.09,0.05
2025-12-31 18:30:18.181,0.2,7.8,0.09,0.05
2025-12-31 18:30:19.183,0.2,7.8,0.10,0.05
2025-12-31 18:30:20.184,0.2,7.8,0.10,0.05
2025-12-31 18:30:21.185,0.2,7.8,0.09,0.05
2025-12-31 18:30:22.187,0.2,7.8,0.10,0.05
2025-12-31 18:30:23.189,0.2,7.8,0.10,0.05
2025-12-31 18:30:24.190,0.1,7.8,0.09,0.05
2025-12-31 18:30:25.191,0.1,7.8,0.10,0.05
2025-12-31 18:30:26.192,0.1,7.8,0.09,0.05
2025-12-31 18:30:27.194,0.1,7.8,0.09,0.05
2025-12-31 18:30:28.196,0.1,7.8,0.09,0.05
2025-12-31 18:30:29.197,0.1,7.8,0.09,0.05
2025-12-31 18:30:30.199,0.0,7.8,0.10,0.05
2025-12-31 18:30:31.201,0.0,7.8,0.09,0.05
2025-12-31 18:30:32.202,0.2,7.8,0.09,0.05
2025-12-31 18:30:33.204,0.2,7.8,0.10,0.05
2025-12-31 18:30:34.205,0.1,7.8,0.09,0.05
2025-12-31 18:30:35.206,0.1,7.8,0.09,0.05
2025-12-31 18:30:36.208,0.2,7.8,0.09,0.05
2025-12-31 18:30:37.209,0.1,7.8,0.09,0.05
2025-12-31 18:30:38.210,0.2,7.8,0.09,0.05
2025-12-31 18:30:39.212,0.1,7.8,0.09,0.05
2025-12-31 18:30:40.213,0.0,7.8,0.10,0.05
2025-12-31 18:30:41.214,0.0,7.8,0.10,0.05
2025-12-31 18:30:42.216,0.1,7.8,0.09,0.05
2025-12-31 18:30:43.217,0.1,7.8,0.09,0.05
2025-12-31 18:30:44.219,0.2,7.8,0.10,0.05
2025-12-31 18:30:45.221,0.0,7.8,0.10,0.05
2025-12-31 18:30:46.222,0.0,7.8,0.09,0.05
2025-12-31 18:30:47.224,0.1,7.8,0.09,0.05
2025-12-31 18:30:48.225,0.1,7.8,0.09,0.05
2025-12-31 18:30:49.227,0.0,7.8,0.10,0.05
2025-12-31 18:30:50.229,0.1,7.8,0.10,0.05
2025-12-31 18:30:51.230,0.0,7.8,0.10,0.05
2025-12-31 18:30:52.231,0.1,7.8,0.09,0.05
2025-12-31 18:30:53.233,0.0,7.8,0.09,0.05
2025-12-31 18:30:54.234,0.0,7.8,0.09,0.05
2025-12-31 18:30:55.236,0.1,7.8,0.10,0.05
2025-12-31 18:30:56.237,0.2,7.8,0.09,0.05
2025-12-31 18:30:57.238,0.0,7.8,0.09,0.05
2025-12-31 18:30:58.240,0.1,7.8,0.09,0.05
2025-12-31 18:30:59.242,0.0,7.8,0.09,0.05
2025-12-31 18:31:00.243,0.0,7.8,0.10,0.05
2025-12-31 18:31:01.244,0.1,7.8,0.09,0.05
2025-12-31 18:31:02.246,0.0,7.8,0.10,0.05
2025-12-31 18:31:03.248,0.0,7.8,0.09,0.05
2025-12-31 18:31:04.249,0.1,7.8,0.10,0.05
2025-12-31 18:31:05.250,0.1,7.8,0.09,0.05
2025-12-31 18:31:06.251,0.0,7.8,0.10,0.05
2025-12-31 18:31:07.253,0.0,7.8,0.10,0.05
2025-12-31 18:31:08.254,0.1,7.8,0.10,0.05
2025-12-31 18:31:09.256,0.0,7.8,0.09,0.05
2025-12-31 18:31:10.257,0.1,7.8,0.10,0.05
2025-12-31 18:31:11.258,0.0,7.8,0.09,0.05
2025-12-31 18:31:12.259,0.1,7.8,0.10,0.05
2025-12-31 18:31:13.261,0.0,7.8,0.09,0.05
2025-12-31 18:31:14.263,0.0,7.8,0.09,0.05
2025-12-31 18:31:15.264,0.1,7.8,0.09,0.05
2025-12-31 18:31:16.265,0.0,7.8,0.10,0.05
2025-12-31 18:31:17.266,0.1,7.8,0.10,0.05
2025-12-31 18:31:18.268,0.1,7.8,0.09,0.05
2025-12-31 18:31:19.270,0.1,7.8,0.10,0.05
2025-12-31 18:31:20.271,0.0,7.8,0.10,0.05
2025-12-31 18:31:21.273,0.1,7.8,0.09,0.05
2025-12-31 18:31:22.274,0.1,7.8,0.09,0.05
2025-12-31 18:31:23.276,0.1,7.8,0.10,0.05
2025-12-31 18:31:24.277,0.0,7.8,0.10,0.05
2025-12-31 18:31:25.279,0.0,7.8,0.10,0.05
2025-12-31 18:31:26.280,0.0,7.8,0.09,0.05
2025-12-31 18:31:27.281,0.0,7.8,0.09,0.05
2025-12-31 18:31:28.283,0.1,7.8,0.10,0.05
2025-12-31 18:31:29.285,0.0,7.8,0.09,0.05
2025-12-31 18:31:30.286,0.1,7.8,0.10,0.05
2025-12-31 18:31:31.288,0.1,7.8,0.09,0.05
2025-12-31 18:31:32.290,0.0,7.8,0.10,0.05
2025-12-31 18:31:33.291,0.1,7.8,0.09,0.05
2025-12-31 18:31:34.292,0.0,7.8,0.09,0.05
2025-12-31 18:31:35.294,0.1,7.8,0.09,0.05
2025-12-31 18:31:36.296,0.1,7.8,0.10,0.05
2025-12-31 18:31:37.297,0.1,7.8,0.09,0.05
2025-12-31 18:31:38.298,0.0,7.8,0.10,0.05
2025-12-31 18:31:39.300,0.2,7.8,0.10,0.05
2025-12-31 18:31:40.301,0.0,7.8,0.10,0.05
2025-12-31 18:31:41.303,0.1,7.8,0.09,0.05
2025-12-31 18:31:42.305,0.1,7.8,0.09,0.05
2025-12-31 18:31:43.306,0.0,7.8,0.09,0.05
2025-12-31 18:31:44.307,0.0,7.8,0.09,0.05
2025-12-31 18:31:45.309,0.1,7.8,0.10,0.05
2025-12-31 18:31:46.311,0.1,7.8,0.09,0.05
2025-12-31 18:31:47.312,0.1,7.8,0.09,0.05
2025-12-31 18:31:48.313,0.0,7.8,0.09,0.05
2025-12-31 18:31:49.314,0.2,7.8,0.09,0.05
2025-12-31 18:31:50.316,0.0,7.8,0.10,0.05
2025-12-31 18:31:51.317,0.0,7.8,0.09,0.05
2025-12-31 18:31:52.318,0.1,7.8,0.10,0.05
2025-12-31 18:31:53.320,0.0,7.8,0.09,0.05
2025-12-31 18:31:54.322,0.1,7.8,0.09,0.05
2025-12-31 18:31:55.323,0.0,7.8,0.09,0.05
2025-12-31 18:31:56.325,0.0,7.8,0.09,0.05
2025-12-31 18:31:57.326,0.2,7.8,0.09,0.05
2025-12-31 18:31:58.328,0.1,7.8,0.09,0.05
2025-12-31 18:31:59.329,0.0,7.8,0.10,0.05
2025-12-31 18:32:00.331,0.0,7.8,0.10,0.05
2025-12-31 18:32:01.332,0.0,7.8,0.10,0.05
2025-12-31 18:32:02.333,0.1,7.8,0.09,0.05
2025-12-31 18:32:03.335,0.0,7.8,0.09,0.05
2025-12-31 18:32:04.337,0.2,7.8,0.09,0.05
2025-12-31 18:32:05.339,0.0,7.8,0.09,0.05
2025-12-31 18:32:06.340,0.0,7.8,0.09,0.05
2025-12-31 18:32:07.341,0.1,7.8,0.09,0.05
2025-12-31 18:32:08.343,0.0,7.8,0.09,0.05
2025-12-31 18:32:09.344,0.1,7.8,0.10,0.05
2025-12-31 18:32:10.346,0.0,7.8,0.10,0.05
2025-12-31 18:32:11.348,0.2,7.8,0.09,0.05
2025-12-31 18:32:12.349,0.2,7.8,0.10,0.05
2025-12-31 18:32:13.351,0.0,7.8,0.09,0.05
2025-12-31 18:32:14.353,0.2,7.8,0.09,0.05
2025-12-31 18:32:15.355,0.2,7.8,0.09,0.05
2025-12-31 18:32:16.357,0.2,7.8,0.09,0.05
2025-12-31 18:32:17.359,0.3,7.8,0.09,0.05
2025-12-31 18:32:18.361,0.3,7.8,0.09,0.05
2025-12-31 18:32:19.363,0.2,7.8,0.09,0.05
2025-12-31 18:32:20.365,0.3,7.8,0.10,0.05
2025-12-31 18:32:21.366,0.4,7.8,0.09,0.05
2025-12-31 18:32:22.368,0.2,7.8,0.09,0.05
2025-12-31 18:32:23.370,0.3,7.8,0.10,0.05
2025-12-31 18:32:24.372,0.4,7.8,0.09,0.05
2025-12-31 18:32:25.374,0.2,7.8,0.10,0.05
2025-12-31 18:32:26.375,0.4,7.8,0.10,0.05
2025-12-31 18:32:27.376,0.2,7.8,0.09,0.05
2025-12-31 18:32:28.378,0.2,7.8,0.09,0.05
2025-12-31 18:32:29.380,0.3,7.8,0.09,0.05
2025-12-31 18:32:30.381,0.3,7.8,0.10,0.05
2025-12-31 18:32:31.382,0.2,7.8,0.09,0.05
2025-12-31 18:32:32.384,0.5,7.8,0.09,0.05
2025-12-31 18:32:33.386,0.2,7.8,0.09,0.05
2025-12-31 18:32:34.387,0.2,7.8,0.10,0.05
2025-12-31 18:32:35.389,0.3,7.8,0.09,0.05
2025-12-31 18:32:36.391,0.5,7.8,0.10,0.05
2025-12-31 18:32:37.393,0.2,7.8,0.10,0.05
2025-12-31 18:32:38.394,0.2,7.8,0.09,0.05
2025-12-31 18:32:39.396,0.2,7.8,0.10,0.05
2025-12-31 18:32:40.397,0.2,7.8,0.10,0.05
2025-12-31 18:32:41.399,0.2,7.8,0.09,0.05
2025-12-31 18:32:42.401,0.3,7.8,0.10,0.05
2025-12-31 18:32:43.402,0.1,7.8,0.10,0.05
2025-12-31 18:32:44.404,0.2,7.8,0.09,0.05
2025-12-31 18:32:45.405,0.2,7.8,0.10,0.05
2025-12-31 18:32:46.407,0.2,7.8,0.09,0.05
2025-12-31 18:32:47.408,0.2,7.8,0.09,0.05
2025-12-31 18:32:48.409,0.2,7.8,0.10,0.05
2025-12-31 18:32:49.411,0.2,7.8,0.09,0.05
2025-12-31 18:32:50.413,0.2,7.8,0.10,0.05
2025-12-31 18:32:51.414,0.2,7.8,0.09,0.05
2025-12-31 18:32:52.415,0.2,7.8,0.10,0.05
2025-12-31 18:32:53.417,0.2,7.8,0.09,0.05
2025-12-31 18:32:54.419,0.2,7.8,0.09,0.05
2025-12-31 18:32:55.420,0.1,7.8,0.10,0.05
2025-12-31 18:32:56.421,0.2,7.8,0.10,0.05
2025-12-31 18:32:57.422,0.0,7.8,0.09,0.05
2025-12-31 18:32:58.424,0.2,7.8,0.09,0.05
2025-12-31 18:32:59.425,0.2,7.8,0.09,0.05
2025-12-31 18:33:00.427,0.2,7.8,0.10,0.05
2025-12-31 18:33:01.428,0.2,7.8,0.09,0.05
2025-12-31 18:33:02.430,0.2,7.8,0.09,0.05
2025-12-31 18:33:03.431,0.3,7.8,0.09,0.05
2025-12-31 18:33:04.433,0.3,7.8,0.09,0.05
2025-12-31 18:33:05.434,0.2,7.8,0.10,0.05
2025-12-31 18:33:06.436,0.2,7.8,0.10,0.05
2025-12-31 18:33:07.437,0.1,7.8,0.09,0.05
2025-12-31 18:33:08.438,0.2,7.8,0.09,0.05
2025-12-31 18:33:09.440,0.2,7.8,0.10,0.05
2025-12-31 18:33:10.442,0.3,7.8,0.10,0.05
2025-12-31 18:33:11.444,0.1,7.8,0.09,0.05
2025-12-31 18:33:12.446,0.2,7.8,0.09,0.05
2025-12-31 18:33:13.447,0.1,7.8,0.09,0.05
2025-12-31 18:33:14.449,0.2,7.8,0.09,0.05
2025-12-31 18:33:15.450,0.2,7.8,0.09,0.05
2025-12-31 18:33:16.452,0.2,7.8,0.10,0.05
2025-12-31 18:33:17.454,0.2,7.8,0.10,0.05
2025-12-31 18:33:18.456,0.2,7.8,0.09,0.05
2025-12-31 18:33:19.457,0.0,7.8,0.09,0.05
2025-12-31 18:33:20.459,0.1,7.8,0.10,0.05
2025-12-31 18:33:21.460,0.1,7.8,0.10,0.05
2025-12-31 18:33:22.462,0.2,7.8,0.09,0.05
2025-12-31 18:33:23.463,0.2,7.8,0.09,0.05
2025-12-31 18:33:24.465,0.1,7.8,0.09,0.05
2025-12-31 18:33:25.466,0.1,7.8,0.10,0.06
2025-12-31 18:33:26.467,0.1,7.8,0.12,0.05
2025-12-31 18:33:27.468,0.0,7.8,0.09,0.05
2025-12-31 18:33:28.470,0.0,7.8,0.09,0.05
2025-12-31 18:33:29.471,0.1,7.8,0.10,0.05
2025-12-31 18:33:30.472,0.0,7.8,0.10,0.05
2025-12-31 18:33:31.473,0.2,7.8,0.10,0.05
2025-12-31 18:33:32.474,0.0,7.8,0.09,0.05
2025-12-31 18:33:33.476,0.1,7.8,0.10,0.05
2025-12-31 18:33:34.477,0.1,7.8,0.10,0.05
2025-12-31 18:33:35.479,0.1,7.8,0.09,0.05
2025-12-31 18:33:36.481,0.1,7.8,0.09,0.05
2025-12-31 18:33:37.482,0.0,7.8,0.10,0.05
2025-12-31 18:33:38.484,0.1,7.8,0.09,0.05
2025-12-31 18:33:39.485,0.0,7.8,0.10,0.05
2025-12-31 18:33:40.487,0.1,7.8,0.10,0.05
2025-12-31 18:33:41.488,0.1,7.8,0.11,0.05
2025-12-31 18:33:42.489,0.0,7.8,0.10,0.05
2025-12-31 18:33:43.490,0.1,7.8,0.09,0.05
2025-12-31 18:33:44.492,0.0,7.8,0.10,0.05
2025-12-31 18:33:45.493,0.1,7.8,0.10,0.05
2025-12-31 18:33:46.495,0.1,7.8,0.10,0.05
2025-12-31 18:33:47.496,0.2,7.8,0.09,0.05
2025-12-31 18:33:48.497,0.0,7.8,0.10,0.05
2025-12-31 18:33:49.499,0.0,7.8,0.10,0.05
2025-12-31 18:33:50.501,0.2,7.8,0.10,0.05
2025-12-31 18:33:51.503,0.0,7.8,0.10,0.05
2025-12-31 18:33:52.504,0.2,7.8,0.09,0.05
2025-12-31 18:33:53.506,0.0,7.8,0.09,0.05
2025-12-31 18:33:54.507,0.1,7.8,0.09,0.05
2025-12-31 18:33:55.508,0.0,7.8,0.10,0.05
2025-12-31 18:33:56.509,0.1,7.8,0.09,0.05
2025-12-31 18:33:57.511,0.1,7.8,0.10,0.05
2025-12-31 18:33:58.512,0.0,7.8,0.09,0.05
2025-12-31 18:33:59.513,0.0,7.8,0.09,0.05
2025-12-31 18:34:00.515,0.1,7.8,0.10,0.05
2025-12-31 18:34:01.517,0.0,7.8,0.10,0.05
2025-12-31 18:34:02.518,0.0,7.8,0.09,0.05
2025-12-31 18:34:03.520,0.1,7.8,0.09,0.05
2025-12-31 18:34:04.521,0.0,7.8,0.09,0.06
2025-12-31 18:34:05.523,0.1,7.8,0.09,0.05
2025-12-31 18:34:06.524,0.1,7.8,0.09,0.05
2025-12-31 18:34:07.525,0.0,7.8,0.09,0.06
2025-12-31 18:34:08.527,0.2,7.8,0.10,0.05
2025-12-31 18:34:09.528,0.0,7.8,0.09,0.05
2025-12-31 18:34:10.529,0.0,7.8,0.10,0.06
2025-12-31 18:34:11.531,0.2,7.8,0.09,0.05
2025-12-31 18:34:12.532,0.0,7.8,0.10,0.05
2025-12-31 18:34:13.534,0.0,7.8,0.10,0.06
2025-12-31 18:34:14.536,0.1,7.8,0.09,0.05
2025-12-31 18:34:15.537,0.0,7.8,0.09,0.05
2025-12-31 18:34:16.539,0.1,7.8,0.09,0.05
2025-12-31 18:34:17.540,0.2,7.8,0.10,0.05
2025-12-31 18:34:18.542,0.0,7.8,0.09,0.05
2025-12-31 18:34:19.544,0.0,7.8,0.09,0.05
2025-12-31 18:34:20.545,0.1,7.8,0.10,0.05
2025-12-31 18:34:21.546,0.0,7.8,0.09,0.05
2025-12-31 18:34:22.548,0.1,7.8,0.09,0.05
2025-12-31 18:34:23.549,0.0,7.8,0.09,0.05
2025-12-31 18:34:24.551,0.1,7.8,0.09,0.05
2025-12-31 18:34:25.553,0.0,7.8,0.10,0.05
2025-12-31 18:34:26.579,0.1,7.8,0.09,0.05
2025-12-31 18:34:27.581,0.1,7.8,0.09,0.05
2025-12-31 18:34:28.582,0.0,7.8,0.09,0.05
2025-12-31 18:34:29.584,0.1,7.8,0.09,0.05
2025-12-31 18:34:30.585,0.0,7.8,0.10,0.05
2025-12-31 18:34:31.587,0.1,7.8,0.09,0.05
2025-12-31 18:34:32.588,0.0,7.8,0.09,0.05
2025-12-31 18:34:33.589,0.1,7.8,0.10,0.05
2025-12-31 18:34:34.590,0.0,7.8,0.10,0.05
2025-12-31 18:34:35.592,0.1,7.8,0.09,0.05
2025-12-31 18:34:36.593,0.1,7.8,0.09,0.05
2025-12-31 18:34:37.595,0.0,7.8,0.09,0.05
2025-12-31 18:34:38.597,0.1,7.8,0.09,0.05
2025-12-31 18:34:39.598,0.1,7.8,0.09,0.05
2025-12-31 18:34:40.600,0.2,7.8,0.10,0.05
2025-12-31 18:34:41.601,0.1,7.8,0.09,0.05
2025-12-31 18:34:42.603,0.1,7.8,0.09,0.05
2025-12-31 18:34:43.605,0.1,7.8,0.10,0.05
2025-12-31 18:34:44.606,0.1,7.8,0.09,0.05
2025-12-31 18:34:45.608,0.1,7.8,0.10,0.05
2025-12-31 18:34:46.609,0.1,7.8,0.09,0.05
2025-12-31 18:34:47.611,0.0,7.8,0.09,0.05
2025-12-31 18:34:48.612,0.1,7.8,0.09,0.05
2025-12-31 18:34:49.614,0.0,7.8,0.09,0.05
2025-12-31 18:34:50.615,0.2,7.8,0.10,0.05
2025-12-31 18:34:51.617,0.0,7.8,0.09,0.05
2025-12-31 18:34:52.618,0.0,7.8,0.09,0.05
2025-12-31 18:34:53.620,0.1,7.8,0.10,0.05
2025-12-31 18:34:54.621,0.0,7.8,0.09,0.05
2025-12-31 18:34:55.623,0.2,7.8,0.09,0.05
2025-12-31 18:34:56.625,0.0,7.8,0.10,0.05
2025-12-31 18:34:57.626,0.0,7.8,0.09,0.05
2025-12-31 18:34:58.628,0.1,7.8,0.09,0.05
2025-12-31 18:34:59.629,0.0,7.8,0.09,0.05
2025-12-31 18:35:00.631,0.0,7.8,0.10,0.05
2025-12-31 18:35:01.632,0.2,7.8,0.09,0.05
2025-12-31 18:35:02.634,0.0,7.8,0.09,0.05
2025-12-31 18:35:03.635,0.1,7.8,0.10,0.05
2025-12-31 18:35:04.638,0.0,7.8,0.09,0.07
2025-12-31 18:35:05.639,0.0,7.8,0.09,0.07
2025-12-31 18:35:06.641,0.1,7.8,0.09,0.05
2025-12-31 18:35:07.643,0.1,7.8,0.10,0.05
2025-12-31 18:35:08.645,0.1,7.8,0.10,0.05
2025-12-31 18:35:09.646,0.2,7.8,0.09,0.05
2025-12-31 18:35:10.648,0.0,7.8,0.10,0.05
2025-12-31 18:35:11.650,0.2,7.8,0.10,0.05
2025-12-31 18:35:12.652,0.1,7.8,0.09,0.05
2025-12-31 18:35:13.654,0.1,7.8,0.09,0.05
2025-12-31 18:35:14.656,0.3,7.8,0.10,0.05
2025-12-31 18:35:15.658,0.2,7.8,0.09,0.05
2025-12-31 18:35:16.660,0.3,7.8,0.09,0.05
2025-12-31 18:35:17.662,0.2,7.8,0.09,0.05
2025-12-31 18:35:18.664,0.2,7.8,0.10,0.05
2025-12-31 18:35:19.666,0.2,7.8,0.09,0.05
2025-12-31 18:35:20.667,0.3,7.8,0.10,0.05
2025-12-31 18:35:21.668,0.3,7.8,0.09,0.05
2025-12-31 18:35:22.670,0.3,7.8,0.09,0.05
2025-12-31 18:35:23.671,0.4,7.8,0.10,0.05
2025-12-31 18:35:24.673,0.3,7.8,0.10,0.05
2025-12-31 18:35:25.675,0.4,7.8,0.09,0.05
2025-12-31 18:35:26.677,0.3,7.8,0.09,0.05
2025-12-31 18:35:27.679,0.2,7.8,0.09,0.05
2025-12-31 18:35:28.680,0.5,7.8,0.09,0.05
2025-12-31 18:35:29.682,0.4,7.8,0.10,0.05
2025-12-31 18:35:30.684,0.5,7.8,0.10,0.05
2025-12-31 18:35:31.685,0.4,7.8,0.09,0.05
2025-12-31 18:35:32.686,0.3,7.8,0.09,0.05
2025-12-31 18:35:33.688,0.3,7.8,0.09,0.05
2025-12-31 18:35:34.689,0.2,7.8,0.09,0.05
2025-12-31 18:35:35.691,0.2,7.8,0.09,0.05
2025-12-31 18:35:36.693,0.3,7.8,0.09,0.05
2025-12-31 18:35:37.695,0.2,7.8,0.09,0.05
2025-12-31 18:35:38.696,0.2,7.8,0.09,0.05
2025-12-31 18:35:39.697,0.2,7.8,0.09,0.05
2025-12-31 18:35:40.698,0.2,7.8,0.10,0.05
2025-12-31 18:35:41.700,0.3,7.8,0.09,0.05
2025-12-31 18:35:42.701,0.2,7.8,0.09,0.05
2025-12-31 18:35:43.703,0.1,7.8,0.10,0.05
2025-12-31 18:35:44.704,0.2,7.8,0.09,0.05
2025-12-31 18:35:45.705,0.1,7.8,0.10,0.05
2025-12-31 18:35:46.706,0.3,7.8,0.10,0.05
2025-12-31 18:35:47.707,0.2,7.8,0.09,0.05
2025-12-31 18:35:48.708,0.2,7.8,0.09,0.05
2025-12-31 18:35:49.710,0.1,7.8,0.09,0.05
2025-12-31 18:35:50.712,0.0,7.8,0.10,0.05
2025-12-31 18:35:51.713,0.2,7.8,0.10,0.05
2025-12-31 18:35:52.715,0.2,7.8,0.09,0.05
2025-12-31 18:35:53.716,0.1,7.8,0.09,0.05
2025-12-31 18:35:54.718,0.2,7.8,0.09,0.05
2025-12-31 18:35:55.719,0.2,7.8,0.09,0.05
2025-12-31 18:35:56.721,0.2,7.8,0.10,0.05
2025-12-31 18:35:57.723,0.2,7.8,0.09,0.05
2025-12-31 18:35:58.724,0.2,7.8,0.09,0.05
2025-12-31 18:35:59.725,0.1,7.8,0.09,0.05
2025-12-31 18:36:00.727,0.1,7.8,0.10,0.05
2025-12-31 18:36:01.728,0.2,7.8,0.09,0.05
2025-12-31 18:36:02.729,0.1,7.8,0.10,0.05
2025-12-31 18:36:03.731,0.2,7.8,0.09,0.05
2025-12-31 18:36:04.733,0.1,7.8,0.09,0.05
2025-12-31 18:36:05.735,0.2,7.8,0.09,0.05
2025-12-31 18:36:06.737,0.2,7.8,0.09,0.05
2025-12-31 18:36:07.738,0.1,7.8,0.09,0.05
2025-12-31 18:36:08.739,0.2,7.8,0.09,0.05
2025-12-31 18:36:09.740,0.2,7.8,0.09,0.05
2025-12-31 18:36:10.742,0.2,7.8,0.10,0.05
2025-12-31 18:36:11.744,0.2,7.8,0.10,0.05
2025-12-31 18:36:12.745,0.1,7.8,0.09,0.05
2025-12-31 18:36:13.747,0.2,7.8,0.10,0.05
2025-12-31 18:36:14.748,0.2,7.8,0.09,0.05
2025-12-31 18:36:15.750,0.2,7.8,0.09,0.05
2025-12-31 18:36:16.752,0.2,7.8,0.10,0.05
2025-12-31 18:36:17.754,0.2,7.8,0.09,0.05
2025-12-31 18:36:18.756,0.2,7.8,0.09,0.05
2025-12-31 18:36:19.757,0.1,7.8,0.09,0.05
2025-12-31 18:36:20.759,0.2,7.8,0.10,0.05
2025-12-31 18:36:21.760,0.1,7.8,0.09,0.05
2025-12-31 18:36:22.762,0.0,7.8,0.10,0.05
2025-12-31 18:36:23.764,0.2,7.8,0.09,0.05
2025-12-31 18:36:24.766,0.1,7.8,0.10,0.05
2025-12-31 18:36:25.767,0.0,7.8,0.10,0.05
2025-12-31 18:36:26.768,0.0,7.8,0.09,0.05
2025-12-31 18:36:27.770,0.1,7.8,0.10,0.05
2025-12-31 18:36:28.771,0.0,7.8,0.09,0.05
2025-12-31 18:36:29.772,0.0,7.8,0.09,0.05
2025-12-31 18:36:30.774,0.0,7.8,0.10,0.05
2025-12-31 18:36:31.775,0.1,7.8,0.10,0.05
2025-12-31 18:36:32.777,0.1,7.8,0.09,0.05
2025-12-31 18:36:33.778,0.0,7.8,0.09,0.05
2025-12-31 18:36:34.780,0.1,7.8,0.09,0.05
2025-12-31 18:36:35.782,0.1,7.8,0.10,0.05
2025-12-31 18:36:36.783,0.0,7.8,0.09,0.05
2025-12-31 18:36:37.784,0.0,7.8,0.09,0.05
2025-12-31 18:36:38.786,0.1,7.8,0.09,0.05
2025-12-31 18:36:39.788,0.1,7.8,0.09,0.05
2025-12-31 18:36:40.789,0.0,7.8,0.10,0.05
2025-12-31 18:36:41.790,0.0,7.8,0.09,0.05
2025-12-31 18:36:42.792,0.1,7.8,0.09,0.05
2025-12-31 18:36:43.794,0.1,7.8,0.09,0.05
2025-12-31 18:36:44.796,0.2,7.8,0.09,0.05
2025-12-31 18:36:45.797,0.0,7.8,0.09,0.05
2025-12-31 18:36:46.799,0.2,7.8,0.10,0.05
2025-12-31 18:36:47.800,0.0,7.8,0.10,0.05
2025-12-31 18:36:48.802,0.0,7.8,0.09,0.05
2025-12-31 18:36:49.803,0.1,7.8,0.10,0.05
2025-12-31 18:36:50.805,0.0,7.8,0.10,0.05
2025-12-31 18:36:51.807,0.1,7.8,0.09,0.05
2025-12-31 18:36:52.809,0.0,7.8,0.09,0.05
2025-12-31 18:36:53.811,0.1,7.8,0.09,0.05
2025-12-31 18:36:54.813,0.1,7.8,0.09,0.05
2025-12-31 18:36:55.816,0.2,7.8,0.09,0.05
2025-12-31 18:36:56.818,0.0,7.8,0.10,0.05
2025-12-31 18:36:57.820,0.0,7.8,0.10,0.05
2025-12-31 18:36:58.821,0.1,7.8,0.09,0.05
2025-12-31 18:36:59.824,0.1,7.8,0.09,0.05
2025-12-31 18:37:00.825,0.0,7.8,0.10,0.05
2025-12-31 18:37:01.827,0.1,7.8,0.09,0.05
2025-12-31 18:37:02.829,0.1,7.8,0.09,0.05
2025-12-31 18:37:03.830,0.0,7.8,0.09,0.05
2025-12-31 18:37:04.831,0.1,7.8,0.09,0.05
2025-12-31 18:37:05.833,0.0,7.8,0.10,0.05
2025-12-31 18:37:06.835,0.1,7.8,0.09,0.05
2025-12-31 18:37:07.837,0.1,7.8,0.09,0.05
2025-12-31 18:37:08.839,0.0,7.8,0.10,0.05
2025-12-31 18:37:09.841,0.0,7.8,0.10,0.05
2025-12-31 18:37:10.842,0.0,7.8,0.10,0.05
2025-12-31 18:37:11.843,0.2,7.8,0.10,0.05
2025-12-31 18:37:12.845,0.0,7.8,0.09,0.05
2025-12-31 18:37:13.846,0.1,7.8,0.09,0.05
2025-12-31 18:37:14.848,0.2,7.8,0.09,0.05
2025-12-31 18:37:15.849,0.0,7.8,0.10,0.05
2025-12-31 18:37:16.851,0.1,7.8,0.09,0.05
2025-12-31 18:37:17.852,0.0,7.8,0.10,0.05
2025-12-31 18:37:18.854,0.1,7.8,0.09,0.05
2025-12-31 18:37:19.856,0.0,7.8,0.10,0.05
2025-12-31 18:37:20.857,0.1,7.8,0.10,0.05
2025-12-31 18:37:21.858,0.1,7.8,0.09,0.05
2025-12-31 18:37:22.860,0.0,7.8,0.09,0.05
2025-12-31 18:37:23.861,0.1,7.8,0.09,0.05
2025-12-31 18:37:24.863,0.0,7.8,0.10,0.05
2025-12-31 18:37:25.865,0.1,7.8,0.09,0.05
2025-12-31 18:37:26.866,0.0,7.8,0.09,0.05
2025-12-31 18:37:27.867,0.1,7.8,0.09,0.05
2025-12-31 18:37:28.869,0.0,7.8,0.09,0.05
2025-12-31 18:37:29.870,0.0,7.8,0.09,0.05
2025-12-31 18:37:30.872,0.1,7.8,0.10,0.05
2025-12-31 18:37:31.874,0.1,7.8,0.09,0.05
2025-12-31 18:37:32.876,0.0,7.8,0.09,0.05
2025-12-31 18:37:33.878,0.1,7.8,0.09,0.05
2025-12-31 18:37:34.879,0.2,7.8,0.09,0.05
2025-12-31 18:37:35.880,0.0,7.8,0.10,0.05
2025-12-31 18:37:36.882,0.0,7.8,0.09,0.05
2025-12-31 18:37:37.883,0.2,7.8,0.09,0.05
2025-12-31 18:37:38.885,0.2,7.8,0.09,0.05
2025-12-31 18:37:39.886,0.0,7.8,0.10,0.05
2025-12-31 18:37:40.887,0.2,7.8,0.10,0.05
2025-12-31 18:37:41.889,0.1,7.8,0.10,0.05
2025-12-31 18:37:42.890,0.0,7.8,0.09,0.05
2025-12-31 18:37:43.891,0.2,7.8,0.10,0.05
2025-12-31 18:37:44.892,0.0,7.8,0.09,0.05
2025-12-31 18:37:45.894,0.0,7.8,0.09,0.05
2025-12-31 18:37:46.896,0.2,7.8,0.09,0.05
2025-12-31 18:37:47.897,0.1,7.8,0.09,0.05
2025-12-31 18:37:48.899,0.0,7.8,0.09,0.05
2025-12-31 18:37:49.900,0.1,7.8,0.10,0.05
2025-12-31 18:37:50.901,0.1,7.8,0.10,0.05
2025-12-31 18:37:51.903,0.0,7.8,0.10,0.05
2025-12-31 18:37:52.904,0.1,7.8,0.10,0.05
2025-12-31 18:37:53.907,0.0,7.8,0.09,0.05
2025-12-31 18:37:54.908,0.0,7.8,0.10,0.05
2025-12-31 18:37:55.910,0.2,7.8,0.09,0.05
2025-12-31 18:37:56.912,0.0,7.8,0.09,0.05
2025-12-31 18:37:57.914,0.1,7.8,0.10,0.05
2025-12-31 18:37:58.915,0.0,7.8,0.09,0.05
2025-12-31 18:37:59.917,0.2,7.8,0.09,0.05
2025-12-31 18:38:00.919,0.0,7.8,0.10,0.05
2025-12-31 18:38:01.920,0.1,7.8,0.09,0.05
2025-12-31 18:38:02.922,0.1,7.8,0.09,0.05
2025-12-31 18:38:03.923,0.0,7.8,0.10,0.05
2025-12-31 18:38:04.925,0.1,7.8,0.09,0.05
2025-12-31 18:38:05.927,0.1,7.8,0.09,0.05
2025-12-31 18:38:06.928,0.0,7.8,0.09,0.05
2025-12-31 18:38:07.929,0.2,7.8,0.09,0.05
2025-12-31 18:38:08.931,0.2,7.8,0.09,0.05
2025-12-31 18:38:09.933,0.1,7.8,0.09,0.05
2025-12-31 18:38:10.934,0.2,7.8,0.10,0.05
2025-12-31 18:38:11.936,0.2,7.8,0.09,0.05
2025-12-31 18:38:12.937,0.2,7.8,0.09,0.05
2025-12-31 18:38:13.939,0.2,7.8,0.09,0.05
2025-12-31 18:38:14.940,0.2,7.8,0.10,0.05
2025-12-31 18:38:15.942,0.2,7.8,0.09,0.05
2025-12-31 18:38:16.944,0.5,7.8,0.09,0.05
2025-12-31 18:38:17.946,0.2,7.8,0.09,0.05
2025-12-31 18:38:18.948,0.3,7.8,0.09,0.05
2025-12-31 18:38:19.950,0.2,7.8,0.09,0.05
2025-12-31 18:38:20.951,0.3,7.8,0.10,0.05
2025-12-31 18:38:21.953,0.2,7.8,0.10,0.05
2025-12-31 18:38:22.955,0.3,7.8,0.09,0.05
2025-12-31 18:38:23.957,0.2,7.8,0.09,0.05
2025-12-31 18:38:24.958,0.6,7.8,0.10,0.05
2025-12-31 18:38:25.960,0.3,7.8,0.10,0.06
2025-12-31 18:38:26.961,0.2,7.8,0.11,0.05
2025-12-31 18:38:27.962,0.2,7.8,0.09,0.05
2025-12-31 18:38:28.963,0.5,7.8,0.10,0.05
2025-12-31 18:38:29.964,0.2,7.8,0.09,0.05
2025-12-31 18:38:30.965,0.5,7.8,0.10,0.05
2025-12-31 18:38:31.966,0.3,7.8,0.09,0.05
2025-12-31 18:38:32.967,0.3,7.8,0.10,0.05
2025-12-31 18:38:33.968,0.2,7.8,0.09,0.05
2025-12-31 18:38:34.970,0.2,7.8,0.09,0.05
2025-12-31 18:38:35.971,0.2,7.8,0.10,0.05
2025-12-31 18:38:36.973,0.2,7.8,0.09,0.05
2025-12-31 18:38:37.974,0.2,7.8,0.09,0.05
2025-12-31 18:38:38.975,0.2,7.8,0.10,0.05
2025-12-31 18:38:39.977,0.2,7.8,0.09,0.05
2025-12-31 18:38:40.979,0.4,7.8,0.10,0.05
2025-12-31 18:38:41.980,0.2,7.8,0.10,0.05
2025-12-31 18:38:42.982,0.2,7.8,0.09,0.05
2025-12-31 18:38:43.983,0.1,7.8,0.09,0.05
2025-12-31 18:38:44.984,0.5,7.8,0.10,0.05
2025-12-31 18:38:45.985,0.1,7.8,0.09,0.05
2025-12-31 18:38:46.986,0.2,7.8,0.09,0.05
2025-12-31 18:38:47.988,0.0,7.8,0.10,0.05
2025-12-31 18:38:48.989,0.2,7.8,0.09,0.05
2025-12-31 18:38:49.990,0.1,7.8,0.09,0.05
2025-12-31 18:38:50.991,0.2,7.8,0.10,0.05
2025-12-31 18:38:51.992,0.1,7.8,0.10,0.05
2025-12-31 18:38:52.994,0.2,7.8,0.09,0.05
2025-12-31 18:38:53.995,0.2,7.8,0.09,0.05
2025-12-31 18:38:54.997,0.3,7.8,0.10,0.05
2025-12-31 18:38:55.998,0.2,7.8,0.09,0.05
2025-12-31 18:38:57.000,0.2,7.8,0.09,0.05
2025-12-31 18:38:58.001,0.1,7.8,0.09,0.05
2025-12-31 18:38:59.003,0.2,7.8,0.10,0.05
2025-12-31 18:39:00.004,0.2,7.8,0.10,0.05
2025-12-31 18:39:01.006,0.2,7.8,0.10,0.05
2025-12-31 18:39:02.008,0.2,7.8,0.10,0.05
2025-12-31 18:39:03.009,0.2,7.8,0.09,0.05
2025-12-31 18:39:04.011,0.2,7.8,0.09,0.05
2025-12-31 18:39:05.012,0.2,7.8,0.09,0.05
2025-12-31 18:39:06.014,0.1,7.8,0.09,0.05
2025-12-31 18:39:07.015,0.2,7.8,0.10,0.05
2025-12-31 18:39:08.016,0.3,7.8,0.09,0.05
2025-12-31 18:39:09.018,0.1,7.8,0.09,0.05
2025-12-31 18:39:10.020,0.1,7.8,0.10,0.05
2025-12-31 18:39:11.022,0.2,7.8,0.10,0.05
2025-12-31 18:39:12.023,0.1,7.8,0.09,0.05
2025-12-31 18:39:13.024,0.1,7.8,0.09,0.05
2025-12-31 18:39:14.025,0.2,7.8,0.09,0.05
2025-12-31 18:39:15.027,0.1,7.8,0.09,0.05
2025-12-31 18:39:16.029,0.1,7.8,0.09,0.05
2025-12-31 18:39:17.030,0.2,7.8,0.10,0.05
2025-12-31 18:39:18.032,0.2,7.8,0.09,0.05
2025-12-31 18:39:19.033,0.0,7.8,0.09,0.05
2025-12-31 18:39:20.034,0.0,7.8,0.09,0.05
2025-12-31 18:39:21.036,0.1,7.8,0.10,0.05
2025-12-31 18:39:22.037,0.1,7.8,0.10,0.05
2025-12-31 18:39:23.038,0.0,7.8,0.10,0.05
2025-12-31 18:39:24.040,0.2,7.8,0.09,0.05
2025-12-31 18:39:25.042,0.1,7.8,0.10,0.05
2025-12-31 18:39:26.043,0.1,7.8,0.09,0.05
2025-12-31 18:39:27.045,0.0,7.8,0.09,0.05
2025-12-31 18:39:28.047,0.0,7.8,0.09,0.05
2025-12-31 18:39:29.049,0.2,7.8,0.09,0.05
2025-12-31 18:39:30.050,0.0,7.8,0.09,0.05
2025-12-31 18:39:31.052,0.0,7.8,0.10,0.05
2025-12-31 18:39:32.053,0.1,7.8,0.10,0.05
2025-12-31 18:39:33.055,0.0,7.8,0.09,0.05
2025-12-31 18:39:34.056,0.1,7.8,0.09,0.05
2025-12-31 18:39:35.058,0.0,7.8,0.09,0.05
2025-12-31 18:39:36.060,0.1,7.8,0.09,0.05
2025-12-31 18:39:37.062,0.0,7.8,0.09,0.05
2025-12-31 18:39:38.063,0.2,7.8,0.10,0.05
2025-12-31 18:39:39.064,0.0,7.8,0.09,0.05
2025-12-31 18:39:40.066,0.1,7.8,0.09,0.05
2025-12-31 18:39:41.068,0.0,7.8,0.10,0.05
2025-12-31 18:39:42.070,0.1,7.8,0.09,0.05
2025-12-31 18:39:43.071,0.1,7.8,0.10,0.05
2025-12-31 18:39:44.073,0.0,7.8,0.10,0.05
2025-12-31 18:39:45.075,0.1,7.8,0.09,0.05
2025-12-31 18:39:46.076,0.0,7.8,0.09,0.05
2025-12-31 18:39:47.077,0.2,7.8,0.09,0.05
2025-12-31 18:39:48.079,0.0,7.8,0.10,0.05
2025-12-31 18:39:49.080,0.0,7.8,0.09,0.05
2025-12-31 18:39:50.081,0.1,7.8,0.10,0.05
2025-12-31 18:39:51.082,0.1,7.8,0.10,0.05
2025-12-31 18:39:52.083,0.0,7.8,0.09,0.05
2025-12-31 18:39:53.085,0.1,7.8,0.09,0.05
2025-12-31 18:39:54.087,0.0,7.8,0.10,0.05
2025-12-31 18:39:55.088,0.2,7.8,0.09,0.05
2025-12-31 18:39:56.090,0.0,7.8,0.09,0.05
2025-12-31 18:39:57.091,0.0,7.8,0.10,0.05
2025-12-31 18:39:58.092,0.2,7.8,0.09,0.05
2025-12-31 18:39:59.094,0.0,7.8,0.09,0.05
2025-12-31 18:40:00.095,0.1,7.8,0.09,0.05
2025-12-31 18:40:01.097,0.1,7.8,0.10,0.05
2025-12-31 18:40:02.098,0.1,7.8,0.09,0.05
2025-12-31 18:40:03.100,0.1,7.8,0.09,0.05
2025-12-31 18:40:04.101,0.1,7.8,0.09,0.05
2025-12-31 18:40:05.103,0.1,7.8,0.10,0.05
2025-12-31 18:40:06.105,0.0,7.8,0.09,0.05
2025-12-31 18:40:07.107,0.1,7.8,0.09,0.05
2025-12-31 18:40:08.109,0.1,7.8,0.09,0.05
2025-12-31 18:40:09.111,0.1,7.8,0.10,0.05
2025-12-31 18:40:10.113,0.1,7.8,0.09,0.05
2025-12-31 18:40:11.114,0.0,7.8,0.10,0.05
2025-12-31 18:40:12.115,0.2,7.8,0.09,0.05
2025-12-31 18:40:13.116,0.0,7.8,0.09,0.05
2025-12-31 18:40:14.118,0.0,7.8,0.09,0.05
2025-12-31 18:40:15.119,0.1,7.8,0.09,0.05
2025-12-31 18:40:16.121,0.2,7.8,0.10,0.05
2025-12-31 18:40:17.123,0.1,7.8,0.09,0.05
2025-12-31 18:40:18.124,0.1,7.8,0.09,0.05
2025-12-31 18:40:19.125,0.1,7.8,0.09,0.05
2025-12-31 18:40:20.126,0.0,7.8,0.09,0.05
2025-12-31 18:40:21.128,0.0,7.8,0.10,0.05
2025-12-31 18:40:22.129,0.0,7.8,0.10,0.05
2025-12-31 18:40:23.131,0.1,7.8,0.09,0.05
2025-12-31 18:40:24.133,0.1,7.8,0.10,0.05
2025-12-31 18:40:25.134,0.1,7.8,0.10,0.05
2025-12-31 18:40:26.136,0.0,7.8,0.09,0.05
2025-12-31 18:40:27.137,0.0,7.8,0.10,0.05
2025-12-31 18:40:28.140,0.1,7.8,0.09,0.05
2025-12-31 18:40:29.141,0.1,7.8,0.09,0.05
2025-12-31 18:40:30.143,0.0,7.8,0.10,0.05
2025-12-31 18:40:31.145,0.0,7.8,0.10,0.05
2025-12-31 18:40:32.147,0.2,7.8,0.09,0.05
2025-12-31 18:40:33.149,0.1,7.8,0.09,0.05
2025-12-31 18:40:34.151,0.1,7.8,0.09,0.05
2025-12-31 18:40:35.152,0.0,7.8,0.09,0.05
2025-12-31 18:40:36.154,0.0,7.8,0.09,0.05
2025-12-31 18:40:37.155,0.0,7.8,0.09,0.05
2025-12-31 18:40:38.157,0.3,7.8,0.10,0.05
2025-12-31 18:40:39.158,0.0,7.8,0.10,0.05
2025-12-31 18:40:40.160,0.2,7.8,0.09,0.05
2025-12-31 18:40:41.163,0.1,7.8,0.10,0.05
2025-12-31 18:40:42.164,0.1,7.8,0.09,0.05
2025-12-31 18:40:43.166,0.1,7.8,0.09,0.05
2025-12-31 18:40:44.168,0.0,7.8,0.09,0.05
2025-12-31 18:40:45.169,0.1,7.8,0.09,0.05
2025-12-31 18:40:46.171,0.1,7.8,0.09,0.05
2025-12-31 18:40:47.173,0.1,7.8,0.09,0.05
2025-12-31 18:40:48.174,0.2,7.8,0.10,0.05
2025-12-31 18:40:49.176,0.1,7.8,0.10,0.05
2025-12-31 18:40:50.177,0.0,7.8,0.10,0.05
2025-12-31 18:40:51.178,0.0,7.8,0.10,0.05
2025-12-31 18:40:52.179,0.1,7.8,0.09,0.05
2025-12-31 18:40:53.180,0.0,7.8,0.09,0.05
2025-12-31 18:40:54.182,0.1,7.8,0.10,0.05
2025-12-31 18:40:55.183,0.0,7.8,0.10,0.05
2025-12-31 18:40:56.184,0.0,7.8,0.10,0.05
2025-12-31 18:40:57.186,0.1,7.8,0.09,0.05
2025-12-31 18:40:58.188,0.2,7.8,0.10,0.05
2025-12-31 18:40:59.189,0.0,7.8,0.09,0.05
2025-12-31 18:41:00.191,0.0,7.8,0.10,0.05
2025-12-31 18:41:01.193,0.2,7.8,0.10,0.05
2025-12-31 18:41:02.194,0.0,7.8,0.09,0.05
2025-12-31 18:41:03.196,0.1,7.8,0.10,0.05
2025-12-31 18:41:04.197,0.0,7.8,0.10,0.05
2025-12-31 18:41:05.198,0.0,7.8,0.09,0.05
2025-12-31 18:41:06.200,0.1,7.8,0.10,0.05
2025-12-31 18:41:07.202,0.1,7.8,0.09,0.05
2025-12-31 18:41:08.204,0.0,7.8,0.10,0.05
2025-12-31 18:41:09.205,0.2,7.8,0.09,0.05
2025-12-31 18:41:10.207,0.2,7.8,0.10,0.05
2025-12-31 18:41:11.208,0.1,7.8,0.10,0.05
2025-12-31 18:41:12.210,0.0,7.8,0.09,0.05
2025-12-31 18:41:13.212,0.2,7.8,0.10,0.05
2025-12-31 18:41:14.214,0.1,7.8,0.09,0.05
2025-12-31 18:41:15.215,0.1,7.8,0.09,0.05
2025-12-31 18:41:16.216,0.2,7.8,0.09,0.05
2025-12-31 18:41:17.218,0.2,7.8,0.09,0.05
2025-12-31 18:41:18.219,0.2,7.8,0.09,0.05
2025-12-31 18:41:19.220,0.4,7.8,0.09,0.05
2025-12-31 18:41:20.222,0.2,7.8,0.09,0.05
2025-12-31 18:41:21.224,0.3,7.8,0.10,0.05
2025-12-31 18:41:22.225,0.4,7.8,0.10,0.05
2025-12-31 18:41:23.227,0.4,7.8,0.09,0.05
2025-12-31 18:41:24.228,0.5,7.8,0.09,0.05
2025-12-31 18:41:25.230,0.2,7.8,0.10,0.05
2025-12-31 18:41:26.231,0.4,7.8,0.09,0.05
2025-12-31 18:41:27.232,0.2,7.8,0.10,0.05
2025-12-31 18:41:28.234,0.5,7.8,0.09,0.05
2025-12-31 18:41:29.235,0.3,7.8,0.10,0.05
2025-12-31 18:41:30.237,0.2,7.8,0.09,0.05
2025-12-31 18:41:31.238,0.3,7.8,0.10,0.05
2025-12-31 18:41:32.240,0.2,7.8,0.09,0.05
2025-12-31 18:41:33.242,0.2,7.8,0.10,0.05
2025-12-31 18:41:34.244,0.2,7.8,0.09,0.05
2025-12-31 18:41:35.245,0.2,7.8,0.10,0.05
2025-12-31 18:41:36.247,0.2,7.8,0.09,0.05
2025-12-31 18:41:37.248,0.2,7.8,0.09,0.05
2025-12-31 18:41:38.250,0.1,7.8,0.09,0.05
2025-12-31 18:41:39.252,0.2,7.8,0.09,0.05
2025-12-31 18:41:40.253,0.0,7.8,0.09,0.05
2025-12-31 18:41:41.254,0.2,7.8,0.10,0.05
2025-12-31 18:41:42.255,0.2,7.8,0.10,0.05
2025-12-31 18:41:43.257,0.1,7.8,0.09,0.05
2025-12-31 18:41:44.259,0.2,7.8,0.10,0.05
2025-12-31 18:41:45.260,0.2,7.8,0.09,0.05
2025-12-31 18:41:46.262,0.2,7.8,0.10,0.05
2025-12-31 18:41:47.264,0.3,7.8,0.09,0.05
2025-12-31 18:41:48.265,0.1,7.8,0.09,0.05
2025-12-31 18:41:49.266,0.2,7.8,0.09,0.05
2025-12-31 18:41:50.268,0.0,7.8,0.09,0.05
2025-12-31 18:41:51.269,0.2,7.8,0.10,0.05
2025-12-31 18:41:52.270,0.2,7.8,0.09,0.05
2025-12-31 18:41:53.272,0.2,7.8,0.09,0.05
2025-12-31 18:41:54.274,0.3,7.8,0.09,0.05
2025-12-31 18:41:55.275,0.0,7.8,0.10,0.05
2025-12-31 18:41:56.276,0.2,7.8,0.10,0.05
2025-12-31 18:41:57.277,0.0,7.8,0.09,0.05
2025-12-31 18:41:58.278,0.1,7.8,0.10,0.05
2025-12-31 18:41:59.280,0.2,7.8,0.09,0.05
2025-12-31 18:42:00.281,0.2,7.8,0.09,0.05
2025-12-31 18:42:01.283,0.1,7.8,0.10,0.05
2025-12-31 18:42:02.285,0.2,7.8,0.09,0.05
2025-12-31 18:42:03.286,0.2,7.8,0.10,0.05
2025-12-31 18:42:04.287,0.2,7.8,0.09,0.05
2025-12-31 18:42:05.289,0.2,7.8,0.10,0.05
2025-12-31 18:42:06.290,0.2,7.8,0.10,0.05
2025-12-31 18:42:07.291,0.2,7.8,0.09,0.05
2025-12-31 18:42:08.293,0.2,7.8,0.09,0.05
2025-12-31 18:42:09.295,0.1,7.8,0.09,0.05
2025-12-31 18:42:10.296,0.1,7.8,0.10,0.05
2025-12-31 18:42:11.297,0.0,7.8,0.10,0.05
2025-12-31 18:42:12.299,0.2,7.8,0.09,0.05
2025-12-31 18:42:13.300,0.1,7.8,0.09,0.05
2025-12-31 18:42:14.301,0.1,7.8,0.09,0.05
2025-12-31 18:42:15.303,0.2,7.8,0.10,0.05
2025-12-31 18:42:16.304,0.0,7.8,0.09,0.05
2025-12-31 18:42:17.306,0.1,7.8,0.10,0.05
2025-12-31 18:42:18.307,0.0,7.8,0.09,0.05
2025-12-31 18:42:19.309,0.0,7.8,0.09,0.05
2025-12-31 18:42:20.310,0.1,7.8,0.09,0.05
2025-12-31 18:42:21.312,0.2,7.8,0.10,0.05
2025-12-31 18:42:22.313,0.1,7.8,0.09,0.05
2025-12-31 18:42:23.315,0.1,7.8,0.09,0.05
2025-12-31 18:42:24.316,0.1,7.8,0.09,0.05
2025-12-31 18:42:25.318,0.0,7.8,0.10,0.05
2025-12-31 18:42:26.320,0.1,7.8,0.09,0.05
2025-12-31 18:42:27.322,0.0,7.8,0.10,0.05
2025-12-31 18:42:28.324,0.1,7.8,0.10,0.05
2025-12-31 18:42:29.325,0.1,7.8,0.10,0.05
2025-12-31 18:42:30.326,0.1,7.8,0.09,0.05
2025-12-31 18:42:31.328,0.0,7.8,0.10,0.05
2025-12-31 18:42:32.330,0.0,7.8,0.09,0.05
2025-12-31 18:42:33.331,0.1,7.8,0.09,0.05
2025-12-31 18:42:34.333,0.0,7.8,0.09,0.05
2025-12-31 18:42:35.334,0.0,7.8,0.09,0.05
2025-12-31 18:42:36.336,0.1,7.8,0.09,0.05
2025-12-31 18:42:37.337,0.0,7.8,0.09,0.05
2025-12-31 18:42:38.339,0.2,7.8,0.09,0.05
2025-12-31 18:42:39.341,0.2,7.8,0.10,0.05
2025-12-31 18:42:40.342,0.1,7.8,0.09,0.05
2025-12-31 18:42:41.343,0.1,7.8,0.10,0.05
2025-12-31 18:42:42.345,0.1,7.8,0.09,0.05
2025-12-31 18:42:43.347,0.0,7.8,0.09,0.05
2025-12-31 18:42:44.348,0.1,7.8,0.09,0.05
2025-12-31 18:42:45.350,0.2,7.8,0.09,0.05
2025-12-31 18:42:46.351,0.1,7.8,0.09,0.05
2025-12-31 18:42:47.352,0.0,7.8,0.09,0.05
2025-12-31 18:42:48.354,0.0,7.8,0.10,0.06
2025-12-31 18:42:49.356,0.1,7.8,0.09,0.05
2025-12-31 18:42:50.358,0.0,7.8,0.10,0.05
2025-12-31 18:42:51.359,0.2,7.8,0.10,0.05
2025-12-31 18:42:52.360,0.0,7.8,0.09,0.05
2025-12-31 18:42:53.362,0.0,7.8,0.09,0.05
2025-12-31 18:42:54.364,0.0,7.8,0.09,0.05
2025-12-31 18:42:55.366,0.1,7.8,0.09,0.05
2025-12-31 18:42:56.367,0.1,7.8,0.09,0.05
2025-12-31 18:42:57.369,0.1,7.8,0.09,0.05
2025-12-31 18:42:58.371,0.1,7.8,0.09,0.05
2025-12-31 18:42:59.372,0.0,7.8,0.09,0.05
2025-12-31 18:43:00.374,0.0,7.8,0.10,0.05
2025-12-31 18:43:01.375,0.2,7.8,0.10,0.05
2025-12-31 18:43:02.376,0.1,7.8,0.09,0.05
2025-12-31 18:43:03.377,0.0,7.8,0.10,0.05
2025-12-31 18:43:04.379,0.1,7.8,0.09,0.05
2025-12-31 18:43:05.380,0.0,7.8,0.09,0.05
2025-12-31 18:43:06.382,0.1,7.8,0.09,0.05
2025-12-31 18:43:07.383,0.0,7.8,0.09,0.05
2025-12-31 18:43:08.385,0.2,7.8,0.09,0.05
2025-12-31 18:43:09.386,0.1,7.8,0.10,0.05
2025-12-31 18:43:10.387,0.0,7.8,0.09,0.05
2025-12-31 18:43:11.388,0.0,7.8,0.10,0.05
2025-12-31 18:43:12.390,0.2,7.8,0.10,0.05
2025-12-31 18:43:13.392,0.1,7.8,0.09,0.05
2025-12-31 18:43:14.393,0.0,7.8,0.09,0.05
2025-12-31 18:43:15.395,0.0,7.8,0.09,0.05
2025-12-31 18:43:16.396,0.1,7.8,0.09,0.05
2025-12-31 18:43:17.398,0.1,7.8,0.09,0.05
2025-12-31 18:43:18.400,0.1,7.8,0.09,0.05
2025-12-31 18:43:19.402,0.0,7.8,0.09,0.05
2025-12-31 18:43:20.403,0.0,7.8,0.09,0.05
2025-12-31 18:43:21.405,0.0,7.8,0.10,0.05
2025-12-31 18:43:22.406,0.2,7.8,0.10,0.05
2025-12-31 18:43:23.408,0.0,7.8,0.09,0.05
2025-12-31 18:43:24.409,0.1,7.8,0.09,0.05
2025-12-31 18:43:25.411,0.0,7.8,0.10,0.05
2025-12-31 18:43:26.413,0.0,7.8,0.10,0.05
2025-12-31 18:43:27.415,0.1,7.8,0.09,0.05
2025-12-31 18:43:28.417,0.0,7.8,0.10,0.05
2025-12-31 18:43:29.418,0.1,7.8,0.09,0.05
2025-12-31 18:43:30.420,0.1,7.8,0.10,0.05
2025-12-31 18:43:31.421,0.0,7.8,0.10,0.05
2025-12-31 18:43:32.423,0.2,7.8,0.10,0.05
2025-12-31 18:43:33.424,0.1,7.8,0.10,0.05
2025-12-31 18:43:34.426,0.1,7.8,0.09,0.05
2025-12-31 18:43:35.427,0.1,7.8,0.09,0.05
2025-12-31 18:43:36.429,0.1,7.8,0.09,0.05
2025-12-31 18:43:37.431,0.2,7.8,0.09,0.05
2025-12-31 18:43:38.433,0.0,7.8,0.09,0.05
2025-12-31 18:43:39.435,0.1,7.8,0.09,0.05
2025-12-31 18:43:40.436,0.0,7.8,0.09,0.05
2025-12-31 18:43:41.438,0.1,7.8,0.10,0.05
2025-12-31 18:43:42.440,0.0,7.8,0.09,0.05
2025-12-31 18:43:43.442,0.0,7.8,0.09,0.05
2025-12-31 18:43:44.443,0.1,7.8,0.10,0.05
2025-12-31 18:43:45.445,0.0,7.8,0.09,0.05
2025-12-31 18:43:46.446,0.1,7.8,0.09,0.05
2025-12-31 18:43:47.447,0.0,7.8,0.09,0.05
2025-12-31 18:43:48.449,0.1,7.8,0.09,0.05
2025-12-31 18:43:49.450,0.0,7.8,0.09,0.05
2025-12-31 18:43:50.452,0.1,7.8,0.10,0.05
2025-12-31 18:43:51.454,0.1,7.8,0.12,0.06
2025-12-31 18:43:52.456,0.2,7.8,0.09,0.05
2025-12-31 18:43:53.457,0.0,7.8,0.09,0.05
2025-12-31 18:43:54.458,0.0,7.8,0.09,0.05
2025-12-31 18:43:55.459,0.1,7.8,0.09,0.05
2025-12-31 18:43:56.461,0.0,7.8,0.10,0.05
2025-12-31 18:43:57.462,0.0,7.8,0.09,0.05
2025-12-31 18:43:58.464,0.0,7.8,0.10,0.05
2025-12-31 18:43:59.465,0.1,7.8,0.10,0.05
2025-12-31 18:44:00.467,0.2,7.8,0.09,0.05
2025-12-31 18:44:01.469,0.1,7.8,0.10,0.05
2025-12-31 18:44:02.471,0.1,7.8,0.09,0.05
2025-12-31 18:44:03.473,0.2,7.8,0.10,0.05
2025-12-31 18:44:04.474,0.1,7.8,0.10,0.06
2025-12-31 18:44:05.475,0.1,7.8,0.09,0.06
2025-12-31 18:44:06.476,0.2,7.8,0.10,0.06
2025-12-31 18:44:07.477,0.2,7.8,0.09,0.06
2025-12-31 18:44:08.478,0.1,7.8,0.09,0.05
2025-12-31 18:44:09.479,0.5,7.8,0.10,0.06
2025-12-31 18:44:10.481,0.2,7.8,0.09,0.05
2025-12-31 18:44:11.483,0.3,7.8,0.10,0.05
2025-12-31 18:44:12.484,0.2,7.8,0.09,0.05
2025-12-31 18:44:13.485,0.3,7.8,0.09,0.05
2025-12-31 18:44:14.486,0.4,7.8,0.09,0.05
2025-12-31 18:44:15.488,0.4,7.8,0.09,0.06
2025-12-31 18:44:16.490,0.3,7.8,0.09,0.05
2025-12-31 18:44:17.492,0.3,7.8,0.10,0.05
2025-12-31 18:44:18.493,0.3,7.8,0.10,0.05
2025-12-31 18:44:19.494,0.2,7.8,0.09,0.05
2025-12-31 18:44:20.495,0.4,7.8,0.09,0.05
2025-12-31 18:44:21.497,0.4,7.8,0.10,0.05
2025-12-31 18:44:22.498,0.2,7.8,0.09,0.05
2025-12-31 18:44:23.499,0.2,7.8,0.09,0.05
2025-12-31 18:44:24.500,0.2,7.8,0.10,0.05
2025-12-31 18:44:25.502,0.2,7.8,0.10,0.05
2025-12-31 18:44:26.503,0.3,7.8,0.09,0.05
2025-12-31 18:44:27.505,0.1,7.8,0.10,0.05
2025-12-31 18:44:28.507,0.2,7.8,0.10,0.05
2025-12-31 18:44:29.508,0.1,7.8,0.09,0.05
2025-12-31 18:44:30.509,0.2,7.8,0.09,0.05
2025-12-31 18:44:31.510,0.1,7.8,0.10,0.05
2025-12-31 18:44:32.512,0.2,7.8,0.10,0.05
2025-12-31 18:44:33.513,0.1,7.8,0.09,0.05
2025-12-31 18:44:34.516,0.2,7.8,0.09,0.05
2025-12-31 18:44:35.517,0.2,7.8,0.09,0.05
2025-12-31 18:44:36.518,0.1,7.8,0.09,0.05
2025-12-31 18:44:37.520,0.2,7.8,0.09,0.05
2025-12-31 18:44:38.522,0.3,7.8,0.10,0.05
2025-12-31 18:44:39.523,0.2,7.8,0.09,0.05
2025-12-31 18:44:40.525,0.1,7.8,0.10,0.05
2025-12-31 18:44:41.526,0.0,7.8,0.10,0.05
2025-12-31 18:44:42.528,0.3,7.8,0.10,0.06
2025-12-31 18:44:43.529,0.2,7.8,0.09,0.05
2025-12-31 18:44:44.530,0.2,7.8,0.09,0.05
2025-12-31 18:44:45.532,0.2,7.8,0.09,0.05
2025-12-31 18:44:46.533,0.4,7.8,0.09,0.05
2025-12-31 18:44:47.535,0.3,7.8,0.09,0.05
2025-12-31 18:44:48.537,0.2,7.8,0.09,0.05
2025-12-31 18:44:49.538,0.0,7.8,0.10,0.05
2025-12-31 18:44:50.540,0.1,7.8,0.09,0.05
2025-12-31 18:44:51.542,0.2,7.8,0.10,0.05
2025-12-31 18:44:52.544,0.2,7.8,0.10,0.05
2025-12-31 18:44:53.545,0.2,7.8,0.09,0.05
2025-12-31 18:44:54.546,0.0,7.8,0.09,0.05
2025-12-31 18:44:55.548,0.1,7.8,0.09,0.05
2025-12-31 18:44:56.551,0.2,7.8,0.09,0.05
2025-12-31 18:44:57.552,0.3,7.8,0.09,0.05
2025-12-31 18:44:58.554,0.2,7.8,0.09,0.05
2025-12-31 18:44:59.556,0.1,7.8,0.09,0.05
2025-12-31 18:45:00.557,0.2,7.8,0.10,0.05
2025-12-31 18:45:01.558,0.2,7.8,0.10,0.05
2025-12-31 18:45:02.560,0.1,7.8,0.09,0.05
2025-12-31 18:45:03.561,0.2,7.8,0.10,0.05
2025-12-31 18:45:04.563,0.1,7.8,0.09,0.06
2025-12-31 18:45:05.565,0.2,7.8,0.09,0.07
2025-12-31 18:45:06.567,0.2,7.8,0.09,0.06
2025-12-31 18:45:07.569,0.1,7.8,0.09,0.05
2025-12-31 18:45:08.570,0.1,7.8,0.09,0.06
2025-12-31 18:45:09.572,0.0,7.8,0.10,0.05
2025-12-31 18:45:10.572,0.1,7.8,0.10,0.06
2025-12-31 18:45:11.573,0.0,7.8,0.10,0.05
2025-12-31 18:45:12.575,0.2,7.8,0.10,0.06
2025-12-31 18:45:13.576,0.1,7.8,0.09,0.05
2025-12-31 18:45:14.578,0.0,7.8,0.09,0.05
2025-12-31 18:45:15.579,0.2,7.8,0.09,0.05
2025-12-31 18:45:16.581,0.1,7.8,0.09,0.05
2025-12-31 18:45:17.583,0.1,7.8,0.09,0.05
2025-12-31 18:45:18.584,0.0,7.8,0.09,0.05
2025-12-31 18:45:19.585,0.0,7.8,0.09,0.05
2025-12-31 18:45:20.586,0.1,7.8,0.10,0.06
2025-12-31 18:45:21.588,0.1,7.8,0.10,0.05
2025-12-31 18:45:22.589,0.0,7.8,0.10,0.05
2025-12-31 18:45:23.590,0.0,7.8,0.09,0.05
2025-12-31 18:45:24.591,0.1,7.8,0.09,0.05
2025-12-31 18:45:25.593,0.0,7.8,0.10,0.05
2025-12-31 18:45:26.595,0.1,7.8,0.09,0.05
2025-12-31 18:45:27.596,0.0,7.8,0.09,0.05
2025-12-31 18:45:28.598,0.1,7.8,0.10,0.05
2025-12-31 18:45:29.600,0.0,7.8,0.09,0.05
2025-12-31 18:45:30.602,0.1,7.8,0.09,0.05
2025-12-31 18:45:31.604,0.0,7.8,0.10,0.05
2025-12-31 18:45:32.606,0.1,7.8,0.09,0.05
2025-12-31 18:45:33.608,0.1,7.8,0.10,0.05
2025-12-31 18:45:34.609,0.0,7.8,0.10,0.05
2025-12-31 18:45:35.612,0.1,7.8,0.09,0.05
2025-12-31 18:45:36.613,0.1,7.8,0.09,0.05
2025-12-31 18:45:37.615,0.1,7.8,0.10,0.05
2025-12-31 18:45:38.617,0.1,7.8,0.09,0.05
2025-12-31 18:45:39.619,0.0,7.8,0.09,0.05
2025-12-31 18:45:40.621,0.0,7.8,0.09,0.05
2025-12-31 18:45:41.623,0.0,7.8,0.10,0.05
2025-12-31 18:45:42.625,0.1,7.8,0.09,0.05
2025-12-31 18:45:43.626,0.1,7.8,0.09,0.05
2025-12-31 18:45:44.628,0.0,7.8,0.10,0.05
2025-12-31 18:45:45.629,0.1,7.8,0.09,0.05
2025-12-31 18:45:46.631,0.1,7.8,0.09,0.05
2025-12-31 18:45:47.632,0.0,7.8,0.09,0.05
2025-12-31 18:45:48.634,0.1,7.8,0.09,0.05
2025-12-31 18:45:49.635,0.1,7.8,0.09,0.05
2025-12-31 18:45:50.637,0.0,7.8,0.09,0.05
2025-12-31 18:45:51.639,0.1,7.8,0.10,0.05
2025-12-31 18:45:52.641,0.0,7.8,0.09,0.05
2025-12-31 18:45:53.643,0.0,7.8,0.09,0.05
2025-12-31 18:45:54.644,0.1,7.8,0.09,0.05
2025-12-31 18:45:55.646,0.1,7.8,0.10,0.05
2025-12-31 18:45:56.647,0.0,7.8,0.09,0.05
2025-12-31 18:45:57.648,0.1,7.8,0.10,0.05
2025-12-31 18:45:58.650,0.0,7.8,0.10,0.05
2025-12-31 18:45:59.652,0.1,7.8,0.09,0.05
2025-12-31 18:46:00.654,0.0,7.8,0.09,0.05
2025-12-31 18:46:01.655,0.1,7.8,0.10,0.06
2025-12-31 18:46:02.657,0.0,7.8,0.09,0.05
2025-12-31 18:46:03.658,0.0,7.8,0.09,0.05
2025-12-31 18:46:04.660,0.1,7.8,0.09,0.05
2025-12-31 18:46:05.661,0.0,7.8,0.10,0.05
2025-12-31 18:46:06.663,0.1,7.8,0.10,0.05
2025-12-31 18:46:07.665,0.2,7.8,0.10,0.05
2025-12-31 18:46:08.667,0.0,7.8,0.09,0.05
2025-12-31 18:46:09.669,0.1,7.8,0.10,0.05
2025-12-31 18:46:10.670,0.0,7.8,0.09,0.05
2025-12-31 18:46:11.672,0.1,7.8,0.10,0.05
2025-12-31 18:46:12.673,0.0,7.8,0.09,0.05
2025-12-31 18:46:13.674,0.1,7.8,0.10,0.05
2025-12-31 18:46:14.675,0.1,7.8,0.09,0.05
2025-12-31 18:46:15.677,0.1,7.8,0.09,0.05
2025-12-31 18:46:16.679,0.1,7.8,0.09,0.05
2025-12-31 18:46:17.680,0.0,7.8,0.10,0.05
2025-12-31 18:46:18.682,0.0,7.8,0.09,0.05
2025-12-31 18:46:19.683,0.2,7.8,0.09,0.05
2025-12-31 18:46:20.684,0.0,7.8,0.09,0.05
2025-12-31 18:46:21.685,0.1,7.8,0.10,0.05
2025-12-31 18:46:22.687,0.0,7.8,0.09,0.05
2025-12-31 18:46:23.689,0.0,7.8,0.09,0.05
2025-12-31 18:46:24.690,0.1,7.8,0.10,0.05
2025-12-31 18:46:25.691,0.0,7.8,0.10,0.05
2025-12-31 18:46:26.692,0.0,7.8,0.09,0.05
2025-12-31 18:46:27.694,0.1,7.8,0.09,0.05
2025-12-31 18:46:28.695,0.0,7.8,0.09,0.05
2025-12-31 18:46:29.696,0.1,7.8,0.09,0.05
2025-12-31 18:46:30.698,0.1,7.8,0.09,0.05
2025-12-31 18:46:31.700,0.1,7.8,0.10,0.05
2025-12-31 18:46:32.701,0.0,7.8,0.09,0.05
2025-12-31 18:46:33.702,0.0,7.8,0.09,0.05
2025-12-31 18:46:34.703,0.0,7.8,0.09,0.05
2025-12-31 18:46:35.705,0.0,7.8,0.09,0.05
2025-12-31 18:46:36.706,0.1,7.8,0.10,0.06
2025-12-31 18:46:37.708,0.0,7.8,0.09,0.05
2025-12-31 18:46:38.709,0.2,7.8,0.09,0.05
2025-12-31 18:46:39.710,0.0,7.8,0.10,0.05
2025-12-31 18:46:40.712,0.2,7.8,0.09,0.05
2025-12-31 18:46:41.713,0.0,7.8,0.10,0.05
2025-12-31 18:46:42.715,0.0,7.8,0.09,0.05
2025-12-31 18:46:43.717,0.1,7.8,0.09,0.05
2025-12-31 18:46:44.719,0.1,7.8,0.09,0.05
2025-12-31 18:46:45.721,0.0,7.8,0.09,0.05
2025-12-31 18:46:46.722,0.1,7.8,0.09,0.05
2025-12-31 18:46:47.724,0.1,7.8,0.09,0.05
2025-12-31 18:46:48.726,0.1,7.8,0.10,0.05
2025-12-31 18:46:49.727,0.0,7.8,0.09,0.05
2025-12-31 18:46:50.728,0.1,7.8,0.10,0.05
2025-12-31 18:46:51.730,0.1,7.8,0.10,0.05
2025-12-31 18:46:52.731,0.1,7.8,0.09,0.05
2025-12-31 18:46:53.733,0.1,7.8,0.09,0.05
2025-12-31 18:46:54.735,0.1,7.8,0.09,0.05
2025-12-31 18:46:55.736,0.2,7.8,0.09,0.05
2025-12-31 18:46:56.738,0.2,7.8,0.09,0.05
2025-12-31 18:46:57.739,0.1,7.8,0.09,0.05
2025-12-31 18:46:58.740,0.1,7.8,0.10,0.05
2025-12-31 18:46:59.741,0.1,7.8,0.09,0.05
2025-12-31 18:47:00.743,0.3,7.8,0.09,0.05
2025-12-31 18:47:01.745,0.2,7.8,0.10,0.05
2025-12-31 18:47:02.746,0.2,7.8,0.09,0.05
2025-12-31 18:47:03.748,0.2,7.8,0.09,0.05
2025-12-31 18:47:04.750,0.2,7.8,0.09,0.05
2025-12-31 18:47:05.751,0.4,7.8,0.09,0.05
2025-12-31 18:47:06.753,0.2,7.8,0.09,0.05
2025-12-31 18:47:07.755,0.2,7.8,0.10,0.05
2025-12-31 18:47:08.757,0.3,7.8,0.09,0.05
2025-12-31 18:47:09.759,0.5,7.8,0.09,0.05
2025-12-31 18:47:10.760,0.3,7.8,0.10,0.05
2025-12-31 18:47:11.761,0.2,7.8,0.10,0.05
2025-12-31 18:47:12.763,0.3,7.8,0.10,0.05
2025-12-31 18:47:13.765,0.2,7.8,0.09,0.05
2025-12-31 18:47:14.768,0.4,7.8,0.10,0.05
2025-12-31 18:47:15.769,0.2,7.8,0.10,0.05
2025-12-31 18:47:16.770,0.4,7.8,0.09,0.05
2025-12-31 18:47:17.771,0.3,7.8,0.09,0.05
2025-12-31 18:47:18.772,0.2,7.8,0.10,0.05
2025-12-31 18:47:19.774,0.3,7.8,0.09,0.05
2025-12-31 18:47:20.776,0.2,7.8,0.09,0.05
2025-12-31 18:47:21.777,0.1,7.8,0.10,0.05
2025-12-31 18:47:22.779,0.1,7.8,0.09,0.05
2025-12-31 18:47:23.781,0.2,7.8,0.10,0.05
2025-12-31 18:47:24.782,0.1,7.8,0.10,0.05
2025-12-31 18:47:25.783,0.3,7.8,0.09,0.05
2025-12-31 18:47:26.785,0.1,7.8,0.09,0.05
2025-12-31 18:47:27.787,0.2,7.8,0.09,0.05
2025-12-31 18:47:28.789,0.2,7.8,0.10,0.05
2025-12-31 18:47:29.791,0.2,7.8,0.09,0.05
2025-12-31 18:47:30.792,0.1,7.8,0.09,0.05
2025-12-31 18:47:31.794,0.2,7.8,0.10,0.05
2025-12-31 18:47:32.796,0.2,7.8,0.09,0.05
2025-12-31 18:47:33.797,0.1,7.8,0.09,0.05
2025-12-31 18:47:34.799,0.2,7.8,0.10,0.05
2025-12-31 18:47:35.800,0.1,7.8,0.09,0.05
2025-12-31 18:47:36.801,0.2,7.8,0.09,0.05
2025-12-31 18:47:37.803,0.0,7.8,0.09,0.05
2025-12-31 18:47:38.804,0.2,7.8,0.10,0.05
2025-12-31 18:47:39.806,0.2,7.8,0.09,0.05
2025-12-31 18:47:40.808,0.1,7.8,0.09,0.05
2025-12-31 18:47:41.809,0.2,7.8,0.10,0.05
2025-12-31 18:47:42.811,0.1,7.8,0.10,0.05
2025-12-31 18:47:43.813,0.2,7.8,0.09,0.05
2025-12-31 18:47:44.815,0.2,7.8,0.09,0.05
2025-12-31 18:47:45.816,0.2,7.8,0.10,0.05
2025-12-31 18:47:46.818,0.2,7.8,0.09,0.05
2025-12-31 18:47:47.819,0.1,7.8,0.09,0.05
2025-12-31 18:47:48.821,0.1,7.8,0.09,0.05
2025-12-31 18:47:49.822,0.2,7.8,0.09,0.05
2025-12-31 18:47:50.824,0.0,7.8,0.09,0.05
2025-12-31 18:47:51.826,0.2,7.8,0.10,0.05
2025-12-31 18:47:52.827,0.3,7.8,0.10,0.05
2025-12-31 18:47:53.828,0.2,7.8,0.09,0.05
2025-12-31 18:47:54.829,0.2,7.8,0.09,0.05
2025-12-31 18:47:55.830,0.4,7.8,0.09,0.05
2025-12-31 18:47:56.832,0.1,7.8,0.10,0.05
2025-12-31 18:47:57.833,0.1,7.8,0.09,0.05
2025-12-31 18:47:58.834,0.2,7.8,0.09,0.05
2025-12-31 18:47:59.836,0.2,7.8,0.09,0.05
2025-12-31 18:48:00.838,0.1,7.8,0.09,0.05
2025-12-31 18:48:01.840,0.1,7.8,0.10,0.05
2025-12-31 18:48:02.841,0.0,7.8,0.09,0.05
2025-12-31 18:48:03.843,0.1,7.8,0.09,0.05
2025-12-31 18:48:04.844,0.0,7.8,0.10,0.05
2025-12-31 18:48:05.846,0.1,7.8,0.09,0.05
2025-12-31 18:48:06.847,0.1,7.8,0.09,0.05
2025-12-31 18:48:07.848,0.1,7.8,0.10,0.05
2025-12-31 18:48:08.849,0.1,7.8,0.09,0.05
2025-12-31 18:48:09.851,0.1,7.8,0.10,0.05
2025-12-31 18:48:10.852,0.2,7.8,0.09,0.05
2025-12-31 18:48:11.854,0.1,7.8,0.10,0.05
2025-12-31 18:48:12.856,0.1,7.8,0.09,0.05
2025-12-31 18:48:13.857,0.1,7.8,0.09,0.05
2025-12-31 18:48:14.858,0.0,7.8,0.09,0.05
2025-12-31 18:48:15.860,0.1,7.8,0.09,0.05
2025-12-31 18:48:16.861,0.1,7.8,0.09,0.05
2025-12-31 18:48:17.863,0.0,7.8,0.09,0.05
2025-12-31 18:48:18.865,0.1,7.8,0.10,0.05
2025-12-31 18:48:19.866,0.2,7.8,0.09,0.05
2025-12-31 18:48:20.867,0.0,7.8,0.09,0.05
2025-12-31 18:48:21.868,0.0,7.8,0.10,0.05
2025-12-31 18:48:22.869,0.1,7.8,0.09,0.05
2025-12-31 18:48:23.871,0.1,7.8,0.09,0.05
2025-12-31 18:48:24.872,0.0,7.8,0.09,0.05
2025-12-31 18:48:25.874,0.1,7.8,0.10,0.05
2025-12-31 18:48:26.875,0.0,7.8,0.10,0.05
2025-12-31 18:48:27.876,0.1,7.8,0.09,0.05
2025-12-31 18:48:28.878,0.0,7.8,0.09,0.05
2025-12-31 18:48:29.879,0.1,7.8,0.10,0.05
2025-12-31 18:48:30.880,0.2,7.8,0.09,0.05
2025-12-31 18:48:31.882,0.0,7.8,0.10,0.05
2025-12-31 18:48:32.884,0.0,7.8,0.09,0.05
2025-12-31 18:48:33.885,0.1,7.8,0.09,0.05
2025-12-31 18:48:34.887,0.0,7.8,0.09,0.05
2025-12-31 18:48:35.888,0.1,7.8,0.09,0.05
2025-12-31 18:48:36.890,0.1,7.8,0.09,0.05
2025-12-31 18:48:37.891,0.1,7.8,0.09,0.05
2025-12-31 18:48:38.893,0.2,7.8,0.09,0.05
2025-12-31 18:48:39.895,0.0,7.8,0.09,0.05
2025-12-31 18:48:40.897,0.1,7.8,0.10,0.05
2025-12-31 18:48:41.898,0.0,7.8,0.10,0.05
2025-12-31 18:48:42.900,0.1,7.8,0.10,0.05
2025-12-31 18:48:43.902,0.1,7.8,0.09,0.05
2025-12-31 18:48:44.904,0.0,7.8,0.09,0.05
2025-12-31 18:48:45.906,0.2,7.8,0.09,0.05
2025-12-31 18:48:46.907,0.1,7.8,0.09,0.05
2025-12-31 18:48:47.908,0.0,7.8,0.10,0.05
2025-12-31 18:48:48.909,0.1,7.8,0.09,0.05
2025-12-31 18:48:49.910,0.1,7.8,0.09,0.05
2025-12-31 18:48:50.912,0.0,7.8,0.09,0.05
2025-12-31 18:48:51.913,0.1,7.8,0.10,0.05
2025-12-31 18:48:52.915,0.0,7.8,0.09,0.05
2025-12-31 18:48:53.916,0.1,7.8,0.09,0.05
2025-12-31 18:48:54.917,0.1,7.8,0.09,0.05
2025-12-31 18:48:55.919,0.0,7.8,0.09,0.05
2025-12-31 18:48:56.921,0.0,7.8,0.09,0.05
2025-12-31 18:48:57.922,0.1,7.8,0.09,0.05
2025-12-31 18:48:58.923,0.2,7.8,0.10,0.05
2025-12-31 18:48:59.924,0.1,7.8,0.10,0.05
2025-12-31 18:49:00.925,0.0,7.8,0.09,0.05
2025-12-31 18:49:01.926,0.0,7.8,0.10,0.05
2025-12-31 18:49:02.927,0.1,7.8,0.10,0.05
2025-12-31 18:49:03.929,0.0,7.8,0.10,0.05
2025-12-31 18:49:04.930,0.1,7.8,0.09,0.05
2025-12-31 18:49:05.932,0.0,7.8,0.09,0.05
2025-12-31 18:49:06.933,0.0,7.8,0.09,0.05
2025-12-31 18:49:07.934,0.1,7.8,0.10,0.05
2025-12-31 18:49:08.936,0.0,7.8,0.09,0.05
2025-12-31 18:49:09.938,0.1,7.8,0.09,0.05
2025-12-31 18:49:10.940,0.0,7.8,0.09,0.05
2025-12-31 18:49:11.942,0.1,7.8,0.10,0.05
2025-12-31 18:49:12.943,0.0,7.8,0.09,0.05
2025-12-31 18:49:13.945,0.2,7.8,0.10,0.06
2025-12-31 18:49:14.946,0.0,7.8,0.12,0.05
2025-12-31 18:49:15.947,0.0,7.8,0.09,0.05
2025-12-31 18:49:16.948,0.1,7.8,0.10,0.05
2025-12-31 18:49:17.949,0.1,7.8,0.09,0.04
2025-12-31 18:49:18.950,0.0,7.8,0.10,0.05
2025-12-31 18:49:19.952,0.1,7.8,0.09,0.05
2025-12-31 18:49:20.953,0.0,7.8,0.10,0.05
2025-12-31 18:49:21.955,0.1,7.8,0.10,0.05
2025-12-31 18:49:22.956,0.0,7.8,0.10,0.05
2025-12-31 18:49:23.958,0.0,7.8,0.09,0.05
2025-12-31 18:49:24.959,0.0,7.8,0.10,0.05
2025-12-31 18:49:25.960,0.2,7.8,0.09,0.05
2025-12-31 18:49:26.962,0.1,7.8,0.10,0.05
2025-12-31 18:49:27.963,0.1,7.8,0.10,0.05
2025-12-31 18:49:28.965,0.1,7.8,0.09,0.05
2025-12-31 18:49:29.966,0.1,7.8,0.10,0.05
2025-12-31 18:49:30.967,0.1,7.8,0.09,0.05
2025-12-31 18:49:31.968,0.1,7.8,0.10,0.05
2025-12-31 18:49:32.969,0.0,7.8,0.09,0.05
2025-12-31 18:49:33.970,0.1,7.8,0.09,0.05
2025-12-31 18:49:34.972,0.0,7.8,0.09,0.05
2025-12-31 18:49:35.973,0.1,7.8,0.10,0.05
2025-12-31 18:49:36.975,0.0,7.8,0.09,0.05
2025-12-31 18:49:37.977,0.1,7.8,0.09,0.05
2025-12-31 18:49:38.978,0.2,7.8,0.09,0.05
2025-12-31 18:49:39.980,0.0,7.8,0.09,0.05
2025-12-31 18:49:40.982,0.1,7.8,0.09,0.05
2025-12-31 18:49:41.984,0.1,7.8,0.10,0.05
2025-12-31 18:49:42.986,0.0,7.8,0.10,0.05
2025-12-31 18:49:43.988,0.1,7.8,0.10,0.05
2025-12-31 18:49:44.989,0.0,7.8,0.09,0.05
2025-12-31 18:49:45.990,0.1,7.8,0.10,0.05
2025-12-31 18:49:46.992,0.1,7.8,0.10,0.05
2025-12-31 18:49:47.994,0.0,7.8,0.09,0.05
2025-12-31 18:49:48.996,0.1,7.8,0.09,0.05
2025-12-31 18:49:49.997,0.1,7.8,0.09,0.05
2025-12-31 18:49:51.000,0.2,7.8,0.09,0.05
2025-12-31 18:49:52.001,0.0,7.8,0.10,0.05
2025-12-31 18:49:53.003,0.1,7.8,0.09,0.05
2025-12-31 18:49:54.004,0.1,7.8,0.09,0.05
2025-12-31 18:49:55.006,0.2,7.8,0.09,0.05
2025-12-31 18:49:56.007,0.2,7.8,0.09,0.05
2025-12-31 18:49:57.008,0.2,7.8,0.09,0.05
2025-12-31 18:49:58.010,0.2,7.8,0.10,0.05
2025-12-31 18:49:59.012,0.2,7.8,0.09,0.05
2025-12-31 18:50:00.013,0.2,7.8,0.10,0.05
2025-12-31 18:50:01.015,0.2,7.8,0.10,0.05
2025-12-31 18:50:02.016,0.2,7.8,0.10,0.05
2025-12-31 18:50:03.017,0.4,7.8,0.09,0.05
2025-12-31 18:50:04.019,0.2,7.8,0.09,0.05
2025-12-31 18:50:05.021,0.2,7.8,0.09,0.05
2025-12-31 18:50:06.022,0.4,7.8,0.10,0.05
2025-12-31 18:50:07.024,0.2,7.8,0.09,0.05
2025-12-31 18:50:08.025,0.3,7.8,0.09,0.05
2025-12-31 18:50:09.026,0.2,7.8,0.10,0.05
2025-12-31 18:50:10.028,0.2,7.8,0.09,0.04
2025-12-31 18:50:11.029,0.4,7.8,0.10,0.05
2025-12-31 18:50:12.030,0.2,7.8,0.10,0.05
2025-12-31 18:50:13.032,0.2,7.8,0.09,0.05
2025-12-31 18:50:14.034,0.2,7.8,0.10,0.05
2025-12-31 18:50:15.035,0.3,7.8,0.10,0.05
2025-12-31 18:50:16.037,0.2,7.8,0.09,0.05
2025-12-31 18:50:17.039,0.2,7.8,0.09,0.05
2025-12-31 18:50:18.040,0.2,7.8,0.09,0.05
2025-12-31 18:50:19.042,0.2,7.8,0.09,0.05
2025-12-31 18:50:20.044,0.1,7.8,0.10,0.05
2025-12-31 18:50:21.046,0.2,7.8,0.09,0.05
2025-12-31 18:50:22.048,0.2,7.8,0.10,0.05
2025-12-31 18:50:23.049,0.2,7.8,0.09,0.05
2025-12-31 18:50:24.050,0.1,7.8,0.10,0.06
2025-12-31 18:50:25.052,0.1,7.8,0.10,0.05
2025-12-31 18:50:26.053,0.2,7.8,0.09,0.05
2025-12-31 18:50:27.056,0.1,7.8,0.09,0.05
2025-12-31 18:50:28.057,0.2,7.8,0.09,0.05
2025-12-31 18:50:29.059,0.0,7.8,0.09,0.05
2025-12-31 18:50:30.061,0.2,7.8,0.09,0.05
2025-12-31 18:50:31.062,0.2,7.8,0.10,0.05
2025-12-31 18:50:32.064,0.2,7.8,0.10,0.05
2025-12-31 18:50:33.066,0.1,7.8,0.09,0.05
2025-12-31 18:50:34.067,0.1,7.8,0.10,0.05
2025-12-31 18:50:35.068,0.2,7.8,0.09,0.05
2025-12-31 18:50:36.070,0.2,7.8,0.09,0.05
2025-12-31 18:50:37.071,0.2,7.8,0.09,0.05
2025-12-31 18:50:38.073,0.2,7.8,0.09,0.05
2025-12-31 18:50:39.075,0.2,7.8,0.09,0.05
2025-12-31 18:50:40.076,0.3,7.8,0.09,0.05
2025-12-31 18:50:41.077,0.1,7.8,0.09,0.05
2025-12-31 18:50:42.079,0.2,7.8,0.10,0.05
2025-12-31 18:50:43.080,0.4,7.8,0.09,0.05
2025-12-31 18:50:44.082,0.1,7.8,0.09,0.05
2025-12-31 18:50:45.083,0.2,7.8,0.10,0.05
2025-12-31 18:50:46.084,0.2,7.8,0.09,0.05
2025-12-31 18:50:47.085,0.3,7.8,0.09,0.05
2025-12-31 18:50:48.087,0.2,7.8,0.10,0.05
2025-12-31 18:50:49.089,0.2,7.8,0.10,0.05
2025-12-31 18:50:50.090,0.1,7.8,0.09,0.05
2025-12-31 18:50:51.092,0.1,7.8,0.09,0.05
2025-12-31 18:50:52.094,0.2,7.8,0.10,0.05
2025-12-31 18:50:53.095,0.2,7.8,0.10,0.05
2025-12-31 18:50:54.096,0.1,7.8,0.10,0.05
2025-12-31 18:50:55.097,0.1,7.8,0.09,0.05
2025-12-31 18:50:56.099,0.2,7.8,0.09,0.05
2025-12-31 18:50:57.100,0.2,7.8,0.10,0.05
2025-12-31 18:50:58.102,0.1,7.8,0.10,0.05
2025-12-31 18:50:59.104,0.3,7.8,0.09,0.05
2025-12-31 18:51:00.105,0.0,7.8,0.09,0.05
2025-12-31 18:51:01.107,0.1,7.8,0.09,0.05
2025-12-31 18:51:02.109,0.1,7.8,0.10,0.05
2025-12-31 18:51:03.110,0.0,7.8,0.09,0.05
2025-12-31 18:51:04.112,0.1,7.8,0.10,0.05
2025-12-31 18:51:05.113,0.2,7.8,0.09,0.05
2025-12-31 18:51:06.115,0.1,7.8,0.10,0.05
2025-12-31 18:51:07.116,0.1,7.8,0.09,0.05
2025-12-31 18:51:08.118,0.0,7.8,0.09,0.05
2025-12-31 18:51:09.120,0.1,7.8,0.09,0.05
2025-12-31 18:51:10.122,0.1,7.8,0.09,0.05
2025-12-31 18:51:11.123,0.0,7.8,0.09,0.05
2025-12-31 18:51:12.125,0.1,7.8,0.10,0.05
2025-12-31 18:51:13.126,0.1,7.8,0.09,0.05
2025-12-31 18:51:14.128,0.2,7.8,0.09,0.05
2025-12-31 18:51:15.130,0.1,7.8,0.10,0.05
2025-12-31 18:51:16.132,0.0,7.8,0.10,0.05
2025-12-31 18:51:17.133,0.2,7.8,0.09,0.05
2025-12-31 18:51:18.134,0.0,7.8,0.09,0.05
2025-12-31 18:51:19.136,0.2,7.8,0.09,0.05
2025-12-31 18:51:20.137,0.0,7.8,0.09,0.05
2025-12-31 18:51:21.139,0.1,7.8,0.09,0.05
2025-12-31 18:51:22.140,0.1,7.8,0.10,0.05
2025-12-31 18:51:23.143,0.2,7.8,0.09,0.05
2025-12-31 18:51:24.145,0.0,7.8,0.10,0.05
2025-12-31 18:51:25.146,0.0,7.8,0.10,0.05
2025-12-31 18:51:26.148,0.0,7.8,0.10,0.05
2025-12-31 18:51:27.150,0.0,7.8,0.09,0.05
2025-12-31 18:51:28.152,0.1,7.8,0.09,0.05
2025-12-31 18:51:29.153,0.1,7.8,0.10,0.05
2025-12-31 18:51:30.154,0.0,7.8,0.10,0.05
2025-12-31 18:51:31.155,0.0,7.8,0.09,0.05
2025-12-31 18:51:32.156,0.1,7.8,0.10,0.05
2025-12-31 18:51:33.158,0.2,7.8,0.09,0.05
2025-12-31 18:51:34.160,0.0,7.8,0.09,0.05
2025-12-31 18:51:35.161,0.0,7.8,0.10,0.05
2025-12-31 18:51:36.162,0.0,7.8,0.09,0.05
2025-12-31 18:51:37.163,0.1,7.8,0.10,0.05
2025-12-31 18:51:38.164,0.1,7.8,0.09,0.05
2025-12-31 18:51:39.166,0.1,7.8,0.09,0.05
2025-12-31 18:51:40.167,0.1,7.8,0.09,0.05
2025-12-31 18:51:41.169,0.1,7.8,0.09,0.05
2025-12-31 18:51:42.170,0.0,7.8,0.10,0.05
2025-12-31 18:51:43.171,0.1,7.8,0.10,0.05
2025-12-31 18:51:44.173,0.0,7.8,0.09,0.05
2025-12-31 18:51:45.175,0.1,7.8,0.09,0.05
2025-12-31 18:51:46.177,0.2,7.8,0.09,0.05
2025-12-31 18:51:47.178,0.1,7.8,0.10,0.05
2025-12-31 18:51:48.180,0.1,7.8,0.10,0.05
2025-12-31 18:51:49.181,0.1,7.8,0.09,0.05
2025-12-31 18:51:50.183,0.1,7.8,0.09,0.05
2025-12-31 18:51:51.185,0.0,7.8,0.09,0.05
2025-12-31 18:51:52.186,0.0,7.8,0.10,0.05
2025-12-31 18:51:53.188,0.1,7.8,0.10,0.05
2025-12-31 18:51:54.189,0.0,7.8,0.09,0.05
2025-12-31 18:51:55.191,0.1,7.8,0.09,0.05
2025-12-31 18:51:56.192,0.0,7.8,0.09,0.05
2025-12-31 18:51:57.194,0.0,7.8,0.09,0.05
2025-12-31 18:51:58.195,0.2,7.8,0.10,0.05
2025-12-31 18:51:59.197,0.0,7.8,0.09,0.05
2025-12-31 18:52:00.199,0.0,7.8,0.10,0.05
2025-12-31 18:52:01.201,0.0,7.8,0.09,0.05
2025-12-31 18:52:02.202,0.2,7.8,0.10,0.05
2025-12-31 18:52:03.203,0.0,7.8,0.09,0.05
2025-12-31 18:52:04.204,0.1,7.8,0.10,0.05
2025-12-31 18:52:05.205,0.1,7.8,0.09,0.05
2025-12-31 18:52:06.207,0.0,7.8,0.09,0.05
2025-12-31 18:52:07.209,0.1,7.8,0.09,0.05
2025-12-31 18:52:08.211,0.1,7.8,0.09,0.05
2025-12-31 18:52:09.212,0.1,7.8,0.10,0.05
2025-12-31 18:52:10.214,0.0,7.8,0.10,0.05
2025-12-31 18:52:11.215,0.0,7.8,0.09,0.05
2025-12-31 18:52:12.217,0.0,7.8,0.10,0.05
2025-12-31 18:52:13.218,0.0,7.8,0.09,0.05
2025-12-31 18:52:14.220,0.1,7.8,0.09,0.05
2025-12-31 18:52:15.222,0.0,7.8,0.09,0.05
2025-12-31 18:52:16.223,0.1,7.8,0.09,0.05
2025-12-31 18:52:17.225,0.1,7.8,0.10,0.05
2025-12-31 18:52:18.226,0.0,7.8,0.10,0.05
2025-12-31 18:52:19.227,0.1,7.8,0.09,0.05
2025-12-31 18:52:20.229,0.1,7.8,0.09,0.05
2025-12-31 18:52:21.230,0.0,7.8,0.10,0.05
2025-12-31 18:52:22.232,0.0,7.8,0.10,0.05
2025-12-31 18:52:23.233,0.1,7.8,0.09,0.05
2025-12-31 18:52:24.234,0.2,7.8,0.10,0.05
2025-12-31 18:52:25.236,0.1,7.8,0.10,0.05
2025-12-31 18:52:26.237,0.0,7.8,0.09,0.05
2025-12-31 18:52:27.238,0.0,7.8,0.09,0.05
2025-12-31 18:52:28.239,0.1,7.8,0.09,0.05
2025-12-31 18:52:29.240,0.1,7.8,0.09,0.05
2025-12-31 18:52:30.242,0.0,7.8,0.10,0.05
2025-12-31 18:52:31.244,0.1,7.8,0.09,0.05
2025-12-31 18:52:32.246,0.0,7.8,0.10,0.05
2025-12-31 18:52:33.248,0.0,7.8,0.09,0.05
2025-12-31 18:52:34.250,0.0,7.8,0.09,0.05
2025-12-31 18:52:35.252,0.0,7.8,0.09,0.05
2025-12-31 18:52:36.253,0.1,7.8,0.09,0.05
2025-12-31 18:52:37.255,0.1,7.8,0.09,0.05
2025-12-31 18:52:38.257,0.0,7.8,0.09,0.05
2025-12-31 18:52:39.258,0.2,7.8,0.09,0.05
2025-12-31 18:52:40.260,0.0,7.8,0.09,0.05
2025-12-31 18:52:41.261,0.0,7.8,0.09,0.05
2025-12-31 18:52:42.262,0.1,7.8,0.10,0.05
2025-12-31 18:52:43.264,0.0,7.8,0.10,0.05
2025-12-31 18:52:44.265,0.1,7.8,0.09,0.05
2025-12-31 18:52:45.267,0.0,7.8,0.10,0.05
2025-12-31 18:52:46.268,0.0,7.8,0.09,0.05
2025-12-31 18:52:47.269,0.2,7.8,0.09,0.05
2025-12-31 18:52:48.271,0.0,7.8,0.09,0.05
2025-12-31 18:52:49.272,0.1,7.8,0.10,0.05
2025-12-31 18:52:50.273,0.1,7.8,0.09,0.05
2025-12-31 18:52:51.274,0.2,7.8,0.09,0.05
2025-12-31 18:52:52.276,0.2,7.8,0.10,0.05
2025-12-31 18:52:53.278,0.1,7.8,0.09,0.05
2025-12-31 18:52:54.279,0.3,7.8,0.10,0.05
2025-12-31 18:52:55.280,0.1,7.8,0.09,0.05
2025-12-31 18:52:56.282,0.1,7.8,0.10,0.05
2025-12-31 18:52:57.283,0.2,7.8,0.09,0.05
2025-12-31 18:52:58.284,0.2,7.8,0.09,0.05
2025-12-31 18:52:59.286,0.4,7.8,0.09,0.05
2025-12-31 18:53:00.288,0.2,7.8,0.09,0.05
2025-12-31 18:53:01.289,0.2,7.8,0.09,0.05
2025-12-31 18:53:02.291,0.4,7.8,0.10,0.05
2025-12-31 18:53:03.292,0.2,7.8,0.09,0.05
2025-12-31 18:53:04.294,0.2,7.8,0.09,0.05
2025-12-31 18:53:05.295,0.4,7.8,0.10,0.05
2025-12-31 18:53:06.297,0.3,7.8,0.10,0.05
2025-12-31 18:53:07.298,0.4,7.8,0.09,0.05
2025-12-31 18:53:08.300,0.3,7.8,0.09,0.05
2025-12-31 18:53:09.302,0.5,7.8,0.09,0.05
2025-12-31 18:53:10.303,0.3,7.8,0.09,0.05
2025-12-31 18:53:11.305,0.5,7.8,0.09,0.05
2025-12-31 18:53:12.306,0.3,7.8,0.10,0.05
2025-12-31 18:53:13.308,0.3,7.8,0.09,0.05
2025-12-31 18:53:14.310,0.3,7.8,0.10,0.05
2025-12-31 18:53:15.311,0.2,7.8,0.09,0.05
2025-12-31 18:53:16.314,0.3,7.8,0.10,0.05
2025-12-31 18:53:17.316,0.2,7.8,0.09,0.05
2025-12-31 18:53:18.317,0.0,7.8,0.10,0.05
2025-12-31 18:53:19.318,0.1,7.8,0.09,0.05
2025-12-31 18:53:20.320,0.2,7.8,0.10,0.05
2025-12-31 18:53:21.322,0.2,7.8,0.09,0.05
2025-12-31 18:53:22.324,0.2,7.8,0.10,0.05
2025-12-31 18:53:23.325,0.2,7.8,0.09,0.05
2025-12-31 18:53:24.326,0.2,7.8,0.09,0.05
2025-12-31 18:53:25.328,0.1,7.8,0.10,0.05
2025-12-31 18:53:26.329,0.2,7.8,0.09,0.05
2025-12-31 18:53:27.331,0.1,7.8,0.10,0.05
2025-12-31 18:53:28.333,0.2,7.8,0.10,0.05
2025-12-31 18:53:29.335,0.1,7.8,0.10,0.05
2025-12-31 18:53:30.336,0.0,7.8,0.09,0.05
2025-12-31 18:53:31.337,0.2,7.8,0.09,0.05
2025-12-31 18:53:32.339,0.2,7.8,0.10,0.05
2025-12-31 18:53:33.340,0.2,7.8,0.09,0.05
2025-12-31 18:53:34.342,0.4,7.8,0.10,0.05
2025-12-31 18:53:35.343,0.2,7.8,0.09,0.05
2025-12-31 18:53:36.345,0.1,7.8,0.09,0.05
2025-12-31 18:53:37.346,0.2,7.8,0.09,0.05
2025-12-31 18:53:38.347,0.1,7.8,0.10,0.05
2025-12-31 18:53:39.349,0.6,7.8,0.10,0.05
2025-12-31 18:53:40.351,0.2,7.8,0.09,0.05
2025-12-31 18:53:41.352,0.2,7.8,0.10,0.05
2025-12-31 18:53:42.354,0.1,7.8,0.10,0.05
2025-12-31 18:53:43.355,0.0,7.8,0.10,0.05
2025-12-31 18:53:44.356,0.2,7.8,0.09,0.05
2025-12-31 18:53:45.358,0.1,7.8,0.10,0.05
2025-12-31 18:53:46.360,0.2,7.8,0.10,0.05
2025-12-31 18:53:47.360,0.2,7.8,0.09,0.05
2025-12-31 18:53:48.361,0.1,7.8,0.09,0.05
2025-12-31 18:53:49.362,0.2,7.8,0.10,0.05
2025-12-31 18:53:50.364,0.2,7.8,0.10,0.05
2025-12-31 18:53:51.365,0.2,7.8,0.10,0.05
2025-12-31 18:53:52.366,0.2,7.8,0.10,0.05
2025-12-31 18:53:53.368,0.1,7.8,0.09,0.05
2025-12-31 18:53:54.369,0.2,7.8,0.09,0.05
2025-12-31 18:53:55.371,0.1,7.8,0.09,0.05
2025-12-31 18:53:56.372,0.2,7.8,0.09,0.05
2025-12-31 18:53:57.374,0.0,7.8,0.09,0.05
2025-12-31 18:53:58.376,0.1,7.8,0.10,0.05
2025-12-31 18:53:59.377,0.1,7.8,0.10,0.05
2025-12-31 18:54:00.378,0.1,7.8,0.10,0.05
2025-12-31 18:54:01.379,0.0,7.8,0.09,0.05
2025-12-31 18:54:02.381,0.1,7.8,0.10,0.05
2025-12-31 18:54:03.383,0.2,7.8,0.09,0.05
2025-12-31 18:54:04.384,0.0,7.8,0.09,0.05
2025-12-31 18:54:05.385,0.0,7.8,0.09,0.06
2025-12-31 18:54:06.387,0.2,7.8,0.09,0.06
2025-12-31 18:54:07.389,0.1,7.8,0.09,0.05
2025-12-31 18:54:08.390,0.1,7.8,0.09,0.05
2025-12-31 18:54:09.392,0.0,7.8,0.10,0.06
2025-12-31 18:54:10.394,0.0,7.8,0.10,0.05
2025-12-31 18:54:11.395,0.1,7.8,0.10,0.05
2025-12-31 18:54:12.397,0.0,7.8,0.10,0.06
2025-12-31 18:54:13.398,0.1,7.8,0.09,0.05
2025-12-31 18:54:14.399,0.1,7.8,0.09,0.05
2025-12-31 18:54:15.401,0.2,7.8,0.10,0.06
2025-12-31 18:54:16.402,0.1,7.8,0.09,0.05
2025-12-31 18:54:17.404,0.0,7.8,0.09,0.05
2025-12-31 18:54:18.405,0.0,7.8,0.09,0.05
2025-12-31 18:54:19.406,0.1,7.8,0.09,0.05
2025-12-31 18:54:20.408,0.1,7.8,0.10,0.05
2025-12-31 18:54:21.409,0.2,7.8,0.10,0.05
2025-12-31 18:54:22.410,0.0,7.8,0.10,0.05
2025-12-31 18:54:23.412,0.1,7.8,0.09,0.05
2025-12-31 18:54:24.414,0.0,7.8,0.09,0.05
2025-12-31 18:54:25.415,0.1,7.8,0.10,0.05
2025-12-31 18:54:26.417,0.1,7.8,0.10,0.05
2025-12-31 18:54:27.418,0.0,7.8,0.09,0.05
2025-12-31 18:54:28.420,0.2,7.8,0.09,0.05
2025-12-31 18:54:29.422,0.0,7.8,0.09,0.05
2025-12-31 18:54:30.424,0.1,7.8,0.09,0.05
2025-12-31 18:54:31.426,0.0,7.8,0.09,0.05
2025-12-31 18:54:32.428,0.1,7.8,0.10,0.05
2025-12-31 18:54:33.430,0.1,7.8,0.09,0.05
2025-12-31 18:54:34.433,0.0,7.8,0.09,0.05
2025-12-31 18:54:35.434,0.0,7.8,0.09,0.05
2025-12-31 18:54:36.435,0.0,7.8,0.10,0.05
2025-12-31 18:54:37.438,0.1,7.8,0.09,0.05
2025-12-31 18:54:38.439,0.1,7.8,0.12,0.05
2025-12-31 18:54:39.440,0.1,7.8,0.09,0.05
2025-12-31 18:54:40.441,0.1,7.8,0.09,0.05
2025-12-31 18:54:41.442,0.1,7.8,0.10,0.05
2025-12-31 18:54:42.443,0.0,7.8,0.10,0.05
2025-12-31 18:54:43.444,0.1,7.8,0.10,0.05
2025-12-31 18:54:44.445,0.0,7.8,0.09,0.05
2025-12-31 18:54:45.447,0.0,7.8,0.09,0.05
2025-12-31 18:54:46.448,0.2,7.8,0.09,0.05
2025-12-31 18:54:47.450,0.1,7.8,0.10,0.05
2025-12-31 18:54:48.452,0.1,7.8,0.09,0.05
2025-12-31 18:54:49.453,0.0,7.8,0.09,0.05
2025-12-31 18:54:50.455,0.1,7.8,0.10,0.05
2025-12-31 18:54:51.457,0.1,7.8,0.10,0.05
2025-12-31 18:54:52.458,0.1,7.8,0.11,0.05
2025-12-31 18:54:53.459,0.1,7.8,0.09,0.05
2025-12-31 18:54:54.460,0.0,7.8,0.10,0.05
2025-12-31 18:54:55.461,0.1,7.8,0.10,0.05
2025-12-31 18:54:56.462,0.0,7.8,0.10,0.05
2025-12-31 18:54:57.464,0.1,7.8,0.09,0.05
2025-12-31 18:54:58.465,0.2,7.8,0.09,0.05
2025-12-31 18:54:59.466,0.0,7.8,0.10,0.05
2025-12-31 18:55:00.467,0.1,7.8,0.10,0.05
2025-12-31 18:55:01.469,0.0,7.8,0.09,0.05
2025-12-31 18:55:02.470,0.1,7.8,0.10,0.05
2025-12-31 18:55:03.471,0.0,7.8,0.09,0.05
2025-12-31 18:55:04.473,0.1,7.8,0.09,0.06
2025-12-31 18:55:05.474,0.1,7.8,0.10,0.07
2025-12-31 18:55:06.476,0.0,7.8,0.09,0.06
2025-12-31 18:55:07.478,0.0,7.8,0.09,0.05
2025-12-31 18:55:08.479,0.1,7.8,0.09,0.05
2025-12-31 18:55:09.480,0.0,7.8,0.09,0.05
2025-12-31 18:55:10.482,0.1,7.8,0.09,0.05
2025-12-31 18:55:11.483,0.1,7.8,0.10,0.05
2025-12-31 18:55:12.485,0.0,7.8,0.10,0.06
2025-12-31 18:55:13.486,0.0,7.8,0.10,0.05
2025-12-31 18:55:14.487,0.2,7.8,0.09,0.05
2025-12-31 18:55:15.489,0.0,7.8,0.09,0.05
2025-12-31 18:55:16.490,0.1,7.8,0.10,0.05
2025-12-31 18:55:17.492,0.2,7.8,0.09,0.05
2025-12-31 18:55:18.494,0.0,7.8,0.09,0.05
2025-12-31 18:55:19.495,0.2,7.8,0.09,0.05
2025-12-31 18:55:20.497,0.0,7.8,0.09,0.05
2025-12-31 18:55:21.498,0.1,7.8,0.09,0.05
2025-12-31 18:55:22.499,0.2,7.8,0.10,0.05
2025-12-31 18:55:23.500,0.0,7.8,0.10,0.05
2025-12-31 18:55:24.502,0.1,7.8,0.09,0.05
2025-12-31 18:55:25.503,0.0,7.8,0.10,0.05
2025-12-31 18:55:26.504,0.1,7.8,0.10,0.05
2025-12-31 18:55:27.506,0.1,7.8,0.10,0.05
2025-12-31 18:55:28.507,0.0,7.8,0.10,0.05
2025-12-31 18:55:29.509,0.1,7.8,0.09,0.05
2025-12-31 18:55:30.511,0.0,7.8,0.09,0.05
2025-12-31 18:55:31.513,0.1,7.8,0.09,0.05
2025-12-31 18:55:32.514,0.1,7.8,0.10,0.05
2025-12-31 18:55:33.516,0.0,7.8,0.09,0.05
2025-12-31 18:55:34.517,0.0,7.8,0.09,0.05
2025-12-31 18:55:35.518,0.0,7.8,0.10,0.05
2025-12-31 18:55:36.520,0.0,7.8,0.09,0.05
2025-12-31 18:55:37.521,0.1,7.8,0.09,0.05
2025-12-31 18:55:38.523,0.1,7.8,0.10,0.05
2025-12-31 18:55:39.524,0.1,7.8,0.10,0.05
2025-12-31 18:55:40.525,0.0,7.8,0.09,0.05
2025-12-31 18:55:41.527,0.0,7.8,0.09,0.05
2025-12-31 18:55:42.528,0.1,7.8,0.10,0.05
2025-12-31 18:55:43.529,0.1,7.8,0.09,0.05
2025-12-31 18:55:44.531,0.2,7.8,0.09,0.05
2025-12-31 18:55:45.533,0.2,7.8,0.09,0.05
2025-12-31 18:55:46.534,0.1,7.8,0.09,0.05
2025-12-31 18:55:47.536,0.2,7.8,0.10,0.05
2025-12-31 18:55:48.537,0.3,7.8,0.09,0.05
2025-12-31 18:55:49.538,0.0,7.8,0.10,0.05
2025-12-31 18:55:50.540,0.4,7.8,0.09,0.05
2025-12-31 18:55:51.541,0.2,7.8,0.09,0.05
2025-12-31 18:55:52.543,0.4,7.8,0.10,0.05
2025-12-31 18:55:53.545,0.2,7.8,0.09,0.05
2025-12-31 18:55:54.547,0.4,7.8,0.10,0.05
2025-12-31 18:55:55.549,0.4,7.8,0.09,0.05
2025-12-31 18:55:56.550,0.2,7.8,0.10,0.05
2025-12-31 18:55:57.552,0.4,7.8,0.09,0.05
2025-12-31 18:55:58.553,0.2,7.8,0.09,0.05
2025-12-31 18:55:59.555,0.3,7.8,0.10,0.05
2025-12-31 18:56:00.557,0.4,7.8,0.10,0.05
2025-12-31 18:56:01.558,0.2,7.8,0.10,0.05
2025-12-31 18:56:02.559,0.3,7.8,0.10,0.05
2025-12-31 18:56:03.560,0.2,7.8,0.09,0.05
2025-12-31 18:56:04.562,0.5,7.8,0.09,0.05
2025-12-31 18:56:05.564,0.2,7.8,0.09,0.05
2025-12-31 18:56:06.566,0.2,7.8,0.10,0.05
2025-12-31 18:56:07.568,0.3,7.8,0.09,0.05
2025-12-31 18:56:08.569,0.2,7.8,0.09,0.05
2025-12-31 18:56:09.571,0.3,7.8,0.09,0.05
2025-12-31 18:56:10.573,0.3,7.8,0.09,0.05
2025-12-31 18:56:11.574,0.2,7.8,0.10,0.05
2025-12-31 18:56:12.576,0.2,7.8,0.10,0.05
2025-12-31 18:56:13.577,0.2,7.8,0.09,0.05
2025-12-31 18:56:14.579,0.2,7.8,0.09,0.05
2025-12-31 18:56:15.581,0.1,7.8,0.09,0.05
2025-12-31 18:56:16.582,0.2,7.8,0.09,0.05
2025-12-31 18:56:17.583,0.1,7.8,0.09,0.05
2025-12-31 18:56:18.585,0.2,7.8,0.09,0.05
2025-12-31 18:56:19.586,0.2,7.8,0.09,0.05
2025-12-31 18:56:20.588,0.2,7.8,0.09,0.05
2025-12-31 18:56:21.589,0.1,7.8,0.09,0.05
2025-12-31 18:56:22.591,0.2,7.8,0.10,0.05
2025-12-31 18:56:23.592,0.2,7.8,0.09,0.05
2025-12-31 18:56:24.594,0.2,7.8,0.09,0.05
2025-12-31 18:56:25.595,0.2,7.8,0.10,0.05
2025-12-31 18:56:26.597,0.0,7.8,0.10,0.05
2025-12-31 18:56:27.598,0.2,7.8,0.10,0.05
2025-12-31 18:56:28.600,0.2,7.8,0.10,0.05
2025-12-31 18:56:29.601,0.2,7.8,0.09,0.05
2025-12-31 18:56:30.602,0.1,7.8,0.09,0.05
2025-12-31 18:56:31.603,0.2,7.8,0.10,0.05
2025-12-31 18:56:32.605,0.2,7.8,0.10,0.05
2025-12-31 18:56:33.607,0.5,7.8,0.10,0.05
2025-12-31 18:56:34.608,0.2,7.8,0.10,0.05
2025-12-31 18:56:35.610,0.2,7.8,0.09,0.05
2025-12-31 18:56:36.611,0.1,7.8,0.09,0.05
2025-12-31 18:56:37.612,0.2,7.8,0.09,0.05
2025-12-31 18:56:38.614,0.2,7.8,0.09,0.05
2025-12-31 18:56:39.615,0.2,7.8,0.09,0.05
2025-12-31 18:56:40.617,0.2,7.8,0.10,0.05
2025-12-31 18:56:41.618,0.1,7.8,0.09,0.05
2025-12-31 18:56:42.619,0.2,7.8,0.10,0.05
2025-12-31 18:56:43.620,0.2,7.8,0.09,0.05
2025-12-31 18:56:44.622,0.2,7.8,0.10,0.05
2025-12-31 18:56:45.623,0.1,7.8,0.09,0.05
2025-12-31 18:56:46.624,0.3,7.8,0.09,0.05
2025-12-31 18:56:47.626,0.2,7.8,0.09,0.05
2025-12-31 18:56:48.627,0.2,7.8,0.09,0.05
2025-12-31 18:56:49.629,0.2,7.8,0.09,0.05
2025-12-31 18:56:50.630,0.1,7.8,0.09,0.05
2025-12-31 18:56:51.632,0.2,7.8,0.09,0.05
2025-12-31 18:56:52.633,0.0,7.8,0.10,0.05
2025-12-31 18:56:53.635,0.2,7.8,0.09,0.05
2025-12-31 18:56:54.636,0.2,7.8,0.09,0.05
2025-12-31 18:56:55.638,0.1,7.8,0.10,0.05
2025-12-31 18:56:56.640,0.1,7.8,0.10,0.05
2025-12-31 18:56:57.641,0.1,7.8,0.09,0.05
2025-12-31 18:56:58.643,0.1,7.8,0.09,0.05
2025-12-31 18:56:59.644,0.1,7.8,0.10,0.05
2025-12-31 18:57:00.645,0.1,7.8,0.10,0.05
2025-12-31 18:57:01.648,0.1,7.8,0.09,0.05
2025-12-31 18:57:02.649,0.1,7.8,0.10,0.05
2025-12-31 18:57:03.651,0.0,7.8,0.09,0.05
2025-12-31 18:57:04.652,0.1,7.8,0.10,0.05
2025-12-31 18:57:05.653,0.2,7.8,0.10,0.05
2025-12-31 18:57:06.654,0.0,7.8,0.10,0.05
2025-12-31 18:57:07.656,0.1,7.8,0.09,0.05
2025-12-31 18:57:08.657,0.0,7.8,0.09,0.05
2025-12-31 18:57:09.658,0.1,7.8,0.09,0.05
2025-12-31 18:57:10.660,0.1,7.8,0.09,0.05
2025-12-31 18:57:11.661,0.1,7.8,0.09,0.05
2025-12-31 18:57:12.662,0.0,7.8,0.10,0.05
2025-12-31 18:57:13.664,0.2,7.8,0.10,0.05
2025-12-31 18:57:14.665,0.0,7.8,0.10,0.05
2025-12-31 18:57:15.667,0.0,7.8,0.09,0.05
2025-12-31 18:57:16.669,0.2,7.8,0.09,0.05
2025-12-31 18:57:17.670,0.1,7.8,0.10,0.05
2025-12-31 18:57:18.672,0.0,7.8,0.09,0.05
2025-12-31 18:57:19.673,0.0,7.8,0.09,0.05
2025-12-31 18:57:20.674,0.1,7.8,0.10,0.05
2025-12-31 18:57:21.676,0.0,7.8,0.10,0.05
2025-12-31 18:57:22.677,0.0,7.8,0.10,0.05
2025-12-31 18:57:23.678,0.1,7.8,0.09,0.05
2025-12-31 18:57:24.679,0.2,7.8,0.09,0.05
2025-12-31 18:57:25.681,0.1,7.8,0.10,0.05
2025-12-31 18:57:26.682,0.1,7.8,0.09,0.05
2025-12-31 18:57:27.683,0.2,7.8,0.10,0.05
2025-12-31 18:57:28.684,0.2,7.8,0.10,0.05
2025-12-31 18:57:29.686,0.0,7.8,0.10,0.05
2025-12-31 18:57:30.687,0.0,7.8,0.09,0.05
2025-12-31 18:57:31.688,0.2,7.8,0.09,0.05
2025-12-31 18:57:32.689,0.0,7.8,0.10,0.05
2025-12-31 18:57:33.690,0.0,7.8,0.10,0.05
2025-12-31 18:57:34.691,0.2,7.8,0.09,0.05
2025-12-31 18:57:35.692,0.1,7.8,0.10,0.05
2025-12-31 18:57:36.693,0.0,7.8,0.10,0.05
2025-12-31 18:57:37.695,0.1,7.8,0.10,0.05
2025-12-31 18:57:38.696,0.0,7.8,0.09,0.05
2025-12-31 18:57:39.697,0.1,7.8,0.10,0.05
2025-12-31 18:57:40.698,0.1,7.8,0.09,0.05
2025-12-31 18:57:41.700,0.0,7.8,0.09,0.05
2025-12-31 18:57:42.701,0.1,7.8,0.10,0.05
2025-12-31 18:57:43.703,0.0,7.8,0.10,0.05
2025-12-31 18:57:44.704,0.1,7.8,0.09,0.05
2025-12-31 18:57:45.706,0.1,7.8,0.09,0.05
2025-12-31 18:57:46.707,0.2,7.8,0.10,0.05
2025-12-31 18:57:47.708,0.1,7.8,0.09,0.05
2025-12-31 18:57:48.710,0.1,7.8,0.09,0.05
2025-12-31 18:57:49.712,0.1,7.8,0.10,0.05
2025-12-31 18:57:50.713,0.1,7.8,0.10,0.05
2025-12-31 18:57:51.714,0.0,7.8,0.09,0.05
2025-12-31 18:57:52.715,0.0,7.8,0.10,0.05
2025-12-31 18:57:53.716,0.2,7.8,0.10,0.05
2025-12-31 18:57:54.717,0.1,7.8,0.10,0.05
2025-12-31 18:57:55.719,0.0,7.8,0.09,0.05
2025-12-31 18:57:56.720,0.0,7.8,0.10,0.05
2025-12-31 18:57:57.722,0.2,7.8,0.10,0.05
2025-12-31 18:57:58.723,0.0,7.8,0.10,0.05
2025-12-31 18:57:59.725,0.0,7.8,0.09,0.05
2025-12-31 18:58:00.726,0.2,7.8,0.10,0.05
2025-12-31 18:58:01.727,0.0,7.8,0.10,0.05
2025-12-31 18:58:02.729,0.0,7.8,0.10,0.05
2025-12-31 18:58:03.730,0.0,7.8,0.10,0.05
2025-12-31 18:58:04.732,0.1,7.8,0.10,0.05
2025-12-31 18:58:05.734,0.0,7.8,0.09,0.05
2025-12-31 18:58:06.736,0.1,7.8,0.09,0.05
2025-12-31 18:58:07.737,0.0,7.8,0.09,0.05
2025-12-31 18:58:08.738,0.1,7.8,0.10,0.05
2025-12-31 18:58:09.740,0.0,7.8,0.10,0.05
2025-12-31 18:58:10.740,0.1,7.8,0.10,0.05
2025-12-31 18:58:11.742,0.0,7.8,0.10,0.05
2025-12-31 18:58:12.743,0.1,7.8,0.10,0.05
2025-12-31 18:58:13.745,0.0,7.8,0.10,0.05
2025-12-31 18:58:14.747,0.0,7.8,0.09,0.05
2025-12-31 18:58:15.748,0.1,7.8,0.09,0.05
2025-12-31 18:58:16.750,0.2,7.8,0.09,0.05
2025-12-31 18:58:17.751,0.2,7.8,0.10,0.05
2025-12-31 18:58:18.752,0.2,7.8,0.10,0.05
2025-12-31 18:58:19.753,0.1,7.8,0.10,0.05
2025-12-31 18:58:20.754,0.1,7.8,0.09,0.05
2025-12-31 18:58:21.755,0.2,7.8,0.10,0.05
2025-12-31 18:58:22.757,0.1,7.8,0.10,0.05
2025-12-31 18:58:23.758,0.1,7.8,0.10,0.05
2025-12-31 18:58:24.759,0.1,7.8,0.10,0.05
2025-12-31 18:58:25.760,0.2,7.8,0.09,0.05
2025-12-31 18:58:26.761,0.1,7.8,0.09,0.05
2025-12-31 18:58:27.762,0.0,7.8,0.09,0.05
2025-12-31 18:58:28.763,0.2,7.8,0.10,0.05
2025-12-31 18:58:29.764,0.1,7.8,0.10,0.05
2025-12-31 18:58:30.765,0.0,7.8,0.10,0.05
2025-12-31 18:58:31.767,0.1,7.8,0.09,0.05
2025-12-31 18:58:32.769,0.0,7.8,0.10,0.05
2025-12-31 18:58:33.770,0.1,7.8,0.10,0.05
2025-12-31 18:58:34.771,0.1,7.8,0.10,0.05
2025-12-31 18:58:35.772,0.0,7.8,0.09,0.05
2025-12-31 18:58:36.774,0.1,7.8,0.09,0.05
2025-12-31 18:58:37.775,0.2,7.8,0.09,0.05
2025-12-31 18:58:38.776,0.0,7.8,0.10,0.05
2025-12-31 18:58:39.778,0.1,7.8,0.10,0.05
2025-12-31 18:58:40.779,0.0,7.8,0.09,0.05
2025-12-31 18:58:41.780,0.2,7.8,0.10,0.05
2025-12-31 18:58:42.782,0.2,7.8,0.10,0.05
2025-12-31 18:58:43.783,0.2,7.8,0.09,0.05
2025-12-31 18:58:44.784,0.2,7.8,0.10,0.05
2025-12-31 18:58:45.786,0.2,7.8,0.10,0.05
2025-12-31 18:58:46.787,0.3,7.8,0.09,0.05
2025-12-31 18:58:47.788,0.1,7.8,0.09,0.05
2025-12-31 18:58:48.790,0.2,7.8,0.10,0.05
2025-12-31 18:58:49.791,0.1,7.8,0.10,0.05
2025-12-31 18:58:50.792,0.2,7.8,0.09,0.05
2025-12-31 18:58:51.794,0.3,7.8,0.09,0.05
2025-12-31 18:58:52.795,0.2,7.8,0.10,0.05
2025-12-31 18:58:53.796,0.4,7.8,0.10,0.05
2025-12-31 18:58:54.798,0.4,7.8,0.10,0.05
2025-12-31 18:58:55.799,0.4,7.8,0.09,0.05
2025-12-31 18:58:56.801,0.3,7.8,0.10,0.05
2025-12-31 18:58:57.802,0.5,7.8,0.09,0.05
2025-12-31 18:58:58.804,0.3,7.8,0.09,0.05
2025-12-31 18:58:59.805,0.3,7.8,0.09,0.05
2025-12-31 18:59:00.806,0.2,7.8,0.10,0.05
2025-12-31 18:59:01.808,0.4,7.8,0.09,0.05
2025-12-31 18:59:02.809,0.5,7.8,0.10,0.05
2025-12-31 18:59:03.810,0.4,7.8,0.10,0.05
2025-12-31 18:59:04.812,0.5,7.8,0.10,0.05
2025-12-31 18:59:05.813,0.2,7.8,0.10,0.05
2025-12-31 18:59:06.814,0.2,7.8,0.10,0.05
2025-12-31 18:59:07.816,0.3,7.8,0.10,0.05
2025-12-31 18:59:08.817,0.2,7.8,0.09,0.05
2025-12-31 18:59:09.818,0.2,7.8,0.10,0.05
2025-12-31 18:59:10.820,0.2,7.8,0.10,0.05
2025-12-31 18:59:11.821,0.2,7.8,0.09,0.05
2025-12-31 18:59:12.823,0.2,7.8,0.10,0.05
2025-12-31 18:59:13.824,0.4,7.8,0.09,0.05
2025-12-31 18:59:14.825,0.3,7.8,0.10,0.05
2025-12-31 18:59:15.826,0.2,7.8,0.09,0.05
2025-12-31 18:59:16.827,0.2,7.8,0.11,0.06
2025-12-31 18:59:17.828,0.2,7.8,0.10,0.05
2025-12-31 18:59:18.829,0.2,7.8,0.10,0.05
2025-12-31 18:59:19.831,0.0,7.8,0.09,0.05
2025-12-31 18:59:20.832,0.1,7.8,0.10,0.05
2025-12-31 18:59:21.833,0.2,7.8,0.10,0.05
2025-12-31 18:59:22.834,0.1,7.8,0.10,0.05
2025-12-31 18:59:23.835,0.1,7.8,0.10,0.05
2025-12-31 18:59:24.836,0.2,7.8,0.10,0.05
2025-12-31 18:59:25.837,0.2,7.8,0.10,0.05
2025-12-31 18:59:26.838,0.1,7.8,0.10,0.05
2025-12-31 18:59:27.839,0.2,7.8,0.09,0.05
2025-12-31 18:59:28.840,0.1,7.8,0.09,0.05
2025-12-31 18:59:29.841,0.0,7.8,0.10,0.05
2025-12-31 18:59:30.843,0.1,7.8,0.10,0.05
2025-12-31 18:59:31.844,0.2,7.8,0.10,0.05
2025-12-31 18:59:32.845,0.0,7.8,0.10,0.05
2025-12-31 18:59:33.846,0.1,7.8,0.09,0.05
2025-12-31 18:59:34.847,0.1,7.8,0.09,0.05
2025-12-31 18:59:35.849,0.0,7.8,0.10,0.05
2025-12-31 18:59:36.850,0.0,7.8,0.10,0.05
2025-12-31 18:59:37.851,0.0,7.8,0.09,0.05
2025-12-31 18:59:38.852,0.2,7.8,0.10,0.05
2025-12-31 18:59:39.853,0.1,7.8,0.09,0.05
2025-12-31 18:59:40.854,0.1,7.8,0.10,0.05
2025-12-31 18:59:41.855,0.2,7.8,0.09,0.05
2025-12-31 18:59:42.857,0.2,7.8,0.10,0.05
2025-12-31 18:59:43.859,0.2,7.8,0.09,0.05
2025-12-31 18:59:44.860,0.0,7.8,0.10,0.05
2025-12-31 18:59:45.862,0.1,7.8,0.09,0.05
2025-12-31 18:59:46.863,0.2,7.8,0.10,0.05
2025-12-31 18:59:47.864,0.0,7.8,0.09,0.05
2025-12-31 18:59:48.865,0.1,7.8,0.10,0.05
2025-12-31 18:59:49.867,0.1,7.8,0.09,0.05
2025-12-31 18:59:50.868,0.1,7.8,0.10,0.05
2025-12-31 18:59:51.869,0.1,7.8,0.10,0.05
2025-12-31 18:59:52.870,0.1,7.8,0.10,0.05
2025-12-31 18:59:53.872,0.2,7.8,0.09,0.05
2025-12-31 18:59:54.874,0.1,7.8,0.10,0.05
2025-12-31 18:59:55.876,0.1,7.8,0.09,0.05
2025-12-31 18:59:56.877,0.1,7.8,0.09,0.05
2025-12-31 18:59:57.878,0.0,7.8,0.10,0.05
2025-12-31 18:59:58.881,0.1,7.8,0.09,0.05
2025-12-31 18:59:59.882,0.0,7.8,0.09,0.05
2025-12-31 19:00:00.883,0.0,7.8,0.09,0.05
2025-12-31 19:00:01.885,0.1,7.8,0.10,0.05
2025-12-31 19:00:02.886,0.0,7.8,0.10,0.05
2025-12-31 19:00:03.888,0.1,7.8,0.09,0.05
2025-12-31 19:00:04.890,0.1,7.8,0.10,0.05
2025-12-31 19:00:05.891,0.0,7.8,0.09,0.05
2025-12-31 19:00:06.893,0.2,7.8,0.10,0.05
2025-12-31 19:00:07.894,0.0,7.8,0.09,0.05
2025-12-31 19:00:08.896,0.1,7.8,0.10,0.05
2025-12-31 19:00:09.897,0.1,7.8,0.09,0.05
2025-12-31 19:00:10.899,0.0,7.8,0.09,0.05
2025-12-31 19:00:11.900,0.2,7.8,0.09,0.05
2025-12-31 19:00:12.901,0.1,7.8,0.10,0.05
2025-12-31 19:00:13.902,0.0,7.8,0.10,0.05
2025-12-31 19:00:14.904,0.0,7.8,0.09,0.05
2025-12-31 19:00:15.905,0.2,7.8,0.09,0.05
2025-12-31 19:00:16.906,0.1,7.9,0.10,0.05
2025-12-31 19:00:17.907,0.0,7.9,0.10,0.05
2025-12-31 19:00:18.909,0.1,7.9,0.09,0.05
2025-12-31 19:00:19.910,0.1,7.9,0.09,0.05
2025-12-31 19:00:20.911,0.0,7.9,0.10,0.05
2025-12-31 19:00:21.912,0.1,7.9,0.09,0.05
2025-12-31 19:00:22.913,0.1,7.9,0.10,0.05
2025-12-31 19:00:23.914,0.1,7.9,0.09,0.05
2025-12-31 19:00:24.916,0.1,7.9,0.10,0.05
2025-12-31 19:00:25.917,0.1,7.9,0.10,0.05
2025-12-31 19:00:26.919,0.0,7.9,0.09,0.05
2025-12-31 19:00:27.921,0.2,7.9,0.10,0.05
2025-12-31 19:00:28.922,0.0,7.9,0.09,0.05
2025-12-31 19:00:29.923,0.0,7.9,0.09,0.05
2025-12-31 19:00:30.924,0.2,7.9,0.10,0.05
2025-12-31 19:00:31.925,0.1,7.9,0.09,0.05
2025-12-31 19:00:32.927,0.1,7.9,0.10,0.06
2025-12-31 19:00:33.929,0.1,7.9,0.10,0.05
2025-12-31 19:00:34.930,0.0,7.9,0.10,0.05
2025-12-31 19:00:35.931,0.0,7.9,0.12,0.06
2025-12-31 19:00:36.933,0.1,7.9,0.09,0.05
2025-12-31 19:00:37.934,0.1,7.9,0.10,0.05
2025-12-31 19:00:38.935,0.2,7.9,0.10,0.05
2025-12-31 19:00:39.936,0.0,7.9,0.09,0.05
2025-12-31 19:00:40.937,0.0,7.9,0.10,0.05
2025-12-31 19:00:41.938,0.1,7.9,0.09,0.05
2025-12-31 19:00:42.940,0.2,7.9,0.10,0.05
2025-12-31 19:00:43.942,0.0,7.9,0.09,0.05
2025-12-31 19:00:44.943,0.2,7.9,0.09,0.05
2025-12-31 19:00:45.945,0.0,7.9,0.10,0.05
2025-12-31 19:00:46.946,0.2,7.9,0.09,0.05
2025-12-31 19:00:47.947,0.1,7.9,0.09,0.05
2025-12-31 19:00:48.948,0.1,7.9,0.10,0.05
2025-12-31 19:00:49.950,0.0,7.9,0.10,0.05
2025-12-31 19:00:50.951,0.0,7.9,0.10,0.05
2025-12-31 19:00:51.952,0.1,7.9,0.09,0.05
2025-12-31 19:00:52.953,0.0,7.9,0.10,0.05
2025-12-31 19:00:53.954,0.1,7.9,0.09,0.05
2025-12-31 19:00:54.954,0.1,7.9,0.10,0.05
2025-12-31 19:00:55.955,0.1,7.9,0.09,0.05
2025-12-31 19:00:56.957,0.0,7.9,0.09,0.05
2025-12-31 19:00:57.959,0.1,7.9,0.10,0.05
2025-12-31 19:00:58.960,0.1,7.9,0.09,0.05
2025-12-31 19:00:59.961,0.1,7.9,0.10,0.05
2025-12-31 19:01:00.963,0.0,7.9,0.09,0.05
2025-12-31 19:01:01.964,0.1,7.9,0.09,0.05
2025-12-31 19:01:02.966,0.2,7.9,0.10,0.05
2025-12-31 19:01:03.968,0.1,7.9,0.10,0.05
2025-12-31 19:01:04.969,0.0,7.9,0.10,0.05
2025-12-31 19:01:05.971,0.1,7.9,0.10,0.05
2025-12-31 19:01:06.972,0.0,7.9,0.09,0.05
2025-12-31 19:01:07.973,0.1,7.9,0.09,0.05
2025-12-31 19:01:08.975,0.0,7.9,0.10,0.05
2025-12-31 19:01:09.976,0.1,7.9,0.10,0.05
2025-12-31 19:01:10.977,0.1,7.9,0.09,0.05
2025-12-31 19:01:11.978,0.0,7.9,0.10,0.05
2025-12-31 19:01:12.979,0.2,7.9,0.10,0.05
2025-12-31 19:01:13.980,0.2,7.9,0.10,0.05
2025-12-31 19:01:14.981,0.2,7.9,0.09,0.05
2025-12-31 19:01:15.982,0.1,7.9,0.10,0.05
2025-12-31 19:01:16.983,0.2,7.9,0.10,0.05
2025-12-31 19:01:17.984,0.1,7.9,0.09,0.05
2025-12-31 19:01:18.985,0.0,7.9,0.10,0.05
2025-12-31 19:01:19.986,0.0,7.9,0.10,0.05
2025-12-31 19:01:20.988,0.1,7.9,0.09,0.05
2025-12-31 19:01:21.989,0.0,7.9,0.10,0.05
2025-12-31 19:01:22.990,0.0,7.9,0.10,0.05
2025-12-31 19:01:23.991,0.0,7.9,0.10,0.05
2025-12-31 19:01:24.992,0.1,7.9,0.10,0.05
2025-12-31 19:01:25.993,0.1,7.9,0.10,0.05
2025-12-31 19:01:26.994,0.0,7.9,0.09,0.05
2025-12-31 19:01:27.996,0.0,7.9,0.09,0.05
2025-12-31 19:01:28.997,0.1,7.9,0.09,0.05
2025-12-31 19:01:29.998,0.1,7.9,0.10,0.05
2025-12-31 19:01:31.000,0.1,7.9,0.09,0.05
2025-12-31 19:01:32.002,0.0,7.9,0.10,0.05
2025-12-31 19:01:33.004,0.0,7.9,0.10,0.05
2025-12-31 19:01:34.005,0.1,7.9,0.09,0.05
2025-12-31 19:01:35.006,0.0,7.9,0.10,0.05
2025-12-31 19:01:36.008,0.1,7.9,0.10,0.05
2025-12-31 19:01:37.009,0.1,7.9,0.10,0.05
2025-12-31 19:01:38.011,0.0,7.9,0.10,0.05
2025-12-31 19:01:39.012,0.2,7.9,0.10,0.05
2025-12-31 19:01:40.013,0.1,7.9,0.10,0.05
2025-12-31 19:01:41.015,0.1,7.9,0.09,0.05
2025-12-31 19:01:42.017,0.1,7.9,0.10,0.05
2025-12-31 19:01:43.018,0.1,7.9,0.10,0.05
2025-12-31 19:01:44.020,0.2,7.9,0.09,0.05
2025-12-31 19:01:45.021,0.1,7.9,0.10,0.05
2025-12-31 19:01:46.022,0.1,7.9,0.09,0.05
2025-12-31 19:01:47.024,0.2,7.9,0.09,0.05
2025-12-31 19:01:48.025,0.1,7.9,0.10,0.05
2025-12-31 19:01:49.026,0.2,7.9,0.10,0.06
2025-12-31 19:01:50.028,0.3,7.9,0.09,0.05
2025-12-31 19:01:51.029,0.2,7.9,0.10,0.05
2025-12-31 19:01:52.031,0.2,7.9,0.09,0.05
2025-12-31 19:01:53.033,0.4,7.9,0.10,0.05
2025-12-31 19:01:54.034,0.2,7.9,0.10,0.05
2025-12-31 19:01:55.036,0.4,7.9,0.09,0.05
2025-12-31 19:01:56.038,0.5,7.9,0.10,0.05
2025-12-31 19:01:57.039,0.6,7.9,0.09,0.05
2025-12-31 19:01:58.040,0.3,7.9,0.09,0.05
2025-12-31 19:01:59.041,0.4,7.9,0.09,0.05
2025-12-31 19:02:00.043,0.3,7.9,0.09,0.05
2025-12-31 19:02:01.045,0.7,7.9,0.09,0.05
2025-12-31 19:02:02.046,0.3,7.9,0.10,0.05
2025-12-31 19:02:03.047,0.3,7.9,0.09,0.05
2025-12-31 19:02:04.048,0.5,7.9,0.10,0.05
2025-12-31 19:02:05.049,0.3,7.9,0.10,0.05
2025-12-31 19:02:06.050,0.1,7.9,0.09,0.05
2025-12-31 19:02:07.052,0.2,7.9,0.10,0.05
2025-12-31 19:02:08.053,0.2,7.9,0.09,0.05
2025-12-31 19:02:09.054,0.2,7.9,0.10,0.05
2025-12-31 19:02:10.055,0.1,7.9,0.09,0.05
2025-12-31 19:02:11.056,0.2,7.9,0.10,0.05
2025-12-31 19:02:12.057,0.1,7.9,0.09,0.05
2025-12-31 19:02:13.059,0.1,7.9,0.10,0.05
2025-12-31 19:02:14.060,0.2,7.9,0.10,0.05
2025-12-31 19:02:15.062,0.2,7.9,0.10,0.05
2025-12-31 19:02:16.064,0.0,7.9,0.10,0.05
2025-12-31 19:02:17.065,0.2,7.8,0.10,0.05
2025-12-31 19:02:18.066,0.2,7.8,0.09,0.05
2025-12-31 19:02:19.068,0.0,7.8,0.09,0.05
2025-12-31 19:02:20.069,0.2,7.8,0.10,0.05
2025-12-31 19:02:21.070,0.0,7.8,0.09,0.05
2025-12-31 19:02:22.072,0.2,7.8,0.10,0.05
2025-12-31 19:02:23.073,0.0,7.8,0.09,0.05
2025-12-31 19:02:24.075,0.2,7.8,0.10,0.05
2025-12-31 19:02:25.077,0.1,7.8,0.10,0.05
2025-12-31 19:02:26.078,0.0,7.8,0.10,0.05
2025-12-31 19:02:27.080,0.0,7.8,0.10,0.05
2025-12-31 19:02:28.082,0.1,7.8,0.10,0.05
2025-12-31 19:02:29.084,0.2,7.8,0.09,0.05
2025-12-31 19:02:30.085,0.0,7.8,0.10,0.05
2025-12-31 19:02:31.086,0.1,7.8,0.09,0.05
2025-12-31 19:02:32.088,0.1,7.8,0.10,0.05
2025-12-31 19:02:33.089,0.0,7.8,0.10,0.05
2025-12-31 19:02:34.090,0.1,7.8,0.10,0.05
2025-12-31 19:02:35.092,0.1,7.8,0.10,0.05
2025-12-31 19:02:36.093,0.0,7.8,0.10,0.05
2025-12-31 19:02:37.095,0.2,7.8,0.10,0.05
2025-12-31 19:02:38.097,0.1,7.8,0.10,0.05
2025-12-31 19:02:39.098,0.2,7.8,0.09,0.05
2025-12-31 19:02:40.100,0.0,7.8,0.10,0.05
2025-12-31 19:02:41.101,0.0,7.8,0.09,0.05
2025-12-31 19:02:42.103,0.2,7.8,0.10,0.05
2025-12-31 19:02:43.104,0.2,7.8,0.10,0.05
2025-12-31 19:02:44.105,0.0,7.8,0.10,0.05
2025-12-31 19:02:45.106,0.0,7.8,0.10,0.05
2025-12-31 19:02:46.107,0.2,7.8,0.10,0.05
2025-12-31 19:02:47.108,0.1,7.8,0.10,0.05
2025-12-31 19:02:48.109,0.1,7.8,0.10,0.05
2025-12-31 19:02:49.110,0.1,7.8,0.10,0.05
2025-12-31 19:02:50.112,0.0,7.8,0.10,0.05
2025-12-31 19:02:51.114,0.0,7.8,0.10,0.05
2025-12-31 19:02:52.115,0.1,7.8,0.10,0.05
2025-12-31 19:02:53.117,0.1,7.8,0.10,0.05
2025-12-31 19:02:54.119,0.2,7.8,0.10,0.05
2025-12-31 19:02:55.120,0.1,7.8,0.09,0.05
2025-12-31 19:02:56.122,0.0,7.8,0.10,0.05
2025-12-31 19:02:57.124,0.1,7.8,0.10,0.05
2025-12-31 19:02:58.125,0.0,7.8,0.10,0.05
2025-12-31 19:02:59.126,0.1,7.8,0.10,0.05
2025-12-31 19:03:00.128,0.1,7.8,0.10,0.05
2025-12-31 19:03:01.130,0.1,7.8,0.10,0.05
2025-12-31 19:03:02.131,0.0,7.8,0.10,0.05
2025-12-31 19:03:03.133,0.0,7.8,0.09,0.05
2025-12-31 19:03:04.134,0.2,7.8,0.10,0.05
2025-12-31 19:03:05.137,0.0,7.8,0.10,0.05
2025-12-31 19:03:06.139,0.1,7.8,0.09,0.05
2025-12-31 19:03:07.141,0.0,7.8,0.10,0.05
2025-12-31 19:03:08.143,0.0,7.8,0.10,0.05
2025-12-31 19:03:09.144,0.1,7.8,0.10,0.05
2025-12-31 19:03:10.146,0.1,7.8,0.10,0.05
2025-12-31 19:03:11.147,0.0,7.8,0.10,0.05
2025-12-31 19:03:12.148,0.1,7.8,0.10,0.05
2025-12-31 19:03:13.149,0.0,7.8,0.10,0.05
2025-12-31 19:03:14.151,0.1,7.8,0.10,0.05
2025-12-31 19:03:15.152,0.0,7.8,0.10,0.05
2025-12-31 19:03:16.153,0.0,7.8,0.09,0.05
2025-12-31 19:03:17.154,0.2,7.9,0.10,0.05
2025-12-31 19:03:18.155,0.0,7.9,0.09,0.05
2025-12-31 19:03:19.156,0.1,7.9,0.09,0.05
2025-12-31 19:03:20.157,0.1,7.9,0.10,0.05
2025-12-31 19:03:21.158,0.1,7.9,0.10,0.05
2025-12-31 19:03:22.160,0.0,7.9,0.10,0.05
2025-12-31 19:03:23.161,0.1,7.9,0.09,0.05
2025-12-31 19:03:24.162,0.1,7.9,0.10,0.05
2025-12-31 19:03:25.162,0.0,7.9,0.10,0.05
2025-12-31 19:03:26.163,0.1,7.9,0.09,0.05
2025-12-31 19:03:27.165,0.0,7.9,0.09,0.05
2025-12-31 19:03:28.165,0.1,7.9,0.10,0.05
2025-12-31 19:03:29.167,0.1,7.9,0.10,0.05
2025-12-31 19:03:30.167,0.2,7.9,0.10,0.05
2025-12-31 19:03:31.168,0.1,7.9,0.09,0.05
2025-12-31 19:03:32.169,0.0,7.9,0.10,0.05
2025-12-31 19:03:33.170,0.0,7.9,0.10,0.05
2025-12-31 19:03:34.171,0.1,7.9,0.10,0.05
2025-12-31 19:03:35.173,0.1,7.9,0.09,0.05
2025-12-31 19:03:36.174,0.1,7.9,0.09,0.05
2025-12-31 19:03:37.175,0.0,7.9,0.10,0.05
2025-12-31 19:03:38.176,0.2,7.9,0.10,0.05
2025-12-31 19:03:39.177,0.1,7.9,0.09,0.05
2025-12-31 19:03:40.178,0.0,7.9,0.10,0.05
2025-12-31 19:03:41.180,0.1,7.9,0.10,0.05
2025-12-31 19:03:42.182,0.1,7.9,0.09,0.05
2025-12-31 19:03:43.183,0.0,7.9,0.10,0.05
2025-12-31 19:03:44.185,0.1,7.9,0.10,0.05
2025-12-31 19:03:45.186,0.0,7.9,0.10,0.05
2025-12-31 19:03:46.187,0.1,7.9,0.10,0.05
2025-12-31 19:03:47.188,0.1,7.9,0.10,0.05
2025-12-31 19:03:48.189,0.0,7.9,0.10,0.05
2025-12-31 19:03:49.191,0.1,7.9,0.10,0.05
2025-12-31 19:03:50.192,0.1,7.9,0.09,0.05
2025-12-31 19:03:51.194,0.0,7.9,0.09,0.05
2025-12-31 19:03:52.195,0.1,7.9,0.10,0.05
2025-12-31 19:03:53.197,0.0,7.9,0.10,0.05
2025-12-31 19:03:54.198,0.1,7.9,0.11,0.05
2025-12-31 19:03:55.200,0.2,7.9,0.10,0.05
2025-12-31 19:03:56.201,0.1,7.9,0.10,0.05
2025-12-31 19:03:57.203,0.1,7.9,0.09,0.05
2025-12-31 19:03:58.204,0.1,7.9,0.09,0.05
2025-12-31 19:03:59.205,0.0,7.9,0.09,0.05
2025-12-31 19:04:00.207,0.2,7.9,0.10,0.05
2025-12-31 19:04:01.209,0.1,7.9,0.10,0.05
2025-12-31 19:04:02.209,0.1,7.9,0.10,0.05
2025-12-31 19:04:03.211,0.2,7.9,0.10,0.05
2025-12-31 19:04:04.213,0.0,7.9,0.10,0.06
2025-12-31 19:04:05.215,0.1,7.9,0.10,0.06
2025-12-31 19:04:06.217,0.1,7.9,0.09,0.06
2025-12-31 19:04:07.218,0.0,7.9,0.09,0.05
2025-12-31 19:04:08.220,0.2,7.9,0.10,0.06
2025-12-31 19:04:09.222,0.1,7.9,0.10,0.05
2025-12-31 19:04:10.223,0.1,7.9,0.10,0.05
2025-12-31 19:04:11.225,0.2,7.9,0.10,0.05
2025-12-31 19:04:12.226,0.2,7.9,0.10,0.05
2025-12-31 19:04:13.227,0.1,7.9,0.10,0.05
2025-12-31 19:04:14.228,0.2,7.9,0.10,0.05
2025-12-31 19:04:15.229,0.1,7.9,0.10,0.05
2025-12-31 19:04:16.230,0.1,7.9,0.10,0.06
2025-12-31 19:04:17.231,0.2,7.9,0.10,0.05
2025-12-31 19:04:18.232,0.0,7.9,0.10,0.05
2025-12-31 19:04:19.233,0.1,7.9,0.10,0.05
2025-12-31 19:04:20.235,0.2,7.9,0.10,0.05
2025-12-31 19:04:21.236,0.1,7.9,0.11,0.06
2025-12-31 19:04:22.237,0.2,7.9,0.10,0.05
2025-12-31 19:04:23.238,0.1,7.9,0.10,0.05
2025-12-31 19:04:24.239,0.1,7.9,0.10,0.05
2025-12-31 19:04:25.240,0.0,7.9,0.10,0.05
2025-12-31 19:04:26.241,0.0,7.9,0.10,0.05
2025-12-31 19:04:27.242,0.0,7.9,0.10,0.05
2025-12-31 19:04:28.244,0.2,7.9,0.10,0.05
2025-12-31 19:04:29.245,0.1,7.9,0.10,0.05
2025-12-31 19:04:30.246,0.0,7.9,0.10,0.05
2025-12-31 19:04:31.247,0.0,7.9,0.10,0.05
2025-12-31 19:04:32.247,0.0,7.9,0.10,0.05
2025-12-31 19:04:33.248,0.1,7.9,0.10,0.05
2025-12-31 19:04:34.249,0.1,7.9,0.10,0.05
2025-12-31 19:04:35.250,0.1,7.9,0.10,0.05
2025-12-31 19:04:36.251,0.1,7.9,0.09,0.05
2025-12-31 19:04:37.252,0.1,7.9,0.10,0.05
2025-12-31 19:04:38.254,0.1,7.8,0.09,0.05
2025-12-31 19:04:39.256,0.2,7.8,0.09,0.05
2025-12-31 19:04:40.258,0.2,7.8,0.10,0.05
2025-12-31 19:04:41.259,0.3,7.8,0.10,0.05
2025-12-31 19:04:42.261,0.1,7.8,0.10,0.05
2025-12-31 19:04:43.263,0.2,7.8,0.10,0.05
2025-12-31 19:04:44.265,0.1,7.8,0.10,0.05
2025-12-31 19:04:45.266,0.2,7.8,0.10,0.05
2025-12-31 19:04:46.267,0.2,7.8,0.10,0.05
2025-12-31 19:04:47.269,0.3,7.8,0.09,0.05
2025-12-31 19:04:48.270,0.3,7.8,0.10,0.05
2025-12-31 19:04:49.272,0.2,7.8,0.10,0.05
2025-12-31 19:04:50.273,0.3,7.8,0.10,0.05
2025-12-31 19:04:51.274,0.3,7.8,0.09,0.05
2025-12-31 19:04:52.276,0.3,7.8,0.10,0.05
2025-12-31 19:04:53.277,0.4,7.8,0.09,0.05
2025-12-31 19:04:54.279,0.2,7.8,0.10,0.05
2025-12-31 19:04:55.281,0.4,7.8,0.09,0.05
2025-12-31 19:04:56.282,0.4,7.8,0.10,0.05
2025-12-31 19:04:57.284,0.6,7.8,0.10,0.05
2025-12-31 19:04:58.285,0.2,7.8,0.09,0.05
2025-12-31 19:04:59.287,0.2,7.8,0.10,0.05
2025-12-31 19:05:00.289,0.2,7.8,0.10,0.05
2025-12-31 19:05:01.290,0.2,7.8,0.10,0.05
2025-12-31 19:05:02.293,0.4,7.8,0.10,0.05
2025-12-31 19:05:03.294,0.2,7.8,0.10,0.05
2025-12-31 19:05:04.295,0.2,7.8,0.10,0.05
2025-12-31 19:05:05.296,0.2,7.8,0.10,0.08
2025-12-31 19:05:06.298,0.1,7.8,0.09,0.06
2025-12-31 19:05:07.299,0.2,7.8,0.10,0.05
2025-12-31 19:05:08.300,0.2,7.8,0.10,0.06
2025-12-31 19:05:09.301,0.0,7.8,0.10,0.05
2025-12-31 19:05:10.302,0.0,7.8,0.10,0.06
2025-12-31 19:05:11.303,0.1,7.8,0.10,0.05
2025-12-31 19:05:12.304,0.1,7.8,0.09,0.06
2025-12-31 19:05:13.306,0.2,7.8,0.10,0.05
2025-12-31 19:05:14.307,0.2,7.8,0.10,0.05
2025-12-31 19:05:15.308,0.0,7.8,0.09,0.05
2025-12-31 19:05:16.309,0.2,7.8,0.10,0.05
2025-12-31 19:05:17.310,0.2,7.8,0.10,0.05
2025-12-31 19:05:18.311,0.1,7.8,0.09,0.05
2025-12-31 19:05:19.313,0.2,7.8,0.09,0.05
2025-12-31 19:05:20.314,0.1,7.8,0.10,0.05
2025-12-31 19:05:21.316,0.1,7.8,0.10,0.05
2025-12-31 19:05:22.318,0.2,7.8,0.10,0.05
2025-12-31 19:05:23.320,0.1,7.8,0.10,0.05
2025-12-31 19:05:24.322,0.2,7.8,0.10,0.05
2025-12-31 19:05:25.323,0.2,7.8,0.10,0.05
2025-12-31 19:05:26.325,0.1,7.8,0.09,0.05
2025-12-31 19:05:27.326,0.3,7.8,0.09,0.05
2025-12-31 19:05:28.328,0.1,7.8,0.09,0.05
2025-12-31 19:05:29.329,0.2,7.8,0.10,0.05
2025-12-31 19:05:30.330,0.1,7.8,0.10,0.05
2025-12-31 19:05:31.332,0.2,7.8,0.10,0.05
2025-12-31 19:05:32.334,0.2,7.8,0.09,0.05
2025-12-31 19:05:33.336,0.1,7.8,0.10,0.05
2025-12-31 19:05:34.337,0.2,7.8,0.10,0.05
2025-12-31 19:05:35.339,0.1,7.8,0.09,0.05
2025-12-31 19:05:36.340,0.1,7.8,0.10,0.05
2025-12-31 19:05:37.342,0.1,7.8,0.10,0.05
2025-12-31 19:05:38.344,0.2,7.8,0.10,0.05
2025-12-31 19:05:39.345,0.1,7.8,0.09,0.05
2025-12-31 19:05:40.346,0.1,7.8,0.10,0.05
2025-12-31 19:05:41.347,0.2,7.8,0.10,0.05
2025-12-31 19:05:42.349,0.1,7.8,0.10,0.05
2025-12-31 19:05:43.351,0.1,7.8,0.10,0.05
2025-12-31 19:05:44.352,0.2,7.8,0.10,0.05
2025-12-31 19:05:45.354,0.0,7.8,0.10,0.05
2025-12-31 19:05:46.355,0.2,7.8,0.09,0.05
2025-12-31 19:05:47.356,0.1,7.8,0.10,0.05
2025-12-31 19:05:48.357,0.1,7.8,0.09,0.05
2025-12-31 19:05:49.358,0.0,7.8,0.09,0.05
2025-12-31 19:05:50.359,0.2,7.8,0.10,0.05
2025-12-31 19:05:51.360,0.1,7.8,0.10,0.05
2025-12-31 19:05:52.361,0.0,7.8,0.10,0.05
2025-12-31 19:05:53.362,0.0,7.8,0.10,0.05
2025-12-31 19:05:54.363,0.1,7.8,0.10,0.05
2025-12-31 19:05:55.365,0.0,7.8,0.09,0.05
2025-12-31 19:05:56.366,0.0,7.8,0.10,0.05
2025-12-31 19:05:57.367,0.1,7.8,0.09,0.05
2025-12-31 19:05:58.368,0.1,7.8,0.10,0.05
2025-12-31 19:05:59.370,0.0,7.8,0.09,0.05
2025-12-31 19:06:00.371,0.1,7.8,0.10,0.05
2025-12-31 19:06:01.373,0.1,7.8,0.09,0.05
2025-12-31 19:06:02.375,0.0,7.8,0.09,0.05
2025-12-31 19:06:03.376,0.0,7.8,0.10,0.05
2025-12-31 19:06:04.378,0.1,7.8,0.10,0.05
2025-12-31 19:06:05.379,0.1,7.8,0.10,0.05
2025-12-31 19:06:06.381,0.0,7.8,0.09,0.06
2025-12-31 19:06:07.383,0.1,7.8,0.10,0.05
2025-12-31 19:06:08.384,0.0,7.8,0.09,0.05
2025-12-31 19:06:09.385,0.0,7.8,0.09,0.05
2025-12-31 19:06:10.387,0.1,7.8,0.10,0.05
2025-12-31 19:06:11.389,0.0,7.8,0.10,0.05
2025-12-31 19:06:12.390,0.1,7.8,0.10,0.05
2025-12-31 19:06:13.391,0.1,7.8,0.09,0.05
2025-12-31 19:06:14.393,0.1,7.8,0.10,0.05
2025-12-31 19:06:15.394,0.0,7.8,0.10,0.05
2025-12-31 19:06:16.396,0.1,7.8,0.10,0.05
2025-12-31 19:06:17.397,0.2,7.8,0.10,0.05
2025-12-31 19:06:18.399,0.1,7.8,0.09,0.05
2025-12-31 19:06:19.401,0.0,7.8,0.10,0.05
2025-12-31 19:06:20.403,0.0,7.8,0.09,0.05
2025-12-31 19:06:21.404,0.0,7.8,0.09,0.05
2025-12-31 19:06:22.405,0.2,7.8,0.10,0.05
2025-12-31 19:06:23.407,0.0,7.8,0.09,0.05
2025-12-31 19:06:24.409,0.2,7.8,0.10,0.05
2025-12-31 19:06:25.410,0.1,7.8,0.10,0.05
2025-12-31 19:06:26.412,0.0,7.8,0.10,0.05
2025-12-31 19:06:27.413,0.0,7.8,0.10,0.05
2025-12-31 19:06:28.414,0.1,7.8,0.10,0.05
2025-12-31 19:06:29.416,0.1,7.8,0.09,0.05
2025-12-31 19:06:30.417,0.0,7.8,0.09,0.05
2025-12-31 19:06:31.418,0.1,7.8,0.10,0.05
2025-12-31 19:06:32.419,0.1,7.8,0.09,0.05
2025-12-31 19:06:33.420,0.1,7.8,0.10,0.05
2025-12-31 19:06:34.421,0.0,7.8,0.11,0.06
2025-12-31 19:06:35.422,0.1,7.8,0.11,0.05
2025-12-31 19:06:36.423,0.0,7.8,0.09,0.05
2025-12-31 19:06:37.424,0.1,7.8,0.09,0.05
2025-12-31 19:06:38.425,0.1,7.8,0.10,0.05
2025-12-31 19:06:39.426,0.2,7.8,0.10,0.05
2025-12-31 19:06:40.427,0.2,7.8,0.09,0.05
2025-12-31 19:06:41.428,0.1,7.8,0.09,0.05
2025-12-31 19:06:42.429,0.0,7.8,0.10,0.05
2025-12-31 19:06:43.430,0.1,7.8,0.10,0.05
2025-12-31 19:06:44.432,0.1,7.8,0.10,0.05
2025-12-31 19:06:45.433,0.1,7.8,0.10,0.05
2025-12-31 19:06:46.435,0.0,7.8,0.09,0.05
2025-12-31 19:06:47.436,0.2,7.8,0.09,0.05
2025-12-31 19:06:48.438,0.1,7.8,0.10,0.05
2025-12-31 19:06:49.439,0.1,7.8,0.10,0.05
2025-12-31 19:06:50.441,0.1,7.8,0.10,0.05
2025-12-31 19:06:51.442,0.1,7.8,0.10,0.05
2025-12-31 19:06:52.443,0.0,7.8,0.10,0.05
2025-12-31 19:06:53.444,0.1,7.8,0.10,0.05
2025-12-31 19:06:54.445,0.0,7.8,0.10,0.05
2025-12-31 19:06:55.447,0.0,7.8,0.09,0.05
2025-12-31 19:06:56.449,0.1,7.8,0.09,0.05
2025-12-31 19:06:57.450,0.1,7.8,0.10,0.05
2025-12-31 19:06:58.451,0.2,7.8,0.10,0.05
2025-12-31 19:06:59.453,0.0,7.8,0.10,0.05
2025-12-31 19:07:00.454,0.1,7.8,0.10,0.05
2025-12-31 19:07:01.456,0.0,7.8,0.09,0.05
2025-12-31 19:07:02.457,0.1,7.8,0.09,0.05
2025-12-31 19:07:03.459,0.1,7.8,0.10,0.05
2025-12-31 19:07:04.461,0.1,7.8,0.10,0.05
2025-12-31 19:07:05.462,0.1,7.8,0.10,0.05
2025-12-31 19:07:06.463,0.1,7.8,0.10,0.05
2025-12-31 19:07:07.465,0.1,7.8,0.10,0.05
2025-12-31 19:07:08.466,0.2,7.8,0.10,0.05
2025-12-31 19:07:09.467,0.2,7.8,0.09,0.05
2025-12-31 19:07:10.468,0.1,7.8,0.10,0.05
2025-12-31 19:07:11.470,0.1,7.8,0.10,0.05
2025-12-31 19:07:12.471,0.1,7.8,0.10,0.05
2025-12-31 19:07:13.473,0.0,7.8,0.09,0.05
2025-12-31 19:07:14.475,0.1,7.8,0.10,0.05
2025-12-31 19:07:15.476,0.1,7.8,0.10,0.05
2025-12-31 19:07:16.477,0.0,7.8,0.10,0.05
2025-12-31 19:07:17.479,0.1,7.8,0.09,0.05
2025-12-31 19:07:18.481,0.1,7.8,0.09,0.05
2025-12-31 19:07:19.482,0.1,7.8,0.10,0.05
2025-12-31 19:07:20.483,0.1,7.8,0.10,0.05
2025-12-31 19:07:21.484,0.0,7.8,0.10,0.05
2025-12-31 19:07:22.486,0.1,7.8,0.10,0.05
2025-12-31 19:07:23.487,0.1,7.8,0.10,0.05
2025-12-31 19:07:24.488,0.1,7.8,0.10,0.05
2025-12-31 19:07:25.489,0.1,7.8,0.10,0.05
2025-12-31 19:07:26.490,0.0,7.8,0.10,0.05
2025-12-31 19:07:27.491,0.0,7.8,0.10,0.05
2025-12-31 19:07:28.492,0.1,7.8,0.09,0.05
2025-12-31 19:07:29.494,0.0,7.8,0.10,0.05
2025-12-31 19:07:30.495,0.1,7.8,0.10,0.05
2025-12-31 19:07:31.497,0.0,7.8,0.09,0.05
2025-12-31 19:07:32.498,0.1,7.8,0.10,0.05
2025-12-31 19:07:33.500,0.0,7.8,0.10,0.05
2025-12-31 19:07:34.502,0.2,7.8,0.10,0.05
2025-12-31 19:07:35.504,0.1,7.8,0.09,0.05
2025-12-31 19:07:36.506,0.1,7.8,0.10,0.05
2025-12-31 19:07:37.507,0.2,7.8,0.09,0.05
2025-12-31 19:07:38.509,0.2,7.8,0.10,0.05
2025-12-31 19:07:39.510,0.3,7.8,0.09,0.05
2025-12-31 19:07:40.512,0.2,7.8,0.09,0.05
2025-12-31 19:07:41.513,0.0,7.8,0.09,0.05
2025-12-31 19:07:42.515,0.2,7.8,0.09,0.05
2025-12-31 19:07:43.517,0.2,7.8,0.10,0.05
2025-12-31 19:07:44.519,0.2,7.8,0.10,0.05
2025-12-31 19:07:45.520,0.3,7.8,0.10,0.05
2025-12-31 19:07:46.522,0.3,7.8,0.09,0.05
2025-12-31 19:07:47.524,0.4,7.8,0.10,0.05
2025-12-31 19:07:48.526,0.4,7.8,0.10,0.05
2025-12-31 19:07:49.527,0.2,7.8,0.09,0.05
2025-12-31 19:07:50.529,0.5,7.8,0.09,0.05
2025-12-31 19:07:51.531,0.2,7.8,0.09,0.05
2025-12-31 19:07:52.533,0.5,7.8,0.10,0.05
2025-12-31 19:07:53.534,0.4,7.8,0.10,0.05
2025-12-31 19:07:54.535,0.4,7.8,0.10,0.05
2025-12-31 19:07:55.537,0.3,7.8,0.10,0.05
2025-12-31 19:07:56.539,0.2,7.8,0.09,0.05
2025-12-31 19:07:57.540,0.3,7.8,0.09,0.05
2025-12-31 19:07:58.541,0.2,7.8,0.10,0.05
2025-12-31 19:07:59.543,0.2,7.8,0.09,0.05
2025-12-31 19:08:00.544,0.2,7.8,0.10,0.05
2025-12-31 19:08:01.546,0.2,7.8,0.10,0.05
2025-12-31 19:08:02.547,0.2,7.8,0.10,0.05
2025-12-31 19:08:03.549,0.2,7.8,0.10,0.05
2025-12-31 19:08:04.550,0.1,7.8,0.10,0.05
2025-12-31 19:08:05.552,0.1,7.8,0.09,0.05
2025-12-31 19:08:06.553,0.2,7.8,0.10,0.05
2025-12-31 19:08:07.554,0.1,7.8,0.10,0.05
2025-12-31 19:08:08.555,0.2,7.8,0.10,0.05
2025-12-31 19:08:09.557,0.1,7.8,0.10,0.05
2025-12-31 19:08:10.558,0.0,7.8,0.10,0.05
2025-12-31 19:08:11.560,0.2,7.8,0.09,0.05
2025-12-31 19:08:12.561,0.2,7.8,0.10,0.05
2025-12-31 19:08:13.562,0.1,7.8,0.09,0.05
2025-12-31 19:08:14.564,0.1,7.8,0.10,0.05
2025-12-31 19:08:15.565,0.0,7.8,0.10,0.05
2025-12-31 19:08:16.566,0.2,7.8,0.10,0.05
2025-12-31 19:08:17.568,0.1,7.8,0.10,0.05
2025-12-31 19:08:18.569,0.0,7.8,0.10,0.05
2025-12-31 19:08:19.571,0.0,7.8,0.10,0.05
2025-12-31 19:08:20.572,0.1,7.8,0.09,0.05
2025-12-31 19:08:21.574,0.1,7.8,0.10,0.05
2025-12-31 19:08:22.575,0.0,7.8,0.10,0.05
2025-12-31 19:08:23.577,0.2,7.8,0.10,0.05
2025-12-31 19:08:24.578,0.0,7.8,0.10,0.05
2025-12-31 19:08:25.580,0.1,7.8,0.10,0.05
2025-12-31 19:08:26.581,0.1,7.8,0.09,0.05
2025-12-31 19:08:27.582,0.0,7.8,0.10,0.05
2025-12-31 19:08:28.584,0.1,7.8,0.10,0.05
2025-12-31 19:08:29.586,0.0,7.8,0.10,0.05
2025-12-31 19:08:30.587,0.2,7.8,0.10,0.05
2025-12-31 19:08:31.589,0.1,7.8,0.09,0.05
2025-12-31 19:08:32.590,0.2,7.8,0.10,0.05
2025-12-31 19:08:33.591,0.0,7.8,0.09,0.05
2025-12-31 19:08:34.592,0.1,7.8,0.10,0.05
2025-12-31 19:08:35.593,0.0,7.8,0.09,0.05
2025-12-31 19:08:36.594,0.2,7.8,0.09,0.05
2025-12-31 19:08:37.595,0.1,7.8,0.09,0.05
2025-12-31 19:08:38.596,0.0,7.8,0.10,0.05
2025-12-31 19:08:39.597,0.1,7.8,0.10,0.05
2025-12-31 19:08:40.599,0.2,7.8,0.09,0.05
2025-12-31 19:08:41.600,0.1,7.8,0.10,0.05
2025-12-31 19:08:42.602,0.1,7.8,0.10,0.05
2025-12-31 19:08:43.603,0.1,7.8,0.09,0.05
2025-12-31 19:08:44.604,0.0,7.8,0.10,0.05
2025-12-31 19:08:45.606,0.1,7.8,0.10,0.05
2025-12-31 19:08:46.607,0.1,7.8,0.10,0.05
2025-12-31 19:08:47.609,0.1,7.8,0.10,0.06
2025-12-31 19:08:48.611,0.1,7.8,0.10,0.05
2025-12-31 19:08:49.613,0.2,7.8,0.10,0.05
2025-12-31 19:08:50.614,0.0,7.8,0.10,0.05
2025-12-31 19:08:51.616,0.1,7.8,0.10,0.05
2025-12-31 19:08:52.617,0.0,7.8,0.09,0.05
2025-12-31 19:08:53.618,0.1,7.8,0.10,0.05
2025-12-31 19:08:54.620,0.1,7.8,0.10,0.05
2025-12-31 19:08:55.621,0.0,7.8,0.10,0.05
2025-12-31 19:08:56.623,0.0,7.8,0.09,0.05
2025-12-31 19:08:57.625,0.1,7.8,0.09,0.05
2025-12-31 19:08:58.626,0.0,7.8,0.10,0.05
2025-12-31 19:08:59.628,0.2,7.8,0.09,0.05
2025-12-31 19:09:00.629,0.0,7.8,0.10,0.05
2025-12-31 19:09:01.630,0.1,7.8,0.10,0.05
2025-12-31 19:09:02.632,0.1,7.8,0.10,0.05
2025-12-31 19:09:03.634,0.0,7.8,0.09,0.05
2025-12-31 19:09:04.635,0.1,7.8,0.10,0.05
2025-12-31 19:09:05.637,0.0,7.8,0.10,0.05
2025-12-31 19:09:06.638,0.0,7.8,0.10,0.05
2025-12-31 19:09:07.639,0.2,7.8,0.10,0.05
2025-12-31 19:09:08.639,0.0,7.8,0.10,0.05
2025-12-31 19:09:09.640,0.1,7.8,0.10,0.05
2025-12-31 19:09:10.642,0.0,7.8,0.09,0.05
2025-12-31 19:09:11.643,0.1,7.8,0.10,0.05
2025-12-31 19:09:12.645,0.1,7.8,0.10,0.05
2025-12-31 19:09:13.646,0.0,7.8,0.09,0.05
2025-12-31 19:09:14.648,0.0,7.8,0.10,0.05
2025-12-31 19:09:15.649,0.2,7.8,0.09,0.05
2025-12-31 19:09:16.650,0.1,7.8,0.10,0.05
2025-12-31 19:09:17.652,0.0,7.8,0.10,0.05
2025-12-31 19:09:18.653,0.1,7.8,0.09,0.05
2025-12-31 19:09:19.654,0.1,7.8,0.09,0.05
2025-12-31 19:09:20.655,0.0,7.8,0.10,0.05
2025-12-31 19:09:21.656,0.1,7.8,0.09,0.05
2025-12-31 19:09:22.658,0.1,7.8,0.10,0.05
2025-12-31 19:09:23.659,0.1,7.8,0.10,0.05
2025-12-31 19:09:24.660,0.2,7.8,0.10,0.05
2025-12-31 19:09:25.661,0.0,7.8,0.11,0.06
2025-12-31 19:09:26.662,0.1,7.8,0.10,0.05
2025-12-31 19:09:27.664,0.0,7.8,0.09,0.05
2025-12-31 19:09:28.665,0.2,7.8,0.09,0.05
2025-12-31 19:09:29.666,0.1,7.8,0.09,0.05
2025-12-31 19:09:30.667,0.1,7.8,0.10,0.05
2025-12-31 19:09:31.668,0.0,7.8,0.09,0.05
2025-12-31 19:09:32.670,0.1,7.8,0.10,0.05
2025-12-31 19:09:33.671,0.1,7.8,0.10,0.05
2025-12-31 19:09:34.673,0.0,7.8,0.10,0.05
2025-12-31 19:09:35.674,0.1,7.8,0.10,0.05
2025-12-31 19:09:36.676,0.2,7.8,0.10,0.05
2025-12-31 19:09:37.677,0.1,7.8,0.09,0.05
2025-12-31 19:09:38.679,0.1,7.8,0.09,0.05
2025-12-31 19:09:39.681,0.0,7.8,0.10,0.05
2025-12-31 19:09:40.683,0.1,7.8,0.09,0.05
2025-12-31 19:09:41.684,0.1,7.8,0.10,0.05
2025-12-31 19:09:42.685,0.0,7.8,0.09,0.05
2025-12-31 19:09:43.687,0.1,7.8,0.10,0.05
2025-12-31 19:09:44.688,0.0,7.8,0.10,0.05
2025-12-31 19:09:45.690,0.1,7.8,0.10,0.05
2025-12-31 19:09:46.692,0.3,7.8,0.10,0.05
2025-12-31 19:09:47.693,0.0,7.8,0.09,0.05
2025-12-31 19:09:48.694,0.0,7.8,0.10,0.05
2025-12-31 19:09:49.696,0.1,7.8,0.10,0.05
2025-12-31 19:09:50.697,0.2,7.8,0.10,0.05
2025-12-31 19:09:51.699,0.1,7.8,0.10,0.05
2025-12-31 19:09:52.701,0.2,7.8,0.10,0.05
2025-12-31 19:09:53.703,0.0,7.8,0.10,0.05
2025-12-31 19:09:54.704,0.1,7.8,0.10,0.05
2025-12-31 19:09:55.705,0.1,7.8,0.10,0.05
2025-12-31 19:09:56.706,0.0,7.8,0.10,0.05
2025-12-31 19:09:57.707,0.1,7.8,0.10,0.05
2025-12-31 19:09:58.709,0.1,7.8,0.09,0.05
2025-12-31 19:09:59.711,0.2,7.8,0.10,0.05
2025-12-31 19:10:00.712,0.1,7.8,0.09,0.05
2025-12-31 19:10:01.714,0.1,7.8,0.09,0.05
2025-12-31 19:10:02.715,0.1,7.8,0.10,0.05
2025-12-31 19:10:03.716,0.1,7.8,0.10,0.06
2025-12-31 19:10:04.717,0.1,7.8,0.10,0.05
2025-12-31 19:10:05.718,0.2,7.8,0.10,0.05
2025-12-31 19:10:06.719,0.1,7.8,0.09,0.05
2025-12-31 19:10:07.721,0.1,7.8,0.10,0.05
2025-12-31 19:10:08.722,0.0,7.8,0.10,0.05
2025-12-31 19:10:09.723,0.1,7.8,0.10,0.05
2025-12-31 19:10:10.725,0.0,7.8,0.09,0.05
2025-12-31 19:10:11.726,0.1,7.8,0.09,0.05
2025-12-31 19:10:12.727,0.1,7.8,0.10,0.05
2025-12-31 19:10:13.730,0.1,7.8,0.10,0.05
2025-12-31 19:10:14.732,0.1,7.8,0.10,0.05
2025-12-31 19:10:15.733,0.0,7.8,0.10,0.05
2025-12-31 19:10:16.734,0.1,7.8,0.10,0.05
2025-12-31 19:10:17.736,0.2,7.8,0.10,0.05
2025-12-31 19:10:18.737,0.0,7.8,0.10,0.05
2025-12-31 19:10:19.738,0.0,7.8,0.10,0.05
2025-12-31 19:10:20.740,0.0,7.8,0.09,0.05
2025-12-31 19:10:21.741,0.0,7.8,0.10,0.05
2025-12-31 19:10:22.743,0.0,7.8,0.10,0.05
2025-12-31 19:10:23.744,0.2,7.8,0.10,0.05
2025-12-31 19:10:24.746,0.0,7.8,0.10,0.05
2025-12-31 19:10:25.747,0.1,7.8,0.10,0.05
2025-12-31 19:10:26.749,0.1,7.8,0.10,0.05
2025-12-31 19:10:27.750,0.1,7.8,0.10,0.05
2025-12-31 19:10:28.752,0.1,7.8,0.10,0.05
2025-12-31 19:10:29.753,0.1,7.8,0.10,0.05
2025-12-31 19:10:30.754,0.1,7.8,0.10,0.05
2025-12-31 19:10:31.755,0.2,7.8,0.09,0.05
2025-12-31 19:10:32.757,0.0,7.8,0.10,0.05
2025-12-31 19:10:33.758,0.1,7.8,0.09,0.05
2025-12-31 19:10:34.759,0.3,7.8,0.10,0.05
2025-12-31 19:10:35.761,0.2,7.8,0.09,0.05
2025-12-31 19:10:36.762,0.2,7.8,0.09,0.05
2025-12-31 19:10:37.763,0.2,7.8,0.09,0.05
2025-12-31 19:10:38.765,0.1,7.8,0.09,0.05
2025-12-31 19:10:39.766,0.3,7.8,0.10,0.05
2025-12-31 19:10:40.768,0.2,7.8,0.10,0.05
2025-12-31 19:10:41.770,0.3,7.8,0.10,0.05
2025-12-31 19:10:42.771,0.4,7.8,0.10,0.05
2025-12-31 19:10:43.773,0.4,7.8,0.10,0.05
2025-12-31 19:10:44.774,0.5,7.8,0.10,0.05
2025-12-31 19:10:45.775,0.4,7.8,0.09,0.05
2025-12-31 19:10:46.776,0.5,7.8,0.10,0.05
2025-12-31 19:10:47.778,0.3,7.8,0.09,0.05
2025-12-31 19:10:48.779,0.2,7.8,0.10,0.05
2025-12-31 19:10:49.781,0.3,7.8,0.09,0.05
2025-12-31 19:10:50.782,0.2,7.8,0.10,0.05
2025-12-31 19:10:51.783,0.3,7.8,0.10,0.05
2025-12-31 19:10:52.785,0.2,7.8,0.09,0.05
2025-12-31 19:10:53.786,0.2,7.8,0.10,0.05
2025-12-31 19:10:54.788,0.2,7.8,0.10,0.05
2025-12-31 19:10:55.791,0.3,7.8,0.10,0.05
2025-12-31 19:10:56.792,0.2,7.8,0.09,0.05
2025-12-31 19:10:57.794,0.0,7.8,0.10,0.05
2025-12-31 19:10:58.795,0.2,7.8,0.10,0.05
2025-12-31 19:10:59.797,0.3,7.8,0.10,0.05
2025-12-31 19:11:00.798,0.0,7.8,0.10,0.05
2025-12-31 19:11:01.800,0.2,7.8,0.10,0.05
2025-12-31 19:11:02.802,0.2,7.8,0.10,0.05
2025-12-31 19:11:03.803,0.1,7.8,0.10,0.05
2025-12-31 19:11:04.805,0.2,7.8,0.10,0.05
2025-12-31 19:11:05.806,0.2,7.8,0.10,0.05
2025-12-31 19:11:06.807,0.1,7.8,0.10,0.05
2025-12-31 19:11:07.808,0.1,7.8,0.10,0.05
2025-12-31 19:11:08.810,0.2,7.8,0.10,0.05
2025-12-31 19:11:09.811,0.2,7.8,0.09,0.05
2025-12-31 19:11:10.813,0.1,7.8,0.09,0.05
2025-12-31 19:11:11.814,0.2,7.8,0.09,0.05
2025-12-31 19:11:12.816,0.0,7.8,0.10,0.05
2025-12-31 19:11:13.817,0.3,7.8,0.10,0.05
2025-12-31 19:11:14.818,0.0,7.8,0.10,0.05
2025-12-31 19:11:15.819,0.2,7.8,0.09,0.05
2025-12-31 19:11:16.838,0.1,7.8,0.10,0.05
2025-12-31 19:11:17.840,0.2,7.8,0.10,0.05
2025-12-31 19:11:18.841,0.1,7.8,0.10,0.05
2025-12-31 19:11:19.843,0.1,7.8,0.10,0.05
2025-12-31 19:11:20.844,0.1,7.8,0.10,0.05
2025-12-31 19:11:21.845,0.0,7.8,0.10,0.05
2025-12-31 19:11:22.846,0.0,7.8,0.10,0.05
2025-12-31 19:11:23.847,0.2,7.8,0.10,0.05
2025-12-31 19:11:24.848,0.1,7.8,0.11,0.06
2025-12-31 19:11:25.850,0.1,7.8,0.10,0.05
2025-12-31 19:11:26.851,0.1,7.8,0.10,0.05
2025-12-31 19:11:27.852,0.1,7.8,0.09,0.05
2025-12-31 19:11:28.853,0.0,7.8,0.10,0.05
2025-12-31 19:11:29.854,0.1,7.8,0.10,0.05
2025-12-31 19:11:30.856,0.1,7.8,0.10,0.05
2025-12-31 19:11:31.857,0.0,7.8,0.09,0.05
2025-12-31 19:11:32.859,0.1,7.8,0.10,0.05
2025-12-31 19:11:33.860,0.0,7.8,0.10,0.05
2025-12-31 19:11:34.862,0.1,7.8,0.10,0.05
2025-12-31 19:11:35.864,0.1,7.8,0.10,0.05
2025-12-31 19:11:36.865,0.1,7.8,0.10,0.05
2025-12-31 19:11:37.867,0.1,7.8,0.10,0.05
2025-12-31 19:11:38.870,0.2,7.8,0.10,0.05
2025-12-31 19:11:39.871,0.1,7.8,0.10,0.05
2025-12-31 19:11:40.873,0.1,7.8,0.10,0.05
2025-12-31 19:11:41.874,0.0,7.8,0.10,0.05
2025-12-31 19:11:42.876,0.1,7.8,0.10,0.05
2025-12-31 19:11:43.878,0.0,7.8,0.10,0.05
2025-12-31 19:11:44.880,0.0,7.8,0.10,0.05
2025-12-31 19:11:45.881,0.0,7.8,0.10,0.05
2025-12-31 19:11:46.883,0.2,7.8,0.10,0.05
2025-12-31 19:11:47.885,0.1,7.8,0.09,0.05
2025-12-31 19:11:48.887,0.0,7.8,0.09,0.05
2025-12-31 19:11:49.888,0.1,7.8,0.09,0.05
2025-12-31 19:11:50.890,0.1,7.8,0.10,0.05
2025-12-31 19:11:51.891,0.0,7.8,0.10,0.05
2025-12-31 19:11:52.893,0.1,7.8,0.10,0.05
2025-12-31 19:11:53.894,0.1,7.8,0.10,0.05
2025-12-31 19:11:54.896,0.0,7.8,0.10,0.05
2025-12-31 19:11:55.897,0.1,7.8,0.10,0.05
2025-12-31 19:11:56.898,0.1,7.8,0.09,0.05
2025-12-31 19:11:57.899,0.1,7.8,0.10,0.05
2025-12-31 19:11:58.901,0.2,7.8,0.09,0.05
2025-12-31 19:11:59.902,0.2,7.8,0.09,0.05
2025-12-31 19:12:00.903,0.1,7.8,0.09,0.05
2025-12-31 19:12:01.904,0.1,7.8,0.09,0.05
2025-12-31 19:12:02.906,0.0,7.8,0.09,0.05
2025-12-31 19:12:03.907,0.1,7.8,0.10,0.05
2025-12-31 19:12:04.909,0.1,7.8,0.10,0.05
2025-12-31 19:12:05.910,0.0,7.8,0.10,0.05
2025-12-31 19:12:06.912,0.0,7.8,0.09,0.05
2025-12-31 19:12:07.914,0.0,7.8,0.10,0.05
2025-12-31 19:12:08.915,0.3,7.8,0.11,0.06
2025-12-31 19:12:09.917,0.1,7.8,0.10,0.05
2025-12-31 19:12:10.917,0.1,7.8,0.10,0.05
2025-12-31 19:12:11.918,0.1,7.8,0.10,0.05
2025-12-31 19:12:12.920,0.1,7.8,0.10,0.05
2025-12-31 19:12:13.921,0.0,7.8,0.10,0.05
2025-12-31 19:12:14.922,0.1,7.8,0.10,0.05
2025-12-31 19:12:15.923,0.0,7.8,0.10,0.05
2025-12-31 19:12:16.924,0.2,7.8,0.10,0.05
2025-12-31 19:12:17.926,0.1,7.8,0.10,0.05
2025-12-31 19:12:18.927,0.1,7.8,0.10,0.05
2025-12-31 19:12:19.929,0.0,7.8,0.10,0.05
2025-12-31 19:12:20.930,0.1,7.8,0.10,0.05
2025-12-31 19:12:21.932,0.2,7.8,0.09,0.05
2025-12-31 19:12:22.933,0.1,7.8,0.10,0.05
2025-12-31 19:12:23.934,0.1,7.8,0.11,0.05
2025-12-31 19:12:24.935,0.1,7.8,0.10,0.05
2025-12-31 19:12:25.936,0.0,7.8,0.10,0.05
2025-12-31 19:12:26.937,0.0,7.8,0.10,0.05
2025-12-31 19:12:27.938,0.1,7.8,0.09,0.05
2025-12-31 19:12:28.940,0.0,7.8,0.09,0.05
2025-12-31 19:12:29.941,0.2,7.8,0.10,0.05
2025-12-31 19:12:30.943,0.1,7.8,0.10,0.05
2025-12-31 19:12:31.944,0.1,7.8,0.10,0.05
2025-12-31 19:12:32.945,0.2,7.8,0.09,0.05
2025-12-31 19:12:33.947,0.0,7.8,0.10,0.05
2025-12-31 19:12:34.949,0.0,7.8,0.10,0.05
2025-12-31 19:12:35.950,0.2,7.8,0.10,0.05
2025-12-31 19:12:36.952,0.0,7.8,0.09,0.05
2025-12-31 19:12:37.955,0.1,7.8,0.10,0.05
2025-12-31 19:12:38.956,0.1,7.8,0.10,0.05
2025-12-31 19:12:39.957,0.0,7.8,0.10,0.05
2025-12-31 19:12:40.958,0.2,7.8,0.09,0.05
2025-12-31 19:12:41.959,0.1,7.8,0.10,0.05
2025-12-31 19:12:42.960,0.1,7.8,0.09,0.05
2025-12-31 19:12:43.961,0.1,7.8,0.09,0.05
2025-12-31 19:12:44.963,0.1,7.8,0.10,0.05
2025-12-31 19:12:45.964,0.0,7.8,0.10,0.05
2025-12-31 19:12:46.965,0.2,7.8,0.09,0.05
2025-12-31 19:12:47.966,0.0,7.8,0.10,0.05
2025-12-31 19:12:48.967,0.1,7.8,0.09,0.05
2025-12-31 19:12:49.968,0.0,7.8,0.10,0.05
2025-12-31 19:12:50.970,0.0,7.8,0.09,0.05
2025-12-31 19:12:51.971,0.1,7.8,0.09,0.05
2025-12-31 19:12:52.972,0.1,7.8,0.10,0.05
2025-12-31 19:12:53.973,0.2,7.8,0.09,0.05
2025-12-31 19:12:54.975,0.1,7.8,0.10,0.05
2025-12-31 19:12:55.976,0.1,7.8,0.09,0.05
2025-12-31 19:12:56.977,0.1,7.8,0.10,0.05
2025-12-31 19:12:57.979,0.1,7.8,0.10,0.05
2025-12-31 19:12:58.981,0.2,7.8,0.09,0.05
2025-12-31 19:12:59.982,0.2,7.8,0.09,0.05
2025-12-31 19:13:00.984,0.1,7.8,0.10,0.05
2025-12-31 19:13:01.985,0.1,7.8,0.09,0.05
2025-12-31 19:13:02.987,0.2,7.8,0.10,0.05
2025-12-31 19:13:03.988,0.1,7.8,0.10,0.05
2025-12-31 19:13:04.990,0.2,7.8,0.10,0.05
2025-12-31 19:13:05.991,0.1,7.8,0.09,0.05
2025-12-31 19:13:06.992,0.1,7.8,0.09,0.05
2025-12-31 19:13:07.993,0.0,7.8,0.10,0.05
2025-12-31 19:13:08.995,0.1,7.8,0.09,0.05
2025-12-31 19:13:09.996,0.1,7.8,0.10,0.05
2025-12-31 19:13:10.998,0.0,7.8,0.10,0.05
2025-12-31 19:13:11.999,0.0,7.8,0.09,0.05
2025-12-31 19:13:13.000,0.0,7.8,0.10,0.05
2025-12-31 19:13:14.002,0.1,7.8,0.09,0.05
2025-12-31 19:13:15.004,0.0,7.8,0.10,0.05
2025-12-31 19:13:16.005,0.2,7.8,0.10,0.05
2025-12-31 19:13:17.007,0.2,7.8,0.09,0.05
2025-12-31 19:13:18.008,0.1,7.8,0.10,0.05
2025-12-31 19:13:19.010,0.2,7.8,0.09,0.05
2025-12-31 19:13:20.011,0.0,7.8,0.09,0.05
2025-12-31 19:13:21.013,0.2,7.8,0.09,0.04
2025-12-31 19:13:22.015,0.1,7.8,0.10,0.05
2025-12-31 19:13:23.017,0.2,7.8,0.10,0.05
2025-12-31 19:13:24.018,0.1,7.8,0.10,0.05
2025-12-31 19:13:25.019,0.1,7.8,0.11,0.05
2025-12-31 19:13:26.021,0.2,7.8,0.10,0.05
2025-12-31 19:13:27.022,0.2,7.8,0.09,0.05
2025-12-31 19:13:28.023,0.2,7.8,0.09,0.05
2025-12-31 19:13:29.024,0.2,7.8,0.10,0.05
2025-12-31 19:13:30.025,0.2,7.8,0.09,0.05
2025-12-31 19:13:31.026,0.2,7.8,0.09,0.05
2025-12-31 19:13:32.027,0.2,7.8,0.10,0.05
2025-12-31 19:13:33.028,0.2,7.8,0.09,0.05
2025-12-31 19:13:34.030,0.3,7.8,0.10,0.05
2025-12-31 19:13:35.031,0.2,7.8,0.10,0.05
2025-12-31 19:13:36.032,0.2,7.8,0.09,0.05
2025-12-31 19:13:37.033,0.2,7.8,0.10,0.05
2025-12-31 19:13:38.034,0.3,7.8,0.09,0.05
2025-12-31 19:13:39.035,0.4,7.8,0.09,0.05
2025-12-31 19:13:40.036,0.4,7.8,0.10,0.05
2025-12-31 19:13:41.037,0.2,7.8,0.09,0.05
2025-12-31 19:13:42.039,0.2,7.8,0.10,0.05
2025-12-31 19:13:43.040,0.3,7.8,0.09,0.05
2025-12-31 19:13:44.042,0.2,7.8,0.10,0.05
2025-12-31 19:13:45.044,0.3,7.8,0.10,0.05
2025-12-31 19:13:46.046,0.2,7.8,0.10,0.05
2025-12-31 19:13:47.047,0.3,7.8,0.10,0.05
2025-12-31 19:13:48.049,0.4,7.8,0.10,0.05
2025-12-31 19:13:49.050,0.1,7.8,0.10,0.05
2025-12-31 19:13:50.051,0.2,7.8,0.10,0.05
2025-12-31 19:13:51.052,0.2,7.8,0.10,0.05
2025-12-31 19:13:52.054,0.1,7.8,0.09,0.05
2025-12-31 19:13:53.055,0.2,7.8,0.10,0.05
2025-12-31 19:13:54.057,0.2,7.8,0.09,0.05
2025-12-31 19:13:55.059,0.2,7.8,0.10,0.05
2025-12-31 19:13:56.060,0.1,7.8,0.09,0.05
2025-12-31 19:13:57.061,0.2,7.8,0.10,0.05
2025-12-31 19:13:58.063,0.1,7.8,0.10,0.05
2025-12-31 19:13:59.065,0.1,7.8,0.10,0.05
2025-12-31 19:14:00.067,0.2,7.8,0.10,0.05
2025-12-31 19:14:01.068,0.0,7.8,0.10,0.05
2025-12-31 19:14:02.069,0.3,7.8,0.09,0.05
2025-12-31 19:14:03.070,0.1,7.8,0.10,0.05
2025-12-31 19:14:04.072,0.2,7.8,0.10,0.06
2025-12-31 19:14:05.073,0.2,7.8,0.10,0.06
2025-12-31 19:14:06.075,0.2,7.8,0.10,0.06
2025-12-31 19:14:07.076,0.1,7.8,0.10,0.06
2025-12-31 19:14:08.078,0.0,7.8,0.09,0.05
2025-12-31 19:14:09.079,0.2,7.8,0.10,0.05
2025-12-31 19:14:10.080,0.2,7.8,0.09,0.05
2025-12-31 19:14:11.082,0.1,7.9,0.09,0.05
2025-12-31 19:14:12.083,0.1,7.9,0.09,0.05
2025-12-31 19:14:13.085,0.1,7.9,0.09,0.05
2025-12-31 19:14:14.086,0.0,7.9,0.10,0.05
2025-12-31 19:14:15.087,0.1,7.9,0.10,0.06
2025-12-31 19:14:16.088,0.1,7.9,0.09,0.05
2025-12-31 19:14:17.089,0.2,7.8,0.09,0.05
2025-12-31 19:14:18.090,0.1,7.8,0.10,0.05
2025-12-31 19:14:19.091,0.1,7.8,0.10,0.05
2025-12-31 19:14:20.092,0.1,7.8,0.10,0.05
2025-12-31 19:14:21.093,0.1,7.8,0.10,0.05
2025-12-31 19:14:22.095,0.0,7.8,0.10,0.05
2025-12-31 19:14:23.096,0.2,7.8,0.10,0.05
2025-12-31 19:14:24.098,0.1,7.8,0.10,0.05
2025-12-31 19:14:25.099,0.1,7.8,0.11,0.05
2025-12-31 19:14:26.101,0.0,7.8,0.10,0.05
2025-12-31 19:14:27.103,0.1,7.8,0.09,0.05
2025-12-31 19:14:28.105,0.1,7.8,0.09,0.05
2025-12-31 19:14:29.107,0.1,7.8,0.10,0.05
2025-12-31 19:14:30.108,0.0,7.8,0.10,0.05
2025-12-31 19:14:31.110,0.0,7.8,0.10,0.05
2025-12-31 19:14:32.111,0.1,7.8,0.10,0.05
2025-12-31 19:14:33.112,0.1,7.8,0.09,0.05
2025-12-31 19:14:34.114,0.0,7.8,0.10,0.05
2025-12-31 19:14:35.116,0.1,7.8,0.10,0.05
2025-12-31 19:14:36.118,0.1,7.8,0.10,0.05
2025-12-31 19:14:37.119,0.0,7.8,0.10,0.05
2025-12-31 19:14:38.121,0.1,7.8,0.10,0.05
2025-12-31 19:14:39.123,0.0,7.8,0.10,0.05
2025-12-31 19:14:40.125,0.1,7.8,0.09,0.05
2025-12-31 19:14:41.126,0.1,7.8,0.10,0.05
2025-12-31 19:14:42.128,0.0,7.8,0.10,0.05
2025-12-31 19:14:43.129,0.0,7.8,0.10,0.05
2025-12-31 19:14:44.130,0.1,7.8,0.10,0.05
2025-12-31 19:14:45.131,0.1,7.8,0.10,0.05
2025-12-31 19:14:46.132,0.0,7.8,0.09,0.05
2025-12-31 19:14:47.133,0.2,7.8,0.10,0.05
2025-12-31 19:14:48.134,0.1,7.8,0.10,0.05
2025-12-31 19:14:49.135,0.2,7.8,0.09,0.05
2025-12-31 19:14:50.137,0.1,7.8,0.10,0.05
2025-12-31 19:14:51.138,0.1,7.8,0.10,0.05
2025-12-31 19:14:52.140,0.1,7.8,0.09,0.05
2025-12-31 19:14:53.142,0.2,7.8,0.10,0.05
2025-12-31 19:14:54.143,0.1,7.8,0.10,0.05
2025-12-31 19:14:55.144,0.1,7.8,0.10,0.05
2025-12-31 19:14:56.146,0.1,7.8,0.10,0.05
2025-12-31 19:14:57.147,0.1,7.8,0.09,0.05
2025-12-31 19:14:58.148,0.1,7.8,0.10,0.05
2025-12-31 19:14:59.149,0.1,7.8,0.09,0.05
2025-12-31 19:15:00.150,0.1,7.8,0.10,0.05
2025-12-31 19:15:01.151,0.1,7.8,0.10,0.05
2025-12-31 19:15:02.152,0.1,7.8,0.10,0.05
2025-12-31 19:15:03.153,0.1,7.8,0.09,0.05
2025-12-31 19:15:04.154,0.0,7.8,0.10,0.05
2025-12-31 19:15:05.156,0.0,7.8,0.11,0.09
2025-12-31 19:15:06.157,0.1,7.8,0.10,0.07
2025-12-31 19:15:07.158,0.1,7.8,0.10,0.06
2025-12-31 19:15:08.159,0.0,7.8,0.09,0.05
2025-12-31 19:15:09.160,0.0,7.8,0.10,0.06
2025-12-31 19:15:10.162,0.0,7.8,0.10,0.05
2025-12-31 19:15:11.163,0.1,7.8,0.09,0.05
2025-12-31 19:15:12.164,0.1,7.8,0.10,0.05
2025-12-31 19:15:13.166,0.1,7.8,0.09,0.04
2025-12-31 19:15:14.168,0.1,7.8,0.10,0.05
2025-12-31 19:15:15.169,0.0,7.8,0.09,0.05
2025-12-31 19:15:16.171,0.1,7.8,0.10,0.05
2025-12-31 19:15:17.172,0.1,7.8,0.09,0.05
2025-12-31 19:15:18.173,0.0,7.8,0.09,0.05
2025-12-31 19:15:19.174,0.2,7.8,0.10,0.05
2025-12-31 19:15:20.176,0.1,7.8,0.09,0.05
2025-12-31 19:15:21.178,0.0,7.8,0.10,0.05
2025-12-31 19:15:22.179,0.1,7.8,0.10,0.05
2025-12-31 19:15:23.181,0.0,7.8,0.10,0.05
2025-12-31 19:15:24.182,0.1,7.8,0.10,0.05
2025-12-31 19:15:25.184,0.1,7.8,0.11,0.05
2025-12-31 19:15:26.185,0.2,7.8,0.10,0.05
2025-12-31 19:15:27.187,0.0,7.8,0.10,0.05
2025-12-31 19:15:28.188,0.0,7.8,0.10,0.05
2025-12-31 19:15:29.190,0.1,7.8,0.10,0.05
2025-12-31 19:15:30.191,0.2,7.8,0.10,0.05
2025-12-31 19:15:31.193,0.0,7.8,0.10,0.05
2025-12-31 19:15:32.195,0.1,7.8,0.10,0.05
2025-12-31 19:15:33.196,0.1,7.8,0.10,0.05
2025-12-31 19:15:34.198,0.1,7.8,0.09,0.05
2025-12-31 19:15:35.199,0.2,7.8,0.10,0.05
2025-12-31 19:15:36.201,0.1,7.8,0.09,0.05
2025-12-31 19:15:37.203,0.2,7.8,0.09,0.05
2025-12-31 19:15:38.205,0.1,7.8,0.10,0.05
2025-12-31 19:15:39.206,0.0,7.8,0.09,0.05
2025-12-31 19:15:40.207,0.1,7.8,0.10,0.05
2025-12-31 19:15:41.208,0.0,7.8,0.10,0.05
2025-12-31 19:15:42.210,0.1,7.8,0.10,0.05
2025-12-31 19:15:43.211,0.1,7.8,0.10,0.05
2025-12-31 19:15:44.212,0.0,7.8,0.10,0.05
2025-12-31 19:15:45.214,0.1,7.8,0.11,0.05
2025-12-31 19:15:46.215,0.2,7.8,0.10,0.05
2025-12-31 19:15:47.217,0.1,7.8,0.10,0.05
2025-12-31 19:15:48.218,0.2,7.8,0.10,0.05
2025-12-31 19:15:49.220,0.1,7.8,0.10,0.05
2025-12-31 19:15:50.221,0.2,7.8,0.09,0.05
2025-12-31 19:15:51.223,0.2,7.8,0.09,0.05
2025-12-31 19:15:52.225,0.3,7.8,0.10,0.05
2025-12-31 19:15:53.226,0.2,7.8,0.10,0.05
2025-12-31 19:15:54.227,0.2,7.8,0.10,0.05
2025-12-31 19:15:55.228,0.2,7.8,0.10,0.05
2025-12-31 19:15:56.229,0.2,7.8,0.09,0.05
2025-12-31 19:15:57.230,0.2,7.8,0.09,0.05
2025-12-31 19:15:58.232,0.1,7.8,0.10,0.05
2025-12-31 19:15:59.233,0.2,7.8,0.09,0.05
2025-12-31 19:16:00.235,0.1,7.8,0.10,0.05
2025-12-31 19:16:01.236,0.0,7.8,0.09,0.05
2025-12-31 19:16:02.237,0.1,7.8,0.10,0.05
2025-12-31 19:16:03.238,0.0,7.8,0.09,0.05
2025-12-31 19:16:04.240,0.0,7.8,0.10,0.05
2025-12-31 19:16:05.241,0.0,7.8,0.10,0.05
2025-12-31 19:16:06.242,0.1,7.8,0.10,0.05
2025-12-31 19:16:07.243,0.0,7.8,0.09,0.05
2025-12-31 19:16:08.245,0.1,7.8,0.10,0.05
2025-12-31 19:16:09.247,0.0,7.8,0.10,0.05
2025-12-31 19:16:10.248,0.1,7.8,0.10,0.06
2025-12-31 19:16:11.249,0.1,7.8,0.10,0.05
2025-12-31 19:16:12.251,0.1,7.8,0.09,0.05
2025-12-31 19:16:13.253,0.2,7.8,0.10,0.05
2025-12-31 19:16:14.255,0.3,7.8,0.09,0.05
2025-12-31 19:16:15.257,0.0,7.8,0.10,0.05
2025-12-31 19:16:16.259,0.2,7.8,0.10,0.05
2025-12-31 19:16:17.260,0.2,7.8,0.10,0.05
2025-12-31 19:16:18.261,0.1,7.8,0.10,0.05
2025-12-31 19:16:19.263,0.2,7.8,0.10,0.05
2025-12-31 19:16:20.264,0.1,7.8,0.10,0.05
2025-12-31 19:16:21.265,0.3,7.8,0.10,0.05
2025-12-31 19:16:22.266,0.2,7.8,0.10,0.05
2025-12-31 19:16:23.267,0.1,7.8,0.10,0.05
2025-12-31 19:16:24.269,0.4,7.8,0.10,0.05
2025-12-31 19:16:25.270,0.2,7.8,0.11,0.05
2025-12-31 19:16:26.271,0.3,7.8,0.10,0.05
2025-12-31 19:16:27.272,0.4,7.8,0.10,0.05
2025-12-31 19:16:28.273,0.4,7.8,0.10,0.05
2025-12-31 19:16:29.274,0.3,7.8,0.10,0.05
2025-12-31 19:16:30.275,0.4,7.8,0.10,0.05
2025-12-31 19:16:31.277,0.2,7.8,0.10,0.05
2025-12-31 19:16:32.278,0.2,7.8,0.10,0.05
2025-12-31 19:16:33.279,0.4,7.8,0.10,0.05
2025-12-31 19:16:34.280,0.3,7.8,0.09,0.05
2025-12-31 19:16:35.281,0.2,7.8,0.10,0.05
2025-12-31 19:16:36.282,0.2,7.8,0.09,0.05
2025-12-31 19:16:37.284,0.3,7.8,0.10,0.05
2025-12-31 19:16:38.285,0.3,7.8,0.10,0.05
2025-12-31 19:16:39.287,0.2,7.8,0.10,0.05
2025-12-31 19:16:40.288,0.4,7.8,0.09,0.05
2025-12-31 19:16:41.290,0.2,7.8,0.10,0.05
2025-12-31 19:16:42.292,0.2,7.8,0.10,0.05
2025-12-31 19:16:43.293,0.2,7.8,0.10,0.05
2025-12-31 19:16:44.295,0.1,7.8,0.10,0.05
2025-12-31 19:16:45.297,0.1,7.8,0.10,0.05
2025-12-31 19:16:46.298,0.2,7.8,0.10,0.05
2025-12-31 19:16:47.300,0.2,7.8,0.10,0.05
2025-12-31 19:16:48.302,0.0,7.8,0.10,0.05
2025-12-31 19:16:49.303,0.1,7.8,0.10,0.05
2025-12-31 19:16:50.305,0.3,7.8,0.09,0.05
2025-12-31 19:16:51.307,0.1,7.8,0.09,0.05
2025-12-31 19:16:52.309,0.2,7.8,0.10,0.05
2025-12-31 19:16:53.311,0.1,7.8,0.09,0.05
2025-12-31 19:16:54.312,0.2,7.8,0.09,0.05
2025-12-31 19:16:55.314,0.1,7.8,0.10,0.05
2025-12-31 19:16:56.316,0.2,7.8,0.09,0.05
2025-12-31 19:16:57.318,0.1,7.8,0.09,0.05
2025-12-31 19:16:58.319,0.1,7.8,0.09,0.05
2025-12-31 19:16:59.320,0.2,7.8,0.10,0.05
2025-12-31 19:17:00.321,0.1,7.8,0.09,0.05
2025-12-31 19:17:01.323,0.1,7.8,0.10,0.05
2025-12-31 19:17:02.324,0.6,7.9,0.09,0.05
2025-12-31 19:17:03.325,0.1,7.8,0.10,0.05
2025-12-31 19:17:04.327,0.2,7.8,0.10,0.05
2025-12-31 19:17:05.328,0.0,7.8,0.10,0.05
2025-12-31 19:17:06.329,0.2,7.8,0.10,0.05
2025-12-31 19:17:07.331,0.0,7.8,0.10,0.05
2025-12-31 19:17:08.344,0.2,7.8,0.10,0.05
2025-12-31 19:17:09.346,0.0,7.8,0.09,0.05
2025-12-31 19:17:10.347,0.2,7.8,0.10,0.05
2025-12-31 19:17:11.349,0.1,7.8,0.09,0.05
2025-12-31 19:17:12.350,0.0,7.8,0.09,0.05
2025-12-31 19:17:13.351,0.0,7.8,0.10,0.05
2025-12-31 19:17:14.352,0.2,7.8,0.09,0.05
2025-12-31 19:17:15.353,0.1,7.8,0.10,0.05
2025-12-31 19:17:16.354,0.1,7.8,0.10,0.05
2025-12-31 19:17:17.356,0.1,7.9,0.09,0.05
2025-12-31 19:17:18.357,0.2,7.9,0.10,0.05
2025-12-31 19:17:19.358,0.0,7.9,0.10,0.05
2025-12-31 19:17:20.360,0.1,7.9,0.10,0.05
2025-12-31 19:17:21.361,0.1,7.9,0.10,0.05
2025-12-31 19:17:22.363,0.2,7.9,0.10,0.05
2025-12-31 19:17:23.364,0.0,7.9,0.10,0.05
2025-12-31 19:17:24.365,0.1,7.9,0.10,0.05
2025-12-31 19:17:25.366,0.0,7.9,0.11,0.05
2025-12-31 19:17:26.367,0.1,7.9,0.10,0.05
2025-12-31 19:17:27.369,0.1,7.9,0.10,0.05
2025-12-31 19:17:28.370,0.0,7.9,0.10,0.05
2025-12-31 19:17:29.372,0.0,7.9,0.09,0.05
2025-12-31 19:17:30.373,0.0,7.9,0.10,0.05
2025-12-31 19:17:31.375,0.1,7.9,0.10,0.05
2025-12-31 19:17:32.377,0.2,7.9,0.10,0.05
2025-12-31 19:17:33.378,0.1,7.9,0.09,0.05
2025-12-31 19:17:34.380,0.1,7.9,0.09,0.05
2025-12-31 19:17:35.381,0.0,7.9,0.10,0.05
2025-12-31 19:17:36.383,0.1,7.9,0.10,0.05
2025-12-31 19:17:37.384,0.2,7.9,0.10,0.05
2025-12-31 19:17:38.385,0.1,7.9,0.10,0.05
2025-12-31 19:17:39.387,0.0,7.9,0.10,0.05
2025-12-31 19:17:40.389,0.2,7.9,0.09,0.05
2025-12-31 19:17:41.391,0.0,7.9,0.10,0.05
2025-12-31 19:17:42.392,0.1,7.9,0.09,0.05
2025-12-31 19:17:43.394,0.0,7.9,0.10,0.05
2025-12-31 19:17:44.396,0.1,7.9,0.09,0.05
2025-12-31 19:17:45.398,0.0,7.9,0.10,0.05
2025-12-31 19:17:46.400,0.1,7.9,0.10,0.05
2025-12-31 19:17:47.403,0.1,7.8,0.09,0.05
2025-12-31 19:17:48.405,0.1,7.8,0.09,0.05
2025-12-31 19:17:49.406,0.0,7.8,0.10,0.06
2025-12-31 19:17:50.408,0.1,7.8,0.11,0.05
2025-12-31 19:17:51.409,0.1,7.8,0.10,0.05
2025-12-31 19:17:52.410,0.2,7.8,0.09,0.05
2025-12-31 19:17:53.411,0.0,7.8,0.10,0.05
2025-12-31 19:17:54.412,0.2,7.8,0.09,0.05
2025-12-31 19:17:55.413,0.0,7.8,0.10,0.05
2025-12-31 19:17:56.414,0.0,7.8,0.09,0.05
2025-12-31 19:17:57.415,0.1,7.8,0.10,0.05
2025-12-31 19:17:58.417,0.1,7.8,0.09,0.05
2025-12-31 19:17:59.418,0.0,7.8,0.09,0.05
2025-12-31 19:18:00.420,0.0,7.8,0.10,0.05
2025-12-31 19:18:01.422,0.1,7.8,0.10,0.05
2025-12-31 19:18:02.424,0.2,7.8,0.09,0.05
2025-12-31 19:18:03.425,0.0,7.8,0.10,0.05
2025-12-31 19:18:04.426,0.1,7.8,0.10,0.05
2025-12-31 19:18:05.427,0.2,7.8,0.10,0.05
2025-12-31 19:18:06.428,0.1,7.8,0.09,0.05
2025-12-31 19:18:07.430,0.2,7.8,0.09,0.05
2025-12-31 19:18:08.432,0.1,7.8,0.09,0.05
2025-12-31 19:18:09.433,0.1,7.8,0.10,0.05
2025-12-31 19:18:10.435,0.0,7.8,0.09,0.05
2025-12-31 19:18:11.436,0.2,7.8,0.09,0.05
2025-12-31 19:18:12.438,0.0,7.8,0.09,0.05
2025-12-31 19:18:13.440,0.1,7.8,0.09,0.05
2025-12-31 19:18:14.441,0.0,7.8,0.10,0.05
2025-12-31 19:18:15.442,0.1,7.8,0.10,0.05
2025-12-31 19:18:16.444,0.0,7.8,0.09,0.05
2025-12-31 19:18:17.446,0.2,7.9,0.10,0.05
2025-12-31 19:18:18.447,0.1,7.9,0.09,0.05
2025-12-31 19:18:19.449,0.1,7.9,0.10,0.05
2025-12-31 19:18:20.451,0.1,7.9,0.09,0.05
2025-12-31 19:18:21.453,0.2,7.9,0.09,0.05
2025-12-31 19:18:22.454,0.0,7.9,0.10,0.05
2025-12-31 19:18:23.456,0.0,7.9,0.09,0.05
2025-12-31 19:18:24.458,0.1,7.9,0.09,0.05
2025-12-31 19:18:25.460,0.0,7.9,0.10,0.05
2025-12-31 19:18:26.461,0.1,7.9,0.09,0.05
2025-12-31 19:18:27.463,0.0,7.9,0.09,0.05
2025-12-31 19:18:28.464,0.1,7.9,0.10,0.05
2025-12-31 19:18:29.466,0.1,7.9,0.09,0.05
2025-12-31 19:18:30.467,0.0,7.9,0.10,0.05
2025-12-31 19:18:31.468,0.1,7.9,0.09,0.05
2025-12-31 19:18:32.469,0.0,7.9,0.09,0.05
2025-12-31 19:18:33.471,0.0,7.9,0.10,0.05
2025-12-31 19:18:34.473,0.0,7.9,0.10,0.05
2025-12-31 19:18:35.474,0.1,7.9,0.10,0.05
2025-12-31 19:18:36.476,0.0,7.9,0.09,0.05
2025-12-31 19:18:37.477,0.1,7.9,0.09,0.05
2025-12-31 19:18:38.478,0.0,7.9,0.10,0.05
2025-12-31 19:18:39.480,0.2,7.9,0.09,0.05
2025-12-31 19:18:40.481,0.2,7.9,0.09,0.05
2025-12-31 19:18:41.483,0.2,7.9,0.10,0.05
2025-12-31 19:18:42.485,0.3,7.9,0.09,0.05
2025-12-31 19:18:43.486,0.2,7.9,0.09,0.05
2025-12-31 19:18:44.488,0.2,7.9,0.10,0.05
2025-12-31 19:18:45.489,0.2,7.9,0.10,0.05
2025-12-31 19:18:46.491,0.1,7.9,0.10,0.05
2025-12-31 19:18:47.493,0.2,7.8,0.09,0.05
2025-12-31 19:18:48.494,0.2,7.8,0.09,0.05
2025-12-31 19:18:49.495,0.2,7.8,0.09,0.05
2025-12-31 19:18:50.498,0.2,7.8,0.10,0.05
2025-12-31 19:18:51.500,0.4,7.8,0.09,0.05
2025-12-31 19:18:52.502,0.1,7.8,0.10,0.05
2025-12-31 19:18:53.504,0.3,7.8,0.09,0.05
2025-12-31 19:18:54.506,0.1,7.8,0.10,0.05
2025-12-31 19:18:55.508,0.2,7.8,0.10,0.05
2025-12-31 19:18:56.509,0.1,7.8,0.10,0.05
2025-12-31 19:18:57.511,0.2,7.8,0.09,0.05
2025-12-31 19:18:58.513,0.2,7.8,0.09,0.05
2025-12-31 19:18:59.515,0.0,7.8,0.09,0.05
2025-12-31 19:19:00.516,0.1,7.8,0.09,0.05
2025-12-31 19:19:01.518,0.2,7.8,0.09,0.05
2025-12-31 19:19:02.519,0.1,7.8,0.09,0.05
2025-12-31 19:19:03.521,0.2,7.8,0.09,0.05
2025-12-31 19:19:04.522,0.2,7.8,0.09,0.05
2025-12-31 19:19:05.524,0.1,7.8,0.10,0.05
2025-12-31 19:19:06.525,0.0,7.8,0.10,0.05
2025-12-31 19:19:07.526,0.1,7.8,0.09,0.05
2025-12-31 19:19:08.527,0.1,7.8,0.09,0.05
2025-12-31 19:19:09.528,0.1,7.8,0.10,0.05
2025-12-31 19:19:10.529,0.2,7.8,0.09,0.05
2025-12-31 19:19:11.531,0.1,7.8,0.09,0.05
2025-12-31 19:19:12.533,0.2,7.8,0.10,0.05
2025-12-31 19:19:13.534,0.2,7.8,0.09,0.05
2025-12-31 19:19:14.535,0.1,7.8,0.09,0.05
2025-12-31 19:19:15.537,0.1,7.8,0.10,0.05
2025-12-31 19:19:16.538,0.2,7.8,0.09,0.05
2025-12-31 19:19:17.539,0.3,7.8,0.10,0.05
2025-12-31 19:19:18.541,0.2,7.8,0.09,0.05
2025-12-31 19:19:19.542,0.3,7.8,0.09,0.05
2025-12-31 19:19:20.544,0.2,7.8,0.09,0.05
2025-12-31 19:19:21.545,0.3,7.8,0.10,0.05
2025-12-31 19:19:22.547,0.4,7.8,0.09,0.05
2025-12-31 19:19:23.548,0.2,7.8,0.09,0.05
2025-12-31 19:19:24.550,0.2,7.8,0.09,0.05
2025-12-31 19:19:25.552,0.2,7.8,0.10,0.05
2025-12-31 19:19:26.553,0.2,7.8,0.09,0.05
2025-12-31 19:19:27.555,0.2,7.8,0.09,0.05
2025-12-31 19:19:28.557,0.2,7.8,0.10,0.05
2025-12-31 19:19:29.558,0.2,7.8,0.10,0.05
2025-12-31 19:19:30.560,0.2,7.8,0.09,0.05
2025-12-31 19:19:31.561,0.2,7.8,0.10,0.05
2025-12-31 19:19:32.563,0.2,7.8,0.09,0.05
2025-12-31 19:19:33.564,0.2,7.8,0.10,0.05
2025-12-31 19:19:34.565,0.3,7.8,0.10,0.05
2025-12-31 19:19:35.567,0.2,7.8,0.10,0.05
2025-12-31 19:19:36.569,0.2,7.8,0.09,0.05
2025-12-31 19:19:37.571,0.2,7.8,0.09,0.05
2025-12-31 19:19:38.573,0.2,7.8,0.10,0.05
2025-12-31 19:19:39.574,0.1,7.8,0.10,0.05
2025-12-31 19:19:40.576,0.4,7.8,0.10,0.05
2025-12-31 19:19:41.577,0.1,7.8,0.09,0.05
2025-12-31 19:19:42.579,0.2,7.8,0.10,0.05
2025-12-31 19:19:43.581,0.1,7.8,0.09,0.05
2025-12-31 19:19:44.584,0.2,7.8,0.10,0.05
2025-12-31 19:19:45.586,0.0,7.8,0.10,0.05
2025-12-31 19:19:46.588,0.3,7.8,0.10,0.05
2025-12-31 19:19:47.590,0.2,7.8,0.09,0.05
2025-12-31 19:19:48.592,0.2,7.8,0.09,0.05
2025-12-31 19:19:49.593,0.2,7.8,0.10,0.05
2025-12-31 19:19:50.595,0.2,7.8,0.10,0.05
2025-12-31 19:19:51.596,0.3,7.8,0.09,0.05
2025-12-31 19:19:52.598,0.1,7.8,0.09,0.05
2025-12-31 19:19:53.600,0.1,7.8,0.09,0.05
2025-12-31 19:19:54.602,0.1,7.8,0.09,0.05
2025-12-31 19:19:55.605,0.0,7.8,0.10,0.05
2025-12-31 19:19:56.607,0.2,7.8,0.10,0.05
2025-12-31 19:19:57.608,0.2,7.8,0.09,0.05
2025-12-31 19:19:58.609,0.1,7.8,0.09,0.05
2025-12-31 19:19:59.610,0.1,7.8,0.09,0.05
2025-12-31 19:20:00.611,0.2,7.8,0.09,0.05
2025-12-31 19:20:01.613,0.1,7.8,0.10,0.05
2025-12-31 19:20:02.614,0.0,7.8,0.10,0.05
2025-12-31 19:20:03.616,0.2,7.8,0.09,0.05
2025-12-31 19:20:04.617,0.1,7.8,0.09,0.05
2025-12-31 19:20:05.619,0.0,7.8,0.10,0.05
2025-12-31 19:20:06.620,0.2,7.8,0.09,0.05
2025-12-31 19:20:07.622,0.1,7.8,0.09,0.05
2025-12-31 19:20:08.623,0.1,7.8,0.10,0.05
2025-12-31 19:20:09.624,0.1,7.8,0.09,0.05
2025-12-31 19:20:10.625,0.0,7.8,0.09,0.05
2025-12-31 19:20:11.627,0.2,7.8,0.10,0.05
2025-12-31 19:20:12.628,0.2,7.8,0.10,0.05
2025-12-31 19:20:13.630,0.0,7.8,0.10,0.05
2025-12-31 19:20:14.631,0.0,7.8,0.09,0.05
2025-12-31 19:20:15.632,0.2,7.8,0.10,0.05
2025-12-31 19:20:16.634,0.2,7.8,0.10,0.05
2025-12-31 19:20:17.635,0.1,7.8,0.09,0.05
2025-12-31 19:20:18.637,0.0,7.8,0.09,0.05
2025-12-31 19:20:19.638,0.2,7.8,0.09,0.05
2025-12-31 19:20:20.640,0.0,7.8,0.10,0.05
2025-12-31 19:20:21.642,0.2,7.8,0.09,0.05
2025-12-31 19:20:22.643,0.0,7.8,0.10,0.05
2025-12-31 19:20:23.644,0.1,7.8,0.09,0.05
2025-12-31 19:20:24.646,0.1,7.8,0.10,0.05
2025-12-31 19:20:25.648,0.0,7.8,0.10,0.05
2025-12-31 19:20:26.649,0.1,7.8,0.10,0.05
2025-12-31 19:20:27.650,0.1,7.8,0.09,0.05
2025-12-31 19:20:28.652,0.0,7.8,0.10,0.05
2025-12-31 19:20:29.654,0.1,7.8,0.09,0.05
2025-12-31 19:20:30.656,0.2,7.8,0.10,0.05
2025-12-31 19:20:31.657,0.1,7.8,0.09,0.04
2025-12-31 19:20:32.660,0.1,7.8,0.09,0.05
2025-12-31 19:20:33.661,0.2,7.8,0.10,0.05
2025-12-31 19:20:34.662,0.0,7.8,0.10,0.05
2025-12-31 19:20:35.663,0.1,7.8,0.10,0.05
2025-12-31 19:20:36.664,0.0,7.8,0.09,0.05
2025-12-31 19:20:37.666,0.1,7.8,0.09,0.05
2025-12-31 19:20:38.667,0.1,7.8,0.09,0.05
2025-12-31 19:20:39.668,0.1,7.8,0.09,0.05
2025-12-31 19:20:40.669,0.2,7.8,0.10,0.05
2025-12-31 19:20:41.671,0.1,7.8,0.09,0.05
2025-12-31 19:20:42.673,0.1,7.8,0.10,0.05
2025-12-31 19:20:43.675,0.0,7.8,0.10,0.05
2025-12-31 19:20:44.676,0.2,7.8,0.09,0.05
2025-12-31 19:20:45.678,0.1,7.8,0.10,0.05
2025-12-31 19:20:46.679,0.1,7.8,0.10,0.05
2025-12-31 19:20:47.680,0.1,7.8,0.09,0.05
2025-12-31 19:20:48.682,0.0,7.8,0.09,0.05
2025-12-31 19:20:49.683,0.2,7.8,0.10,0.05
2025-12-31 19:20:50.685,0.0,7.8,0.09,0.05
2025-12-31 19:20:51.687,0.0,7.8,0.09,0.05
2025-12-31 19:20:52.688,0.1,7.8,0.10,0.05
2025-12-31 19:20:53.690,0.1,7.8,0.09,0.05
2025-12-31 19:20:54.691,0.1,7.8,0.09,0.05
2025-12-31 19:20:55.693,0.1,7.8,0.10,0.05
2025-12-31 19:20:56.695,0.0,7.8,0.10,0.05
2025-12-31 19:20:57.697,0.2,7.8,0.09,0.05
2025-12-31 19:20:58.698,0.0,7.8,0.09,0.05
2025-12-31 19:20:59.700,0.0,7.8,0.09,0.05
2025-12-31 19:21:00.701,0.1,7.8,0.10,0.05
2025-12-31 19:21:01.703,0.1,7.8,0.10,0.05
2025-12-31 19:21:02.705,0.1,7.8,0.09,0.05
2025-12-31 19:21:03.707,0.1,7.8,0.10,0.05
2025-12-31 19:21:04.708,0.1,7.8,0.09,0.05
2025-12-31 19:21:05.710,0.1,7.8,0.10,0.05
2025-12-31 19:21:06.712,0.1,7.8,0.09,0.05
2025-12-31 19:21:07.714,0.2,7.8,0.09,0.05
2025-12-31 19:21:08.715,0.1,7.8,0.10,0.05
2025-12-31 19:21:09.717,0.0,7.8,0.09,0.05
2025-12-31 19:21:10.718,0.1,7.8,0.10,0.05
2025-12-31 19:21:11.720,0.1,7.8,0.10,0.05
2025-12-31 19:21:12.721,0.1,7.8,0.10,0.05
2025-12-31 19:21:13.722,0.0,7.8,0.10,0.05
2025-12-31 19:21:14.723,0.1,7.8,0.10,0.05
2025-12-31 19:21:15.724,0.1,7.8,0.10,0.05
2025-12-31 19:21:16.725,0.2,7.9,0.09,0.05
2025-12-31 19:21:17.726,0.0,7.9,0.09,0.05
2025-12-31 19:21:18.728,0.0,7.9,0.10,0.05
2025-12-31 19:21:19.729,0.1,7.9,0.09,0.05
2025-12-31 19:21:20.731,0.1,7.9,0.10,0.05
2025-12-31 19:21:21.733,0.0,7.9,0.09,0.05
2025-12-31 19:21:22.734,0.0,7.9,0.10,0.05
2025-12-31 19:21:23.735,0.2,7.9,0.09,0.05
2025-12-31 19:21:24.737,0.0,7.9,0.10,0.05
2025-12-31 19:21:25.738,0.0,7.9,0.10,0.05
2025-12-31 19:21:26.739,0.0,7.9,0.09,0.05
2025-12-31 19:21:27.741,0.0,7.9,0.10,0.05
2025-12-31 19:21:28.743,0.1,7.9,0.09,0.05
2025-12-31 19:21:29.745,0.1,7.9,0.10,0.05
2025-12-31 19:21:30.746,0.2,7.9,0.10,0.05
2025-12-31 19:21:31.747,0.0,7.9,0.09,0.05
2025-12-31 19:21:32.748,0.1,7.9,0.09,0.05
2025-12-31 19:21:33.750,0.1,7.9,0.09,0.05
2025-12-31 19:21:34.751,0.1,7.9,0.09,0.05
2025-12-31 19:21:35.753,0.3,7.9,0.10,0.05
2025-12-31 19:21:36.755,0.2,7.9,0.09,0.05
2025-12-31 19:21:37.756,0.2,7.9,0.09,0.05
2025-12-31 19:21:38.758,0.1,7.9,0.10,0.05
2025-12-31 19:21:39.760,0.2,7.9,0.09,0.05
2025-12-31 19:21:40.761,0.3,7.9,0.10,0.05
2025-12-31 19:21:41.763,0.3,7.9,0.09,0.05
2025-12-31 19:21:42.765,0.1,7.9,0.10,0.05
2025-12-31 19:21:43.767,0.4,7.9,0.09,0.05
2025-12-31 19:21:44.768,0.2,7.9,0.10,0.05
2025-12-31 19:21:45.770,0.4,7.9,0.10,0.05
2025-12-31 19:21:46.772,0.2,7.9,0.10,0.05
2025-12-31 19:21:47.774,0.2,7.9,0.09,0.05
2025-12-31 19:21:48.775,0.2,7.9,0.10,0.05
2025-12-31 19:21:49.777,0.1,7.9,0.10,0.05
2025-12-31 19:21:50.778,0.2,7.9,0.09,0.05
2025-12-31 19:21:51.779,0.2,7.9,0.10,0.05
2025-12-31 19:21:52.780,0.1,7.9,0.10,0.05
2025-12-31 19:21:53.781,0.2,7.9,0.09,0.05
2025-12-31 19:21:54.782,0.0,7.9,0.10,0.05
2025-12-31 19:21:55.783,0.2,7.9,0.10,0.05
2025-12-31 19:21:56.784,0.1,7.9,0.09,0.05
2025-12-31 19:21:57.786,0.1,7.9,0.10,0.05
2025-12-31 19:21:58.788,0.2,7.9,0.09,0.05
2025-12-31 19:21:59.789,0.1,7.9,0.10,0.05
2025-12-31 19:22:00.790,0.1,7.9,0.10,0.05
2025-12-31 19:22:01.792,0.0,7.9,0.09,0.05
2025-12-31 19:22:02.793,0.2,7.9,0.10,0.05
2025-12-31 19:22:03.795,0.1,7.9,0.09,0.05
2025-12-31 19:22:04.796,0.1,7.9,0.09,0.05
2025-12-31 19:22:05.798,0.0,7.9,0.10,0.05
2025-12-31 19:22:06.800,0.1,7.9,0.10,0.05
2025-12-31 19:22:07.802,0.2,7.9,0.10,0.05
2025-12-31 19:22:08.803,0.2,7.9,0.09,0.05
2025-12-31 19:22:09.805,0.2,7.9,0.10,0.05
2025-12-31 19:22:10.807,0.2,7.9,0.10,0.05
2025-12-31 19:22:11.808,0.2,7.9,0.09,0.05
2025-12-31 19:22:12.810,0.0,7.9,0.09,0.05
2025-12-31 19:22:13.812,0.2,7.9,0.10,0.05
2025-12-31 19:22:14.813,0.2,7.9,0.09,0.05
2025-12-31 19:22:15.815,0.2,7.9,0.10,0.05
2025-12-31 19:22:16.816,0.2,7.8,0.09,0.05
2025-12-31 19:22:17.818,0.2,7.8,0.09,0.05
2025-12-31 19:22:18.820,0.2,7.8,0.10,0.05
2025-12-31 19:22:19.821,0.2,7.8,0.09,0.05
2025-12-31 19:22:20.822,0.3,7.8,0.10,0.05
2025-12-31 19:22:21.824,0.3,7.8,0.10,0.05
2025-12-31 19:22:22.825,0.2,7.8,0.10,0.05
2025-12-31 19:22:23.827,0.2,7.8,0.10,0.05
2025-12-31 19:22:24.828,0.4,7.8,0.10,0.05
2025-12-31 19:22:25.830,0.2,7.8,0.11,0.06
2025-12-31 19:22:26.830,0.1,7.8,0.09,0.05
2025-12-31 19:22:27.832,0.2,7.8,0.09,0.05
2025-12-31 19:22:28.833,0.2,7.8,0.09,0.05
2025-12-31 19:22:29.834,0.2,7.8,0.10,0.05
2025-12-31 19:22:30.835,0.3,7.8,0.10,0.05
2025-12-31 19:22:31.837,0.1,7.8,0.09,0.05
2025-12-31 19:22:32.838,0.3,7.8,0.10,0.05
2025-12-31 19:22:33.839,0.2,7.8,0.09,0.05
2025-12-31 19:22:34.841,0.3,7.8,0.10,0.05
2025-12-31 19:22:35.842,0.2,7.8,0.10,0.05
2025-12-31 19:22:36.844,0.1,7.8,0.10,0.05
2025-12-31 19:22:37.846,0.3,7.8,0.09,0.05
2025-12-31 19:22:38.847,0.2,7.8,0.10,0.05
2025-12-31 19:22:39.848,0.1,7.8,0.09,0.05
2025-12-31 19:22:40.849,0.3,7.8,0.10,0.05
2025-12-31 19:22:41.851,0.1,7.8,0.10,0.05
2025-12-31 19:22:42.852,0.1,7.8,0.09,0.05
2025-12-31 19:22:43.853,0.1,7.8,0.10,0.05
2025-12-31 19:22:44.855,0.2,7.8,0.10,0.05
2025-12-31 19:22:45.856,0.2,7.8,0.10,0.05
2025-12-31 19:22:46.858,0.3,7.8,0.10,0.05
2025-12-31 19:22:47.861,0.2,7.8,0.09,0.05
2025-12-31 19:22:48.862,0.1,7.8,0.10,0.05
2025-12-31 19:22:49.864,0.2,7.8,0.09,0.05
2025-12-31 19:22:50.866,0.1,7.8,0.09,0.05
2025-12-31 19:22:51.867,0.1,7.8,0.09,0.05
2025-12-31 19:22:52.869,0.2,7.8,0.10,0.05
2025-12-31 19:22:53.870,0.1,7.8,0.09,0.05
2025-12-31 19:22:54.872,0.0,7.8,0.09,0.05
2025-12-31 19:22:55.873,0.1,7.8,0.10,0.05
2025-12-31 19:22:56.876,0.1,7.8,0.10,0.05
2025-12-31 19:22:57.878,0.2,7.8,0.10,0.05
2025-12-31 19:22:58.880,0.2,7.8,0.09,0.05
2025-12-31 19:22:59.881,0.1,7.8,0.09,0.05
2025-12-31 19:23:00.882,0.2,7.8,0.10,0.05
2025-12-31 19:23:01.883,0.1,7.8,0.09,0.05
2025-12-31 19:23:02.884,0.2,7.8,0.09,0.05
2025-12-31 19:23:03.885,0.1,7.8,0.09,0.05
2025-12-31 19:23:04.886,0.0,7.8,0.10,0.05
2025-12-31 19:23:05.888,0.0,7.8,0.10,0.05
2025-12-31 19:23:06.890,0.0,7.8,0.09,0.05
2025-12-31 19:23:07.892,0.2,7.8,0.09,0.05
2025-12-31 19:23:08.893,0.0,7.8,0.10,0.05
2025-12-31 19:23:09.894,0.1,7.8,0.09,0.05
2025-12-31 19:23:10.896,0.2,7.8,0.10,0.05
2025-12-31 19:23:11.899,0.1,7.8,0.09,0.06
2025-12-31 19:23:12.900,0.0,7.8,0.12,0.05
2025-12-31 19:23:13.901,0.1,7.8,0.09,0.05
2025-12-31 19:23:14.902,0.0,7.8,0.09,0.05
2025-12-31 19:23:15.903,0.2,7.8,0.10,0.05
2025-12-31 19:23:16.904,0.2,7.8,0.09,0.05
2025-12-31 19:23:17.905,0.1,7.8,0.09,0.05
2025-12-31 19:23:18.906,0.0,7.8,0.09,0.05
2025-12-31 19:23:19.907,0.2,7.8,0.10,0.05
2025-12-31 19:23:20.908,0.1,7.8,0.10,0.05
2025-12-31 19:23:21.910,0.1,7.8,0.10,0.05
2025-12-31 19:23:22.912,0.0,7.8,0.10,0.05
2025-12-31 19:23:23.913,0.2,7.8,0.09,0.05
2025-12-31 19:23:24.915,0.1,7.8,0.11,0.05
2025-12-31 19:23:25.916,0.0,7.8,0.10,0.05
2025-12-31 19:23:26.917,0.0,7.8,0.10,0.05
2025-12-31 19:23:27.919,0.1,7.8,0.09,0.05
2025-12-31 19:23:28.920,0.2,7.8,0.10,0.05
2025-12-31 19:23:29.921,0.0,7.8,0.09,0.05
2025-12-31 19:23:30.922,0.2,7.8,0.10,0.05
2025-12-31 19:23:31.923,0.2,7.8,0.09,0.05
2025-12-31 19:23:32.924,0.1,7.8,0.10,0.05
2025-12-31 19:23:33.926,0.0,7.8,0.09,0.05
2025-12-31 19:23:34.927,0.0,7.8,0.09,0.05
2025-12-31 19:23:35.929,0.1,7.8,0.10,0.05
2025-12-31 19:23:36.930,0.1,7.8,0.09,0.05
2025-12-31 19:23:37.931,0.0,7.8,0.09,0.05
2025-12-31 19:23:38.932,0.1,7.8,0.09,0.05
2025-12-31 19:23:39.934,0.0,7.8,0.09,0.05
2025-12-31 19:23:40.935,0.2,7.8,0.09,0.05
2025-12-31 19:23:41.937,0.0,7.8,0.10,0.05
2025-12-31 19:23:42.938,0.1,7.8,0.09,0.05
2025-12-31 19:23:43.940,0.1,7.8,0.09,0.05
2025-12-31 19:23:44.941,0.0,7.8,0.09,0.05
2025-12-31 19:23:45.942,0.1,7.8,0.10,0.05
2025-12-31 19:23:46.944,0.1,7.8,0.10,0.05
2025-12-31 19:23:47.945,0.1,7.8,0.09,0.05
2025-12-31 19:23:48.946,0.0,7.8,0.10,0.05
2025-12-31 19:23:49.948,0.2,7.8,0.09,0.05
2025-12-31 19:23:50.949,0.1,7.8,0.09,0.05
2025-12-31 19:23:51.950,0.1,7.8,0.09,0.05
2025-12-31 19:23:52.952,0.2,7.8,0.10,0.05
2025-12-31 19:23:53.953,0.0,7.8,0.09,0.05
2025-12-31 19:23:54.955,0.2,7.8,0.09,0.05
2025-12-31 19:23:55.957,0.2,7.8,0.10,0.05
2025-12-31 19:23:56.959,0.0,7.8,0.09,0.05
2025-12-31 19:23:57.960,0.1,7.8,0.09,0.05
2025-12-31 19:23:58.961,0.0,7.8,0.09,0.05
2025-12-31 19:23:59.963,0.1,7.8,0.10,0.05
2025-12-31 19:24:00.964,0.0,7.8,0.10,0.05
2025-12-31 19:24:01.966,0.2,7.8,0.09,0.05
2025-12-31 19:24:02.967,0.0,7.8,0.09,0.05
2025-12-31 19:24:03.969,0.1,7.8,0.10,0.06
2025-12-31 19:24:04.970,0.0,7.8,0.09,0.06
2025-12-31 19:24:05.972,0.1,7.8,0.10,0.06
2025-12-31 19:24:06.973,0.0,7.8,0.09,0.05
2025-12-31 19:24:07.974,0.0,7.8,0.09,0.05
2025-12-31 19:24:08.976,0.1,7.8,0.09,0.05
2025-12-31 19:24:09.977,0.0,7.8,0.09,0.05
2025-12-31 19:24:10.979,0.1,7.8,0.09,0.05
2025-12-31 19:24:11.981,0.1,7.8,0.10,0.06
2025-12-31 19:24:12.982,0.0,7.8,0.09,0.05
2025-12-31 19:24:13.983,0.0,7.8,0.09,0.05
2025-12-31 19:24:14.985,0.0,7.8,0.10,0.05
2025-12-31 19:24:15.987,0.2,7.8,0.10,0.06
2025-12-31 19:24:16.988,0.2,7.8,0.10,0.05
2025-12-31 19:24:17.990,0.0,7.8,0.09,0.05
2025-12-31 19:24:18.992,0.1,7.8,0.09,0.05
2025-12-31 19:24:19.994,0.0,7.8,0.10,0.05
2025-12-31 19:24:20.996,0.1,7.8,0.09,0.05
2025-12-31 19:24:21.997,0.0,7.8,0.09,0.05
2025-12-31 19:24:22.998,0.0,7.8,0.09,0.05
2025-12-31 19:24:24.000,0.0,7.8,0.10,0.05
2025-12-31 19:24:25.002,0.1,7.8,0.10,0.05
2025-12-31 19:24:26.003,0.2,7.8,0.10,0.05
2025-12-31 19:24:27.005,0.2,7.8,0.09,0.05
2025-12-31 19:24:28.006,0.2,7.8,0.09,0.05
2025-12-31 19:24:29.008,0.2,7.8,0.09,0.05
2025-12-31 19:24:30.010,0.3,7.8,0.10,0.05
2025-12-31 19:24:31.011,0.3,7.8,0.09,0.05
2025-12-31 19:24:32.012,0.2,7.8,0.09,0.05
2025-12-31 19:24:33.013,0.2,7.8,0.09,0.05
2025-12-31 19:24:34.015,0.1,7.8,0.09,0.05
2025-12-31 19:24:35.016,0.2,7.8,0.10,0.05
2025-12-31 19:24:36.017,0.3,7.8,0.10,0.05
2025-12-31 19:24:37.018,0.1,7.8,0.10,0.05
2025-12-31 19:24:38.020,0.2,7.8,0.10,0.05
2025-12-31 19:24:39.021,0.3,7.8,0.09,0.05
2025-12-31 19:24:40.022,0.2,7.8,0.09,0.05
2025-12-31 19:24:41.024,0.2,7.8,0.10,0.05
2025-12-31 19:24:42.025,0.2,7.8,0.09,0.05
2025-12-31 19:24:43.026,0.2,7.8,0.09,0.05
2025-12-31 19:24:44.028,0.2,7.8,0.09,0.05
2025-12-31 19:24:45.030,0.1,7.8,0.09,0.05
2025-12-31 19:24:46.031,0.2,7.8,0.10,0.05
2025-12-31 19:24:47.032,0.2,7.9,0.09,0.05
2025-12-31 19:24:48.034,0.1,7.9,0.10,0.05
2025-12-31 19:24:49.036,0.1,7.9,0.09,0.05
2025-12-31 19:24:50.038,0.3,7.9,0.09,0.05
2025-12-31 19:24:51.039,0.2,7.9,0.10,0.05
2025-12-31 19:24:52.041,0.2,7.9,0.09,0.05
2025-12-31 19:24:53.042,0.2,7.9,0.09,0.05
2025-12-31 19:24:54.044,0.2,7.9,0.09,0.05
2025-12-31 19:24:55.046,0.3,7.9,0.10,0.05
2025-12-31 19:24:56.048,0.2,7.9,0.10,0.05
2025-12-31 19:24:57.049,0.1,7.9,0.09,0.05
2025-12-31 19:24:58.050,0.2,7.9,0.09,0.05
2025-12-31 19:24:59.051,0.1,7.9,0.10,0.05
2025-12-31 19:25:00.053,0.2,7.9,0.09,0.05
2025-12-31 19:25:01.055,0.2,7.9,0.10,0.05
2025-12-31 19:25:02.056,0.1,7.9,0.09,0.05
2025-12-31 19:25:03.057,0.1,7.9,0.09,0.05
2025-12-31 19:25:04.059,0.2,7.9,0.10,0.05
2025-12-31 19:25:05.060,0.2,7.9,0.09,0.08
2025-12-31 19:25:06.061,0.2,7.9,0.10,0.06
2025-12-31 19:25:07.062,0.1,7.9,0.09,0.05
2025-12-31 19:25:08.064,0.2,7.9,0.10,0.06
2025-12-31 19:25:09.065,0.2,7.9,0.09,0.05
2025-12-31 19:25:10.067,0.2,7.9,0.10,0.06
2025-12-31 19:25:11.068,0.2,7.9,0.09,0.05
2025-12-31 19:25:12.070,0.1,7.9,0.09,0.06
2025-12-31 19:25:13.072,0.3,7.9,0.10,0.05
2025-12-31 19:25:14.073,0.2,7.8,0.09,0.05
2025-12-31 19:25:15.074,0.2,7.8,0.10,0.05
2025-12-31 19:25:16.076,0.3,7.8,0.10,0.05
2025-12-31 19:25:17.077,0.2,7.9,0.09,0.05
2025-12-31 19:25:18.079,0.2,7.9,0.09,0.05
2025-12-31 19:25:19.081,0.2,7.9,0.10,0.05
2025-12-31 19:25:20.083,0.2,7.9,0.09,0.05
2025-12-31 19:25:21.084,0.3,7.9,0.10,0.05
2025-12-31 19:25:22.086,0.1,7.9,0.10,0.05
2025-12-31 19:25:23.088,0.2,7.9,0.09,0.05
2025-12-31 19:25:24.090,0.1,7.9,0.09,0.05
2025-12-31 19:25:25.092,0.3,7.9,0.10,0.05
2025-12-31 19:25:26.094,0.2,7.9,0.10,0.05
2025-12-31 19:25:27.096,0.2,7.9,0.10,0.05
2025-12-31 19:25:28.098,0.2,7.9,0.09,0.05
2025-12-31 19:25:29.101,0.2,7.9,0.09,0.05
2025-12-31 19:25:30.102,0.2,7.9,0.09,0.05
2025-12-31 19:25:31.104,0.0,7.9,0.09,0.05
2025-12-31 19:25:32.105,0.2,7.9,0.10,0.05
2025-12-31 19:25:33.107,0.2,7.9,0.10,0.05
2025-12-31 19:25:34.109,0.1,7.9,0.09,0.05
2025-12-31 19:25:35.110,0.2,7.9,0.09,0.05
2025-12-31 19:25:36.112,0.1,7.9,0.10,0.05
2025-12-31 19:25:37.114,0.0,7.9,0.09,0.05
2025-12-31 19:25:38.115,0.1,7.9,0.09,0.05
2025-12-31 19:25:39.117,0.1,7.9,0.10,0.05
2025-12-31 19:25:40.118,0.2,7.9,0.09,0.05
2025-12-31 19:25:41.119,0.3,7.9,0.09,0.05
2025-12-31 19:25:42.121,0.2,7.9,0.09,0.05
2025-12-31 19:25:43.122,0.1,7.9,0.10,0.05
2025-12-31 19:25:44.123,0.2,7.9,0.09,0.05
2025-12-31 19:25:45.124,0.2,7.9,0.09,0.05
2025-12-31 19:25:46.126,0.2,7.9,0.10,0.05
2025-12-31 19:25:47.127,0.2,7.8,0.09,0.05
2025-12-31 19:25:48.129,0.1,7.8,0.09,0.05
2025-12-31 19:25:49.130,0.1,7.8,0.09,0.05
2025-12-31 19:25:50.131,0.2,7.8,0.09,0.05
2025-12-31 19:25:51.132,0.1,7.8,0.10,0.05
2025-12-31 19:25:52.133,0.0,7.8,0.09,0.05
2025-12-31 19:25:53.134,0.2,7.8,0.10,0.05
2025-12-31 19:25:54.135,0.2,7.8,0.10,0.05
2025-12-31 19:25:55.136,0.0,7.8,0.09,0.05
2025-12-31 19:25:56.137,0.1,7.8,0.10,0.05
2025-12-31 19:25:57.139,0.1,7.8,0.09,0.04
2025-12-31 19:25:58.140,0.0,7.8,0.09,0.05
2025-12-31 19:25:59.141,0.1,7.8,0.10,0.05
2025-12-31 19:26:00.144,0.1,7.8,0.09,0.05
2025-12-31 19:26:01.145,0.1,7.8,0.09,0.05
2025-12-31 19:26:02.147,0.1,7.8,0.09,0.05
2025-12-31 19:26:03.149,0.0,7.8,0.09,0.05
2025-12-31 19:26:04.151,0.1,7.8,0.10,0.05
2025-12-31 19:26:05.152,0.1,7.8,0.09,0.05
2025-12-31 19:26:06.154,0.0,7.8,0.10,0.05
2025-12-31 19:26:07.156,0.0,7.8,0.09,0.05
2025-12-31 19:26:08.157,0.2,7.8,0.10,0.05
2025-12-31 19:26:09.158,0.0,7.8,0.09,0.05
2025-12-31 19:26:10.159,0.2,7.8,0.09,0.05
2025-12-31 19:26:11.161,0.1,7.8,0.09,0.05
2025-12-31 19:26:12.162,0.1,7.8,0.09,0.05
2025-12-31 19:26:13.163,0.2,7.8,0.09,0.05
2025-12-31 19:26:14.165,0.1,7.8,0.09,0.05
2025-12-31 19:26:15.166,0.0,7.8,0.09,0.05
2025-12-31 19:26:16.168,0.2,7.8,0.10,0.05
2025-12-31 19:26:17.169,0.1,7.8,0.09,0.05
2025-12-31 19:26:18.171,0.2,7.8,0.09,0.05
2025-12-31 19:26:19.172,0.3,7.8,0.09,0.05
2025-12-31 19:26:20.174,0.1,7.8,0.09,0.05
2025-12-31 19:26:21.175,0.1,7.8,0.09,0.05
2025-12-31 19:26:22.177,0.1,7.8,0.09,0.05
2025-12-31 19:26:23.179,0.1,7.8,0.09,0.05
2025-12-31 19:26:24.180,0.2,7.8,0.10,0.05
2025-12-31 19:26:25.183,0.1,7.8,0.10,0.05
2025-12-31 19:26:26.184,0.1,7.8,0.10,0.05
2025-12-31 19:26:27.186,0.0,7.8,0.10,0.05
2025-12-31 19:26:28.187,0.1,7.8,0.10,0.05
2025-12-31 19:26:29.189,0.0,7.8,0.09,0.05
2025-12-31 19:26:30.190,0.1,7.8,0.09,0.05
2025-12-31 19:26:31.192,0.1,7.8,0.09,0.05
2025-12-31 19:26:32.193,0.1,7.8,0.10,0.05
2025-12-31 19:26:33.195,0.0,7.8,0.09,0.05
2025-12-31 19:26:34.196,0.1,7.8,0.09,0.05
2025-12-31 19:26:35.197,0.1,7.8,0.09,0.05
2025-12-31 19:26:36.199,0.0,7.8,0.10,0.05
2025-12-31 19:26:37.201,0.0,7.8,0.09,0.05
2025-12-31 19:26:38.203,0.0,7.8,0.10,0.05
2025-12-31 19:26:39.204,0.1,7.8,0.09,0.05
2025-12-31 19:26:40.205,0.0,7.8,0.10,0.05
2025-12-31 19:26:41.207,0.2,7.8,0.09,0.05
2025-12-31 19:26:42.209,0.0,7.8,0.09,0.05
2025-12-31 19:26:43.210,0.0,7.8,0.09,0.05
2025-12-31 19:26:44.213,0.1,7.8,0.09,0.05
2025-12-31 19:26:45.214,0.0,7.8,0.10,0.05
2025-12-31 19:26:46.215,0.1,7.8,0.10,0.05
2025-12-31 19:26:47.216,0.1,7.8,0.09,0.05
2025-12-31 19:26:48.217,0.0,7.8,0.10,0.05
2025-12-31 19:26:49.218,0.0,7.8,0.10,0.05
2025-12-31 19:26:50.219,0.1,7.8,0.09,0.05
2025-12-31 19:26:51.220,0.1,7.8,0.10,0.05
2025-12-31 19:26:52.221,0.0,7.8,0.09,0.05
2025-12-31 19:26:53.223,0.1,7.8,0.09,0.05
2025-12-31 19:26:54.224,0.0,7.8,0.10,0.05
2025-12-31 19:26:55.225,0.1,7.8,0.10,0.05
2025-12-31 19:26:56.227,0.0,7.8,0.10,0.05
2025-12-31 19:26:57.228,0.1,7.8,0.09,0.05
2025-12-31 19:26:58.229,0.0,7.8,0.09,0.05
2025-12-31 19:26:59.231,0.1,7.8,0.10,0.05
2025-12-31 19:27:00.232,0.1,7.8,0.09,0.05
2025-12-31 19:27:01.233,0.0,7.8,0.09,0.05
2025-12-31 19:27:02.234,0.1,7.8,0.10,0.05
2025-12-31 19:27:03.236,0.0,7.8,0.09,0.05
2025-12-31 19:27:04.238,0.0,7.8,0.09,0.05
2025-12-31 19:27:05.239,0.0,7.8,0.10,0.05
2025-12-31 19:27:06.240,0.1,7.8,0.10,0.05
2025-12-31 19:27:07.242,0.0,7.8,0.09,0.05
2025-12-31 19:27:08.243,0.1,7.8,0.09,0.05
2025-12-31 19:27:09.245,0.1,7.8,0.10,0.05
2025-12-31 19:27:10.247,0.1,7.8,0.10,0.05
2025-12-31 19:27:11.248,0.0,7.8,0.10,0.05
2025-12-31 19:27:12.249,0.1,7.8,0.10,0.05
2025-12-31 19:27:13.251,0.0,7.8,0.10,0.05
2025-12-31 19:27:14.253,0.1,7.8,0.09,0.05
2025-12-31 19:27:15.254,0.0,7.8,0.09,0.05
2025-12-31 19:27:16.255,0.2,7.8,0.10,0.05
2025-12-31 19:27:17.257,0.2,7.8,0.09,0.05
2025-12-31 19:27:18.257,0.1,7.8,0.10,0.05
2025-12-31 19:27:19.259,0.1,7.8,0.09,0.05
2025-12-31 19:27:20.261,0.2,7.8,0.09,0.05
2025-12-31 19:27:21.263,0.1,7.8,0.09,0.05
2025-12-31 19:27:22.265,0.3,7.8,0.10,0.05
2025-12-31 19:27:23.266,0.1,7.8,0.09,0.05
2025-12-31 19:27:24.268,0.2,7.8,0.09,0.05
2025-12-31 19:27:25.270,0.1,7.8,0.10,0.05
2025-12-31 19:27:26.271,0.2,7.8,0.10,0.05
2025-12-31 19:27:27.273,0.2,7.8,0.10,0.05
2025-12-31 19:27:28.275,0.1,7.8,0.09,0.05
2025-12-31 19:27:29.276,0.1,7.8,0.09,0.05
2025-12-31 19:27:30.278,0.0,7.8,0.09,0.05
2025-12-31 19:27:31.279,0.2,7.8,0.09,0.05
2025-12-31 19:27:32.281,0.2,7.8,0.09,0.05
2025-12-31 19:27:33.282,0.2,7.8,0.10,0.05
2025-12-31 19:27:34.284,0.2,7.8,0.10,0.05
2025-12-31 19:27:35.285,0.3,7.8,0.09,0.05
2025-12-31 19:27:36.287,0.2,7.8,0.10,0.05
2025-12-31 19:27:37.289,0.2,7.8,0.09,0.05
2025-12-31 19:27:38.290,0.2,7.8,0.10,0.05
2025-12-31 19:27:39.292,0.1,7.8,0.09,0.05
2025-12-31 19:27:40.293,0.2,7.8,0.09,0.05
2025-12-31 19:27:41.296,0.1,7.8,0.10,0.05
2025-12-31 19:27:42.297,0.1,7.8,0.09,0.05
2025-12-31 19:27:43.300,0.2,7.8,0.09,0.05
2025-12-31 19:27:44.301,0.1,7.8,0.10,0.05
2025-12-31 19:27:45.303,0.1,7.8,0.10,0.05
2025-12-31 19:27:46.305,0.1,7.8,0.10,0.05
2025-12-31 19:27:47.307,0.2,7.8,0.09,0.05
2025-12-31 19:27:48.309,0.1,7.8,0.10,0.05
2025-12-31 19:27:49.311,0.1,7.8,0.10,0.05
2025-12-31 19:27:50.312,0.2,7.8,0.09,0.05
2025-12-31 19:27:51.313,0.2,7.8,0.10,0.05
2025-12-31 19:27:52.314,0.1,7.8,0.10,0.05
2025-12-31 19:27:53.316,0.1,7.8,0.09,0.05
2025-12-31 19:27:54.317,0.2,7.8,0.10,0.05
2025-12-31 19:27:55.319,0.2,7.8,0.10,0.05
2025-12-31 19:27:56.320,0.1,7.8,0.10,0.05
2025-12-31 19:27:57.321,0.3,7.8,0.10,0.05
2025-12-31 19:27:58.322,0.1,7.8,0.10,0.05
2025-12-31 19:27:59.324,0.1,7.8,0.09,0.05
2025-12-31 19:28:00.325,0.2,7.8,0.10,0.05
2025-12-31 19:28:01.326,0.2,7.8,0.10,0.05
2025-12-31 19:28:02.328,0.1,7.8,0.10,0.05
2025-12-31 19:28:03.329,0.2,7.8,0.10,0.05
2025-12-31 19:28:04.330,0.2,7.8,0.09,0.05
2025-12-31 19:28:05.332,0.2,7.8,0.10,0.05
2025-12-31 19:28:06.333,0.2,7.8,0.10,0.05
2025-12-31 19:28:07.335,0.2,7.8,0.09,0.05
2025-12-31 19:28:08.336,0.1,7.8,0.09,0.05
2025-12-31 19:28:09.338,0.2,7.8,0.10,0.05
2025-12-31 19:28:10.339,0.2,7.8,0.09,0.05
2025-12-31 19:28:11.340,0.1,7.8,0.10,0.05
2025-12-31 19:28:12.341,0.1,7.8,0.09,0.05
2025-12-31 19:28:13.342,0.0,7.8,0.10,0.05
2025-12-31 19:28:14.344,0.2,7.8,0.09,0.05
2025-12-31 19:28:15.345,0.2,7.8,0.09,0.05
2025-12-31 19:28:16.347,0.1,7.8,0.10,0.05
2025-12-31 19:28:17.349,0.2,7.8,0.10,0.05
2025-12-31 19:28:18.351,0.1,7.8,0.09,0.05
2025-12-31 19:28:19.353,0.2,7.8,0.09,0.05
2025-12-31 19:28:20.355,0.2,7.8,0.09,0.05
2025-12-31 19:28:21.357,0.2,7.8,0.10,0.05
2025-12-31 19:28:22.358,0.1,7.8,0.09,0.05
2025-12-31 19:28:23.360,0.1,7.8,0.09,0.05
2025-12-31 19:28:24.362,0.2,7.8,0.10,0.05
2025-12-31 19:28:25.365,0.1,7.8,0.10,0.05
2025-12-31 19:28:26.367,0.2,7.8,0.10,0.05
2025-12-31 19:28:27.368,0.2,7.8,0.10,0.05
2025-12-31 19:28:28.370,0.2,7.8,0.09,0.05
2025-12-31 19:28:29.372,0.1,7.8,0.10,0.05
2025-12-31 19:28:30.374,0.1,7.8,0.09,0.05
2025-12-31 19:28:31.375,0.1,7.8,0.10,0.05
2025-12-31 19:28:32.377,0.2,7.8,0.09,0.05
2025-12-31 19:28:33.379,0.2,7.8,0.10,0.05
2025-12-31 19:28:34.381,0.2,7.8,0.09,0.05
2025-12-31 19:28:35.382,0.0,7.8,0.10,0.05
2025-12-31 19:28:36.384,0.2,7.8,0.10,0.05
2025-12-31 19:28:37.385,0.1,7.8,0.09,0.05
2025-12-31 19:28:38.386,0.2,7.8,0.10,0.05
2025-12-31 19:28:39.388,0.0,7.8,0.10,0.05
2025-12-31 19:28:40.390,0.2,7.8,0.09,0.06
2025-12-31 19:28:41.391,0.0,7.8,0.12,0.05
2025-12-31 19:28:42.392,0.2,7.8,0.10,0.05
2025-12-31 19:28:43.393,0.1,7.8,0.09,0.05
2025-12-31 19:28:44.394,0.2,7.8,0.09,0.05
2025-12-31 19:28:45.395,0.2,7.8,0.09,0.05
2025-12-31 19:28:46.396,0.1,7.8,0.10,0.05
2025-12-31 19:28:47.397,0.2,7.8,0.09,0.05
2025-12-31 19:28:48.398,0.1,7.8,0.09,0.05
2025-12-31 19:28:49.400,0.1,7.8,0.10,0.05
2025-12-31 19:28:50.402,0.0,7.8,0.09,0.05
2025-12-31 19:28:51.403,0.0,7.8,0.10,0.05
2025-12-31 19:28:52.405,0.1,7.8,0.09,0.05
2025-12-31 19:28:53.406,0.1,7.8,0.10,0.05
2025-12-31 19:28:54.407,0.0,7.8,0.09,0.05
2025-12-31 19:28:55.408,0.2,7.8,0.10,0.05
2025-12-31 19:28:56.409,0.1,7.8,0.10,0.05
2025-12-31 19:28:57.410,0.1,7.8,0.10,0.05
2025-12-31 19:28:58.411,0.1,7.8,0.10,0.05
2025-12-31 19:28:59.412,0.2,7.8,0.09,0.05
2025-12-31 19:29:00.413,0.2,7.8,0.10,0.05
2025-12-31 19:29:01.414,0.1,7.8,0.09,0.05
2025-12-31 19:29:02.415,0.1,7.8,0.10,0.05
2025-12-31 19:29:03.417,0.1,7.8,0.09,0.05
2025-12-31 19:29:04.419,0.1,7.8,0.09,0.05
2025-12-31 19:29:05.420,0.2,7.8,0.09,0.05
2025-12-31 19:29:06.422,0.1,7.8,0.10,0.05
2025-12-31 19:29:07.423,0.1,7.8,0.10,0.05
2025-12-31 19:29:08.425,0.2,7.8,0.09,0.05
2025-12-31 19:29:09.426,0.1,7.8,0.10,0.05
2025-12-31 19:29:10.427,0.2,7.8,0.09,0.05
2025-12-31 19:29:11.429,0.1,7.8,0.10,0.05
2025-12-31 19:29:12.430,0.1,7.8,0.10,0.05
2025-12-31 19:29:13.431,0.1,7.8,0.09,0.05
2025-12-31 19:29:14.433,0.1,7.8,0.09,0.05
2025-12-31 19:29:15.434,0.1,7.8,0.10,0.05
2025-12-31 19:29:16.435,0.2,7.8,0.10,0.05
2025-12-31 19:29:17.436,0.1,7.8,0.10,0.05
2025-12-31 19:29:18.438,0.0,7.8,0.09,0.05
2025-12-31 19:29:19.439,0.0,7.8,0.10,0.05
2025-12-31 19:29:20.441,0.2,7.8,0.09,0.05
2025-12-31 19:29:21.442,0.0,7.8,0.09,0.05
2025-12-31 19:29:22.443,0.1,7.8,0.10,0.05
2025-12-31 19:29:23.444,0.2,7.8,0.09,0.05
2025-12-31 19:29:24.445,0.0,7.8,0.09,0.05
2025-12-31 19:29:25.447,0.0,7.8,0.10,0.05
2025-12-31 19:29:26.448,0.1,7.8,0.10,0.05
2025-12-31 19:29:27.449,0.0,7.8,0.09,0.05
2025-12-31 19:29:28.451,0.1,7.8,0.09,0.05
2025-12-31 19:29:29.453,0.0,7.8,0.10,0.05
2025-12-31 19:29:30.454,0.0,7.8,0.10,0.05
2025-12-31 19:29:31.456,0.2,7.8,0.09,0.05
2025-12-31 19:29:32.457,0.1,7.8,0.09,0.05
2025-12-31 19:29:33.459,0.0,7.8,0.10,0.05
2025-12-31 19:29:34.460,0.0,7.8,0.10,0.05
2025-12-31 19:29:35.462,0.0,7.8,0.09,0.05
2025-12-31 19:29:36.463,0.1,7.8,0.10,0.05
2025-12-31 19:29:37.465,0.1,7.8,0.09,0.05
2025-12-31 19:29:38.466,0.0,7.8,0.09,0.05
2025-12-31 19:29:39.468,0.0,7.8,0.09,0.05
2025-12-31 19:29:40.469,0.0,7.8,0.10,0.05
2025-12-31 19:29:41.470,0.1,7.8,0.09,0.05
2025-12-31 19:29:42.472,0.1,7.8,0.10,0.05
2025-12-31 19:29:43.474,0.1,7.8,0.09,0.05
2025-12-31 19:29:44.475,0.1,7.8,0.09,0.05
2025-12-31 19:29:45.477,0.1,7.8,0.09,0.05
2025-12-31 19:29:46.478,0.1,7.8,0.10,0.05
2025-12-31 19:29:47.481,0.2,7.8,0.09,0.05
2025-12-31 19:29:48.483,0.0,7.8,0.10,0.05
2025-12-31 19:29:49.484,0.1,7.8,0.09,0.05
2025-12-31 19:29:50.486,0.1,7.8,0.10,0.05
2025-12-31 19:29:51.487,0.2,7.8,0.09,0.05
2025-12-31 19:29:52.489,0.0,7.8,0.09,0.05
2025-12-31 19:29:53.492,0.2,7.8,0.09,0.05
2025-12-31 19:29:54.493,0.0,7.8,0.10,0.05
2025-12-31 19:29:55.494,0.0,7.8,0.10,0.05
2025-12-31 19:29:56.495,0.1,7.8,0.10,0.05
2025-12-31 19:29:57.497,0.2,7.8,0.09,0.05
2025-12-31 19:29:58.499,0.0,7.8,0.09,0.05
2025-12-31 19:29:59.500,0.0,7.8,0.09,0.05
2025-12-31 19:30:00.501,0.1,7.8,0.10,0.05
2025-12-31 19:30:01.503,0.0,7.8,0.09,0.05
2025-12-31 19:30:02.505,0.1,7.8,0.10,0.05
2025-12-31 19:30:03.507,0.0,7.8,0.09,0.05
2025-12-31 19:30:04.509,0.0,7.8,0.10,0.05
2025-12-31 19:30:05.510,0.1,7.8,0.09,0.05
2025-12-31 19:30:06.512,0.1,7.8,0.10,0.05
2025-12-31 19:30:07.513,0.0,7.8,0.09,0.05
2025-12-31 19:30:08.514,0.0,7.8,0.10,0.05
2025-12-31 19:30:09.516,0.1,7.8,0.10,0.05
2025-12-31 19:30:10.517,0.0,7.8,0.09,0.05
2025-12-31 19:30:11.518,0.1,7.8,0.09,0.05
2025-12-31 19:30:12.520,0.1,7.8,0.09,0.05
2025-12-31 19:30:13.521,0.2,7.8,0.10,0.05
2025-12-31 19:30:14.522,0.2,7.8,0.10,0.05
2025-12-31 19:30:15.523,0.2,7.8,0.09,0.05
2025-12-31 19:30:16.525,0.1,7.8,0.10,0.05
2025-12-31 19:30:17.527,0.3,7.8,0.10,0.05
2025-12-31 19:30:18.528,0.2,7.8,0.10,0.05
2025-12-31 19:30:19.529,0.2,7.8,0.09,0.05
2025-12-31 19:30:20.531,0.2,7.8,0.10,0.06
2025-12-31 19:30:21.533,0.2,7.8,0.10,0.05
2025-12-31 19:30:22.535,0.2,7.8,0.09,0.05
2025-12-31 19:30:23.536,0.2,7.8,0.09,0.05
2025-12-31 19:30:24.538,0.2,7.8,0.09,0.05
2025-12-31 19:30:25.539,0.5,7.8,0.10,0.05
2025-12-31 19:30:26.542,0.2,7.8,0.10,0.05
2025-12-31 19:30:27.543,0.2,7.8,0.10,0.05
2025-12-31 19:30:28.544,0.2,7.8,0.10,0.05
2025-12-31 19:30:29.546,0.2,7.8,0.10,0.05
2025-12-31 19:30:30.548,0.3,7.8,0.09,0.05
2025-12-31 19:30:31.549,0.3,7.8,0.10,0.05
2025-12-31 19:30:32.551,0.2,7.8,0.10,0.05
2025-12-31 19:30:33.553,0.2,7.8,0.09,0.05
2025-12-31 19:30:34.554,0.2,7.8,0.09,0.05
2025-12-31 19:30:35.555,0.2,7.8,0.10,0.05
2025-12-31 19:30:36.556,0.2,7.8,0.10,0.05
2025-12-31 19:30:37.557,0.2,7.8,0.10,0.05
2025-12-31 19:30:38.559,0.1,7.8,0.09,0.05
2025-12-31 19:30:39.560,0.3,7.8,0.10,0.05
2025-12-31 19:30:40.562,0.2,7.8,0.09,0.05
2025-12-31 19:30:41.563,0.1,7.8,0.09,0.05
2025-12-31 19:30:42.565,0.1,7.8,0.09,0.05
2025-12-31 19:30:43.566,0.0,7.8,0.10,0.05
2025-12-31 19:30:44.567,0.1,7.8,0.09,0.05
2025-12-31 19:30:45.569,0.1,7.8,0.09,0.05
2025-12-31 19:30:46.570,0.2,7.8,0.10,0.05
2025-12-31 19:30:47.572,0.1,7.8,0.10,0.05
2025-12-31 19:30:48.574,0.0,7.8,0.09,0.05
2025-12-31 19:30:49.576,0.2,7.8,0.09,0.05
2025-12-31 19:30:50.578,0.1,7.8,0.10,0.05
2025-12-31 19:30:51.579,0.2,7.8,0.09,0.05
2025-12-31 19:30:52.581,0.1,7.8,0.09,0.05
2025-12-31 19:30:53.582,0.2,7.8,0.09,0.05
2025-12-31 19:30:54.584,0.2,7.8,0.09,0.05
2025-12-31 19:30:55.585,0.1,7.8,0.10,0.05
2025-12-31 19:30:56.587,0.1,7.8,0.10,0.05
2025-12-31 19:30:57.589,0.1,7.8,0.09,0.05
2025-12-31 19:30:58.590,0.2,7.8,0.10,0.05
2025-12-31 19:30:59.592,0.0,7.8,0.10,0.05
2025-12-31 19:31:00.593,0.2,7.8,0.09,0.05
2025-12-31 19:31:01.594,0.2,7.8,0.10,0.05
2025-12-31 19:31:02.595,0.3,7.8,0.10,0.05
2025-12-31 19:31:03.597,0.2,7.8,0.09,0.05
2025-12-31 19:31:04.599,0.1,7.8,0.09,0.05
2025-12-31 19:31:05.600,0.2,7.8,0.09,0.05
2025-12-31 19:31:06.602,0.2,7.8,0.10,0.05
2025-12-31 19:31:07.603,0.2,7.8,0.10,0.05
2025-12-31 19:31:08.604,0.2,7.8,0.09,0.05
2025-12-31 19:31:09.606,0.2,7.8,0.09,0.05
2025-12-31 19:31:10.607,0.1,7.8,0.10,0.05
2025-12-31 19:31:11.608,0.0,7.8,0.10,0.05
2025-12-31 19:31:12.609,0.2,7.8,0.10,0.05
2025-12-31 19:31:13.610,0.1,7.8,0.09,0.05
2025-12-31 19:31:14.612,0.1,7.8,0.09,0.05
2025-12-31 19:31:15.613,0.2,7.8,0.10,0.05
2025-12-31 19:31:16.615,0.1,7.8,0.10,0.05
2025-12-31 19:31:17.617,0.2,7.8,0.10,0.05
2025-12-31 19:31:18.618,0.2,7.8,0.09,0.05
2025-12-31 19:31:19.620,0.0,7.8,0.10,0.05
2025-12-31 19:31:20.621,0.2,7.8,0.10,0.05
2025-12-31 19:31:21.622,0.2,7.8,0.09,0.05
2025-12-31 19:31:22.623,0.1,7.8,0.10,0.05
2025-12-31 19:31:23.624,0.1,7.8,0.10,0.05
2025-12-31 19:31:24.626,0.0,7.8,0.10,0.05
2025-12-31 19:31:25.627,0.2,7.8,0.10,0.05
2025-12-31 19:31:26.628,0.2,7.8,0.11,0.05
2025-12-31 19:31:27.630,0.2,7.8,0.09,0.05
2025-12-31 19:31:28.632,0.1,7.8,0.09,0.05
2025-12-31 19:31:29.633,0.1,7.8,0.09,0.05
2025-12-31 19:31:30.635,0.2,7.8,0.09,0.05
2025-12-31 19:31:31.636,0.2,7.8,0.10,0.05
2025-12-31 19:31:32.638,0.2,7.8,0.10,0.05
2025-12-31 19:31:33.639,0.2,7.8,0.10,0.05
2025-12-31 19:31:34.641,0.1,7.8,0.10,0.05
2025-12-31 19:31:35.643,0.1,7.8,0.10,0.05
2025-12-31 19:31:36.645,0.1,7.8,0.11,0.06
2025-12-31 19:31:37.646,0.0,7.8,0.10,0.05
2025-12-31 19:31:38.648,0.1,7.8,0.10,0.05
2025-12-31 19:31:39.648,0.0,7.8,0.10,0.05
2025-12-31 19:31:40.650,0.0,7.8,0.10,0.05
2025-12-31 19:31:41.651,0.2,7.8,0.09,0.05
2025-12-31 19:31:42.653,0.0,7.8,0.10,0.05
2025-12-31 19:31:43.655,0.1,7.8,0.09,0.05
2025-12-31 19:31:44.657,0.1,7.8,0.10,0.05
2025-12-31 19:31:45.658,0.1,7.8,0.10,0.05
2025-12-31 19:31:46.660,0.1,7.8,0.10,0.05
2025-12-31 19:31:47.662,0.1,7.8,0.10,0.05
2025-12-31 19:31:48.664,0.0,7.8,0.09,0.05
2025-12-31 19:31:49.666,0.1,7.8,0.09,0.05
2025-12-31 19:31:50.668,0.1,7.8,0.09,0.05
2025-12-31 19:31:51.670,0.0,7.8,0.10,0.05
2025-12-31 19:31:52.671,0.1,7.8,0.10,0.05
2025-12-31 19:31:53.672,0.1,7.8,0.09,0.05
2025-12-31 19:31:54.673,0.1,7.8,0.09,0.05
2025-12-31 19:31:55.676,0.2,7.8,0.10,0.05
2025-12-31 19:31:56.677,0.1,7.8,0.10,0.05
2025-12-31 19:31:57.679,0.1,7.8,0.10,0.05
2025-12-31 19:31:58.681,0.1,7.8,0.09,0.05
2025-12-31 19:31:59.682,0.1,7.8,0.10,0.05
2025-12-31 19:32:00.684,0.1,7.8,0.10,0.05
2025-12-31 19:32:01.686,0.1,7.8,0.09,0.05
2025-12-31 19:32:02.687,0.1,7.8,0.10,0.05
2025-12-31 19:32:03.689,0.2,7.8,0.10,0.05
2025-12-31 19:32:04.690,0.1,7.8,0.10,0.05
2025-12-31 19:32:05.692,0.0,7.8,0.09,0.05
2025-12-31 19:32:06.694,0.1,7.8,0.10,0.05
2025-12-31 19:32:07.696,0.2,7.8,0.10,0.05
2025-12-31 19:32:08.697,0.0,7.8,0.09,0.05
2025-12-31 19:32:09.699,0.1,7.8,0.10,0.05
2025-12-31 19:32:10.702,0.0,7.8,0.09,0.05
2025-12-31 19:32:11.704,0.1,7.8,0.09,0.05
2025-12-31 19:32:12.706,0.1,7.8,0.10,0.05
2025-12-31 19:32:13.708,0.1,7.8,0.10,0.05
2025-12-31 19:32:14.709,0.1,7.8,0.10,0.05
2025-12-31 19:32:15.709,0.1,7.8,0.09,0.05
2025-12-31 19:32:16.711,0.2,7.8,0.10,0.05
2025-12-31 19:32:17.712,0.0,7.8,0.10,0.05
2025-12-31 19:32:18.713,0.0,7.8,0.10,0.05
2025-12-31 19:32:19.715,0.1,7.8,0.09,0.05
2025-12-31 19:32:20.716,0.1,7.8,0.10,0.05
2025-12-31 19:32:21.718,0.0,7.8,0.10,0.05
2025-12-31 19:32:22.720,0.1,7.8,0.09,0.05
2025-12-31 19:32:23.721,0.0,7.8,0.10,0.05
2025-12-31 19:32:24.722,0.0,7.8,0.10,0.05
2025-12-31 19:32:25.724,0.1,7.8,0.09,0.05
2025-12-31 19:32:26.726,0.0,7.8,0.10,0.05
2025-12-31 19:32:27.727,0.2,7.8,0.09,0.05
2025-12-31 19:32:28.729,0.1,7.8,0.10,0.05
2025-12-31 19:32:29.731,0.0,7.8,0.10,0.05
2025-12-31 19:32:30.732,0.1,7.8,0.09,0.05
2025-12-31 19:32:31.733,0.0,7.8,0.09,0.05
2025-12-31 19:32:32.735,0.0,7.8,0.10,0.05
2025-12-31 19:32:33.737,0.0,7.8,0.10,0.05
2025-12-31 19:32:34.738,0.2,7.8,0.09,0.05
2025-12-31 19:32:35.740,0.2,7.8,0.10,0.05
2025-12-31 19:32:36.741,0.0,7.8,0.10,0.05
2025-12-31 19:32:37.742,0.0,7.8,0.09,0.05
2025-12-31 19:32:38.745,0.0,7.8,0.10,0.05
2025-12-31 19:32:39.746,0.2,7.8,0.09,0.05
2025-12-31 19:32:40.747,0.1,7.8,0.10,0.05
2025-12-31 19:32:41.749,0.2,7.8,0.10,0.05
2025-12-31 19:32:42.751,0.1,7.8,0.09,0.05
2025-12-31 19:32:43.753,0.1,7.8,0.10,0.05
2025-12-31 19:32:44.754,0.0,7.8,0.10,0.05
2025-12-31 19:32:45.756,0.0,7.8,0.09,0.05
2025-12-31 19:32:46.757,0.2,7.8,0.10,0.05
2025-12-31 19:32:47.758,0.0,7.8,0.10,0.05
2025-12-31 19:32:48.760,0.1,7.8,0.09,0.05
2025-12-31 19:32:49.762,0.0,7.8,0.09,0.05
2025-12-31 19:32:50.764,0.1,7.8,0.10,0.05
2025-12-31 19:32:51.765,0.0,7.8,0.10,0.05
2025-12-31 19:32:52.766,0.0,7.8,0.10,0.05
2025-12-31 19:32:53.767,0.0,7.8,0.09,0.05
2025-12-31 19:32:54.769,0.1,7.8,0.10,0.05
2025-12-31 19:32:55.770,0.0,7.8,0.09,0.05
2025-12-31 19:32:56.772,0.1,7.8,0.10,0.05
2025-12-31 19:32:57.773,0.0,7.8,0.09,0.05
2025-12-31 19:32:58.774,0.0,7.8,0.09,0.05
2025-12-31 19:32:59.776,0.0,7.8,0.10,0.05
2025-12-31 19:33:00.777,0.1,7.8,0.09,0.05
2025-12-31 19:33:01.779,0.1,7.8,0.10,0.05
2025-12-31 19:33:02.780,0.1,7.8,0.10,0.05
2025-12-31 19:33:03.782,0.2,7.8,0.09,0.05
2025-12-31 19:33:04.783,0.1,7.8,0.10,0.05
2025-12-31 19:33:05.785,0.1,7.8,0.10,0.05
2025-12-31 19:33:06.787,0.0,7.8,0.10,0.05
2025-12-31 19:33:07.789,0.1,7.8,0.10,0.05
2025-12-31 19:33:08.790,0.2,7.8,0.09,0.05
2025-12-31 19:33:09.792,0.2,7.8,0.10,0.05
2025-12-31 19:33:10.793,0.2,7.8,0.09,0.05
2025-12-31 19:33:11.794,0.2,7.8,0.09,0.05
2025-12-31 19:33:12.796,0.2,7.8,0.10,0.05
2025-12-31 19:33:13.797,0.2,7.8,0.10,0.05
2025-12-31 19:33:14.799,0.1,7.8,0.09,0.05
2025-12-31 19:33:15.801,0.2,7.8,0.09,0.05
2025-12-31 19:33:16.802,0.2,7.8,0.10,0.05
2025-12-31 19:33:17.804,0.2,7.8,0.10,0.05
2025-12-31 19:33:18.805,0.2,7.8,0.10,0.05
2025-12-31 19:33:19.806,0.3,7.8,0.09,0.05
2025-12-31 19:33:20.807,0.2,7.8,0.09,0.05
2025-12-31 19:33:21.808,0.2,7.8,0.10,0.05
2025-12-31 19:33:22.810,0.2,7.8,0.09,0.05
2025-12-31 19:33:23.811,0.3,7.8,0.10,0.05
2025-12-31 19:33:24.813,0.2,7.8,0.10,0.05
2025-12-31 19:33:25.815,0.2,7.8,0.09,0.05
2025-12-31 19:33:26.816,0.1,7.8,0.10,0.05
2025-12-31 19:33:27.817,0.2,7.8,0.10,0.05
2025-12-31 19:33:28.819,0.2,7.8,0.09,0.05
2025-12-31 19:33:29.820,0.3,7.8,0.09,0.05
2025-12-31 19:33:30.821,0.2,7.8,0.10,0.05
2025-12-31 19:33:31.823,0.2,7.8,0.09,0.05
2025-12-31 19:33:32.825,0.2,7.8,0.10,0.05
2025-12-31 19:33:33.826,0.1,7.8,0.09,0.05
2025-12-31 19:33:34.828,0.2,7.8,0.10,0.05
2025-12-31 19:33:35.829,0.2,7.8,0.10,0.05
2025-12-31 19:33:36.831,0.2,7.8,0.10,0.05
2025-12-31 19:33:37.832,0.2,7.8,0.10,0.05
2025-12-31 19:33:38.833,0.1,7.8,0.09,0.05
2025-12-31 19:33:39.834,0.1,7.8,0.09,0.05
2025-12-31 19:33:40.836,0.2,7.8,0.10,0.05
2025-12-31 19:33:41.838,0.1,7.8,0.09,0.05
2025-12-31 19:33:42.840,0.2,7.8,0.09,0.05
2025-12-31 19:33:43.841,0.1,7.8,0.10,0.05
2025-12-31 19:33:44.843,0.1,7.8,0.09,0.05
2025-12-31 19:33:45.845,0.2,7.8,0.09,0.05
2025-12-31 19:33:46.846,0.2,7.8,0.10,0.05
2025-12-31 19:33:47.848,0.2,7.8,0.09,0.05
2025-12-31 19:33:48.849,0.1,7.8,0.10,0.05
2025-12-31 19:33:49.851,0.0,7.8,0.10,0.05
2025-12-31 19:33:50.852,0.2,7.8,0.10,0.05
2025-12-31 19:33:51.854,0.2,7.8,0.10,0.05
2025-12-31 19:33:52.855,0.1,7.8,0.10,0.05
2025-12-31 19:33:53.857,0.2,7.8,0.10,0.05
2025-12-31 19:33:54.858,0.0,7.8,0.09,0.05
2025-12-31 19:33:55.860,0.1,7.8,0.10,0.05
2025-12-31 19:33:56.861,0.2,7.8,0.10,0.05
2025-12-31 19:33:57.862,0.1,7.8,0.10,0.05
2025-12-31 19:33:58.864,0.1,7.8,0.09,0.05
2025-12-31 19:33:59.865,0.0,7.8,0.10,0.05
2025-12-31 19:34:00.867,0.0,7.8,0.09,0.05
2025-12-31 19:34:01.868,0.1,7.8,0.10,0.05
2025-12-31 19:34:02.870,0.1,7.8,0.09,0.05
2025-12-31 19:34:03.871,0.0,7.8,0.09,0.06
2025-12-31 19:34:04.872,0.1,7.8,0.10,0.06
2025-12-31 19:34:05.873,0.1,7.8,0.10,0.05
2025-12-31 19:34:06.874,0.2,7.8,0.10,0.06
2025-12-31 19:34:07.876,0.1,7.8,0.10,0.06
2025-12-31 19:34:08.878,0.2,7.8,0.11,0.06
2025-12-31 19:34:09.879,0.2,7.8,0.09,0.05
2025-12-31 19:34:10.880,0.2,7.8,0.10,0.05
2025-12-31 19:34:11.882,0.1,7.8,0.09,0.06
2025-12-31 19:34:12.883,0.1,7.8,0.12,0.06
2025-12-31 19:34:13.884,0.2,7.8,0.10,0.05
2025-12-31 19:34:14.885,0.1,7.8,0.09,0.05
2025-12-31 19:34:15.886,0.1,7.8,0.10,0.06
2025-12-31 19:34:16.887,0.2,7.8,0.11,0.05
2025-12-31 19:34:17.889,0.2,7.8,0.09,0.05
2025-12-31 19:34:18.889,0.2,7.8,0.09,0.05
2025-12-31 19:34:19.891,0.1,7.8,0.10,0.05
2025-12-31 19:34:20.893,0.2,7.8,0.10,0.05
2025-12-31 19:34:21.895,0.2,7.8,0.09,0.05
2025-12-31 19:34:22.897,0.1,7.8,0.09,0.05
2025-12-31 19:34:23.898,0.1,7.8,0.10,0.05
2025-12-31 19:34:24.899,0.1,7.8,0.10,0.05
2025-12-31 19:34:25.901,0.2,7.8,0.10,0.05
2025-12-31 19:34:26.901,0.2,7.8,0.11,0.05
2025-12-31 19:34:27.903,0.2,7.8,0.09,0.05
2025-12-31 19:34:28.904,0.1,7.8,0.10,0.05
2025-12-31 19:34:29.905,0.1,7.8,0.10,0.05
2025-12-31 19:34:30.907,0.0,7.8,0.10,0.05
2025-12-31 19:34:31.908,0.2,7.8,0.10,0.05
2025-12-31 19:34:32.909,0.0,7.8,0.09,0.05
2025-12-31 19:34:33.911,0.0,7.8,0.10,0.05
2025-12-31 19:34:34.912,0.2,7.8,0.09,0.05
2025-12-31 19:34:35.913,0.0,7.8,0.09,0.05
2025-12-31 19:34:36.915,0.2,7.8,0.10,0.05
2025-12-31 19:34:37.917,0.1,7.8,0.10,0.05
2025-12-31 19:34:38.918,0.1,7.8,0.10,0.05
2025-12-31 19:34:39.919,0.1,7.8,0.10,0.05
2025-12-31 19:34:40.921,0.0,7.8,0.10,0.05
2025-12-31 19:34:41.922,0.1,7.8,0.10,0.05
2025-12-31 19:34:42.924,0.0,7.8,0.10,0.05
2025-12-31 19:34:43.925,0.1,7.8,0.09,0.05
2025-12-31 19:34:44.927,0.2,7.8,0.09,0.05
2025-12-31 19:34:45.929,0.0,7.8,0.10,0.05
2025-12-31 19:34:46.930,0.2,7.8,0.10,0.05
2025-12-31 19:34:47.932,0.0,7.8,0.10,0.05
2025-12-31 19:34:48.934,0.0,7.8,0.09,0.05
2025-12-31 19:34:49.935,0.0,7.8,0.09,0.05
2025-12-31 19:34:50.936,0.1,7.8,0.10,0.05
2025-12-31 19:34:51.938,0.2,7.8,0.09,0.05
2025-12-31 19:34:52.939,0.0,7.8,0.10,0.05
2025-12-31 19:34:53.941,0.1,7.8,0.09,0.05
2025-12-31 19:34:54.942,0.1,7.8,0.10,0.05
2025-12-31 19:34:55.943,0.1,7.8,0.09,0.05
2025-12-31 19:34:56.944,0.1,7.8,0.10,0.05
2025-12-31 19:34:57.946,0.1,7.8,0.10,0.05
2025-12-31 19:34:58.947,0.0,7.8,0.09,0.05
2025-12-31 19:34:59.949,0.1,7.8,0.10,0.05
2025-12-31 19:35:00.951,0.1,7.8,0.09,0.05
2025-12-31 19:35:01.952,0.1,7.8,0.09,0.05
2025-12-31 19:35:02.954,0.0,7.8,0.09,0.05
2025-12-31 19:35:03.956,0.2,7.8,0.10,0.05
2025-12-31 19:35:04.958,0.0,7.8,0.09,0.07
2025-12-31 19:35:05.959,0.0,7.8,0.10,0.06
2025-12-31 19:35:06.961,0.1,7.8,0.10,0.06
2025-12-31 19:35:07.962,0.0,7.8,0.09,0.06
2025-12-31 19:35:08.963,0.1,7.8,0.09,0.05
2025-12-31 19:35:09.965,0.1,7.8,0.10,0.06
2025-12-31 19:35:10.966,0.1,7.8,0.10,0.05
2025-12-31 19:35:11.968,0.1,7.8,0.10,0.06
2025-12-31 19:35:12.970,0.0,7.8,0.10,0.05
2025-12-31 19:35:13.971,0.0,7.8,0.10,0.05
2025-12-31 19:35:14.973,0.1,7.8,0.10,0.05
2025-12-31 19:35:15.974,0.0,7.8,0.10,0.05
2025-12-31 19:35:16.975,0.2,7.8,0.10,0.05
2025-12-31 19:35:17.977,0.1,7.8,0.10,0.05
2025-12-31 19:35:18.979,0.1,7.8,0.09,0.05
2025-12-31 19:35:19.980,0.1,7.8,0.10,0.05
2025-12-31 19:35:20.982,0.0,7.8,0.09,0.05
2025-12-31 19:35:21.983,0.1,7.8,0.09,0.05
2025-12-31 19:35:22.984,0.1,7.8,0.10,0.05
2025-12-31 19:35:23.985,0.1,7.8,0.09,0.05
2025-12-31 19:35:24.987,0.0,7.8,0.10,0.05
2025-12-31 19:35:25.989,0.1,7.8,0.10,0.05
2025-12-31 19:35:26.990,0.1,7.8,0.10,0.05
2025-12-31 19:35:27.991,0.1,7.8,0.10,0.05
2025-12-31 19:35:28.992,0.1,7.8,0.10,0.05
2025-12-31 19:35:29.993,0.1,7.8,0.10,0.05
2025-12-31 19:35:30.995,0.1,7.8,0.09,0.05
2025-12-31 19:35:31.997,0.1,7.8,0.09,0.05
2025-12-31 19:35:32.998,0.2,7.8,0.09,0.05
2025-12-31 19:35:34.000,0.0,7.8,0.09,0.05
2025-12-31 19:35:35.001,0.0,7.8,0.10,0.05
2025-12-31 19:35:36.002,0.2,7.8,0.09,0.05
2025-12-31 19:35:37.005,0.2,7.8,0.10,0.05
2025-12-31 19:35:38.006,0.0,7.8,0.10,0.05
2025-12-31 19:35:39.007,0.1,7.8,0.09,0.04
2025-12-31 19:35:40.009,0.1,7.8,0.09,0.05
2025-12-31 19:35:41.011,0.0,7.8,0.10,0.05
2025-12-31 19:35:42.012,0.2,7.8,0.10,0.05
2025-12-31 19:35:43.013,0.0,7.8,0.09,0.05
2025-12-31 19:35:44.014,0.0,7.8,0.10,0.05
2025-12-31 19:35:45.016,0.1,7.8,0.09,0.05
2025-12-31 19:35:46.017,0.2,7.8,0.10,0.05
2025-12-31 19:35:47.019,0.1,7.8,0.09,0.05
2025-12-31 19:35:48.021,0.0,7.8,0.10,0.05
2025-12-31 19:35:49.023,0.1,7.8,0.09,0.05
2025-12-31 19:35:50.025,0.0,7.8,0.10,0.05
2025-12-31 19:35:51.026,0.1,7.8,0.10,0.05
2025-12-31 19:35:52.027,0.1,7.8,0.09,0.05
2025-12-31 19:35:53.029,0.0,7.8,0.10,0.05
2025-12-31 19:35:54.030,0.1,7.8,0.10,0.05
2025-12-31 19:35:55.032,0.2,7.8,0.09,0.05
2025-12-31 19:35:56.033,0.1,7.8,0.10,0.05
2025-12-31 19:35:57.034,0.1,7.8,0.10,0.05
2025-12-31 19:35:58.036,0.0,7.8,0.10,0.05
2025-12-31 19:35:59.038,0.2,7.8,0.10,0.05
2025-12-31 19:36:00.039,0.2,7.8,0.10,0.05
2025-12-31 19:36:01.041,0.2,7.8,0.09,0.05
2025-12-31 19:36:02.043,0.2,7.8,0.09,0.05
2025-12-31 19:36:03.044,0.2,7.8,0.10,0.06
2025-12-31 19:36:04.045,0.2,7.8,0.09,0.05
2025-12-31 19:36:05.047,0.2,7.8,0.10,0.05
2025-12-31 19:36:06.048,0.4,7.8,0.09,0.05
2025-12-31 19:36:07.050,0.3,7.8,0.10,0.05
2025-12-31 19:36:08.051,0.2,7.8,0.09,0.05
2025-12-31 19:36:09.052,0.3,7.8,0.09,0.05
2025-12-31 19:36:10.054,0.2,7.8,0.10,0.05
2025-12-31 19:36:11.055,0.2,7.8,0.09,0.05
2025-12-31 19:36:12.056,0.2,7.8,0.10,0.05
2025-12-31 19:36:13.057,0.2,7.8,0.10,0.05
2025-12-31 19:36:14.059,0.0,7.8,0.09,0.05
2025-12-31 19:36:15.062,0.3,7.8,0.10,0.05
2025-12-31 19:36:16.063,0.2,7.8,0.09,0.06
2025-12-31 19:36:17.065,0.5,7.8,0.10,0.05
2025-12-31 19:36:18.066,0.2,7.8,0.10,0.05
2025-12-31 19:36:19.068,0.2,7.8,0.10,0.05
2025-12-31 19:36:20.070,0.2,7.8,0.10,0.05
2025-12-31 19:36:21.072,0.2,7.8,0.10,0.05
2025-12-31 19:36:22.074,0.2,7.8,0.10,0.05
2025-12-31 19:36:23.075,0.2,7.8,0.10,0.05
2025-12-31 19:36:24.076,0.2,7.8,0.10,0.05
2025-12-31 19:36:25.077,0.2,7.8,0.10,0.05
2025-12-31 19:36:26.079,0.1,7.8,0.10,0.05
2025-12-31 19:36:27.081,0.2,7.8,0.10,0.05
2025-12-31 19:36:28.083,0.1,7.8,0.09,0.05
2025-12-31 19:36:29.084,0.1,7.8,0.10,0.05
2025-12-31 19:36:30.086,0.0,7.8,0.09,0.05
2025-12-31 19:36:31.087,0.2,7.8,0.10,0.05
2025-12-31 19:36:32.089,0.2,7.8,0.10,0.05
2025-12-31 19:36:33.091,0.1,7.8,0.10,0.05
2025-12-31 19:36:34.092,0.1,7.8,0.09,0.05
2025-12-31 19:36:35.094,0.2,7.8,0.09,0.05
2025-12-31 19:36:36.095,0.2,7.8,0.10,0.05
2025-12-31 19:36:37.097,0.1,7.8,0.10,0.05
2025-12-31 19:36:38.099,0.2,7.8,0.10,0.05
2025-12-31 19:36:39.100,0.2,7.8,0.10,0.05
2025-12-31 19:36:40.101,0.2,7.8,0.10,0.05
2025-12-31 19:36:41.102,0.0,7.8,0.10,0.05
2025-12-31 19:36:42.104,0.2,7.8,0.10,0.05
2025-12-31 19:36:43.105,0.1,7.8,0.10,0.05
2025-12-31 19:36:44.106,0.1,7.8,0.10,0.05
2025-12-31 19:36:45.107,0.2,7.8,0.09,0.05
2025-12-31 19:36:46.109,0.2,7.8,0.10,0.05
2025-12-31 19:36:47.110,0.2,7.8,0.10,0.05
2025-12-31 19:36:48.112,0.0,7.8,0.10,0.05
2025-12-31 19:36:49.113,0.1,7.8,0.09,0.05
2025-12-31 19:36:50.114,0.1,7.8,0.09,0.05
2025-12-31 19:36:51.116,0.2,7.8,0.10,0.05
2025-12-31 19:36:52.117,0.1,7.8,0.09,0.05
2025-12-31 19:36:53.119,0.2,7.8,0.10,0.05
2025-12-31 19:36:54.121,0.1,7.8,0.10,0.05
2025-12-31 19:36:55.122,0.2,7.8,0.10,0.05
2025-12-31 19:36:56.124,0.1,7.8,0.10,0.05
2025-12-31 19:36:57.125,0.1,7.8,0.10,0.05
2025-12-31 19:36:58.127,0.1,7.8,0.10,0.05
2025-12-31 19:36:59.129,0.1,7.8,0.09,0.05
2025-12-31 19:37:00.130,0.2,7.8,0.09,0.05
2025-12-31 19:37:01.131,0.2,7.8,0.09,0.05
2025-12-31 19:37:02.133,0.2,7.8,0.10,0.05
2025-12-31 19:37:03.134,0.1,7.8,0.09,0.05
2025-12-31 19:37:04.136,0.2,7.8,0.10,0.05
2025-12-31 19:37:05.137,0.2,7.8,0.10,0.05
2025-12-31 19:37:06.139,0.1,7.8,0.10,0.05
2025-12-31 19:37:07.140,0.2,7.8,0.10,0.05
2025-12-31 19:37:08.141,0.2,7.8,0.10,0.05
2025-12-31 19:37:09.142,0.2,7.8,0.10,0.05
2025-12-31 19:37:10.144,0.1,7.8,0.10,0.05
2025-12-31 19:37:11.145,0.0,7.8,0.10,0.05
2025-12-31 19:37:12.146,0.2,7.8,0.10,0.05
2025-12-31 19:37:13.147,0.2,7.8,0.09,0.05
2025-12-31 19:37:14.148,0.0,7.8,0.10,0.05
2025-12-31 19:37:15.150,0.2,7.8,0.10,0.05
2025-12-31 19:37:16.151,0.2,7.8,0.10,0.05
2025-12-31 19:37:17.152,0.2,7.8,0.09,0.05
2025-12-31 19:37:18.154,0.1,7.8,0.10,0.05
2025-12-31 19:37:19.155,0.2,7.8,0.10,0.05
2025-12-31 19:37:20.157,0.2,7.8,0.09,0.05
2025-12-31 19:37:21.159,0.2,7.8,0.09,0.05
2025-12-31 19:37:22.160,0.0,7.8,0.10,0.05
2025-12-31 19:37:23.161,0.1,7.8,0.09,0.05
2025-12-31 19:37:24.163,0.0,7.8,0.10,0.05
2025-12-31 19:37:25.164,0.1,7.8,0.10,0.05
2025-12-31 19:37:26.165,0.1,7.8,0.10,0.05
2025-12-31 19:37:27.167,0.0,7.8,0.10,0.05
2025-12-31 19:37:28.168,0.1,7.8,0.10,0.05
2025-12-31 19:37:29.169,0.1,7.9,0.10,0.05
2025-12-31 19:37:30.171,0.0,7.9,0.10,0.05
2025-12-31 19:37:31.172,0.0,7.9,0.10,0.05
2025-12-31 19:37:32.174,0.1,7.9,0.10,0.05
2025-12-31 19:37:33.175,0.1,7.9,0.10,0.05
2025-12-31 19:37:34.176,0.1,7.9,0.09,0.05
2025-12-31 19:37:35.178,0.0,7.9,0.10,0.05
2025-12-31 19:37:36.180,0.1,7.9,0.09,0.05
2025-12-31 19:37:37.181,0.0,7.9,0.10,0.05
2025-12-31 19:37:38.183,0.1,7.9,0.10,0.05
2025-12-31 19:37:39.184,0.1,7.9,0.10,0.05
2025-12-31 19:37:40.185,0.1,7.9,0.09,0.05
2025-12-31 19:37:41.186,0.2,7.9,0.09,0.05
2025-12-31 19:37:42.188,0.1,7.9,0.09,0.05
2025-12-31 19:37:43.190,0.1,7.9,0.09,0.05
2025-12-31 19:37:44.191,0.2,7.9,0.09,0.05
2025-12-31 19:37:45.194,0.0,7.9,0.10,0.05
2025-12-31 19:37:46.195,0.2,7.9,0.10,0.05
2025-12-31 19:37:47.197,0.2,7.8,0.09,0.05
2025-12-31 19:37:48.198,0.1,7.8,0.11,0.05
2025-12-31 19:37:49.199,0.0,7.8,0.10,0.05
2025-12-31 19:37:50.200,0.1,7.8,0.09,0.05
2025-12-31 19:37:51.201,0.0,7.8,0.09,0.05
2025-12-31 19:37:52.203,0.0,7.8,0.10,0.05
2025-12-31 19:37:53.205,0.1,7.8,0.09,0.05
2025-12-31 19:37:54.207,0.1,7.8,0.10,0.05
2025-12-31 19:37:55.208,0.1,7.8,0.09,0.05
2025-12-31 19:37:56.211,0.0,7.8,0.10,0.05
2025-12-31 19:37:57.212,0.1,7.8,0.10,0.06
2025-12-31 19:37:58.214,0.0,7.8,0.10,0.05
2025-12-31 19:37:59.216,0.0,7.8,0.10,0.05
2025-12-31 19:38:00.217,0.1,7.8,0.10,0.05
2025-12-31 19:38:01.219,0.0,7.8,0.09,0.05
2025-12-31 19:38:02.221,0.1,7.8,0.10,0.05
2025-12-31 19:38:03.223,0.0,7.8,0.09,0.05
2025-12-31 19:38:04.224,0.1,7.8,0.09,0.05
2025-12-31 19:38:05.226,0.0,7.8,0.09,0.05
2025-12-31 19:38:06.227,0.1,7.8,0.10,0.05
2025-12-31 19:38:07.229,0.1,7.8,0.10,0.05
2025-12-31 19:38:08.230,0.1,7.8,0.10,0.05
2025-12-31 19:38:09.232,0.2,7.8,0.09,0.05
2025-12-31 19:38:10.233,0.0,7.8,0.10,0.05
2025-12-31 19:38:11.235,0.1,7.8,0.10,0.05
2025-12-31 19:38:12.236,0.0,7.8,0.09,0.05
2025-12-31 19:38:13.238,0.0,7.8,0.09,0.05
2025-12-31 19:38:14.240,0.2,7.8,0.10,0.05
2025-12-31 19:38:15.241,0.1,7.8,0.09,0.05
2025-12-31 19:38:16.244,0.1,7.8,0.10,0.05
2025-12-31 19:38:17.245,0.2,7.8,0.10,0.05
2025-12-31 19:38:18.246,0.1,7.8,0.10,0.05
2025-12-31 19:38:19.247,0.2,7.8,0.09,0.05
2025-12-31 19:38:20.249,0.1,7.8,0.10,0.05
2025-12-31 19:38:21.250,0.2,7.8,0.09,0.05
2025-12-31 19:38:22.252,0.1,7.8,0.09,0.05
2025-12-31 19:38:23.253,0.2,7.8,0.10,0.05
2025-12-31 19:38:24.255,0.1,7.8,0.09,0.05
2025-12-31 19:38:25.256,0.2,7.8,0.10,0.05
2025-12-31 19:38:26.258,0.1,7.8,0.10,0.05
2025-12-31 19:38:27.260,0.0,7.8,0.10,0.05
2025-12-31 19:38:28.261,0.1,7.8,0.10,0.05
2025-12-31 19:38:29.263,0.1,7.8,0.10,0.05
2025-12-31 19:38:30.265,0.1,7.8,0.09,0.05
2025-12-31 19:38:31.266,0.0,7.8,0.09,0.05
2025-12-31 19:38:32.268,0.2,7.8,0.09,0.05
2025-12-31 19:38:33.269,0.0,7.8,0.10,0.05
2025-12-31 19:38:34.271,0.1,7.8,0.10,0.05
2025-12-31 19:38:35.272,0.0,7.8,0.10,0.05
2025-12-31 19:38:36.274,0.1,7.8,0.09,0.05
2025-12-31 19:38:37.275,0.1,7.8,0.10,0.05
2025-12-31 19:38:38.277,0.2,7.8,0.10,0.05
2025-12-31 19:38:39.278,0.1,7.8,0.09,0.05
2025-12-31 19:38:40.280,0.1,7.8,0.10,0.05
2025-12-31 19:38:41.282,0.1,7.8,0.09,0.05
2025-12-31 19:38:42.284,0.2,7.8,0.10,0.05
2025-12-31 19:38:43.285,0.1,7.8,0.09,0.05
2025-12-31 19:38:44.287,0.1,7.8,0.10,0.05
2025-12-31 19:38:45.288,0.1,7.8,0.09,0.05
2025-12-31 19:38:46.289,0.1,7.8,0.09,0.05
2025-12-31 19:38:47.291,0.2,7.9,0.09,0.05
2025-12-31 19:38:48.292,0.1,7.9,0.10,0.05
2025-12-31 19:38:49.294,0.1,7.9,0.09,0.05
2025-12-31 19:38:50.295,0.1,7.9,0.09,0.05
2025-12-31 19:38:51.297,0.2,7.9,0.10,0.05
2025-12-31 19:38:52.298,0.1,7.9,0.10,0.05
2025-12-31 19:38:53.299,0.2,7.9,0.10,0.05
2025-12-31 19:38:54.301,0.1,7.9,0.10,0.05
2025-12-31 19:38:55.302,0.1,7.9,0.10,0.05
2025-12-31 19:38:56.303,0.1,7.9,0.10,0.05
2025-12-31 19:38:57.304,0.3,7.9,0.09,0.05
2025-12-31 19:38:58.305,0.1,7.9,0.10,0.05
2025-12-31 19:38:59.307,0.2,7.9,0.09,0.05
2025-12-31 19:39:00.308,0.3,7.9,0.09,0.05
2025-12-31 19:39:01.309,0.2,7.9,0.10,0.05
2025-12-31 19:39:02.311,0.3,7.9,0.09,0.05
2025-12-31 19:39:03.313,0.2,7.9,0.10,0.05
2025-12-31 19:39:04.314,0.2,7.9,0.09,0.05
2025-12-31 19:39:05.316,0.2,7.9,0.10,0.05
2025-12-31 19:39:06.317,0.2,7.9,0.09,0.05
2025-12-31 19:39:07.318,0.1,7.9,0.10,0.05
2025-12-31 19:39:08.319,0.3,7.9,0.10,0.05
2025-12-31 19:39:09.321,0.2,7.9,0.09,0.05
2025-12-31 19:39:10.322,0.2,7.9,0.10,0.05
2025-12-31 19:39:11.324,0.2,7.9,0.09,0.05
2025-12-31 19:39:12.325,0.2,7.9,0.10,0.05
2025-12-31 19:39:13.327,0.2,7.9,0.10,0.05
2025-12-31 19:39:14.328,0.2,7.9,0.10,0.05
2025-12-31 19:39:15.330,0.3,7.9,0.10,0.05
2025-12-31 19:39:16.332,0.2,7.9,0.10,0.05
2025-12-31 19:39:17.334,0.2,7.8,0.09,0.05
2025-12-31 19:39:18.336,0.2,7.8,0.11,0.05
2025-12-31 19:39:19.337,0.1,7.8,0.10,0.05
2025-12-31 19:39:20.338,0.2,7.8,0.10,0.05
2025-12-31 19:39:21.340,0.1,7.8,0.09,0.05
2025-12-31 19:39:22.341,0.2,7.8,0.10,0.05
2025-12-31 19:39:23.343,0.2,7.8,0.09,0.05
2025-12-31 19:39:24.345,0.2,7.8,0.09,0.05
2025-12-31 19:39:25.346,0.1,7.8,0.10,0.05
2025-12-31 19:39:26.348,0.0,7.8,0.09,0.05
2025-12-31 19:39:27.349,0.3,7.8,0.10,0.05
2025-12-31 19:39:28.351,0.0,7.8,0.10,0.05
2025-12-31 19:39:29.352,0.0,7.8,0.09,0.05
2025-12-31 19:39:30.354,0.1,7.8,0.10,0.05
2025-12-31 19:39:31.356,0.1,7.8,0.09,0.05
2025-12-31 19:39:32.358,0.1,7.8,0.09,0.05
2025-12-31 19:39:33.360,0.1,7.8,0.10,0.05
2025-12-31 19:39:34.362,0.1,7.8,0.09,0.05
2025-12-31 19:39:35.364,0.1,7.8,0.09,0.05
2025-12-31 19:39:36.366,0.0,7.8,0.09,0.05
2025-12-31 19:39:37.367,0.1,7.8,0.09,0.05
2025-12-31 19:39:38.368,0.2,7.8,0.10,0.05
2025-12-31 19:39:39.370,0.2,7.8,0.09,0.05
2025-12-31 19:39:40.371,0.1,7.8,0.10,0.05
2025-12-31 19:39:41.373,0.1,7.8,0.10,0.05
2025-12-31 19:39:42.374,0.1,7.8,0.11,0.06
2025-12-31 19:39:43.375,0.1,7.8,0.11,0.05
2025-12-31 19:39:44.376,0.0,7.8,0.09,0.05
2025-12-31 19:39:45.377,0.2,7.8,0.10,0.05
2025-12-31 19:39:46.378,0.0,7.8,0.10,0.05
2025-12-31 19:39:47.380,0.2,7.8,0.09,0.05
2025-12-31 19:39:48.381,0.0,7.8,0.10,0.05
2025-12-31 19:39:49.382,0.1,7.8,0.10,0.05
2025-12-31 19:39:50.384,0.2,7.8,0.11,0.06
2025-12-31 19:39:51.385,0.1,7.8,0.09,0.05
2025-12-31 19:39:52.386,0.0,7.8,0.10,0.05
2025-12-31 19:39:53.388,0.1,7.8,0.09,0.04
2025-12-31 19:39:54.389,0.0,7.8,0.10,0.05
2025-12-31 19:39:55.391,0.1,7.8,0.09,0.05
2025-12-31 19:39:56.392,0.1,7.8,0.09,0.05
2025-12-31 19:39:57.394,0.1,7.8,0.10,0.05
2025-12-31 19:39:58.395,0.2,7.8,0.10,0.05
2025-12-31 19:39:59.396,0.2,7.8,0.10,0.05
2025-12-31 19:40:00.397,0.2,7.8,0.10,0.05
2025-12-31 19:40:01.398,0.1,7.8,0.09,0.05
2025-12-31 19:40:02.400,0.2,7.8,0.10,0.05
2025-12-31 19:40:03.401,0.1,7.8,0.09,0.05
2025-12-31 19:40:04.403,0.2,7.8,0.10,0.05
2025-12-31 19:40:05.404,0.2,7.8,0.09,0.05
2025-12-31 19:40:06.406,0.2,7.8,0.10,0.05
2025-12-31 19:40:07.408,0.1,7.8,0.09,0.05
2025-12-31 19:40:08.409,0.1,7.8,0.10,0.05
2025-12-31 19:40:09.411,0.2,7.8,0.10,0.05
2025-12-31 19:40:10.413,0.2,7.8,0.10,0.05
2025-12-31 19:40:11.414,0.2,7.8,0.10,0.05
2025-12-31 19:40:12.416,0.1,7.8,0.09,0.05
2025-12-31 19:40:13.417,0.2,7.8,0.09,0.05
2025-12-31 19:40:14.418,0.2,7.8,0.09,0.05
2025-12-31 19:40:15.419,0.0,7.8,0.09,0.05
2025-12-31 19:40:16.421,0.0,7.8,0.09,0.05
2025-12-31 19:40:17.422,0.2,7.8,0.09,0.05
2025-12-31 19:40:18.424,0.0,7.8,0.10,0.05
2025-12-31 19:40:19.425,0.0,7.8,0.09,0.05
2025-12-31 19:40:20.428,0.1,7.8,0.10,0.05
2025-12-31 19:40:21.429,0.1,7.8,0.09,0.05
2025-12-31 19:40:22.431,0.1,7.8,0.10,0.05
2025-12-31 19:40:23.432,0.0,7.8,0.09,0.05
2025-12-31 19:40:24.434,0.1,7.8,0.09,0.05
2025-12-31 19:40:25.435,0.1,7.8,0.10,0.05
2025-12-31 19:40:26.437,0.0,7.8,0.09,0.05
2025-12-31 19:40:27.439,0.0,7.8,0.10,0.05
2025-12-31 19:40:28.440,0.1,7.8,0.10,0.05
2025-12-31 19:40:29.441,0.1,7.8,0.10,0.05
2025-12-31 19:40:30.443,0.0,7.8,0.09,0.05
2025-12-31 19:40:31.444,0.0,7.8,0.09,0.05
2025-12-31 19:40:32.446,0.1,7.8,0.09,0.05
2025-12-31 19:40:33.448,0.1,7.8,0.10,0.05
2025-12-31 19:40:34.449,0.0,7.8,0.09,0.05
2025-12-31 19:40:35.450,0.2,7.8,0.09,0.05
2025-12-31 19:40:36.452,0.1,7.8,0.09,0.05
2025-12-31 19:40:37.453,0.0,7.8,0.10,0.05
2025-12-31 19:40:38.455,0.0,7.8,0.10,0.05
2025-12-31 19:40:39.456,0.2,7.8,0.09,0.05
2025-12-31 19:40:40.458,0.0,7.8,0.10,0.05
2025-12-31 19:40:41.460,0.2,7.8,0.10,0.05
2025-12-31 19:40:42.461,0.1,7.8,0.10,0.05
2025-12-31 19:40:43.462,0.1,7.8,0.09,0.05
2025-12-31 19:40:44.465,0.1,7.8,0.10,0.05
2025-12-31 19:40:45.467,0.0,7.8,0.09,0.05
2025-12-31 19:40:46.468,0.1,7.8,0.10,0.05
2025-12-31 19:40:47.470,0.1,7.9,0.09,0.05
2025-12-31 19:40:48.472,0.1,7.9,0.10,0.05
2025-12-31 19:40:49.474,0.0,7.9,0.10,0.05
2025-12-31 19:40:50.476,0.0,7.9,0.09,0.05
2025-12-31 19:40:51.478,0.1,7.9,0.10,0.05
2025-12-31 19:40:52.479,0.0,7.9,0.10,0.05
2025-12-31 19:40:53.480,0.2,7.9,0.09,0.05
2025-12-31 19:40:54.482,0.1,7.9,0.09,0.05
2025-12-31 19:40:55.484,0.1,7.9,0.10,0.05
2025-12-31 19:40:56.486,0.0,7.9,0.09,0.05
2025-12-31 19:40:57.487,0.1,7.9,0.09,0.05
2025-12-31 19:40:58.489,0.0,7.9,0.10,0.05
2025-12-31 19:40:59.491,0.0,7.9,0.10,0.05
2025-12-31 19:41:00.493,0.1,7.9,0.09,0.05
2025-12-31 19:41:01.494,0.0,7.9,0.09,0.05
2025-12-31 19:41:02.496,0.1,7.9,0.10,0.05
2025-12-31 19:41:03.496,0.0,7.9,0.09,0.05
2025-12-31 19:41:04.498,0.0,7.9,0.10,0.05
2025-12-31 19:41:05.499,0.1,7.9,0.09,0.05
2025-12-31 19:41:06.500,0.1,7.9,0.10,0.05
2025-12-31 19:41:07.502,0.0,7.9,0.09,0.05
2025-12-31 19:41:08.504,0.2,7.9,0.10,0.05
2025-12-31 19:41:09.505,0.1,7.9,0.10,0.05
2025-12-31 19:41:10.507,0.1,7.9,0.09,0.05
2025-12-31 19:41:11.509,0.2,7.9,0.09,0.05
2025-12-31 19:41:12.510,0.2,7.9,0.09,0.05
2025-12-31 19:41:13.512,0.2,7.9,0.10,0.05
2025-12-31 19:41:14.514,0.2,7.9,0.09,0.05
2025-12-31 19:41:15.515,0.1,7.9,0.09,0.05
2025-12-31 19:41:16.517,0.2,7.9,0.09,0.05
2025-12-31 19:41:17.518,0.2,7.8,0.10,0.05
2025-12-31 19:41:18.520,0.2,7.8,0.10,0.05
2025-12-31 19:41:19.522,0.2,7.8,0.09,0.05
2025-12-31 19:41:20.524,0.2,7.8,0.09,0.05
2025-12-31 19:41:21.526,0.2,7.8,0.09,0.05
2025-12-31 19:41:22.527,0.2,7.8,0.10,0.05
2025-12-31 19:41:23.529,0.2,7.8,0.10,0.05
2025-12-31 19:41:24.531,0.0,7.8,0.10,0.05
2025-12-31 19:41:25.533,0.3,7.8,0.10,0.05
2025-12-31 19:41:26.534,0.1,7.8,0.10,0.05
2025-12-31 19:41:27.536,0.1,7.8,0.09,0.05
2025-12-31 19:41:28.537,0.2,7.8,0.10,0.05
2025-12-31 19:41:29.539,0.1,7.8,0.09,0.05
2025-12-31 19:41:30.541,0.1,7.8,0.09,0.05
2025-12-31 19:41:31.542,0.2,7.8,0.09,0.05
2025-12-31 19:41:32.544,0.0,7.8,0.10,0.05
2025-12-31 19:41:33.545,0.2,7.8,0.09,0.05
2025-12-31 19:41:34.547,0.2,7.8,0.09,0.05
2025-12-31 19:41:35.549,0.0,7.8,0.09,0.05
2025-12-31 19:41:36.551,0.2,7.8,0.09,0.05
2025-12-31 19:41:37.553,0.2,7.8,0.10,0.05
2025-12-31 19:41:38.555,0.1,7.8,0.10,0.05
2025-12-31 19:41:39.557,0.1,7.8,0.10,0.05
2025-12-31 19:41:40.559,0.2,7.8,0.09,0.05
2025-12-31 19:41:41.561,0.1,7.8,0.09,0.05
2025-12-31 19:41:42.562,0.1,7.8,0.10,0.05
2025-12-31 19:41:43.564,0.1,7.8,0.09,0.05
2025-12-31 19:41:44.566,0.2,7.8,0.10,0.05
2025-12-31 19:41:45.568,0.1,7.8,0.09,0.05
2025-12-31 19:41:46.569,0.1,7.8,0.09,0.05
2025-12-31 19:41:47.571,0.2,7.8,0.09,0.05
2025-12-31 19:41:48.573,0.2,7.8,0.10,0.05
2025-12-31 19:41:49.574,0.0,7.8,0.09,0.05
2025-12-31 19:41:50.576,0.1,7.8,0.10,0.05
2025-12-31 19:41:51.577,0.1,7.8,0.09,0.05
2025-12-31 19:41:52.579,0.0,7.8,0.09,0.05
2025-12-31 19:41:53.580,0.2,7.8,0.10,0.05
2025-12-31 19:41:54.582,0.2,7.8,0.09,0.05
2025-12-31 19:41:55.583,0.1,7.8,0.09,0.05
2025-12-31 19:41:56.585,0.2,7.8,0.09,0.05
2025-12-31 19:41:57.586,0.2,7.8,0.09,0.05
2025-12-31 19:41:58.588,0.2,7.8,0.10,0.05
2025-12-31 19:41:59.590,0.1,7.8,0.09,0.05
2025-12-31 19:42:00.591,0.2,7.8,0.10,0.05
2025-12-31 19:42:01.592,0.3,7.8,0.10,0.05
2025-12-31 19:42:02.593,0.2,7.8,0.10,0.05
2025-12-31 19:42:03.595,0.1,7.8,0.10,0.05
2025-12-31 19:42:04.596,0.3,7.8,0.10,0.05
2025-12-31 19:42:05.598,0.1,7.8,0.09,0.05
2025-12-31 19:42:06.599,0.2,7.8,0.09,0.05
2025-12-31 19:42:07.600,0.2,7.8,0.09,0.05
2025-12-31 19:42:08.602,0.1,7.8,0.10,0.05
2025-12-31 19:42:09.604,0.2,7.8,0.09,0.05
2025-12-31 19:42:10.605,0.2,7.8,0.10,0.05
2025-12-31 19:42:11.606,0.2,7.8,0.09,0.05
2025-12-31 19:42:12.608,0.1,7.8,0.10,0.05
2025-12-31 19:42:13.609,0.2,7.8,0.10,0.05
2025-12-31 19:42:14.611,0.2,7.8,0.09,0.05
2025-12-31 19:42:15.612,0.1,7.8,0.09,0.05
2025-12-31 19:42:16.615,0.2,7.8,0.10,0.05
2025-12-31 19:42:17.617,0.2,7.8,0.09,0.05
2025-12-31 19:42:18.620,0.2,7.8,0.10,0.05
2025-12-31 19:42:19.622,0.2,7.8,0.09,0.05
2025-12-31 19:42:20.624,0.2,7.8,0.10,0.05
2025-12-31 19:42:21.626,0.0,7.8,0.09,0.05
2025-12-31 19:42:22.627,0.3,7.8,0.10,0.05
2025-12-31 19:42:23.629,0.1,7.8,0.10,0.05
2025-12-31 19:42:24.631,0.2,7.8,0.10,0.05
2025-12-31 19:42:25.633,0.2,7.8,0.10,0.05
2025-12-31 19:42:26.634,0.1,7.8,0.10,0.05
2025-12-31 19:42:27.635,0.2,7.8,0.10,0.05
2025-12-31 19:42:28.636,0.2,7.8,0.10,0.05
2025-12-31 19:42:29.637,0.1,7.8,0.10,0.05
2025-12-31 19:42:30.638,0.0,7.8,0.10,0.05
2025-12-31 19:42:31.640,0.2,7.8,0.09,0.05
2025-12-31 19:42:32.641,0.0,7.8,0.09,0.05
2025-12-31 19:42:33.642,0.1,7.8,0.09,0.05
2025-12-31 19:42:34.644,0.1,7.8,0.10,0.05
2025-12-31 19:42:35.645,0.1,7.8,0.10,0.05
2025-12-31 19:42:36.647,0.1,7.8,0.09,0.05
2025-12-31 19:42:37.648,0.0,7.8,0.10,0.05
2025-12-31 19:42:38.650,0.0,7.8,0.10,0.05
2025-12-31 19:42:39.651,0.1,7.8,0.09,0.05
2025-12-31 19:42:40.653,0.1,7.8,0.10,0.05
2025-12-31 19:42:41.654,0.2,7.8,0.09,0.05
2025-12-31 19:42:42.656,0.2,7.8,0.10,0.05
2025-12-31 19:42:43.657,0.1,7.8,0.09,0.05
2025-12-31 19:42:44.658,0.1,7.8,0.09,0.05
2025-12-31 19:42:45.660,0.1,7.8,0.10,0.05
2025-12-31 19:42:46.662,0.2,7.9,0.09,0.05
2025-12-31 19:42:47.664,0.2,7.9,0.10,0.05
2025-12-31 19:42:48.665,0.1,7.9,0.10,0.05
2025-12-31 19:42:49.666,0.1,7.9,0.09,0.05
2025-12-31 19:42:50.667,0.2,7.9,0.10,0.05
2025-12-31 19:42:51.668,0.1,7.9,0.10,0.05
2025-12-31 19:42:52.670,0.0,7.9,0.10,0.05
2025-12-31 19:42:53.671,0.1,7.9,0.09,0.05
2025-12-31 19:42:54.673,0.1,7.9,0.09,0.05
2025-12-31 19:42:55.674,0.2,7.9,0.10,0.05
2025-12-31 19:42:56.675,0.1,7.9,0.09,0.05
2025-12-31 19:42:57.677,0.1,7.9,0.09,0.05
2025-12-31 19:42:58.679,0.2,7.9,0.10,0.05
2025-12-31 19:42:59.680,0.2,7.9,0.09,0.05
2025-12-31 19:43:00.684,0.2,7.9,0.10,0.05
2025-12-31 19:43:01.685,0.2,7.9,0.10,0.05
2025-12-31 19:43:02.686,0.1,7.9,0.09,0.05
2025-12-31 19:43:03.688,0.2,7.9,0.10,0.05
2025-12-31 19:43:04.689,0.0,7.9,0.10,0.05
2025-12-31 19:43:05.691,0.1,7.9,0.09,0.05
2025-12-31 19:43:06.692,0.1,7.9,0.10,0.05
2025-12-31 19:43:07.693,0.0,7.9,0.10,0.05
2025-12-31 19:43:08.694,0.1,7.9,0.10,0.05
2025-12-31 19:43:09.695,0.0,7.9,0.10,0.05
2025-12-31 19:43:10.697,0.1,7.9,0.09,0.05
2025-12-31 19:43:11.700,0.2,7.9,0.09,0.05
2025-12-31 19:43:12.702,0.0,7.9,0.10,0.05
2025-12-31 19:43:13.703,0.1,7.9,0.09,0.05
2025-12-31 19:43:14.705,0.1,7.9,0.09,0.05
2025-12-31 19:43:15.706,0.0,7.9,0.09,0.05
2025-12-31 19:43:16.708,0.2,7.9,0.09,0.05
2025-12-31 19:43:17.709,0.1,7.9,0.10,0.05
2025-12-31 19:43:18.710,0.0,7.9,0.10,0.05
2025-12-31 19:43:19.712,0.0,7.9,0.09,0.05
2025-12-31 19:43:20.713,0.0,7.9,0.10,0.05
2025-12-31 19:43:21.714,0.1,7.9,0.09,0.05
2025-12-31 19:43:22.715,0.0,7.9,0.09,0.05
2025-12-31 19:43:23.717,0.1,7.9,0.09,0.05
2025-12-31 19:43:24.719,0.1,7.9,0.10,0.05
2025-12-31 19:43:25.720,0.2,7.9,0.10,0.05
2025-12-31 19:43:26.721,0.1,7.9,0.10,0.05
2025-12-31 19:43:27.723,0.1,7.9,0.09,0.05
2025-12-31 19:43:28.724,0.0,7.9,0.10,0.05
2025-12-31 19:43:29.726,0.0,7.9,0.10,0.05
2025-12-31 19:43:30.728,0.2,7.9,0.09,0.05
2025-12-31 19:43:31.729,0.0,7.9,0.09,0.05
2025-12-31 19:43:32.732,0.1,7.9,0.10,0.05
2025-12-31 19:43:33.733,0.1,7.9,0.09,0.05
2025-12-31 19:43:34.735,0.0,7.9,0.10,0.05
2025-12-31 19:43:35.736,0.1,7.9,0.09,0.05
2025-12-31 19:43:36.738,0.0,7.9,0.09,0.05
2025-12-31 19:43:37.739,0.0,7.9,0.09,0.05
2025-12-31 19:43:38.741,0.1,7.9,0.10,0.05
2025-12-31 19:43:39.742,0.0,7.9,0.10,0.05
2025-12-31 19:43:40.743,0.1,7.9,0.10,0.05
2025-12-31 19:43:41.745,0.0,7.9,0.09,0.05
2025-12-31 19:43:42.747,0.0,7.9,0.09,0.05
2025-12-31 19:43:43.749,0.1,7.9,0.10,0.05
2025-12-31 19:43:44.750,0.1,7.9,0.09,0.05
2025-12-31 19:43:45.751,0.1,7.9,0.10,0.05
2025-12-31 19:43:46.752,0.1,7.9,0.09,0.05
2025-12-31 19:43:47.754,0.0,7.8,0.10,0.05
2025-12-31 19:43:48.756,0.1,7.8,0.10,0.05
2025-12-31 19:43:49.758,0.1,7.8,0.09,0.05
2025-12-31 19:43:50.760,0.0,7.8,0.10,0.05
2025-12-31 19:43:51.761,0.0,7.8,0.10,0.05
2025-12-31 19:43:52.762,0.1,7.8,0.10,0.05
2025-12-31 19:43:53.764,0.0,7.8,0.09,0.05
2025-12-31 19:43:54.766,0.1,7.8,0.10,0.05
2025-12-31 19:43:55.768,0.1,7.8,0.09,0.05
2025-12-31 19:43:56.769,0.1,7.8,0.10,0.05
2025-12-31 19:43:57.770,0.0,7.8,0.10,0.05
2025-12-31 19:43:58.772,0.1,7.8,0.10,0.05
2025-12-31 19:43:59.773,0.1,7.8,0.09,0.05
2025-12-31 19:44:00.774,0.2,7.8,0.09,0.05
2025-12-31 19:44:01.776,0.2,7.8,0.09,0.05
2025-12-31 19:44:02.778,0.2,7.8,0.10,0.05
2025-12-31 19:44:03.779,0.2,7.8,0.09,0.05
2025-12-31 19:44:04.781,0.2,7.8,0.09,0.05
2025-12-31 19:44:05.782,0.1,7.8,0.10,0.06
2025-12-31 19:44:06.784,0.1,7.8,0.09,0.06
2025-12-31 19:44:07.786,0.2,7.8,0.10,0.06
2025-12-31 19:44:08.787,0.2,7.8,0.10,0.05
2025-12-31 19:44:09.789,0.2,7.8,0.09,0.05
2025-12-31 19:44:10.789,0.1,7.8,0.09,0.05
2025-12-31 19:44:11.791,0.1,7.8,0.10,0.05
2025-12-31 19:44:12.793,0.0,7.8,0.09,0.05
2025-12-31 19:44:13.794,0.3,7.8,0.10,0.05
2025-12-31 19:44:14.795,0.2,7.8,0.09,0.05
2025-12-31 19:44:15.796,0.1,7.8,0.10,0.06
2025-12-31 19:44:16.798,0.2,7.8,0.10,0.05
2025-12-31 19:44:17.799,0.4,7.8,0.10,0.05
2025-12-31 19:44:18.801,0.3,7.8,0.10,0.05
2025-12-31 19:44:19.802,0.3,7.8,0.10,0.05
2025-12-31 19:44:20.803,0.2,7.8,0.10,0.05
2025-12-31 19:44:21.804,0.2,7.8,0.09,0.05
2025-12-31 19:44:22.806,0.3,7.8,0.10,0.05
2025-12-31 19:44:23.808,0.2,7.8,0.10,0.05
2025-12-31 19:44:24.810,0.2,7.8,0.10,0.05
2025-12-31 19:44:25.811,0.1,7.8,0.09,0.05
2025-12-31 19:44:26.812,0.2,7.8,0.09,0.05
2025-12-31 19:44:27.814,0.2,7.8,0.10,0.05
2025-12-31 19:44:28.816,0.1,7.8,0.10,0.05
2025-12-31 19:44:29.817,0.0,7.8,0.10,0.05
2025-12-31 19:44:30.819,0.1,7.8,0.09,0.05
2025-12-31 19:44:31.821,0.2,7.8,0.09,0.05
2025-12-31 19:44:32.823,0.2,7.8,0.09,0.05
2025-12-31 19:44:33.824,0.2,7.8,0.10,0.05
2025-12-31 19:44:34.826,0.1,7.8,0.10,0.05
2025-12-31 19:44:35.827,0.2,7.8,0.09,0.05
2025-12-31 19:44:36.829,0.0,7.8,0.10,0.05
2025-12-31 19:44:37.830,0.1,7.8,0.09,0.05
2025-12-31 19:44:38.832,0.1,7.8,0.10,0.05
2025-12-31 19:44:39.833,0.2,7.8,0.10,0.05
2025-12-31 19:44:40.835,0.1,7.8,0.09,0.05
2025-12-31 19:44:41.836,0.1,7.8,0.10,0.05
2025-12-31 19:44:42.838,0.2,7.8,0.09,0.05
2025-12-31 19:44:43.839,0.2,7.8,0.09,0.05
2025-12-31 19:44:44.841,0.1,7.8,0.09,0.05
2025-12-31 19:44:45.842,0.0,7.8,0.10,0.05
2025-12-31 19:44:46.844,0.2,7.8,0.09,0.05
2025-12-31 19:44:47.845,0.1,7.8,0.10,0.05
2025-12-31 19:44:48.846,0.2,7.8,0.10,0.05
2025-12-31 19:44:49.848,0.2,7.8,0.09,0.05
2025-12-31 19:44:50.849,0.1,7.8,0.09,0.05
2025-12-31 19:44:51.851,0.2,7.8,0.09,0.05
2025-12-31 19:44:52.852,0.1,7.8,0.10,0.05
2025-12-31 19:44:53.860,0.1,7.8,0.09,0.05
2025-12-31 19:44:54.861,0.1,7.8,0.10,0.05
2025-12-31 19:44:55.862,0.2,7.8,0.09,0.05
2025-12-31 19:44:56.864,0.2,7.8,0.10,0.05
2025-12-31 19:44:57.865,0.2,7.8,0.09,0.05
2025-12-31 19:44:58.867,0.2,7.8,0.11,0.06
2025-12-31 19:44:59.868,0.2,7.8,0.11,0.05
2025-12-31 19:45:00.869,0.1,7.8,0.10,0.05
2025-12-31 19:45:01.870,0.1,7.8,0.10,0.05
2025-12-31 19:45:02.871,0.1,7.8,0.09,0.05
2025-12-31 19:45:03.872,0.1,7.8,0.10,0.05
2025-12-31 19:45:04.873,0.0,7.8,0.10,0.08
2025-12-31 19:45:05.874,0.2,7.8,0.10,0.07
2025-12-31 19:45:06.875,0.1,7.8,0.09,0.05
2025-12-31 19:45:07.876,0.2,7.8,0.10,0.06
2025-12-31 19:45:08.878,0.2,7.8,0.10,0.05
2025-12-31 19:45:09.879,0.1,7.8,0.10,0.06
2025-12-31 19:45:10.881,0.0,7.8,0.09,0.05
2025-12-31 19:45:11.883,0.1,7.8,0.09,0.05
2025-12-31 19:45:12.884,0.2,7.8,0.10,0.05
2025-12-31 19:45:13.886,0.0,7.8,0.10,0.05
2025-12-31 19:45:14.888,0.2,7.8,0.10,0.05
2025-12-31 19:45:15.889,0.0,7.8,0.09,0.05
2025-12-31 19:45:16.890,0.1,7.8,0.10,0.05
2025-12-31 19:45:17.890,0.1,7.8,0.09,0.05
2025-12-31 19:45:18.892,0.1,7.8,0.10,0.05
2025-12-31 19:45:19.893,0.0,7.8,0.09,0.05
2025-12-31 19:45:20.894,0.1,7.8,0.09,0.05
2025-12-31 19:45:21.901,0.1,7.8,0.09,0.05
2025-12-31 19:45:22.902,0.1,7.8,0.10,0.05
2025-12-31 19:45:23.904,0.2,7.8,0.09,0.05
2025-12-31 19:45:24.905,0.1,7.8,0.10,0.05
2025-12-31 19:45:25.907,0.1,7.8,0.10,0.05
2025-12-31 19:45:26.908,0.0,7.8,0.09,0.05
2025-12-31 19:45:27.910,0.0,7.8,0.10,0.05
2025-12-31 19:45:28.911,0.2,7.8,0.10,0.05
2025-12-31 19:45:29.913,0.0,7.8,0.10,0.05
2025-12-31 19:45:30.914,0.0,7.8,0.09,0.05
2025-12-31 19:45:31.915,0.1,7.8,0.10,0.05
2025-12-31 19:45:32.917,0.0,7.8,0.10,0.05
2025-12-31 19:45:33.918,0.1,7.8,0.10,0.05
2025-12-31 19:45:34.920,0.1,7.8,0.09,0.05
2025-12-31 19:45:35.922,0.0,7.8,0.10,0.05
2025-12-31 19:45:36.924,0.0,7.8,0.10,0.05
2025-12-31 19:45:37.925,0.1,7.8,0.09,0.05
2025-12-31 19:45:38.926,0.1,7.8,0.10,0.05
2025-12-31 19:45:39.928,0.0,7.8,0.09,0.05
2025-12-31 19:45:40.929,0.1,7.8,0.10,0.05
2025-12-31 19:45:41.931,0.1,7.8,0.09,0.05
2025-12-31 19:45:42.932,0.0,7.8,0.10,0.05
2025-12-31 19:45:43.934,0.1,7.8,0.09,0.05
2025-12-31 19:45:44.935,0.0,7.8,0.09,0.05
2025-12-31 19:45:45.937,0.1,7.8,0.10,0.05
2025-12-31 19:45:46.939,0.1,7.8,0.09,0.05
2025-12-31 19:45:47.941,0.1,7.8,0.09,0.05
2025-12-31 19:45:48.942,0.2,7.8,0.10,0.05
2025-12-31 19:45:49.944,0.1,7.8,0.09,0.05
2025-12-31 19:45:50.945,0.0,7.8,0.10,0.05
2025-12-31 19:45:51.946,0.1,7.8,0.10,0.05
2025-12-31 19:45:52.948,0.0,7.8,0.10,0.05
2025-12-31 19:45:53.950,0.1,7.8,0.09,0.05
2025-12-31 19:45:54.952,0.0,7.8,0.10,0.05
2025-12-31 19:45:55.954,0.0,7.8,0.09,0.05
2025-12-31 19:45:56.955,0.1,7.8,0.09,0.05
2025-12-31 19:45:57.956,0.1,7.8,0.09,0.05
2025-12-31 19:45:58.958,0.0,7.8,0.10,0.05
2025-12-31 19:45:59.960,0.2,7.8,0.10,0.05
2025-12-31 19:46:00.962,0.0,7.8,0.10,0.05
2025-12-31 19:46:01.963,0.1,7.8,0.09,0.05
2025-12-31 19:46:02.965,0.1,7.8,0.10,0.06
2025-12-31 19:46:03.966,0.0,7.8,0.09,0.05
2025-12-31 19:46:04.968,0.0,7.8,0.10,0.05
2025-12-31 19:46:05.970,0.0,7.8,0.09,0.05
2025-12-31 19:46:06.971,0.1,7.8,0.10,0.05
2025-12-31 19:46:07.973,0.0,7.8,0.10,0.05
2025-12-31 19:46:08.974,0.1,7.8,0.10,0.05
2025-12-31 19:46:09.976,0.0,7.8,0.09,0.05
2025-12-31 19:46:10.977,0.0,7.8,0.10,0.05
2025-12-31 19:46:11.979,0.1,7.8,0.09,0.05
2025-12-31 19:46:12.981,0.0,7.8,0.10,0.05
2025-12-31 19:46:13.982,0.1,7.8,0.10,0.05
2025-12-31 19:46:14.983,0.0,7.8,0.10,0.05
2025-12-31 19:46:15.985,0.1,7.8,0.10,0.05
2025-12-31 19:46:16.986,0.1,7.8,0.10,0.06
2025-12-31 19:46:17.987,0.0,7.8,0.10,0.06
2025-12-31 19:46:18.988,0.1,7.8,0.10,0.05
2025-12-31 19:46:19.989,0.1,7.8,0.09,0.05
2025-12-31 19:46:20.991,0.0,7.8,0.09,0.05
2025-12-31 19:46:21.992,0.2,7.8,0.10,0.05
2025-12-31 19:46:22.994,0.1,7.8,0.09,0.05
2025-12-31 19:46:23.995,0.0,7.8,0.09,0.05
2025-12-31 19:46:24.996,0.2,7.8,0.10,0.05
2025-12-31 19:46:25.998,0.1,7.8,0.10,0.05
2025-12-31 19:46:27.000,0.2,7.8,0.09,0.05
2025-12-31 19:46:28.002,0.1,7.8,0.10,0.05
2025-12-31 19:46:29.003,0.0,7.8,0.10,0.05
2025-12-31 19:46:30.004,0.1,7.8,0.10,0.05
2025-12-31 19:46:31.006,0.1,7.8,0.09,0.05
2025-12-31 19:46:32.007,0.1,7.8,0.10,0.05
2025-12-31 19:46:33.009,0.0,7.8,0.10,0.05
2025-12-31 19:46:34.010,0.0,7.8,0.09,0.05
2025-12-31 19:46:35.011,0.2,7.8,0.10,0.05
2025-12-31 19:46:36.013,0.1,7.8,0.10,0.05
2025-12-31 19:46:37.014,0.0,7.8,0.09,0.05
2025-12-31 19:46:38.016,0.0,7.8,0.10,0.05
2025-12-31 19:46:39.018,0.1,7.8,0.10,0.05
2025-12-31 19:46:40.019,0.1,7.8,0.10,0.05
2025-12-31 19:46:41.021,0.1,7.8,0.09,0.05
2025-12-31 19:46:42.022,0.0,7.8,0.09,0.05
2025-12-31 19:46:43.023,0.1,7.8,0.09,0.05
2025-12-31 19:46:44.025,0.0,7.8,0.10,0.05
2025-12-31 19:46:45.026,0.1,7.8,0.09,0.05
2025-12-31 19:46:46.028,0.1,7.8,0.10,0.05
2025-12-31 19:46:47.029,0.1,7.9,0.10,0.05
2025-12-31 19:46:48.030,0.0,7.9,0.10,0.05
2025-12-31 19:46:49.031,0.2,7.9,0.10,0.05
2025-12-31 19:46:50.033,0.1,7.9,0.10,0.05
2025-12-31 19:46:51.034,0.1,7.9,0.10,0.05
2025-12-31 19:46:52.036,0.1,7.9,0.09,0.05
2025-12-31 19:46:53.038,0.2,7.9,0.09,0.05
2025-12-31 19:46:54.039,0.2,7.9,0.10,0.05
2025-12-31 19:46:55.041,0.2,7.9,0.10,0.05
2025-12-31 19:46:56.043,0.2,7.9,0.09,0.05
2025-12-31 19:46:57.044,0.1,7.9,0.09,0.05
2025-12-31 19:46:58.046,0.4,7.9,0.10,0.05
2025-12-31 19:46:59.047,0.2,7.9,0.10,0.05
2025-12-31 19:47:00.048,0.3,7.9,0.10,0.05
2025-12-31 19:47:01.050,0.3,7.9,0.10,0.05
2025-12-31 19:47:02.051,0.4,7.9,0.09,0.05
2025-12-31 19:47:03.052,0.2,7.9,0.10,0.05
2025-12-31 19:47:04.054,0.3,7.9,0.10,0.05
2025-12-31 19:47:05.055,0.2,7.9,0.09,0.05
2025-12-31 19:47:06.057,0.2,7.9,0.09,0.05
2025-12-31 19:47:07.058,0.2,7.9,0.10,0.05
2025-12-31 19:47:08.060,0.4,7.9,0.10,0.05
2025-12-31 19:47:09.062,0.3,7.9,0.10,0.05
2025-12-31 19:47:10.063,0.3,7.9,0.09,0.05
2025-12-31 19:47:11.065,0.2,7.9,0.10,0.05
2025-12-31 19:47:12.068,0.3,7.9,0.09,0.05
2025-12-31 19:47:13.069,0.2,7.9,0.09,0.05
2025-12-31 19:47:14.071,0.2,7.9,0.10,0.05
2025-12-31 19:47:15.072,0.1,7.9,0.09,0.05
2025-12-31 19:47:16.074,0.1,7.9,0.10,0.05
2025-12-31 19:47:17.076,0.4,7.8,0.09,0.05
2025-12-31 19:47:18.077,0.1,7.8,0.10,0.05
2025-12-31 19:47:19.080,0.2,7.8,0.10,0.05
2025-12-31 19:47:20.081,0.1,7.8,0.10,0.05
2025-12-31 19:47:21.083,0.0,7.8,0.10,0.05
2025-12-31 19:47:22.084,0.2,7.8,0.10,0.05
2025-12-31 19:47:23.085,0.2,7.8,0.10,0.05
2025-12-31 19:47:24.086,0.0,7.8,0.09,0.05
2025-12-31 19:47:25.088,0.2,7.8,0.10,0.05
2025-12-31 19:47:26.089,0.2,7.8,0.09,0.05
2025-12-31 19:47:27.090,0.0,7.8,0.10,0.05
2025-12-31 19:47:28.092,0.2,7.8,0.09,0.05
2025-12-31 19:47:29.093,0.1,7.8,0.10,0.05
2025-12-31 19:47:30.095,0.1,7.8,0.09,0.05
2025-12-31 19:47:31.097,0.1,7.8,0.10,0.05
2025-12-31 19:47:32.098,0.0,7.8,0.10,0.05
2025-12-31 19:47:33.100,0.2,7.8,0.10,0.05
2025-12-31 19:47:34.102,0.1,7.8,0.10,0.05
2025-12-31 19:47:35.103,0.1,7.8,0.10,0.05
2025-12-31 19:47:36.105,0.0,7.8,0.09,0.05
2025-12-31 19:47:37.106,0.2,7.8,0.10,0.05
2025-12-31 19:47:38.107,0.2,7.8,0.09,0.05
2025-12-31 19:47:39.109,0.0,7.8,0.10,0.05
2025-12-31 19:47:40.110,0.1,7.8,0.10,0.05
2025-12-31 19:47:41.112,0.2,7.8,0.09,0.05
2025-12-31 19:47:42.113,0.2,7.8,0.10,0.05
2025-12-31 19:47:43.114,0.2,7.8,0.09,0.05
2025-12-31 19:47:44.116,0.1,7.8,0.10,0.05
2025-12-31 19:47:45.117,0.0,7.8,0.10,0.05
2025-12-31 19:47:46.118,0.1,7.8,0.09,0.05
2025-12-31 19:47:47.120,0.2,7.8,0.10,0.05
2025-12-31 19:47:48.121,0.1,7.8,0.09,0.05
2025-12-31 19:47:49.123,0.2,7.8,0.10,0.05
2025-12-31 19:47:50.124,0.2,7.8,0.09,0.05
2025-12-31 19:47:51.125,0.2,7.8,0.09,0.05
2025-12-31 19:47:52.127,0.0,7.8,0.09,0.05
2025-12-31 19:47:53.128,0.1,7.8,0.10,0.05
2025-12-31 19:47:54.130,0.1,7.8,0.09,0.05
2025-12-31 19:47:55.132,0.2,7.8,0.10,0.05
2025-12-31 19:47:56.133,0.0,7.8,0.09,0.05
2025-12-31 19:47:57.135,0.2,7.8,0.09,0.05
2025-12-31 19:47:58.137,0.0,7.8,0.09,0.05
2025-12-31 19:47:59.139,0.0,7.8,0.10,0.05
2025-12-31 19:48:00.140,0.0,7.8,0.09,0.05
2025-12-31 19:48:01.141,0.0,7.8,0.09,0.05
2025-12-31 19:48:02.143,0.1,7.8,0.09,0.05
2025-12-31 19:48:03.144,0.1,7.8,0.09,0.05
2025-12-31 19:48:04.146,0.0,7.8,0.10,0.05
2025-12-31 19:48:05.148,0.1,7.8,0.10,0.05
2025-12-31 19:48:06.149,0.1,7.8,0.10,0.05
2025-12-31 19:48:07.150,0.0,7.8,0.09,0.05
2025-12-31 19:48:08.152,0.1,7.8,0.09,0.05
2025-12-31 19:48:09.153,0.1,7.8,0.10,0.05
2025-12-31 19:48:10.155,0.1,7.8,0.09,0.05
2025-12-31 19:48:11.156,0.1,7.8,0.09,0.05
2025-12-31 19:48:12.157,0.1,7.8,0.09,0.05
2025-12-31 19:48:13.158,0.1,7.8,0.10,0.05
2025-12-31 19:48:14.160,0.0,7.8,0.09,0.05
2025-12-31 19:48:15.162,0.1,7.8,0.10,0.05
2025-12-31 19:48:16.164,0.1,7.8,0.09,0.05
2025-12-31 19:48:17.165,0.2,7.8,0.09,0.05
2025-12-31 19:48:18.168,0.0,7.8,0.09,0.05
2025-12-31 19:48:19.169,0.0,7.8,0.10,0.05
2025-12-31 19:48:20.170,0.0,7.8,0.09,0.05
2025-12-31 19:48:21.172,0.0,7.8,0.09,0.05
2025-12-31 19:48:22.173,0.1,7.8,0.09,0.05
2025-12-31 19:48:23.174,0.1,7.8,0.09,0.05
2025-12-31 19:48:24.176,0.0,7.8,0.09,0.05
2025-12-31 19:48:25.177,0.1,7.8,0.10,0.05
2025-12-31 19:48:26.179,0.1,7.8,0.10,0.05
2025-12-31 19:48:27.180,0.1,7.8,0.10,0.05
2025-12-31 19:48:28.182,0.1,7.8,0.10,0.05
2025-12-31 19:48:29.183,0.0,7.8,0.10,0.05
2025-12-31 19:48:30.184,0.0,7.8,0.09,0.05
2025-12-31 19:48:31.186,0.0,7.8,0.09,0.05
2025-12-31 19:48:32.187,0.1,7.8,0.09,0.05
2025-12-31 19:48:33.189,0.1,7.8,0.09,0.05
2025-12-31 19:48:34.190,0.1,7.8,0.09,0.05
2025-12-31 19:48:35.192,0.0,7.8,0.09,0.05
2025-12-31 19:48:36.194,0.1,7.8,0.10,0.05
2025-12-31 19:48:37.195,0.1,7.8,0.10,0.05
2025-12-31 19:48:38.197,0.1,7.8,0.09,0.05
2025-12-31 19:48:39.198,0.0,7.8,0.10,0.05
2025-12-31 19:48:40.199,0.0,7.8,0.09,0.05
2025-12-31 19:48:41.201,0.1,7.8,0.09,0.05
2025-12-31 19:48:42.202,2.8,7.8,0.09,0.05
2025-12-31 19:48:43.204,7.8,7.8,0.10,0.05
2025-12-31 19:48:44.205,14.5,8.5,0.13,0.24
2025-12-31 19:48:45.206,6.3,8.6,0.18,1.70
2025-12-31 19:48:46.208,4.3,8.3,0.19,2.42
2025-12-31 19:48:47.209,3.3,8.1,0.24,4.76
2025-12-31 19:48:48.210,8.1,8.8,0.10,0.05
2025-12-31 19:48:49.212,8.2,8.3,0.10,0.05
2025-12-31 19:48:50.214,7.7,8.9,0.10,0.05
2025-12-31 19:48:51.214,7.7,8.3,0.10,0.05
2025-12-31 19:48:52.216,9.1,8.7,0.09,0.05
2025-12-31 19:48:53.218,8.6,8.7,0.09,0.05
2025-12-31 19:48:54.220,8.4,8.7,0.10,0.05
2025-12-31 19:48:55.221,6.8,7.8,0.10,0.10
2025-12-31 19:48:56.223,0.1,7.8,0.09,0.05
2025-12-31 19:48:57.225,0.1,7.8,0.09,0.05
2025-12-31 19:48:58.226,0.0,7.8,0.09,0.05
2025-12-31 19:48:59.228,0.1,7.8,0.10,0.05
2025-12-31 19:49:00.229,0.0,7.8,0.10,0.05
2025-12-31 19:49:01.230,0.2,7.8,0.09,0.05
2025-12-31 19:49:02.232,0.0,7.8,0.09,0.05
2025-12-31 19:49:03.234,0.0,7.8,0.09,0.05
2025-12-31 19:49:04.235,0.1,7.8,0.10,0.05
2025-12-31 19:49:05.237,0.1,7.8,0.09,0.05
2025-12-31 19:49:06.238,0.0,7.8,0.09,0.05
2025-12-31 19:49:07.240,0.0,7.8,0.10,0.05
2025-12-31 19:49:08.242,0.0,7.8,0.10,0.05
2025-12-31 19:49:09.243,0.1,7.8,0.10,0.05
2025-12-31 19:49:10.245,0.1,7.8,0.09,0.05
2025-12-31 19:49:11.247,0.0,7.8,0.09,0.05
2025-12-31 19:49:12.248,0.0,7.8,0.09,0.05
2025-12-31 19:49:13.249,0.2,7.8,0.09,0.05
2025-12-31 19:49:14.250,0.1,7.8,0.10,0.05
2025-12-31 19:49:15.251,0.1,7.8,0.10,0.05
2025-12-31 19:49:16.253,0.2,7.8,0.09,0.05
2025-12-31 19:49:17.255,0.6,7.8,0.09,0.05
2025-12-31 19:49:18.257,0.1,7.8,0.09,0.05
2025-12-31 19:49:19.260,0.7,7.8,0.10,0.05
2025-12-31 19:49:20.262,0.1,7.8,0.10,0.05
2025-12-31 19:49:21.264,0.2,7.8,0.10,0.05
2025-12-31 19:49:22.266,0.1,7.8,0.09,0.05
2025-12-31 19:49:23.267,0.2,7.8,0.10,0.05
2025-12-31 19:49:24.269,0.3,7.8,0.10,0.05
2025-12-31 19:49:25.270,0.1,7.8,0.10,0.05
2025-12-31 19:49:26.272,0.0,7.8,0.09,0.05
2025-12-31 19:49:27.273,0.2,7.8,0.09,0.05
2025-12-31 19:49:28.274,0.0,7.8,0.10,0.05
2025-12-31 19:49:29.276,0.1,7.8,0.10,0.05
2025-12-31 19:49:30.278,0.1,7.8,0.09,0.05
2025-12-31 19:49:31.280,0.2,7.8,0.10,0.05
2025-12-31 19:49:32.282,0.0,7.8,0.10,0.05
2025-12-31 19:49:33.283,0.1,7.8,0.10,0.05
2025-12-31 19:49:34.285,0.0,7.8,0.09,0.05
2025-12-31 19:49:35.286,0.1,7.8,0.10,0.05
2025-12-31 19:49:36.287,0.2,7.8,0.09,0.05
2025-12-31 19:49:37.288,0.0,7.8,0.10,0.05
2025-12-31 19:49:38.289,0.1,7.8,0.10,0.05
2025-12-31 19:49:39.291,0.2,7.8,0.10,0.05
2025-12-31 19:49:40.292,0.1,7.8,0.10,0.05
2025-12-31 19:49:41.294,0.1,7.8,0.10,0.05
2025-12-31 19:49:42.295,0.2,7.8,0.10,0.05
2025-12-31 19:49:43.297,0.1,7.8,0.10,0.05
2025-12-31 19:49:44.299,0.2,7.8,0.09,0.05
2025-12-31 19:49:45.300,0.1,7.8,0.10,0.05
2025-12-31 19:49:46.301,3.1,7.8,0.09,0.05
2025-12-31 19:49:47.303,2.7,7.8,0.09,0.05
2025-12-31 19:49:48.304,0.3,7.8,0.10,0.05
2025-12-31 19:49:49.306,0.2,7.8,0.10,0.05
2025-12-31 19:49:50.307,0.3,7.8,0.09,0.05
2025-12-31 19:49:51.309,0.2,7.8,0.09,0.05
2025-12-31 19:49:52.310,0.2,7.8,0.10,0.05
2025-12-31 19:49:53.312,0.2,7.8,0.09,0.05
2025-12-31 19:49:54.313,0.2,7.8,0.09,0.05
2025-12-31 19:49:55.315,0.3,7.8,0.09,0.05
2025-12-31 19:49:56.316,0.4,7.8,0.10,0.05
2025-12-31 19:49:57.317,0.4,7.8,0.09,0.05
2025-12-31 19:49:58.321,0.4,7.8,0.10,0.05
2025-12-31 19:49:59.323,0.5,7.8,0.10,0.05
2025-12-31 19:50:00.324,0.5,7.8,0.09,0.05
2025-12-31 19:50:01.326,0.3,7.8,0.09,0.05
2025-12-31 19:50:02.328,0.3,7.8,0.10,0.05
2025-12-31 19:50:03.329,0.4,7.8,0.10,0.05
2025-12-31 19:50:04.330,0.4,7.8,0.10,0.05
2025-12-31 19:50:05.332,0.3,7.8,0.09,0.05
2025-12-31 19:50:06.333,0.2,7.8,0.10,0.05
2025-12-31 19:50:07.334,0.3,7.8,0.09,0.05
2025-12-31 19:50:08.335,0.3,7.8,0.10,0.05
2025-12-31 19:50:09.336,0.2,7.8,0.10,0.05
2025-12-31 19:50:10.338,0.3,7.8,0.10,0.05
2025-12-31 19:50:11.339,0.2,7.8,0.10,0.05
2025-12-31 19:50:12.340,0.2,7.8,0.10,0.05
2025-12-31 19:50:13.342,0.2,7.8,0.10,0.05
2025-12-31 19:50:14.343,0.1,7.8,0.10,0.05
2025-12-31 19:50:15.345,0.2,7.8,0.10,0.05
2025-12-31 19:50:16.346,0.0,7.8,0.10,0.05
2025-12-31 19:50:17.348,0.7,7.8,0.10,0.05
2025-12-31 19:50:18.349,0.2,7.8,0.09,0.05
2025-12-31 19:50:19.350,0.2,7.8,0.10,0.05
2025-12-31 19:50:20.351,0.2,7.8,0.10,0.05
2025-12-31 19:50:21.353,0.0,7.8,0.10,0.05
2025-12-31 19:50:22.355,0.2,7.8,0.09,0.05
2025-12-31 19:50:23.357,0.2,7.8,0.09,0.05
2025-12-31 19:50:24.359,0.2,7.8,0.10,0.06
2025-12-31 19:50:25.360,0.1,7.8,0.13,0.05
2025-12-31 19:50:26.361,0.2,7.8,0.10,0.05
2025-12-31 19:50:27.362,0.2,7.8,0.09,0.05
2025-12-31 19:50:28.363,0.2,7.8,0.09,0.05
2025-12-31 19:50:29.364,0.2,7.8,0.10,0.05
2025-12-31 19:50:30.365,0.2,7.8,0.09,0.05
2025-12-31 19:50:31.366,0.0,7.8,0.10,0.05
2025-12-31 19:50:32.368,0.2,7.8,0.09,0.04
2025-12-31 19:50:33.369,0.2,7.8,0.10,0.05
2025-12-31 19:50:34.371,0.0,7.8,0.10,0.05
2025-12-31 19:50:35.372,0.2,7.8,0.10,0.05
2025-12-31 19:50:36.374,0.1,7.8,0.10,0.05
2025-12-31 19:50:37.375,0.1,7.8,0.10,0.05
2025-12-31 19:50:38.376,0.0,7.8,0.09,0.05
2025-12-31 19:50:39.378,0.1,7.8,0.11,0.06
2025-12-31 19:50:40.379,0.1,7.8,0.10,0.05
2025-12-31 19:50:41.380,0.1,7.8,0.09,0.05
2025-12-31 19:50:42.381,0.2,7.8,0.10,0.05
2025-12-31 19:50:43.382,0.1,7.8,0.09,0.05
2025-12-31 19:50:44.383,0.1,7.8,0.09,0.05
2025-12-31 19:50:45.384,0.1,7.8,0.09,0.05
2025-12-31 19:50:46.386,0.1,7.8,0.09,0.05
2025-12-31 19:50:47.387,0.3,7.9,0.10,0.05
2025-12-31 19:50:48.389,0.1,7.8,0.09,0.05
2025-12-31 19:50:49.390,0.0,7.8,0.10,0.05
2025-12-31 19:50:50.392,0.1,7.8,0.09,0.05
2025-12-31 19:50:51.393,0.0,7.8,0.10,0.05
2025-12-31 19:50:52.395,0.1,7.8,0.09,0.04
2025-12-31 19:50:53.396,0.1,7.8,0.10,0.05
2025-12-31 19:50:54.398,0.2,7.8,0.09,0.05
2025-12-31 19:50:55.400,0.1,7.8,0.10,0.05
2025-12-31 19:50:56.401,0.0,7.8,0.09,0.05
2025-12-31 19:50:57.402,0.2,7.8,0.10,0.05
2025-12-31 19:50:58.404,0.1,7.8,0.10,0.05
2025-12-31 19:50:59.406,0.1,7.8,0.10,0.05
2025-12-31 19:51:00.408,0.2,7.8,0.09,0.05
2025-12-31 19:51:01.409,0.0,7.8,0.09,0.05
2025-12-31 19:51:02.410,0.0,7.8,0.09,0.05
2025-12-31 19:51:03.412,0.1,7.8,0.10,0.05
2025-12-31 19:51:04.414,0.1,7.8,0.10,0.05
2025-12-31 19:51:05.415,0.1,7.8,0.10,0.05
2025-12-31 19:51:06.416,0.0,7.8,0.09,0.05
2025-12-31 19:51:07.418,0.1,7.8,0.10,0.05
2025-12-31 19:51:08.419,0.1,7.8,0.09,0.05
2025-12-31 19:51:09.421,0.1,7.8,0.10,0.05
2025-12-31 19:51:10.422,0.0,7.8,0.10,0.05
2025-12-31 19:51:11.424,0.2,7.8,0.10,0.05
2025-12-31 19:51:12.425,0.0,7.8,0.10,0.05
2025-12-31 19:51:13.426,0.1,7.8,0.09,0.05
2025-12-31 19:51:14.428,0.0,7.8,0.09,0.05
2025-12-31 19:51:15.429,0.1,7.8,0.10,0.05
2025-12-31 19:51:16.430,0.0,7.8,0.10,0.05
2025-12-31 19:51:17.432,0.3,7.8,0.09,0.05
2025-12-31 19:51:18.434,0.1,7.8,0.10,0.05
2025-12-31 19:51:19.435,0.2,7.8,0.10,0.05
2025-12-31 19:51:20.437,0.1,7.8,0.10,0.05
2025-12-31 19:51:21.438,0.0,7.8,0.10,0.05
2025-12-31 19:51:22.440,0.0,7.8,0.10,0.05
2025-12-31 19:51:23.442,0.1,7.8,0.10,0.05
2025-12-31 19:51:24.443,0.1,7.8,0.10,0.05
2025-12-31 19:51:25.444,0.1,7.8,0.10,0.05
2025-12-31 19:51:26.446,0.0,7.8,0.09,0.05
2025-12-31 19:51:27.447,0.2,7.8,0.10,0.05
2025-12-31 19:51:28.449,0.0,7.8,0.09,0.05
2025-12-31 19:51:29.450,0.0,7.8,0.10,0.05
2025-12-31 19:51:30.452,0.1,7.8,0.10,0.05
2025-12-31 19:51:31.453,0.0,7.8,0.10,0.05
2025-12-31 19:51:32.455,0.1,7.8,0.09,0.05
2025-12-31 19:51:33.457,0.1,7.8,0.10,0.05
2025-12-31 19:51:34.459,0.1,7.8,0.09,0.05
2025-12-31 19:51:35.461,0.0,7.8,0.10,0.05
2025-12-31 19:51:36.462,0.1,7.8,0.09,0.05
2025-12-31 19:51:37.463,0.1,7.8,0.10,0.05
2025-12-31 19:51:38.464,0.0,7.8,0.09,0.05
2025-12-31 19:51:39.465,0.1,7.8,0.10,0.05
2025-12-31 19:51:40.467,0.1,7.8,0.09,0.05
2025-12-31 19:51:41.469,0.1,7.8,0.10,0.05
2025-12-31 19:51:42.470,0.0,7.8,0.10,0.05
2025-12-31 19:51:43.472,0.1,7.8,0.09,0.05
2025-12-31 19:51:44.474,0.0,7.8,0.09,0.05
2025-12-31 19:51:45.476,0.0,7.8,0.10,0.05
2025-12-31 19:51:46.477,0.1,7.8,0.09,0.05
2025-12-31 19:51:47.478,0.1,7.8,0.10,0.05
2025-12-31 19:51:48.479,0.0,7.8,0.10,0.05
2025-12-31 19:51:49.481,0.1,7.8,0.10,0.05
2025-12-31 19:51:50.482,0.0,7.8,0.10,0.05
2025-12-31 19:51:51.484,0.1,7.8,0.09,0.05
2025-12-31 19:51:52.485,0.0,7.8,0.10,0.05
2025-12-31 19:51:53.487,0.0,7.8,0.10,0.05
2025-12-31 19:51:54.488,0.2,7.8,0.10,0.05
2025-12-31 19:51:55.490,0.0,7.8,0.09,0.05
2025-12-31 19:51:56.491,0.0,7.8,0.10,0.05
2025-12-31 19:51:57.493,0.0,7.8,0.09,0.05
2025-12-31 19:51:58.495,0.1,7.8,0.10,0.05
2025-12-31 19:51:59.496,0.0,7.8,0.10,0.05
2025-12-31 19:52:00.499,0.0,7.8,0.10,0.05
2025-12-31 19:52:01.500,0.1,7.8,0.10,0.05
2025-12-31 19:52:02.501,0.0,7.8,0.09,0.05
2025-12-31 19:52:03.503,0.0,7.8,0.10,0.05
2025-12-31 19:52:04.504,0.2,7.8,0.09,0.05
2025-12-31 19:52:05.506,0.1,7.8,0.10,0.05
2025-12-31 19:52:06.507,0.1,7.8,0.09,0.05
2025-12-31 19:52:07.509,0.2,7.8,0.09,0.05
2025-12-31 19:52:08.511,0.2,7.8,0.10,0.05
2025-12-31 19:52:09.512,0.2,7.8,0.10,0.05
2025-12-31 19:52:10.514,0.2,7.8,0.09,0.05
2025-12-31 19:52:11.516,0.2,7.8,0.10,0.05
2025-12-31 19:52:12.517,0.2,7.8,0.10,0.05
2025-12-31 19:52:13.518,0.1,7.8,0.10,0.05
2025-12-31 19:52:14.519,0.2,7.8,0.09,0.05
2025-12-31 19:52:15.521,0.1,7.8,0.10,0.05
2025-12-31 19:52:16.523,0.1,7.8,0.09,0.05
2025-12-31 19:52:17.525,0.2,7.8,0.10,0.05
2025-12-31 19:52:18.527,0.0,7.8,0.09,0.05
2025-12-31 19:52:19.529,0.2,7.8,0.10,0.05
2025-12-31 19:52:20.530,0.1,7.8,0.09,0.05
2025-12-31 19:52:21.531,0.0,7.8,0.10,0.05
2025-12-31 19:52:22.533,0.1,7.8,0.09,0.05
2025-12-31 19:52:23.534,0.0,7.8,0.10,0.05
2025-12-31 19:52:24.536,0.1,7.8,0.10,0.05
2025-12-31 19:52:25.538,0.0,7.8,0.10,0.05
2025-12-31 19:52:26.540,0.1,7.8,0.10,0.05
2025-12-31 19:52:27.541,0.1,7.8,0.10,0.05
2025-12-31 19:52:28.543,0.2,7.8,0.10,0.05
2025-12-31 19:52:29.545,0.1,7.8,0.10,0.05
2025-12-31 19:52:30.547,0.0,7.8,0.10,0.05
2025-12-31 19:52:31.549,0.0,7.8,0.10,0.05
2025-12-31 19:52:32.550,0.1,7.8,0.09,0.05
2025-12-31 19:52:33.552,0.2,7.8,0.09,0.05
2025-12-31 19:52:34.554,0.2,7.8,0.10,0.05
2025-12-31 19:52:35.555,0.1,7.8,0.09,0.05
2025-12-31 19:52:36.557,0.1,7.8,0.09,0.05
2025-12-31 19:52:37.558,0.2,7.8,0.10,0.05
2025-12-31 19:52:38.560,0.2,7.8,0.09,0.05
2025-12-31 19:52:39.561,0.2,7.8,0.10,0.05
2025-12-31 19:52:40.563,0.1,7.8,0.10,0.05
2025-12-31 19:52:41.564,0.2,7.8,0.09,0.05
2025-12-31 19:52:42.565,0.3,7.8,0.09,0.05
2025-12-31 19:52:43.567,0.2,7.8,0.10,0.05
2025-12-31 19:52:44.568,0.3,7.8,0.10,0.05
2025-12-31 19:52:45.570,0.2,7.8,0.09,0.05
2025-12-31 19:52:46.571,0.1,7.8,0.10,0.05
2025-12-31 19:52:47.571,0.3,7.8,0.09,0.05
2025-12-31 19:52:48.573,0.4,7.8,0.10,0.05
2025-12-31 19:52:49.574,0.2,7.8,0.10,0.05
2025-12-31 19:52:50.576,0.5,7.8,0.09,0.05
2025-12-31 19:52:51.577,0.2,7.8,0.10,0.05
2025-12-31 19:52:52.579,0.2,7.8,0.09,0.05
2025-12-31 19:52:53.580,0.2,7.8,0.09,0.05
2025-12-31 19:52:54.581,0.2,7.8,0.10,0.05
2025-12-31 19:52:55.584,0.2,7.8,0.09,0.05
2025-12-31 19:52:56.586,0.1,7.8,0.09,0.05
2025-12-31 19:52:57.587,0.2,7.8,0.09,0.05
2025-12-31 19:52:58.589,0.3,7.8,0.09,0.05
2025-12-31 19:52:59.590,0.2,7.8,0.10,0.05
2025-12-31 19:53:00.592,0.2,7.8,0.10,0.05
2025-12-31 19:53:01.593,0.2,7.8,0.10,0.05
2025-12-31 19:53:02.595,0.2,7.8,0.10,0.05
2025-12-31 19:53:03.597,0.2,7.8,0.10,0.05
2025-12-31 19:53:04.598,0.2,7.8,0.10,0.05
2025-12-31 19:53:05.600,0.2,7.8,0.09,0.05
2025-12-31 19:53:06.603,0.2,7.8,0.10,0.05
2025-12-31 19:53:07.604,0.2,7.8,0.09,0.05
2025-12-31 19:53:08.605,0.1,7.8,0.10,0.05
2025-12-31 19:53:09.608,0.3,7.8,0.10,0.05
2025-12-31 19:53:10.609,0.1,7.8,0.10,0.05
2025-12-31 19:53:11.610,0.1,7.8,0.09,0.05
2025-12-31 19:53:12.612,0.1,7.8,0.10,0.05
2025-12-31 19:53:13.613,0.1,7.8,0.10,0.05
2025-12-31 19:53:14.615,0.0,7.8,0.09,0.05
2025-12-31 19:53:15.616,0.1,7.8,0.10,0.05
2025-12-31 19:53:16.617,0.2,7.8,0.09,0.05
2025-12-31 19:53:17.619,0.1,7.8,0.10,0.05
2025-12-31 19:53:18.620,0.0,7.8,0.10,0.05
2025-12-31 19:53:19.622,0.1,7.8,0.10,0.05
2025-12-31 19:53:20.623,0.1,7.8,0.09,0.05
2025-12-31 19:53:21.625,0.2,7.8,0.10,0.05
2025-12-31 19:53:22.626,0.0,7.8,0.09,0.05
2025-12-31 19:53:23.628,0.0,7.8,0.09,0.05
2025-12-31 19:53:24.631,0.1,7.8,0.10,0.05
2025-12-31 19:53:25.633,0.1,7.8,0.10,0.05
2025-12-31 19:53:26.634,0.0,7.8,0.10,0.05
2025-12-31 19:53:27.635,0.1,7.8,0.10,0.05
2025-12-31 19:53:28.637,0.1,7.8,0.09,0.05
2025-12-31 19:53:29.638,0.1,7.8,0.10,0.05
2025-12-31 19:53:30.640,0.2,7.8,0.10,0.05
2025-12-31 19:53:31.641,0.1,7.8,0.09,0.05
2025-12-31 19:53:32.642,0.1,7.8,0.10,0.05
2025-12-31 19:53:33.643,0.2,7.8,0.10,0.05
2025-12-31 19:53:34.644,0.0,7.8,0.09,0.05
2025-12-31 19:53:35.646,0.1,7.8,0.09,0.05
2025-12-31 19:53:36.648,0.2,7.8,0.10,0.05
2025-12-31 19:53:37.650,0.1,7.8,0.09,0.05
2025-12-31 19:53:38.651,0.0,7.8,0.10,0.05
2025-12-31 19:53:39.652,0.1,7.8,0.10,0.05
2025-12-31 19:53:40.654,0.0,7.8,0.09,0.05
2025-12-31 19:53:41.655,0.0,7.8,0.10,0.05
2025-12-31 19:53:42.657,0.1,7.8,0.10,0.05
2025-12-31 19:53:43.658,0.0,7.8,0.10,0.05
2025-12-31 19:53:44.660,0.1,7.8,0.09,0.05
2025-12-31 19:53:45.662,0.0,7.8,0.10,0.05
2025-12-31 19:53:46.663,0.2,7.8,0.10,0.05
2025-12-31 19:53:47.664,0.0,7.8,0.10,0.05
2025-12-31 19:53:48.666,0.0,7.8,0.09,0.05
2025-12-31 19:53:49.667,0.1,7.8,0.10,0.05
2025-12-31 19:53:50.668,0.1,7.8,0.09,0.05
2025-12-31 19:53:51.670,0.0,7.8,0.10,0.05
2025-12-31 19:53:52.671,0.1,7.8,0.10,0.05
2025-12-31 19:53:53.673,0.2,7.7,0.09,0.05
2025-12-31 19:53:54.674,0.2,7.7,0.10,0.05
2025-12-31 19:53:55.675,0.0,7.7,0.09,0.05
2025-12-31 19:53:56.676,0.0,7.7,0.10,0.05
2025-12-31 19:53:57.677,0.1,7.7,0.09,0.05
2025-12-31 19:53:58.679,0.1,7.7,0.10,0.05
2025-12-31 19:53:59.680,0.0,7.7,0.10,0.05
2025-12-31 19:54:00.682,0.2,7.7,0.09,0.05
2025-12-31 19:54:01.683,0.1,7.7,0.10,0.05
2025-12-31 19:54:02.684,0.0,7.7,0.09,0.05
2025-12-31 19:54:03.686,0.1,7.7,0.10,0.05
2025-12-31 19:54:04.687,0.1,7.7,0.09,0.06
2025-12-31 19:54:05.689,0.1,7.7,0.10,0.06
2025-12-31 19:54:06.690,0.0,7.7,0.10,0.05
2025-12-31 19:54:07.691,0.1,7.7,0.10,0.06
2025-12-31 19:54:08.693,0.1,7.7,0.09,0.05
2025-12-31 19:54:09.694,0.0,7.7,0.10,0.06
2025-12-31 19:54:10.695,0.2,7.7,0.10,0.05
2025-12-31 19:54:11.697,0.0,7.7,0.09,0.05
2025-12-31 19:54:12.699,0.1,7.7,0.10,0.06
2025-12-31 19:54:13.701,0.1,7.7,0.09,0.05
2025-12-31 19:54:14.702,0.0,7.7,0.10,0.06
2025-12-31 19:54:15.704,0.0,7.7,0.09,0.05
2025-12-31 19:54:16.706,0.2,7.8,0.10,0.05
2025-12-31 19:54:17.708,0.2,7.8,0.09,0.05
2025-12-31 19:54:18.710,0.0,7.8,0.10,0.05
2025-12-31 19:54:19.712,0.1,7.8,0.10,0.05
2025-12-31 19:54:20.713,0.0,7.8,0.09,0.05
2025-12-31 19:54:21.714,0.0,7.8,0.10,0.05
2025-12-31 19:54:22.715,0.0,7.8,0.09,0.05
2025-12-31 19:54:23.717,0.1,7.8,0.10,0.05
2025-12-31 19:54:24.718,0.0,7.8,0.10,0.05
2025-12-31 19:54:25.719,0.1,7.8,0.10,0.05
2025-12-31 19:54:26.721,0.1,7.8,0.09,0.05
2025-12-31 19:54:27.722,0.0,7.8,0.10,0.05
2025-12-31 19:54:28.724,0.1,7.8,0.10,0.05
2025-12-31 19:54:29.725,0.0,7.8,0.10,0.05
2025-12-31 19:54:30.726,0.0,7.8,0.09,0.05
2025-12-31 19:54:31.728,0.2,7.8,0.10,0.05
2025-12-31 19:54:32.730,0.1,7.8,0.09,0.05
2025-12-31 19:54:33.731,0.0,7.8,0.09,0.05
2025-12-31 19:54:34.732,0.1,7.8,0.10,0.05
2025-12-31 19:54:35.734,0.0,7.8,0.09,0.05
2025-12-31 19:54:36.734,0.1,7.8,0.10,0.05
2025-12-31 19:54:37.736,0.0,7.8,0.09,0.05
2025-12-31 19:54:38.737,0.0,7.8,0.10,0.05
2025-12-31 19:54:39.738,0.0,7.8,0.10,0.05
2025-12-31 19:54:40.739,0.2,7.8,0.09,0.05
2025-12-31 19:54:41.741,0.0,7.8,0.09,0.05
2025-12-31 19:54:42.743,0.1,7.8,0.10,0.05
2025-12-31 19:54:43.744,0.1,7.8,0.09,0.05
2025-12-31 19:54:44.746,0.1,7.8,0.10,0.05
2025-12-31 19:54:45.748,0.0,7.8,0.09,0.05
2025-12-31 19:54:46.749,0.2,7.8,0.10,0.05
2025-12-31 19:54:47.750,0.1,7.8,0.10,0.05
2025-12-31 19:54:48.751,0.0,7.8,0.09,0.05
2025-12-31 19:54:49.753,0.1,7.8,0.11,0.05
2025-12-31 19:54:50.755,0.0,7.8,0.09,0.05
2025-12-31 19:54:51.757,0.1,7.8,0.09,0.05
2025-12-31 19:54:52.759,0.0,7.8,0.09,0.05
2025-12-31 19:54:53.761,0.1,7.8,0.10,0.05
2025-12-31 19:54:54.763,0.0,7.8,0.10,0.05
2025-12-31 19:54:55.764,0.1,7.8,0.10,0.05
2025-12-31 19:54:56.766,0.2,7.8,0.10,0.05
2025-12-31 19:54:57.768,0.2,7.8,0.09,0.05
2025-12-31 19:54:58.770,0.2,7.8,0.10,0.05
2025-12-31 19:54:59.771,0.3,7.8,0.10,0.05
2025-12-31 19:55:00.773,0.2,7.8,0.10,0.05
2025-12-31 19:55:01.774,0.2,7.8,0.09,0.05
2025-12-31 19:55:02.775,0.5,7.8,0.09,0.05
2025-12-31 19:55:03.777,0.2,7.8,0.10,0.05
2025-12-31 19:55:04.778,0.3,7.8,0.09,0.07
2025-12-31 19:55:05.780,0.2,7.8,0.09,0.07
2025-12-31 19:55:06.781,0.2,7.8,0.10,0.06
2025-12-31 19:55:07.783,0.2,7.8,0.09,0.05
2025-12-31 19:55:08.784,0.2,7.8,0.09,0.05
2025-12-31 19:55:09.785,0.2,7.8,0.10,0.06
2025-12-31 19:55:10.786,0.2,7.8,0.10,0.06
2025-12-31 19:55:11.788,0.2,7.8,0.10,0.05
2025-12-31 19:55:12.789,0.2,7.8,0.10,0.05
2025-12-31 19:55:13.791,0.1,7.8,0.09,0.05
2025-12-31 19:55:14.793,0.2,7.8,0.10,0.05
2025-12-31 19:55:15.794,0.1,7.8,0.10,0.05
2025-12-31 19:55:16.796,0.2,7.8,0.10,0.05
2025-12-31 19:55:17.797,0.1,7.8,0.10,0.05
2025-12-31 19:55:18.799,0.2,7.8,0.10,0.05
2025-12-31 19:55:19.800,0.0,7.8,0.10,0.05
2025-12-31 19:55:20.802,0.2,7.8,0.10,0.05
2025-12-31 19:55:21.803,0.2,7.8,0.09,0.05
2025-12-31 19:55:22.805,0.1,7.8,0.10,0.05
2025-12-31 19:55:23.806,0.2,7.8,0.10,0.05
2025-12-31 19:55:24.809,0.2,7.8,0.10,0.05
2025-12-31 19:55:25.810,0.2,7.8,0.10,0.05
2025-12-31 19:55:26.812,0.2,7.8,0.09,0.05
2025-12-31 19:55:27.813,0.0,7.8,0.10,0.05
2025-12-31 19:55:28.814,0.2,7.8,0.09,0.05
2025-12-31 19:55:29.816,0.2,7.8,0.10,0.05
2025-12-31 19:55:30.817,0.2,7.8,0.10,0.05
2025-12-31 19:55:31.819,0.2,7.8,0.10,0.05
2025-12-31 19:55:32.820,0.2,7.8,0.09,0.05
2025-12-31 19:55:33.822,0.2,7.8,0.10,0.05
2025-12-31 19:55:34.824,0.0,7.8,0.09,0.05
2025-12-31 19:55:35.826,0.3,7.8,0.10,0.05
2025-12-31 19:55:36.827,0.2,7.8,0.10,0.05
2025-12-31 19:55:37.830,0.2,7.8,0.09,0.05
2025-12-31 19:55:38.831,0.2,7.8,0.10,0.05
2025-12-31 19:55:39.833,0.1,7.8,0.10,0.05
2025-12-31 19:55:40.835,0.2,7.8,0.10,0.05
2025-12-31 19:55:41.836,0.1,7.8,0.10,0.05
2025-12-31 19:55:42.838,0.3,7.8,0.09,0.05
2025-12-31 19:55:43.839,0.2,7.8,0.10,0.05
2025-12-31 19:55:44.840,0.2,7.8,0.10,0.05
2025-12-31 19:55:45.842,0.1,7.8,0.09,0.05
2025-12-31 19:55:46.844,0.3,7.8,0.09,0.05
2025-12-31 19:55:47.845,0.1,7.8,0.09,0.05
2025-12-31 19:55:48.847,0.2,7.8,0.10,0.05
2025-12-31 19:55:49.849,0.2,7.8,0.10,0.05
2025-12-31 19:55:50.851,0.2,7.8,0.10,0.06
2025-12-31 19:55:51.852,0.2,7.8,0.12,0.05
2025-12-31 19:55:52.853,0.1,7.8,0.10,0.05
2025-12-31 19:55:53.854,0.1,7.8,0.09,0.05
2025-12-31 19:55:54.855,0.1,7.8,0.10,0.05
2025-12-31 19:55:55.856,0.2,7.8,0.10,0.05
2025-12-31 19:55:56.857,0.2,7.8,0.10,0.05
2025-12-31 19:55:57.859,0.1,7.8,0.10,0.05
2025-12-31 19:55:58.860,0.2,7.8,0.10,0.05
2025-12-31 19:55:59.861,0.1,7.8,0.10,0.05
2025-12-31 19:56:00.863,0.2,7.8,0.10,0.05
2025-12-31 19:56:01.864,0.2,7.8,0.10,0.05
2025-12-31 19:56:02.866,0.2,7.8,0.10,0.05
2025-12-31 19:56:03.868,0.2,7.8,0.09,0.05
2025-12-31 19:56:04.870,0.0,7.8,0.10,0.05
2025-12-31 19:56:05.871,0.0,7.8,0.10,0.05
2025-12-31 19:56:06.872,0.2,7.8,0.10,0.05
2025-12-31 19:56:07.873,0.1,7.8,0.09,0.05
2025-12-31 19:56:08.874,0.1,7.8,0.09,0.05
2025-12-31 19:56:09.875,0.1,7.8,0.10,0.05
2025-12-31 19:56:10.877,0.1,7.8,0.09,0.05
2025-12-31 19:56:11.878,0.1,7.8,0.09,0.05
2025-12-31 19:56:12.880,0.1,7.8,0.09,0.05
2025-12-31 19:56:13.881,0.1,7.8,0.10,0.05
2025-12-31 19:56:14.882,0.0,7.8,0.09,0.05
2025-12-31 19:56:15.884,0.1,7.8,0.10,0.05
2025-12-31 19:56:16.885,0.1,7.8,0.10,0.05
2025-12-31 19:56:17.887,0.0,7.8,0.10,0.05
2025-12-31 19:56:18.888,0.2,7.8,0.10,0.05
2025-12-31 19:56:19.889,0.1,7.8,0.11,0.07
2025-12-31 19:56:20.890,0.0,7.8,0.10,0.05
2025-12-31 19:56:21.893,0.1,7.8,0.09,0.05
2025-12-31 19:56:22.894,0.1,7.8,0.09,0.05
2025-12-31 19:56:23.895,0.0,7.8,0.09,0.05
2025-12-31 19:56:24.896,0.1,7.8,0.09,0.05
2025-12-31 19:56:25.898,0.0,7.8,0.10,0.05
2025-12-31 19:56:26.900,0.2,7.8,0.09,0.05
2025-12-31 19:56:27.901,0.1,7.8,0.10,0.05
2025-12-31 19:56:28.903,0.0,7.8,0.10,0.05
2025-12-31 19:56:29.905,0.0,7.8,0.10,0.05
2025-12-31 19:56:30.906,0.0,7.8,0.10,0.05
2025-12-31 19:56:31.907,0.2,7.8,0.10,0.05
2025-12-31 19:56:32.909,0.1,7.8,0.10,0.05
2025-12-31 19:56:33.911,0.0,7.8,0.10,0.05
2025-12-31 19:56:34.912,0.1,7.8,0.10,0.05
2025-12-31 19:56:35.913,0.1,7.8,0.10,0.05
2025-12-31 19:56:36.915,0.0,7.8,0.10,0.05
2025-12-31 19:56:37.916,0.1,7.8,0.10,0.05
2025-12-31 19:56:38.918,0.0,7.8,0.09,0.05
2025-12-31 19:56:39.920,0.1,7.8,0.10,0.05
2025-12-31 19:56:40.921,0.2,7.8,0.09,0.05
2025-12-31 19:56:41.922,0.0,7.8,0.09,0.05
2025-12-31 19:56:42.923,0.2,7.8,0.09,0.05
2025-12-31 19:56:43.925,0.1,7.8,0.10,0.05
2025-12-31 19:56:44.926,0.0,7.8,0.09,0.05
2025-12-31 19:56:45.928,0.1,7.8,0.10,0.05
2025-12-31 19:56:46.929,0.1,7.8,0.10,0.05
2025-12-31 19:56:47.930,0.1,7.8,0.10,0.05
2025-12-31 19:56:48.932,0.2,7.8,0.10,0.05
2025-12-31 19:56:49.934,0.0,7.8,0.10,0.05
2025-12-31 19:56:50.936,0.1,7.8,0.10,0.05
2025-12-31 19:56:51.937,0.1,7.8,0.10,0.05
2025-12-31 19:56:52.939,0.0,7.8,0.10,0.05
2025-12-31 19:56:53.940,0.1,7.8,0.10,0.05
2025-12-31 19:56:54.942,0.0,7.8,0.10,0.05
2025-12-31 19:56:55.944,0.0,7.8,0.10,0.05
2025-12-31 19:56:56.946,0.1,7.8,0.10,0.05
2025-12-31 19:56:57.947,0.1,7.8,0.10,0.05
2025-12-31 19:56:58.949,0.1,7.8,0.09,0.05
2025-12-31 19:56:59.950,0.0,7.8,0.10,0.05
2025-12-31 19:57:00.952,0.2,7.8,0.10,0.05
2025-12-31 19:57:01.953,0.1,7.8,0.10,0.05
2025-12-31 19:57:02.955,0.1,7.8,0.09,0.05
2025-12-31 19:57:03.957,0.0,7.8,0.10,0.05
2025-12-31 19:57:04.958,0.0,7.8,0.10,0.05
2025-12-31 19:57:05.959,0.1,7.8,0.09,0.05
2025-12-31 19:57:06.961,0.0,7.8,0.10,0.05
2025-12-31 19:57:07.962,0.0,7.8,0.09,0.05
2025-12-31 19:57:08.964,0.2,7.8,0.10,0.05
2025-12-31 19:57:09.965,0.0,7.8,0.10,0.05
2025-12-31 19:57:10.967,0.1,7.8,0.10,0.05
2025-12-31 19:57:11.968,0.0,7.8,0.09,0.05
2025-12-31 19:57:12.970,0.2,7.8,0.10,0.05
2025-12-31 19:57:13.971,0.1,7.8,0.09,0.05
2025-12-31 19:57:14.972,0.1,7.8,0.09,0.05
2025-12-31 19:57:15.973,0.0,7.8,0.10,0.05
2025-12-31 19:57:16.975,0.2,7.8,0.10,0.05
2025-12-31 19:57:17.977,0.0,7.8,0.10,0.05
2025-12-31 19:57:18.978,0.1,7.8,0.09,0.05
2025-12-31 19:57:19.979,0.2,7.8,0.10,0.05
2025-12-31 19:57:20.982,0.1,7.8,0.09,0.05
2025-12-31 19:57:21.983,0.0,7.8,0.10,0.05
2025-12-31 19:57:22.985,0.0,7.8,0.10,0.05
2025-12-31 19:57:23.986,0.1,7.8,0.10,0.05
2025-12-31 19:57:24.987,0.1,7.8,0.10,0.05
2025-12-31 19:57:25.989,0.1,7.8,0.10,0.05
2025-12-31 19:57:26.991,0.0,7.8,0.10,0.05
2025-12-31 19:57:27.993,0.1,7.8,0.10,0.05
2025-12-31 19:57:28.994,0.0,7.8,0.10,0.05
2025-12-31 19:57:29.996,0.0,7.8,0.10,0.05
2025-12-31 19:57:30.998,0.0,7.8,0.10,0.05
2025-12-31 19:57:31.999,0.1,7.8,0.10,0.05
2025-12-31 19:57:33.001,0.0,7.8,0.10,0.05
2025-12-31 19:57:34.002,0.1,7.8,0.09,0.05
2025-12-31 19:57:35.004,0.1,7.8,0.10,0.05
2025-12-31 19:57:36.006,0.1,7.8,0.10,0.05
2025-12-31 19:57:37.007,0.0,7.8,0.09,0.05
2025-12-31 19:57:38.009,0.0,7.8,0.09,0.05
2025-12-31 19:57:39.011,0.1,7.8,0.09,0.05
2025-12-31 19:57:40.013,0.0,7.8,0.10,0.05
2025-12-31 19:57:41.014,0.0,7.8,0.10,0.05
2025-12-31 19:57:42.016,0.2,7.8,0.09,0.05
2025-12-31 19:57:43.017,0.1,7.8,0.09,0.05
2025-12-31 19:57:44.018,0.1,7.8,0.09,0.05
2025-12-31 19:57:45.020,0.1,7.8,0.09,0.05
2025-12-31 19:57:46.021,0.0,7.8,0.10,0.05
2025-12-31 19:57:47.023,0.3,7.8,0.10,0.05
2025-12-31 19:57:48.025,0.2,7.8,0.09,0.05
2025-12-31 19:57:49.026,0.3,7.8,0.10,0.05
2025-12-31 19:57:50.027,0.2,7.8,0.10,0.05
2025-12-31 19:57:51.029,0.2,7.8,0.09,0.05
2025-12-31 19:57:52.030,0.2,7.8,0.10,0.05
2025-12-31 19:57:53.031,0.2,7.8,0.09,0.05
2025-12-31 19:57:54.033,0.2,7.8,0.10,0.05
2025-12-31 19:57:55.034,0.2,7.8,0.09,0.05
2025-12-31 19:57:56.036,0.2,7.8,0.10,0.05
2025-12-31 19:57:57.038,0.2,7.8,0.10,0.05
2025-12-31 19:57:58.039,0.2,7.8,0.10,0.05
2025-12-31 19:57:59.041,0.2,7.8,0.09,0.05
2025-12-31 19:58:00.043,0.3,7.8,0.10,0.05
2025-12-31 19:58:01.046,0.3,7.8,0.09,0.05
2025-12-31 19:58:02.047,0.1,7.8,0.10,0.05
2025-12-31 19:58:03.049,0.4,7.8,0.09,0.05
2025-12-31 19:58:04.050,0.2,7.8,0.10,0.05
2025-12-31 19:58:05.052,0.3,7.8,0.09,0.05
2025-12-31 19:58:06.053,0.3,7.8,0.10,0.05
2025-12-31 19:58:07.054,0.2,7.8,0.09,0.05
2025-12-31 19:58:08.056,0.4,7.8,0.10,0.05
2025-12-31 19:58:09.057,0.2,7.8,0.09,0.05
2025-12-31 19:58:10.059,0.1,7.8,0.10,0.05
2025-12-31 19:58:11.060,0.2,7.8,0.09,0.05
2025-12-31 19:58:12.062,0.2,7.8,0.10,0.05
2025-12-31 19:58:13.063,0.2,7.8,0.09,0.05
2025-12-31 19:58:14.065,0.2,7.8,0.11,0.06
2025-12-31 19:58:15.067,0.2,7.8,0.10,0.05
2025-12-31 19:58:16.068,0.2,7.8,0.10,0.05
2025-12-31 19:58:17.069,0.2,7.8,0.09,0.05
2025-12-31 19:58:18.070,0.1,7.8,0.10,0.05
2025-12-31 19:58:19.071,0.3,7.8,0.10,0.05
2025-12-31 19:58:20.073,0.2,7.8,0.10,0.05
2025-12-31 19:58:21.074,0.1,7.8,0.10,0.05
2025-12-31 19:58:22.075,0.2,7.8,0.10,0.05
2025-12-31 19:58:23.077,0.0,7.8,0.10,0.05
2025-12-31 19:58:24.078,0.2,7.8,0.09,0.05
2025-12-31 19:58:25.080,0.2,7.8,0.10,0.05
2025-12-31 19:58:26.081,0.2,7.8,0.10,0.05
2025-12-31 19:58:27.083,0.1,7.8,0.09,0.05
2025-12-31 19:58:28.085,0.2,7.8,0.09,0.05
2025-12-31 19:58:29.086,0.1,7.8,0.09,0.05
2025-12-31 19:58:30.088,0.2,7.8,0.10,0.05
2025-12-31 19:58:31.089,0.1,7.8,0.10,0.05
2025-12-31 19:58:32.090,0.3,7.8,0.09,0.05
2025-12-31 19:58:33.091,0.2,7.8,0.09,0.05
2025-12-31 19:58:34.093,0.2,7.8,0.09,0.05
2025-12-31 19:58:35.095,0.2,7.8,0.10,0.05
2025-12-31 19:58:36.097,0.2,7.8,0.09,0.05
2025-12-31 19:58:37.098,0.2,7.8,0.09,0.05
2025-12-31 19:58:38.099,0.2,7.8,0.09,0.05
2025-12-31 19:58:39.101,0.2,7.8,0.09,0.05
2025-12-31 19:58:40.102,0.1,7.8,0.10,0.05
2025-12-31 19:58:41.103,0.1,7.8,0.10,0.05
2025-12-31 19:58:42.104,0.2,7.8,0.10,0.05
2025-12-31 19:58:43.106,0.2,7.8,0.10,0.05
2025-12-31 19:58:44.107,0.2,7.8,0.09,0.05
2025-12-31 19:58:45.108,0.0,7.8,0.10,0.05
2025-12-31 19:58:46.110,0.2,7.8,0.09,0.05
2025-12-31 19:58:47.112,0.2,7.8,0.10,0.05
2025-12-31 19:58:48.113,0.2,7.8,0.09,0.05
2025-12-31 19:58:49.115,0.0,7.8,0.10,0.05
2025-12-31 19:58:50.117,0.2,7.8,0.10,0.05
2025-12-31 19:58:51.118,0.0,7.8,0.10,0.05
2025-12-31 19:58:52.120,0.2,7.8,0.10,0.05
2025-12-31 19:58:53.121,0.1,7.8,0.09,0.05
2025-12-31 19:58:54.123,0.0,7.8,0.10,0.05
2025-12-31 19:58:55.124,0.2,7.8,0.09,0.05
2025-12-31 19:58:56.126,0.0,7.8,0.10,0.05
2025-12-31 19:58:57.127,0.2,7.8,0.10,0.05
2025-12-31 19:58:58.129,0.1,7.8,0.09,0.05
2025-12-31 19:58:59.131,0.1,7.8,0.09,0.05
2025-12-31 19:59:00.133,0.0,7.8,0.10,0.05
2025-12-31 19:59:01.135,0.0,7.8,0.10,0.05
2025-12-31 19:59:02.137,0.2,7.8,0.10,0.05
2025-12-31 19:59:03.138,0.0,7.8,0.10,0.05
2025-12-31 19:59:04.140,0.1,7.8,0.09,0.05
2025-12-31 19:59:05.142,0.1,7.8,0.09,0.05
2025-12-31 19:59:06.143,0.1,7.8,0.10,0.05
2025-12-31 19:59:07.145,0.0,7.8,0.09,0.05
2025-12-31 19:59:08.147,0.1,7.8,0.09,0.05
2025-12-31 19:59:09.148,0.1,7.8,0.09,0.05
2025-12-31 19:59:10.150,0.1,7.8,0.10,0.05
2025-12-31 19:59:11.152,0.0,7.8,0.09,0.05
2025-12-31 19:59:12.154,0.0,7.8,0.09,0.05
2025-12-31 19:59:13.156,0.1,7.8,0.09,0.05
2025-12-31 19:59:14.157,0.1,7.8,0.10,0.05
2025-12-31 19:59:15.158,0.1,7.8,0.09,0.05
2025-12-31 19:59:16.160,0.0,7.8,0.10,0.05
2025-12-31 19:59:17.161,0.1,7.8,0.09,0.05
2025-12-31 19:59:18.163,0.1,7.8,0.09,0.05
2025-12-31 19:59:19.165,0.1,7.8,0.10,0.05
2025-12-31 19:59:20.166,0.0,7.8,0.10,0.05
2025-12-31 19:59:21.168,0.1,7.8,0.09,0.05
2025-12-31 19:59:22.169,0.0,7.8,0.09,0.05
2025-12-31 19:59:23.171,0.1,7.8,0.09,0.05
2025-12-31 19:59:24.173,0.1,7.8,0.10,0.05
2025-12-31 19:59:25.174,0.0,7.8,0.10,0.05
2025-12-31 19:59:26.176,0.0,7.8,0.09,0.05
2025-12-31 19:59:27.177,0.0,7.8,0.10,0.05
2025-12-31 19:59:28.179,0.1,7.8,0.09,0.05
2025-12-31 19:59:29.180,0.1,7.8,0.10,0.05
2025-12-31 19:59:30.182,0.0,7.8,0.10,0.05
2025-12-31 19:59:31.183,0.0,7.8,0.09,0.05
2025-12-31 19:59:32.185,0.1,7.8,0.09,0.05
2025-12-31 19:59:33.186,0.0,7.8,0.09,0.05
2025-12-31 19:59:34.188,0.1,7.8,0.09,0.05
2025-12-31 19:59:35.189,0.0,7.8,0.09,0.05
2025-12-31 19:59:36.190,0.1,7.8,0.10,0.05
2025-12-31 19:59:37.192,0.1,7.8,0.09,0.05
2025-12-31 19:59:38.193,0.2,7.8,0.09,0.05
2025-12-31 19:59:39.195,0.1,7.8,0.09,0.05
2025-12-31 19:59:40.197,0.1,7.8,0.10,0.05
2025-12-31 19:59:41.198,0.1,7.8,0.09,0.05
2025-12-31 19:59:42.200,0.0,7.8,0.09,0.05
2025-12-31 19:59:43.202,0.2,7.8,0.09,0.05
2025-12-31 19:59:44.204,0.1,7.8,0.09,0.05
2025-12-31 19:59:45.205,0.1,7.8,0.10,0.05
2025-12-31 19:59:46.207,0.0,7.8,0.09,0.05
2025-12-31 19:59:47.209,0.2,7.8,0.10,0.05
2025-12-31 19:59:48.210,0.0,7.8,0.09,0.05
2025-12-31 19:59:49.211,0.2,7.8,0.09,0.05
2025-12-31 19:59:50.213,0.0,7.8,0.10,0.05
2025-12-31 19:59:51.214,0.0,7.8,0.09,0.05
2025-12-31 19:59:52.216,0.2,7.8,0.09,0.05
2025-12-31 19:59:53.218,0.0,7.8,0.09,0.05
2025-12-31 19:59:54.219,0.0,7.8,0.09,0.05
2025-12-31 19:59:55.221,0.1,7.8,0.10,0.05
2025-12-31 19:59:56.222,0.1,7.8,0.09,0.05
2025-12-31 19:59:57.224,0.1,7.8,0.10,0.05
2025-12-31 19:59:58.225,0.1,7.8,0.10,0.05
2025-12-31 19:59:59.226,0.1,7.8,0.09,0.05
2025-12-31 20:00:00.228,0.0,7.8,0.10,0.05
2025-12-31 20:00:01.229,0.0,7.8,0.10,0.05
2025-12-31 20:00:02.231,0.0,7.8,0.09,0.05
2025-12-31 20:00:03.233,0.2,7.8,0.10,0.05
2025-12-31 20:00:04.234,0.0,7.8,0.09,0.05
2025-12-31 20:00:05.236,0.2,7.8,0.10,0.05
2025-12-31 20:00:06.237,0.1,7.8,0.09,0.05
2025-12-31 20:00:07.238,0.1,7.8,0.10,0.05
2025-12-31 20:00:08.240,0.2,7.8,0.10,0.05
2025-12-31 20:00:09.241,0.0,7.8,0.10,0.05
2025-12-31 20:00:10.243,0.0,7.8,0.10,0.05
2025-12-31 20:00:11.244,0.2,7.8,0.09,0.05
2025-12-31 20:00:12.246,0.1,7.8,0.09,0.05
2025-12-31 20:00:13.248,0.1,7.8,0.09,0.05
2025-12-31 20:00:14.249,0.1,7.8,0.09,0.05
2025-12-31 20:00:15.251,0.1,7.8,0.09,0.05
2025-12-31 20:00:16.253,0.1,7.8,0.09,0.05
2025-12-31 20:00:17.254,0.1,7.8,0.09,0.05
2025-12-31 20:00:18.256,0.1,7.8,0.10,0.05
2025-12-31 20:00:19.257,0.0,7.8,0.09,0.05
2025-12-31 20:00:20.258,0.0,7.8,0.10,0.05
2025-12-31 20:00:21.260,0.1,7.8,0.09,0.05
2025-12-31 20:00:22.261,0.0,7.8,0.09,0.05
2025-12-31 20:00:23.264,0.1,7.8,0.10,0.05
2025-12-31 20:00:24.266,0.0,7.8,0.10,0.05
2025-12-31 20:00:25.267,0.0,7.8,0.10,0.05
2025-12-31 20:00:26.268,0.1,7.8,0.10,0.05
2025-12-31 20:00:27.269,0.1,7.8,0.09,0.05
2025-12-31 20:00:28.271,0.0,7.8,0.10,0.05
2025-12-31 20:00:29.272,0.0,7.8,0.10,0.05
2025-12-31 20:00:30.274,0.0,7.8,0.10,0.05
2025-12-31 20:00:31.276,0.1,7.8,0.10,0.05
2025-12-31 20:00:32.277,0.1,7.8,0.09,0.05
2025-12-31 20:00:33.279,0.1,7.8,0.09,0.05
2025-12-31 20:00:34.280,0.1,7.8,0.09,0.05
2025-12-31 20:00:35.282,0.1,7.8,0.10,0.05
2025-12-31 20:00:36.284,0.1,7.8,0.09,0.05
2025-12-31 20:00:37.285,0.0,7.8,0.09,0.05
2025-12-31 20:00:38.286,0.2,7.8,0.09,0.05
2025-12-31 20:00:39.288,0.1,7.8,0.10,0.05
2025-12-31 20:00:40.289,0.2,7.8,0.10,0.05
2025-12-31 20:00:41.290,0.1,7.8,0.09,0.05
2025-12-31 20:00:42.292,0.2,7.8,0.09,0.05
2025-12-31 20:00:43.294,0.2,7.8,0.09,0.05
2025-12-31 20:00:44.296,0.3,7.8,0.09,0.05
2025-12-31 20:00:45.298,0.2,7.8,0.10,0.05
2025-12-31 20:00:46.299,0.4,7.8,0.10,0.05
2025-12-31 20:00:47.301,0.2,7.8,0.10,0.05
2025-12-31 20:00:48.302,0.2,7.8,0.10,0.05
2025-12-31 20:00:49.304,0.2,7.8,0.10,0.05
2025-12-31 20:00:50.306,0.2,7.8,0.11,0.05
2025-12-31 20:00:51.307,0.3,7.8,0.10,0.05
2025-12-31 20:00:52.309,0.2,7.8,0.10,0.05
2025-12-31 20:00:53.310,0.4,7.8,0.09,0.05
2025-12-31 20:00:54.312,0.4,7.8,0.10,0.05
2025-12-31 20:00:55.313,0.2,7.8,0.09,0.05
2025-12-31 20:00:56.314,0.3,7.8,0.10,0.05
2025-12-31 20:00:57.315,0.5,7.8,0.09,0.05
2025-12-31 20:00:58.317,0.3,7.8,0.10,0.05
2025-12-31 20:00:59.318,0.4,7.8,0.10,0.05
2025-12-31 20:01:00.320,0.4,7.8,0.10,0.05
2025-12-31 20:01:01.321,0.2,7.8,0.09,0.05
2025-12-31 20:01:02.322,0.1,7.8,0.10,0.05
2025-12-31 20:01:03.324,0.2,7.8,0.09,0.05
2025-12-31 20:01:04.325,0.1,7.8,0.09,0.05
2025-12-31 20:01:05.327,0.1,7.8,0.09,0.05
2025-12-31 20:01:06.329,0.3,7.8,0.10,0.05
2025-12-31 20:01:07.331,0.1,7.8,0.10,0.05
2025-12-31 20:01:08.333,0.2,7.8,0.09,0.05
2025-12-31 20:01:09.334,0.2,7.8,0.09,0.05
2025-12-31 20:01:10.336,0.1,7.8,0.10,0.05
2025-12-31 20:01:11.338,0.1,7.8,0.09,0.05
2025-12-31 20:01:12.339,0.0,7.8,0.09,0.05
2025-12-31 20:01:13.341,0.1,7.8,0.10,0.05
2025-12-31 20:01:14.343,0.1,7.8,0.09,0.06
2025-12-31 20:01:15.344,0.2,7.8,0.12,0.05
2025-12-31 20:01:16.345,0.0,7.8,0.10,0.05
2025-12-31 20:01:17.346,0.2,7.8,0.10,0.05
2025-12-31 20:01:18.348,0.2,7.8,0.09,0.05
2025-12-31 20:01:19.349,0.1,7.8,0.10,0.05
2025-12-31 20:01:20.350,0.0,7.8,0.10,0.05
2025-12-31 20:01:21.351,0.1,7.8,0.09,0.05
2025-12-31 20:01:22.352,0.2,7.8,0.09,0.05
2025-12-31 20:01:23.354,0.1,7.8,0.09,0.05
2025-12-31 20:01:24.355,0.2,7.8,0.10,0.05
2025-12-31 20:01:25.356,0.0,7.8,0.10,0.05
2025-12-31 20:01:26.358,0.1,7.8,0.09,0.05
2025-12-31 20:01:27.360,0.1,7.8,0.10,0.05
2025-12-31 20:01:28.362,0.2,7.8,0.09,0.05
2025-12-31 20:01:29.363,0.1,7.8,0.11,0.05
2025-12-31 20:01:30.364,0.1,7.8,0.10,0.05
2025-12-31 20:01:31.365,0.0,7.8,0.10,0.05
2025-12-31 20:01:32.366,0.2,7.8,0.09,0.05
2025-12-31 20:01:33.367,0.1,7.8,0.09,0.05
2025-12-31 20:01:34.368,0.1,7.8,0.09,0.05
2025-12-31 20:01:35.370,0.1,7.8,0.10,0.05
2025-12-31 20:01:36.371,0.2,7.8,0.10,0.05
2025-12-31 20:01:37.372,0.1,7.8,0.09,0.05
2025-12-31 20:01:38.373,0.1,7.8,0.09,0.05
2025-12-31 20:01:39.375,0.1,7.8,0.09,0.05
2025-12-31 20:01:40.376,0.1,7.8,0.10,0.05
2025-12-31 20:01:41.378,0.0,7.8,0.09,0.05
2025-12-31 20:01:42.380,0.1,7.8,0.09,0.05
2025-12-31 20:01:43.381,0.1,7.8,0.09,0.05
2025-12-31 20:01:44.383,0.1,7.8,0.10,0.05
2025-12-31 20:01:45.385,0.0,7.8,0.09,0.05
2025-12-31 20:01:46.387,0.1,7.8,0.10,0.05
2025-12-31 20:01:47.388,0.1,7.8,0.09,0.05
2025-12-31 20:01:48.390,0.1,7.8,0.10,0.05
2025-12-31 20:01:49.391,0.1,7.8,0.09,0.05
2025-12-31 20:01:50.393,0.2,7.8,0.10,0.05
2025-12-31 20:01:51.394,0.1,7.8,0.09,0.05
2025-12-31 20:01:52.396,0.1,7.8,0.10,0.05
2025-12-31 20:01:53.398,0.1,7.8,0.09,0.05
2025-12-31 20:01:54.399,0.1,7.8,0.09,0.05
2025-12-31 20:01:55.401,0.0,7.8,0.09,0.05
2025-12-31 20:01:56.403,0.1,7.8,0.09,0.05
2025-12-31 20:01:57.404,0.1,7.8,0.10,0.05
2025-12-31 20:01:58.405,0.1,7.8,0.09,0.05
2025-12-31 20:01:59.406,0.1,7.8,0.09,0.05
2025-12-31 20:02:00.407,0.0,7.8,0.10,0.05
2025-12-31 20:02:01.410,0.0,7.8,0.10,0.05
2025-12-31 20:02:02.411,0.1,7.8,0.10,0.05
2025-12-31 20:02:03.413,0.1,7.8,0.09,0.05
2025-12-31 20:02:04.414,0.0,7.8,0.09,0.05
2025-12-31 20:02:05.416,0.1,7.8,0.09,0.05
2025-12-31 20:02:06.417,0.1,7.8,0.10,0.05
2025-12-31 20:02:07.418,0.0,7.8,0.09,0.05
2025-12-31 20:02:08.420,0.2,7.8,0.10,0.05
2025-12-31 20:02:09.421,0.0,7.8,0.09,0.05
2025-12-31 20:02:10.423,0.0,7.8,0.10,0.05
2025-12-31 20:02:11.424,0.1,7.8,0.09,0.05
2025-12-31 20:02:12.426,0.1,7.8,0.09,0.05
2025-12-31 20:02:13.427,0.1,7.8,0.10,0.05
2025-12-31 20:02:14.429,0.1,7.8,0.09,0.05
2025-12-31 20:02:15.430,0.0,7.8,0.10,0.05
2025-12-31 20:02:16.432,0.1,7.8,0.09,0.05
2025-12-31 20:02:17.435,0.1,7.8,0.09,0.05
2025-12-31 20:02:18.437,0.1,7.8,0.09,0.05
2025-12-31 20:02:19.439,0.0,7.8,0.10,0.05
2025-12-31 20:02:20.440,0.1,7.8,0.10,0.05
2025-12-31 20:02:21.442,0.0,7.8,0.09,0.05
2025-12-31 20:02:22.443,0.1,7.8,0.10,0.05
2025-12-31 20:02:23.444,0.1,7.8,0.09,0.05
2025-12-31 20:02:24.446,0.0,7.8,0.09,0.05
2025-12-31 20:02:25.448,0.1,7.8,0.10,0.05
2025-12-31 20:02:26.449,0.1,7.8,0.09,0.05
2025-12-31 20:02:27.451,0.1,7.8,0.09,0.05
2025-12-31 20:02:28.453,0.0,7.8,0.10,0.05
2025-12-31 20:02:29.455,0.0,7.8,0.10,0.05
2025-12-31 20:02:30.456,0.1,7.8,0.10,0.05
2025-12-31 20:02:31.458,0.0,7.8,0.09,0.05
2025-12-31 20:02:32.460,0.1,7.8,0.10,0.05
2025-12-31 20:02:33.462,0.2,7.8,0.10,0.05
2025-12-31 20:02:34.463,0.1,7.8,0.10,0.05
2025-12-31 20:02:35.464,0.0,7.8,0.09,0.05
2025-12-31 20:02:36.465,0.0,7.8,0.09,0.05
2025-12-31 20:02:37.467,0.1,7.8,0.10,0.05
2025-12-31 20:02:38.469,0.1,7.8,0.09,0.05
2025-12-31 20:02:39.470,0.0,7.8,0.10,0.05
2025-12-31 20:02:40.472,0.1,7.8,0.10,0.05
2025-12-31 20:02:41.473,0.1,7.8,0.10,0.05
2025-12-31 20:02:42.475,0.0,7.8,0.09,0.05
2025-12-31 20:02:43.476,0.2,7.8,0.09,0.05
2025-12-31 20:02:44.477,0.1,7.8,0.09,0.05
2025-12-31 20:02:45.479,0.1,7.8,0.10,0.05
2025-12-31 20:02:46.480,0.0,7.8,0.09,0.05
2025-12-31 20:02:47.482,0.1,7.8,0.09,0.05
2025-12-31 20:02:48.484,0.1,7.8,0.10,0.05
2025-12-31 20:02:49.485,0.0,7.8,0.10,0.05
2025-12-31 20:02:50.488,0.1,7.8,0.10,0.05
2025-12-31 20:02:51.490,0.0,7.8,0.09,0.05
2025-12-31 20:02:52.491,0.1,7.8,0.10,0.05
2025-12-31 20:02:53.492,0.0,7.8,0.10,0.05
2025-12-31 20:02:54.494,0.0,7.8,0.09,0.05
2025-12-31 20:02:55.495,0.2,7.8,0.09,0.05
2025-12-31 20:02:56.497,0.0,7.8,0.09,0.05
2025-12-31 20:02:57.498,0.0,7.8,0.10,0.05
2025-12-31 20:02:58.500,0.0,7.8,0.09,0.05
2025-12-31 20:02:59.502,0.1,7.8,0.09,0.05
2025-12-31 20:03:00.504,0.2,7.8,0.10,0.05
2025-12-31 20:03:01.505,0.0,7.8,0.10,0.05
2025-12-31 20:03:02.506,0.0,7.8,0.09,0.05
2025-12-31 20:03:03.508,0.2,7.8,0.10,0.05
2025-12-31 20:03:04.509,0.2,7.8,0.10,0.05
2025-12-31 20:03:05.511,0.1,7.8,0.09,0.05
2025-12-31 20:03:06.513,0.1,7.8,0.09,0.05
2025-12-31 20:03:07.514,0.1,7.8,0.09,0.05
2025-12-31 20:03:08.515,0.2,7.8,0.10,0.05
2025-12-31 20:03:09.517,0.1,7.8,0.09,0.05
2025-12-31 20:03:10.519,0.2,7.8,0.10,0.05
2025-12-31 20:03:11.521,0.2,7.8,0.09,0.05
2025-12-31 20:03:12.523,0.0,7.8,0.10,0.05
2025-12-31 20:03:13.524,0.1,7.8,0.09,0.05
2025-12-31 20:03:14.525,0.0,7.8,0.10,0.05
2025-12-31 20:03:15.527,0.1,7.8,0.09,0.05
2025-12-31 20:03:16.528,0.1,7.8,0.09,0.05
2025-12-31 20:03:17.529,0.2,7.8,0.10,0.06
2025-12-31 20:03:18.530,0.0,7.8,0.09,0.05
2025-12-31 20:03:19.532,0.0,7.8,0.09,0.05
2025-12-31 20:03:20.534,0.0,7.8,0.10,0.05
2025-12-31 20:03:21.536,0.2,7.8,0.09,0.05
2025-12-31 20:03:22.537,0.1,7.8,0.09,0.05
2025-12-31 20:03:23.540,0.1,7.8,0.09,0.05
2025-12-31 20:03:24.542,0.1,7.8,0.09,0.05
2025-12-31 20:03:25.543,0.1,7.8,0.11,0.05
2025-12-31 20:03:26.545,0.1,7.8,0.09,0.05
2025-12-31 20:03:27.547,0.1,7.8,0.09,0.05
2025-12-31 20:03:28.549,0.1,7.8,0.09,0.05
2025-12-31 20:03:29.551,0.2,7.8,0.10,0.05
2025-12-31 20:03:30.552,0.2,7.8,0.10,0.05
2025-12-31 20:03:31.554,0.2,7.8,0.10,0.05
2025-12-31 20:03:32.557,0.1,7.8,0.09,0.05
2025-12-31 20:03:33.558,0.2,7.8,0.10,0.05
2025-12-31 20:03:34.560,0.2,7.8,0.10,0.05
2025-12-31 20:03:35.561,0.3,7.8,0.09,0.05
2025-12-31 20:03:36.562,0.2,7.8,0.10,0.05
2025-12-31 20:03:37.563,0.3,7.8,0.09,0.05
2025-12-31 20:03:38.564,0.2,7.8,0.09,0.05
2025-12-31 20:03:39.565,0.5,7.8,0.10,0.05
2025-12-31 20:03:40.566,0.3,7.8,0.10,0.05
2025-12-31 20:03:41.568,0.5,7.8,0.10,0.05
2025-12-31 20:03:42.569,0.4,7.8,0.09,0.05
2025-12-31 20:03:43.570,0.3,7.8,0.10,0.05
2025-12-31 20:03:44.572,0.5,7.8,0.09,0.05
2025-12-31 20:03:45.573,0.2,7.8,0.10,0.05
2025-12-31 20:03:46.574,0.3,7.8,0.10,0.05
2025-12-31 20:03:47.575,0.5,7.8,0.09,0.05
2025-12-31 20:03:48.577,0.2,7.8,0.10,0.05
2025-12-31 20:03:49.579,0.4,7.8,0.09,0.05
2025-12-31 20:03:50.580,0.3,7.8,0.10,0.05
2025-12-31 20:03:51.582,0.2,7.8,0.09,0.05
2025-12-31 20:03:52.583,0.3,7.8,0.10,0.05
2025-12-31 20:03:53.584,0.2,7.8,0.09,0.05
2025-12-31 20:03:54.586,0.2,7.8,0.09,0.05
2025-12-31 20:03:55.587,0.2,7.8,0.10,0.05
2025-12-31 20:03:56.588,0.2,7.8,0.10,0.05
2025-12-31 20:03:57.590,0.2,7.8,0.09,0.05
2025-12-31 20:03:58.592,0.1,7.8,0.09,0.05
2025-12-31 20:03:59.593,0.2,7.8,0.09,0.05
2025-12-31 20:04:00.595,0.2,7.8,0.10,0.05
2025-12-31 20:04:01.596,0.2,7.8,0.09,0.05
2025-12-31 20:04:02.598,0.1,7.8,0.10,0.05
2025-12-31 20:04:03.599,0.2,7.8,0.09,0.05
2025-12-31 20:04:04.600,0.1,7.8,0.10,0.05
2025-12-31 20:04:05.601,0.2,7.8,0.10,0.06
2025-12-31 20:04:06.603,0.1,7.8,0.09,0.06
2025-12-31 20:04:07.604,0.2,7.8,0.10,0.06
2025-12-31 20:04:08.606,0.0,7.8,0.10,0.05
2025-12-31 20:04:09.607,0.2,7.8,0.09,0.05
2025-12-31 20:04:10.609,0.1,7.8,0.10,0.06
2025-12-31 20:04:11.611,0.1,7.8,0.09,0.05
2025-12-31 20:04:12.612,0.1,7.8,0.09,0.06
2025-12-31 20:04:13.614,0.2,7.8,0.09,0.05
2025-12-31 20:04:14.616,0.2,7.8,0.10,0.05
2025-12-31 20:04:15.617,0.1,7.8,0.09,0.05
2025-12-31 20:04:16.618,0.2,7.8,0.09,0.05
2025-12-31 20:04:17.620,0.2,7.8,0.10,0.05
2025-12-31 20:04:18.621,0.1,7.8,0.09,0.05
2025-12-31 20:04:19.623,0.1,7.7,0.10,0.05
2025-12-31 20:04:20.624,0.1,7.7,0.10,0.05
2025-12-31 20:04:21.625,0.1,7.7,0.09,0.05
2025-12-31 20:04:22.627,0.0,7.7,0.10,0.05
2025-12-31 20:04:23.628,0.0,7.7,0.09,0.05
2025-12-31 20:04:24.630,0.2,7.7,0.09,0.05
2025-12-31 20:04:25.632,0.1,7.7,0.10,0.05
2025-12-31 20:04:26.633,0.0,7.7,0.09,0.05
2025-12-31 20:04:27.634,0.1,7.7,0.09,0.05
2025-12-31 20:04:28.637,0.0,7.7,0.09,0.05
2025-12-31 20:04:29.638,0.0,7.7,0.10,0.05
2025-12-31 20:04:30.640,0.1,7.7,0.10,0.05
2025-12-31 20:04:31.641,0.0,7.7,0.09,0.05
2025-12-31 20:04:32.642,0.1,7.7,0.10,0.05
2025-12-31 20:04:33.644,0.0,7.7,0.10,0.05
2025-12-31 20:04:34.645,0.1,7.7,0.09,0.05
2025-12-31 20:04:35.646,0.0,7.7,0.10,0.05
2025-12-31 20:04:36.648,0.0,7.7,0.10,0.05
2025-12-31 20:04:37.649,0.1,7.7,0.10,0.05
2025-12-31 20:04:38.651,0.1,7.7,0.09,0.05
2025-12-31 20:04:39.652,0.0,7.7,0.09,0.05
2025-12-31 20:04:40.653,0.0,7.7,0.10,0.05
2025-12-31 20:04:41.655,0.1,7.7,0.10,0.05
2025-12-31 20:04:42.656,0.1,7.7,0.09,0.05
2025-12-31 20:04:43.658,0.1,7.7,0.10,0.05
2025-12-31 20:04:44.659,0.1,7.7,0.10,0.05
2025-12-31 20:04:45.660,0.1,7.7,0.10,0.05
2025-12-31 20:04:46.661,0.1,7.8,0.10,0.05
2025-12-31 20:04:47.662,0.0,7.8,0.09,0.05
2025-12-31 20:04:48.664,0.1,7.8,0.09,0.05
2025-12-31 20:04:49.665,0.0,7.8,0.09,0.05
2025-12-31 20:04:50.666,0.1,7.8,0.10,0.05
2025-12-31 20:04:51.667,0.1,7.8,0.10,0.05
2025-12-31 20:04:52.669,0.0,7.8,0.10,0.05
2025-12-31 20:04:53.670,0.0,7.8,0.10,0.05
2025-12-31 20:04:54.672,0.0,7.8,0.10,0.05
2025-12-31 20:04:55.673,0.1,7.8,0.09,0.05
2025-12-31 20:04:56.675,0.0,7.8,0.09,0.05
2025-12-31 20:04:57.676,0.2,7.8,0.10,0.05
2025-12-31 20:04:58.677,0.0,7.8,0.09,0.05
2025-12-31 20:04:59.679,0.0,7.8,0.10,0.05
2025-12-31 20:05:00.680,0.1,7.8,0.10,0.05
2025-12-31 20:05:01.682,0.2,7.8,0.09,0.05
2025-12-31 20:05:02.683,0.0,7.8,0.10,0.05
2025-12-31 20:05:03.684,0.0,7.8,0.10,0.05
2025-12-31 20:05:04.685,0.0,7.8,0.09,0.06
2025-12-31 20:05:05.686,0.1,7.8,0.09,0.07
2025-12-31 20:05:06.688,0.1,7.8,0.10,0.06
2025-12-31 20:05:07.690,0.0,7.8,0.10,0.06
2025-12-31 20:05:08.692,0.0,7.8,0.10,0.05
2025-12-31 20:05:09.693,0.0,7.8,0.09,0.06
2025-12-31 20:05:10.695,0.1,7.8,0.10,0.05
2025-12-31 20:05:11.696,0.1,7.8,0.10,0.06
2025-12-31 20:05:12.698,0.1,7.8,0.09,0.05
2025-12-31 20:05:13.700,0.0,7.8,0.09,0.05
2025-12-31 20:05:14.701,0.0,7.8,0.10,0.05
2025-12-31 20:05:15.702,0.0,7.8,0.09,0.05
2025-12-31 20:05:16.704,0.2,7.8,0.10,0.05
2025-12-31 20:05:17.705,0.0,7.8,0.09,0.05
2025-12-31 20:05:18.707,0.1,7.8,0.10,0.05
2025-12-31 20:05:19.708,0.1,7.8,0.10,0.05
2025-12-31 20:05:20.710,0.0,7.8,0.10,0.05
2025-12-31 20:05:21.711,0.0,7.8,0.09,0.05
2025-12-31 20:05:22.713,0.0,7.8,0.10,0.05
2025-12-31 20:05:23.714,0.1,7.8,0.09,0.05
2025-12-31 20:05:24.716,0.0,7.8,0.10,0.06
2025-12-31 20:05:25.717,0.1,7.8,0.10,0.05
2025-12-31 20:05:26.718,0.0,7.8,0.09,0.05
2025-12-31 20:05:27.719,0.1,7.8,0.09,0.05
2025-12-31 20:05:28.720,0.1,7.8,0.09,0.05
2025-12-31 20:05:29.721,0.0,7.8,0.10,0.05
2025-12-31 20:05:30.723,0.1,7.8,0.10,0.05
2025-12-31 20:05:31.725,0.0,7.8,0.09,0.05
2025-12-31 20:05:32.726,0.1,7.8,0.10,0.05
2025-12-31 20:05:33.728,0.1,7.8,0.09,0.05
2025-12-31 20:05:34.730,0.0,7.8,0.10,0.05
2025-12-31 20:05:35.731,0.0,7.8,0.09,0.05
2025-12-31 20:05:36.733,0.1,7.8,0.10,0.05
2025-12-31 20:05:37.734,0.0,7.8,0.09,0.05
2025-12-31 20:05:38.736,0.1,7.8,0.10,0.05
2025-12-31 20:05:39.737,0.0,7.8,0.09,0.05
2025-12-31 20:05:40.738,0.0,7.8,0.10,0.05
2025-12-31 20:05:41.739,0.1,7.8,0.10,0.05
2025-12-31 20:05:42.740,0.1,7.8,0.10,0.05
2025-12-31 20:05:43.741,0.0,7.8,0.10,0.05
2025-12-31 20:05:44.742,0.0,7.8,0.09,0.05
2025-12-31 20:05:45.744,0.1,7.8,0.10,0.05
2025-12-31 20:05:46.745,0.2,7.8,0.09,0.05
2025-12-31 20:05:47.747,0.1,7.8,0.10,0.05
2025-12-31 20:05:48.749,0.0,7.8,0.09,0.05
2025-12-31 20:05:49.751,0.1,7.8,0.10,0.05
2025-12-31 20:05:50.753,0.0,7.8,0.10,0.05
2025-12-31 20:05:51.754,0.0,7.8,0.10,0.05
2025-12-31 20:05:52.756,0.2,7.8,0.10,0.05
2025-12-31 20:05:53.758,0.0,7.8,0.09,0.05
2025-12-31 20:05:54.759,0.2,7.8,0.09,0.05
2025-12-31 20:05:55.761,0.2,7.8,0.09,0.05
2025-12-31 20:05:56.762,0.1,7.8,0.10,0.05
2025-12-31 20:05:57.764,0.2,7.8,0.09,0.05
2025-12-31 20:05:58.766,0.1,7.8,0.10,0.05
2025-12-31 20:05:59.767,0.0,7.8,0.09,0.05
2025-12-31 20:06:00.768,0.2,7.8,0.10,0.05
2025-12-31 20:06:01.769,0.1,7.8,0.09,0.05
2025-12-31 20:06:02.771,0.0,7.8,0.10,0.05
2025-12-31 20:06:03.773,0.1,7.8,0.10,0.05
2025-12-31 20:06:04.775,0.0,7.8,0.09,0.05
2025-12-31 20:06:05.776,0.1,7.8,0.09,0.05
2025-12-31 20:06:06.778,0.1,7.8,0.10,0.05
2025-12-31 20:06:07.779,0.1,7.8,0.09,0.05
2025-12-31 20:06:08.781,0.1,7.8,0.09,0.05
2025-12-31 20:06:09.783,0.2,7.8,0.10,0.05
2025-12-31 20:06:10.785,0.0,7.8,0.10,0.05
2025-12-31 20:06:11.787,0.1,7.8,0.09,0.05
2025-12-31 20:06:12.788,0.1,7.8,0.09,0.05
2025-12-31 20:06:13.789,0.2,7.8,0.10,0.05
2025-12-31 20:06:14.790,0.1,7.8,0.09,0.05
2025-12-31 20:06:15.792,0.1,7.8,0.09,0.05
2025-12-31 20:06:16.794,0.2,7.8,0.10,0.05
2025-12-31 20:06:17.796,0.0,7.8,0.09,0.05
2025-12-31 20:06:18.797,0.2,7.8,0.10,0.05
2025-12-31 20:06:19.798,0.1,7.8,0.10,0.05
2025-12-31 20:06:20.801,0.2,7.8,0.10,0.05
2025-12-31 20:06:21.803,0.2,7.8,0.09,0.05
2025-12-31 20:06:22.805,0.2,7.8,0.10,0.05
2025-12-31 20:06:23.807,0.2,7.8,0.10,0.05
2025-12-31 20:06:24.809,0.2,7.8,0.09,0.05
2025-12-31 20:06:25.810,0.2,7.8,0.10,0.05
2025-12-31 20:06:26.812,0.1,7.8,0.10,0.05
2025-12-31 20:06:27.814,0.2,7.8,0.10,0.05
2025-12-31 20:06:28.815,0.2,7.8,0.09,0.05
2025-12-31 20:06:29.817,0.3,7.8,0.09,0.05
2025-12-31 20:06:30.818,0.3,7.8,0.10,0.05
2025-12-31 20:06:31.819,0.4,7.8,0.10,0.05
2025-12-31 20:06:32.821,0.4,7.8,0.09,0.05
2025-12-31 20:06:33.822,0.3,7.8,0.10,0.05
2025-12-31 20:06:34.824,0.3,7.8,0.10,0.05
2025-12-31 20:06:35.826,0.4,7.8,0.10,0.05
2025-12-31 20:06:36.828,0.2,7.8,0.09,0.05
2025-12-31 20:06:37.828,0.2,7.8,0.09,0.05
2025-12-31 20:06:38.830,0.2,7.8,0.09,0.05
2025-12-31 20:06:39.832,0.3,7.8,0.09,0.05
2025-12-31 20:06:40.833,0.4,7.8,0.10,0.05
2025-12-31 20:06:41.834,0.4,7.8,0.09,0.05
2025-12-31 20:06:42.836,0.2,7.8,0.12,0.05
2025-12-31 20:06:43.837,0.2,7.8,0.10,0.05
2025-12-31 20:06:44.838,0.5,7.8,0.09,0.05
2025-12-31 20:06:45.839,0.2,7.8,0.10,0.05
2025-12-31 20:06:46.840,0.2,7.8,0.10,0.05
2025-12-31 20:06:47.841,0.0,7.8,0.09,0.05
2025-12-31 20:06:48.842,0.2,7.8,0.10,0.05
2025-12-31 20:06:49.843,0.2,7.8,0.09,0.05
2025-12-31 20:06:50.844,0.2,7.8,0.10,0.05
2025-12-31 20:06:51.845,0.2,7.8,0.09,0.05
2025-12-31 20:06:52.847,0.2,7.8,0.10,0.05
2025-12-31 20:06:53.849,0.2,7.8,0.10,0.05
2025-12-31 20:06:54.850,0.0,7.8,0.09,0.05
2025-12-31 20:06:55.852,0.1,7.8,0.10,0.05
2025-12-31 20:06:56.854,0.2,7.8,0.09,0.05
2025-12-31 20:06:57.855,0.0,7.8,0.10,0.05
2025-12-31 20:06:58.856,0.1,7.8,0.10,0.05
2025-12-31 20:06:59.857,0.1,7.8,0.09,0.05
2025-12-31 20:07:00.858,0.1,7.8,0.10,0.05
2025-12-31 20:07:01.859,0.2,7.8,0.10,0.05
2025-12-31 20:07:02.860,0.2,7.8,0.09,0.05
2025-12-31 20:07:03.862,0.1,7.8,0.10,0.05
2025-12-31 20:07:04.863,0.2,7.8,0.10,0.05
2025-12-31 20:07:05.864,0.1,7.8,0.10,0.05
2025-12-31 20:07:06.865,0.0,7.8,0.09,0.05
2025-12-31 20:07:07.867,0.1,7.8,0.10,0.05
2025-12-31 20:07:08.869,0.2,7.8,0.09,0.05
2025-12-31 20:07:09.870,0.2,7.8,0.09,0.05
2025-12-31 20:07:10.871,0.0,7.8,0.10,0.05
2025-12-31 20:07:11.872,0.2,7.8,0.10,0.05
2025-12-31 20:07:12.874,0.0,7.8,0.10,0.05
2025-12-31 20:07:13.875,0.0,7.8,0.09,0.05
2025-12-31 20:07:14.876,0.2,7.8,0.09,0.05
2025-12-31 20:07:15.878,0.0,7.8,0.10,0.05
2025-12-31 20:07:16.880,0.2,7.8,0.09,0.05
2025-12-31 20:07:17.881,0.1,7.8,0.10,0.05
2025-12-31 20:07:18.883,0.0,7.8,0.09,0.05
2025-12-31 20:07:19.884,0.2,7.8,0.09,0.05
2025-12-31 20:07:20.886,0.0,7.8,0.10,0.05
2025-12-31 20:07:21.887,0.0,7.8,0.10,0.05
2025-12-31 20:07:22.888,0.1,7.8,0.09,0.05
2025-12-31 20:07:23.890,0.1,7.8,0.09,0.05
2025-12-31 20:07:24.892,0.0,7.8,0.10,0.05
2025-12-31 20:07:25.894,0.1,7.8,0.09,0.05
2025-12-31 20:07:26.896,0.1,7.8,0.10,0.05
2025-12-31 20:07:27.897,0.0,7.8,0.09,0.05
2025-12-31 20:07:28.899,0.0,7.8,0.09,0.05
2025-12-31 20:07:29.901,0.1,7.8,0.09,0.05
2025-12-31 20:07:30.903,0.0,7.8,0.10,0.05
2025-12-31 20:07:31.904,0.1,7.8,0.09,0.05
2025-12-31 20:07:32.906,0.1,7.8,0.10,0.05
2025-12-31 20:07:33.908,0.1,7.8,0.09,0.05
2025-12-31 20:07:34.909,0.0,7.8,0.10,0.05
2025-12-31 20:07:35.910,0.0,7.8,0.09,0.05
2025-12-31 20:07:36.911,0.0,7.8,0.10,0.05
2025-12-31 20:07:37.913,0.0,7.8,0.10,0.05
2025-12-31 20:07:38.914,0.1,7.8,0.09,0.05
2025-12-31 20:07:39.915,0.0,7.8,0.09,0.05
2025-12-31 20:07:40.917,0.1,7.8,0.10,0.05
2025-12-31 20:07:41.918,0.0,7.8,0.10,0.05
2025-12-31 20:07:42.920,0.1,7.8,0.10,0.05
2025-12-31 20:07:43.921,0.2,7.8,0.10,0.05
2025-12-31 20:07:44.922,0.0,7.8,0.09,0.05
2025-12-31 20:07:45.924,0.1,7.8,0.09,0.05
2025-12-31 20:07:46.926,0.2,7.8,0.10,0.05
2025-12-31 20:07:47.927,0.1,7.8,0.09,0.05
2025-12-31 20:07:48.929,0.0,7.8,0.10,0.05
2025-12-31 20:07:49.930,0.0,7.8,0.09,0.05
2025-12-31 20:07:50.931,0.2,7.8,0.10,0.05
2025-12-31 20:07:51.933,0.0,7.8,0.10,0.05
2025-12-31 20:07:52.934,0.0,7.8,0.09,0.05
2025-12-31 20:07:53.936,0.0,7.8,0.10,0.05
2025-12-31 20:07:54.937,0.1,7.8,0.09,0.05
2025-12-31 20:07:55.939,0.0,7.8,0.09,0.05
2025-12-31 20:07:56.941,0.1,7.8,0.10,0.05
2025-12-31 20:07:57.942,0.0,7.8,0.09,0.05
2025-12-31 20:07:58.944,0.1,7.8,0.09,0.05
2025-12-31 20:07:59.945,0.0,7.8,0.10,0.05
2025-12-31 20:08:00.947,0.0,7.8,0.10,0.05
2025-12-31 20:08:01.949,0.0,7.8,0.10,0.05
2025-12-31 20:08:02.951,0.1,7.8,0.09,0.05
2025-12-31 20:08:03.953,0.1,7.8,0.09,0.05
2025-12-31 20:08:04.954,0.0,7.8,0.10,0.05
2025-12-31 20:08:05.956,0.1,7.8,0.09,0.05
2025-12-31 20:08:06.957,0.0,7.8,0.09,0.05
2025-12-31 20:08:07.958,0.0,7.8,0.10,0.05
2025-12-31 20:08:08.960,0.1,7.8,0.09,0.05
2025-12-31 20:08:09.961,0.0,7.8,0.09,0.05
2025-12-31 20:08:10.962,0.1,7.8,0.10,0.05
2025-12-31 20:08:11.964,0.0,7.8,0.09,0.05
2025-12-31 20:08:12.965,0.0,7.8,0.10,0.05
2025-12-31 20:08:13.967,0.1,7.8,0.10,0.05
2025-12-31 20:08:14.968,0.0,7.8,0.09,0.05
2025-12-31 20:08:15.970,0.2,7.8,0.10,0.05
2025-12-31 20:08:16.972,0.2,7.8,0.09,0.05
2025-12-31 20:08:17.973,0.1,7.8,0.09,0.05
2025-12-31 20:08:18.975,0.0,7.8,0.09,0.05
2025-12-31 20:08:19.976,0.3,7.8,0.09,0.05
2025-12-31 20:08:20.978,0.1,7.8,0.10,0.05
2025-12-31 20:08:21.979,0.0,7.8,0.10,0.05
2025-12-31 20:08:22.981,0.2,7.8,0.09,0.05
2025-12-31 20:08:23.982,0.1,7.8,0.10,0.05
2025-12-31 20:08:24.984,0.3,7.8,0.09,0.05
2025-12-31 20:08:25.985,0.1,7.8,0.10,0.05
2025-12-31 20:08:26.986,0.2,7.8,0.10,0.05
2025-12-31 20:08:27.988,0.1,7.8,0.09,0.05
2025-12-31 20:08:28.989,0.1,7.8,0.09,0.05
2025-12-31 20:08:29.991,0.1,7.8,0.09,0.05
2025-12-31 20:08:30.992,0.1,7.8,0.10,0.05
2025-12-31 20:08:31.993,0.2,7.8,0.10,0.05
2025-12-31 20:08:32.995,0.2,7.8,0.10,0.05
2025-12-31 20:08:33.996,0.2,7.8,0.09,0.05
2025-12-31 20:08:34.998,0.2,7.8,0.10,0.05
2025-12-31 20:08:35.999,0.3,7.8,0.10,0.05
2025-12-31 20:08:37.001,0.1,7.8,0.09,0.05
2025-12-31 20:08:38.003,0.3,7.8,0.09,0.05
2025-12-31 20:08:39.004,0.4,7.8,0.10,0.05
2025-12-31 20:08:40.006,0.2,7.8,0.09,0.05
2025-12-31 20:08:41.007,0.2,7.8,0.10,0.05
2025-12-31 20:08:42.008,0.3,7.8,0.09,0.05
2025-12-31 20:08:43.010,0.2,7.8,0.09,0.05
2025-12-31 20:08:44.012,0.3,7.8,0.10,0.05
2025-12-31 20:08:45.015,0.3,7.8,0.10,0.05
2025-12-31 20:08:46.017,0.3,7.8,0.09,0.05
2025-12-31 20:08:47.019,0.2,7.8,0.09,0.05
2025-12-31 20:08:48.021,0.2,7.8,0.09,0.05
2025-12-31 20:08:49.022,0.1,7.8,0.09,0.05
2025-12-31 20:08:50.023,0.1,7.7,0.09,0.05
2025-12-31 20:08:51.024,0.2,7.7,0.10,0.05
2025-12-31 20:08:52.026,0.2,7.7,0.10,0.05
2025-12-31 20:08:53.028,0.3,7.7,0.09,0.05
2025-12-31 20:08:54.029,0.4,7.7,0.09,0.05
2025-12-31 20:08:55.031,0.2,7.7,0.10,0.05
2025-12-31 20:08:56.033,0.2,7.7,0.09,0.05
2025-12-31 20:08:57.034,0.3,7.7,0.09,0.05
2025-12-31 20:08:58.036,0.5,7.7,0.09,0.05
2025-12-31 20:08:59.037,0.2,7.7,0.10,0.05
2025-12-31 20:09:00.038,0.2,7.7,0.10,0.05
2025-12-31 20:09:01.040,0.0,7.7,0.10,0.05
2025-12-31 20:09:02.041,0.1,7.7,0.10,0.05
2025-12-31 20:09:03.043,0.0,7.7,0.09,0.05
2025-12-31 20:09:04.044,0.1,7.7,0.09,0.05
2025-12-31 20:09:05.045,0.0,7.7,0.10,0.05
2025-12-31 20:09:06.047,0.1,7.7,0.10,0.05
2025-12-31 20:09:07.048,0.0,7.7,0.10,0.05
2025-12-31 20:09:08.049,0.1,7.7,0.09,0.05
2025-12-31 20:09:09.051,0.2,7.7,0.10,0.05
2025-12-31 20:09:10.053,0.2,7.7,0.09,0.05
2025-12-31 20:09:11.054,0.1,7.7,0.10,0.05
2025-12-31 20:09:12.056,0.1,7.7,0.09,0.05
2025-12-31 20:09:13.058,0.2,7.7,0.10,0.05
2025-12-31 20:09:14.060,0.2,7.7,0.09,0.05
2025-12-31 20:09:15.061,0.0,7.7,0.10,0.05
2025-12-31 20:09:16.062,0.0,7.7,0.10,0.05
2025-12-31 20:09:17.063,0.2,7.7,0.10,0.05
2025-12-31 20:09:18.064,0.0,7.7,0.09,0.05
2025-12-31 20:09:19.065,0.0,7.7,0.10,0.05
2025-12-31 20:09:20.067,0.1,7.7,0.09,0.05
2025-12-31 20:09:21.069,0.0,7.7,0.10,0.05
2025-12-31 20:09:22.071,0.0,7.7,0.09,0.05
2025-12-31 20:09:23.072,0.0,7.7,0.09,0.05
2025-12-31 20:09:24.074,0.1,7.7,0.09,0.05
2025-12-31 20:09:25.075,0.0,7.7,0.10,0.05
2025-12-31 20:09:26.077,0.1,7.7,0.09,0.05
2025-12-31 20:09:27.079,0.0,7.7,0.09,0.05
2025-12-31 20:09:28.081,0.2,7.7,0.10,0.05
2025-12-31 20:09:29.082,0.0,7.7,0.10,0.05
2025-12-31 20:09:30.083,0.0,7.7,0.10,0.05
2025-12-31 20:09:31.084,0.0,7.7,0.10,0.05
2025-12-31 20:09:32.086,0.1,7.7,0.09,0.05
2025-12-31 20:09:33.087,0.0,7.7,0.10,0.05
2025-12-31 20:09:34.089,0.1,7.7,0.09,0.05
2025-12-31 20:09:35.090,0.0,7.7,0.10,0.05
2025-12-31 20:09:36.092,0.1,7.7,0.09,0.05
2025-12-31 20:09:37.093,0.0,7.7,0.10,0.05
2025-12-31 20:09:38.095,0.1,7.7,0.10,0.05
2025-12-31 20:09:39.096,0.1,7.7,0.10,0.05
2025-12-31 20:09:40.098,0.0,7.7,0.09,0.05
2025-12-31 20:09:41.100,0.1,7.7,0.10,0.05
2025-12-31 20:09:42.102,0.0,7.7,0.09,0.05
2025-12-31 20:09:43.103,0.1,7.7,0.09,0.05
2025-12-31 20:09:44.104,0.0,7.7,0.10,0.05
2025-12-31 20:09:45.106,0.0,7.7,0.09,0.05
2025-12-31 20:09:46.107,0.1,7.7,0.09,0.05
2025-12-31 20:09:47.109,0.2,7.7,0.10,0.05
2025-12-31 20:09:48.111,0.1,7.7,0.09,0.05
2025-12-31 20:09:49.113,0.0,7.7,0.09,0.05
2025-12-31 20:09:50.115,0.1,7.7,0.10,0.05
2025-12-31 20:09:51.116,0.0,7.7,0.10,0.05
2025-12-31 20:09:52.117,0.1,7.7,0.10,0.05
2025-12-31 20:09:53.119,0.2,7.7,0.10,0.05
2025-12-31 20:09:54.120,0.1,7.7,0.09,0.05
2025-12-31 20:09:55.122,0.0,7.7,0.09,0.05
2025-12-31 20:09:56.123,0.1,7.7,0.09,0.05
2025-12-31 20:09:57.124,0.1,7.7,0.09,0.05
2025-12-31 20:09:58.125,0.1,7.7,0.09,0.05
2025-12-31 20:09:59.127,0.0,7.7,0.09,0.05
2025-12-31 20:10:00.129,0.1,7.7,0.10,0.05
2025-12-31 20:10:01.130,0.0,7.7,0.10,0.05
2025-12-31 20:10:02.132,0.1,7.7,0.10,0.05
2025-12-31 20:10:03.133,0.0,7.7,0.09,0.05
2025-12-31 20:10:04.135,0.0,7.7,0.10,0.05
2025-12-31 20:10:05.136,0.1,7.7,0.10,0.05
2025-12-31 20:10:06.138,0.0,7.7,0.10,0.05
2025-12-31 20:10:07.139,0.1,7.7,0.09,0.05
2025-12-31 20:10:08.141,0.1,7.7,0.10,0.05
2025-12-31 20:10:09.143,0.1,7.7,0.09,0.05
2025-12-31 20:10:10.144,0.0,7.7,0.09,0.05
2025-12-31 20:10:11.147,0.0,7.7,0.10,0.05
2025-12-31 20:10:12.148,0.2,7.7,0.10,0.05
2025-12-31 20:10:13.149,0.1,7.7,0.09,0.05
2025-12-31 20:10:14.150,0.1,7.7,0.09,0.05
2025-12-31 20:10:15.152,0.1,7.7,0.09,0.05
2025-12-31 20:10:16.154,0.1,7.7,0.10,0.05
2025-12-31 20:10:17.156,0.2,7.8,0.10,0.05
2025-12-31 20:10:18.157,0.1,7.8,0.10,0.05
2025-12-31 20:10:19.159,0.1,7.8,0.09,0.05
2025-12-31 20:10:20.160,0.2,7.8,0.09,0.05
2025-12-31 20:10:21.161,0.1,7.8,0.10,0.05
2025-12-31 20:10:22.162,0.2,7.8,0.10,0.05
2025-12-31 20:10:23.163,0.2,7.8,0.10,0.05
2025-12-31 20:10:24.165,0.2,7.8,0.10,0.05
2025-12-31 20:10:25.166,0.1,7.8,0.10,0.05
2025-12-31 20:10:26.168,0.2,7.8,0.10,0.05
2025-12-31 20:10:27.169,0.2,7.8,0.10,0.05
2025-12-31 20:10:28.171,0.0,7.8,0.09,0.05
2025-12-31 20:10:29.172,0.2,7.8,0.10,0.05
2025-12-31 20:10:30.174,0.1,7.8,0.09,0.05
2025-12-31 20:10:31.175,0.2,7.8,0.10,0.05
2025-12-31 20:10:32.176,0.2,7.8,0.09,0.05
2025-12-31 20:10:33.177,0.2,7.8,0.10,0.05
2025-12-31 20:10:34.179,0.3,7.8,0.10,0.05
2025-12-31 20:10:35.180,0.1,7.8,0.09,0.05
2025-12-31 20:10:36.182,0.1,7.8,0.09,0.05
2025-12-31 20:10:37.183,0.4,7.8,0.10,0.05
2025-12-31 20:10:38.184,0.2,7.8,0.10,0.05
2025-12-31 20:10:39.186,0.2,7.8,0.10,0.05
2025-12-31 20:10:40.187,0.2,7.8,0.09,0.05
2025-12-31 20:10:41.189,0.3,7.8,0.10,0.05
2025-12-31 20:10:42.190,0.4,7.8,0.10,0.05
2025-12-31 20:10:43.192,0.2,7.8,0.10,0.05
2025-12-31 20:10:44.193,0.4,7.8,0.10,0.05
2025-12-31 20:10:45.195,0.2,7.8,0.10,0.05
2025-12-31 20:10:46.197,0.2,7.8,0.10,0.05
2025-12-31 20:10:47.198,0.3,7.8,0.10,0.05
2025-12-31 20:10:48.200,0.1,7.8,0.09,0.05
2025-12-31 20:10:49.201,0.2,7.8,0.10,0.05
2025-12-31 20:10:50.203,0.1,7.8,0.09,0.05
2025-12-31 20:10:51.204,0.1,7.8,0.10,0.05
2025-12-31 20:10:52.206,0.3,7.8,0.10,0.05
2025-12-31 20:10:53.208,0.2,7.8,0.10,0.05
2025-12-31 20:10:54.209,0.3,7.8,0.10,0.05
2025-12-31 20:10:55.212,0.6,7.8,0.10,0.05
2025-12-31 20:10:56.214,0.2,7.8,0.10,0.05
2025-12-31 20:10:57.216,0.2,7.8,0.10,0.05
2025-12-31 20:10:58.217,0.2,7.8,0.10,0.05
2025-12-31 20:10:59.218,0.2,7.8,0.09,0.05
2025-12-31 20:11:00.220,0.1,7.8,0.09,0.05
2025-12-31 20:11:01.222,0.2,7.8,0.10,0.05
2025-12-31 20:11:02.223,0.2,7.8,0.10,0.05
2025-12-31 20:11:03.224,0.0,7.8,0.09,0.05
2025-12-31 20:11:04.226,0.1,7.8,0.09,0.05
2025-12-31 20:11:05.227,0.1,7.8,0.09,0.05
2025-12-31 20:11:06.229,0.1,7.8,0.10,0.05
2025-12-31 20:11:07.231,0.1,7.8,0.10,0.05
2025-12-31 20:11:08.232,0.2,7.8,0.10,0.05
2025-12-31 20:11:09.234,0.1,7.8,0.10,0.05
2025-12-31 20:11:10.235,0.2,7.8,0.10,0.05
2025-12-31 20:11:11.237,0.1,7.8,0.10,0.05
2025-12-31 20:11:12.239,0.1,7.8,0.10,0.05
2025-12-31 20:11:13.240,0.0,7.8,0.10,0.05
2025-12-31 20:11:14.241,0.1,7.8,0.10,0.05
2025-12-31 20:11:15.243,0.0,7.8,0.09,0.05
2025-12-31 20:11:16.244,0.1,7.8,0.10,0.05
2025-12-31 20:11:17.245,0.1,7.8,0.09,0.05
2025-12-31 20:11:18.247,0.1,7.8,0.10,0.05
2025-12-31 20:11:19.248,0.0,7.8,0.09,0.05
2025-12-31 20:11:20.250,0.0,7.8,0.10,0.05
2025-12-31 20:11:21.251,0.2,7.8,0.10,0.05
2025-12-31 20:11:22.253,0.1,7.8,0.10,0.05
2025-12-31 20:11:23.254,0.1,7.8,0.10,0.05
2025-12-31 20:11:24.256,0.1,7.8,0.10,0.05
2025-12-31 20:11:25.257,0.0,7.8,0.10,0.05
2025-12-31 20:11:26.259,0.0,7.8,0.10,0.05
2025-12-31 20:11:27.261,0.1,7.8,0.10,0.05
2025-12-31 20:11:28.262,0.0,7.8,0.10,0.05
2025-12-31 20:11:29.263,0.1,7.8,0.10,0.05
2025-12-31 20:11:30.265,0.2,7.8,0.10,0.05
2025-12-31 20:11:31.266,0.0,7.8,0.10,0.05
2025-12-31 20:11:32.268,0.2,7.8,0.10,0.05
2025-12-31 20:11:33.270,0.0,7.8,0.09,0.05
2025-12-31 20:11:34.271,0.0,7.8,0.09,0.05
2025-12-31 20:11:35.272,0.0,7.8,0.09,0.05
2025-12-31 20:11:36.274,0.1,7.8,0.09,0.05
2025-12-31 20:11:37.275,0.0,7.8,0.10,0.05
2025-12-31 20:11:38.277,0.1,7.8,0.10,0.05
2025-12-31 20:11:39.279,0.0,7.8,0.09,0.05
2025-12-31 20:11:40.281,0.1,7.8,0.10,0.05
2025-12-31 20:11:41.282,0.1,7.8,0.10,0.05
2025-12-31 20:11:42.284,0.0,7.8,0.10,0.05
2025-12-31 20:11:43.285,0.0,7.8,0.10,0.05
2025-12-31 20:11:44.286,0.0,7.8,0.10,0.05
2025-12-31 20:11:45.287,0.2,7.8,0.10,0.05
2025-12-31 20:11:46.289,0.0,7.8,0.10,0.05
2025-12-31 20:11:47.291,0.2,7.8,0.10,0.05
2025-12-31 20:11:48.293,0.2,7.8,0.10,0.05
2025-12-31 20:11:49.294,0.0,7.8,0.10,0.05
2025-12-31 20:11:50.296,0.1,7.8,0.10,0.05
2025-12-31 20:11:51.298,0.0,7.8,0.10,0.05
2025-12-31 20:11:52.300,0.1,7.8,0.10,0.05
2025-12-31 20:11:53.301,0.1,7.8,0.09,0.05
2025-12-31 20:11:54.303,0.2,7.8,0.10,0.05
2025-12-31 20:11:55.304,0.0,7.8,0.09,0.05
2025-12-31 20:11:56.306,0.1,7.8,0.09,0.05
2025-12-31 20:11:57.308,0.0,7.8,0.10,0.05
2025-12-31 20:11:58.309,0.1,7.8,0.10,0.05
2025-12-31 20:11:59.310,0.0,7.8,0.10,0.05
2025-12-31 20:12:00.312,0.0,7.8,0.10,0.05
2025-12-31 20:12:01.313,0.1,7.8,0.10,0.05
2025-12-31 20:12:02.316,0.1,7.8,0.10,0.05
2025-12-31 20:12:03.317,0.0,7.8,0.10,0.05
2025-12-31 20:12:04.319,0.1,7.8,0.10,0.05
2025-12-31 20:12:05.321,0.1,7.8,0.10,0.05
2025-12-31 20:12:06.322,0.1,7.8,0.09,0.05
2025-12-31 20:12:07.324,0.0,7.8,0.10,0.05
2025-12-31 20:12:08.325,0.1,7.8,0.09,0.05
2025-12-31 20:12:09.326,0.1,7.8,0.10,0.05
2025-12-31 20:12:10.328,0.0,7.8,0.10,0.05
2025-12-31 20:12:11.329,0.0,7.8,0.10,0.05
2025-12-31 20:12:12.331,0.0,7.8,0.10,0.05
2025-12-31 20:12:13.333,0.1,7.8,0.09,0.05
2025-12-31 20:12:14.334,0.1,7.8,0.10,0.05
2025-12-31 20:12:15.336,0.0,7.8,0.10,0.05
2025-12-31 20:12:16.338,0.1,7.8,0.09,0.05
2025-12-31 20:12:17.340,0.2,7.8,0.09,0.05
2025-12-31 20:12:18.341,0.1,7.8,0.10,0.05
2025-12-31 20:12:19.343,0.2,7.8,0.09,0.05
2025-12-31 20:12:20.345,0.2,7.8,0.09,0.05
2025-12-31 20:12:21.348,0.2,7.8,0.12,0.06
2025-12-31 20:12:22.348,0.0,7.8,0.10,0.05
2025-12-31 20:12:23.349,0.2,7.8,0.10,0.05
2025-12-31 20:12:24.350,0.1,7.8,0.10,0.05
2025-12-31 20:12:25.351,0.2,7.8,0.11,0.05
2025-12-31 20:12:26.352,0.2,7.8,0.10,0.05
2025-12-31 20:12:27.353,0.1,7.8,0.09,0.05
2025-12-31 20:12:28.354,0.2,7.8,0.10,0.05
2025-12-31 20:12:29.355,0.2,7.8,0.09,0.05
2025-12-31 20:12:30.357,0.1,7.8,0.09,0.05
2025-12-31 20:12:31.359,0.2,7.8,0.10,0.05
2025-12-31 20:12:32.360,0.2,7.8,0.09,0.04
2025-12-31 20:12:33.362,0.3,7.8,0.10,0.05
2025-12-31 20:12:34.363,0.2,7.8,0.10,0.05
2025-12-31 20:12:35.364,0.2,7.8,0.10,0.05
2025-12-31 20:12:36.365,0.1,7.8,0.10,0.05
2025-12-31 20:12:37.367,0.1,7.8,0.10,0.06
2025-12-31 20:12:38.368,0.3,7.8,0.10,0.05
2025-12-31 20:12:39.369,0.2,7.8,0.10,0.05
2025-12-31 20:12:40.370,0.2,7.8,0.10,0.05
2025-12-31 20:12:41.371,0.6,7.8,0.10,0.05
2025-12-31 20:12:42.372,0.2,7.8,0.09,0.05
2025-12-31 20:12:43.374,0.5,7.8,0.10,0.05
2025-12-31 20:12:44.375,0.3,7.8,0.10,0.05
2025-12-31 20:12:45.377,0.4,7.8,0.10,0.05
2025-12-31 20:12:46.378,0.3,7.8,0.09,0.05
2025-12-31 20:12:47.379,0.4,7.8,0.10,0.05
2025-12-31 20:12:48.381,0.3,7.8,0.10,0.05
2025-12-31 20:12:49.383,0.1,7.8,0.09,0.05
2025-12-31 20:12:50.385,0.2,7.8,0.10,0.05
2025-12-31 20:12:51.387,0.3,7.8,0.10,0.05
2025-12-31 20:12:52.388,0.2,7.8,0.10,0.05
2025-12-31 20:12:53.390,0.2,7.8,0.09,0.05
2025-12-31 20:12:54.392,0.3,7.8,0.10,0.05
2025-12-31 20:12:55.393,0.2,7.8,0.09,0.05
2025-12-31 20:12:56.395,0.3,7.8,0.10,0.05
2025-12-31 20:12:57.397,0.4,7.8,0.09,0.05
2025-12-31 20:12:58.398,0.3,7.8,0.10,0.05
2025-12-31 20:12:59.400,0.3,7.8,0.09,0.05
2025-12-31 20:13:00.401,0.3,7.8,0.09,0.05
2025-12-31 20:13:01.403,0.2,7.8,0.10,0.05
2025-12-31 20:13:02.405,0.1,7.8,0.10,0.05
2025-12-31 20:13:03.407,0.1,7.8,0.10,0.05
2025-12-31 20:13:04.408,0.1,7.8,0.10,0.05
2025-12-31 20:13:05.409,0.0,7.8,0.09,0.05
2025-12-31 20:13:06.410,0.1,7.8,0.10,0.05
2025-12-31 20:13:07.411,0.1,7.8,0.10,0.05
2025-12-31 20:13:08.413,0.0,7.8,0.10,0.05
2025-12-31 20:13:09.414,0.1,7.8,0.09,0.05
2025-12-31 20:13:10.416,0.1,7.8,0.10,0.05
2025-12-31 20:13:11.417,0.2,7.8,0.10,0.05
2025-12-31 20:13:12.418,0.1,7.8,0.10,0.05
2025-12-31 20:13:13.421,0.1,7.8,0.10,0.05
2025-12-31 20:13:14.422,0.2,7.8,0.10,0.05
2025-12-31 20:13:15.423,0.1,7.8,0.10,0.05
2025-12-31 20:13:16.425,0.1,7.8,0.10,0.05
2025-12-31 20:13:17.426,0.1,7.8,0.09,0.05
2025-12-31 20:13:18.428,0.1,7.8,0.10,0.05
2025-12-31 20:13:19.429,0.1,7.8,0.10,0.05
2025-12-31 20:13:20.430,0.0,7.8,0.09,0.05
2025-12-31 20:13:21.431,0.2,7.8,0.10,0.05
2025-12-31 20:13:22.433,0.0,7.8,0.10,0.05
2025-12-31 20:13:23.435,0.2,7.8,0.10,0.05
2025-12-31 20:13:24.437,0.1,7.8,0.10,0.05
2025-12-31 20:13:25.438,0.1,7.8,0.10,0.05
2025-12-31 20:13:26.440,0.1,7.8,0.10,0.05
2025-12-31 20:13:27.442,0.0,7.8,0.10,0.05
2025-12-31 20:13:28.444,0.1,7.8,0.10,0.05
2025-12-31 20:13:29.446,0.1,7.8,0.10,0.05
2025-12-31 20:13:30.448,0.0,7.8,0.10,0.05
2025-12-31 20:13:31.449,0.0,7.8,0.10,0.05
2025-12-31 20:13:32.450,0.1,7.8,0.10,0.05
2025-12-31 20:13:33.451,0.1,7.8,0.09,0.05
2025-12-31 20:13:34.453,0.1,7.8,0.10,0.05
2025-12-31 20:13:35.454,0.1,7.8,0.09,0.05
2025-12-31 20:13:36.456,0.0,7.8,0.10,0.05
2025-12-31 20:13:37.458,0.1,7.8,0.09,0.05
2025-12-31 20:13:38.460,0.1,7.8,0.09,0.05
2025-12-31 20:13:39.461,0.0,7.8,0.10,0.05
2025-12-31 20:13:40.462,0.0,7.8,0.10,0.05
2025-12-31 20:13:41.463,0.1,7.8,0.10,0.05
2025-12-31 20:13:42.464,0.0,7.8,0.10,0.05
2025-12-31 20:13:43.466,0.2,7.8,0.10,0.05
2025-12-31 20:13:44.468,0.1,7.8,0.09,0.05
2025-12-31 20:13:45.469,0.0,7.8,0.09,0.05
2025-12-31 20:13:46.470,0.0,7.8,0.10,0.05
2025-12-31 20:13:47.471,0.1,7.8,0.09,0.05
2025-12-31 20:13:48.472,0.0,7.8,0.09,0.05
2025-12-31 20:13:49.474,0.1,7.8,0.10,0.05
2025-12-31 20:13:50.475,0.1,7.8,0.09,0.05
2025-12-31 20:13:51.476,0.0,7.8,0.10,0.05
2025-12-31 20:13:52.478,0.0,7.8,0.10,0.05
2025-12-31 20:13:53.479,0.1,7.8,0.10,0.05
2025-12-31 20:13:54.481,0.0,7.8,0.10,0.05
2025-12-31 20:13:55.482,0.0,7.8,0.10,0.05
2025-12-31 20:13:56.484,0.1,7.8,0.09,0.05
2025-12-31 20:13:57.486,0.0,7.8,0.10,0.05
2025-12-31 20:13:58.487,0.0,7.8,0.09,0.05
2025-12-31 20:13:59.489,0.2,7.8,0.10,0.05
2025-12-31 20:14:00.490,0.0,7.8,0.09,0.05
2025-12-31 20:14:01.492,0.1,7.8,0.10,0.05
2025-12-31 20:14:02.493,0.0,7.8,0.10,0.05
2025-12-31 20:14:03.495,0.0,7.8,0.10,0.05
2025-12-31 20:14:04.496,0.1,7.8,0.10,0.06
2025-12-31 20:14:05.497,0.1,7.8,0.10,0.06
2025-12-31 20:14:06.499,0.2,7.8,0.09,0.05
2025-12-31 20:14:07.500,0.1,7.8,0.10,0.06
2025-12-31 20:14:08.502,0.0,7.8,0.09,0.05
2025-12-31 20:14:09.503,0.2,7.8,0.10,0.06
2025-12-31 20:14:10.505,0.1,7.8,0.10,0.06
2025-12-31 20:14:11.506,0.0,7.8,0.10,0.05
2025-12-31 20:14:12.507,0.1,7.8,0.10,0.06
2025-12-31 20:14:13.509,0.0,7.8,0.10,0.05
2025-12-31 20:14:14.511,0.2,7.8,0.09,0.05
2025-12-31 20:14:15.512,0.0,7.8,0.10,0.06
2025-12-31 20:14:16.514,0.0,7.8,0.09,0.05
2025-12-31 20:14:17.515,0.2,7.8,0.10,0.05
2025-12-31 20:14:18.517,0.0,7.8,0.09,0.05
2025-12-31 20:14:19.518,0.0,7.8,0.10,0.05
2025-12-31 20:14:20.520,0.2,7.8,0.09,0.05
2025-12-31 20:14:21.521,0.2,7.8,0.10,0.05
2025-12-31 20:14:22.523,0.1,7.8,0.10,0.05
2025-12-31 20:14:23.526,0.2,7.8,0.10,0.05
2025-12-31 20:14:24.527,0.2,7.8,0.10,0.05
2025-12-31 20:14:25.530,0.0,7.8,0.11,0.05
2025-12-31 20:14:26.531,0.2,7.8,0.09,0.05
2025-12-31 20:14:27.532,0.1,7.8,0.09,0.05
2025-12-31 20:14:28.534,0.1,7.8,0.10,0.05
2025-12-31 20:14:29.536,0.2,7.8,0.09,0.05
2025-12-31 20:14:30.537,0.2,7.8,0.10,0.05
2025-12-31 20:14:31.540,0.1,7.8,0.09,0.05
2025-12-31 20:14:32.542,0.2,7.8,0.10,0.05
2025-12-31 20:14:33.544,0.2,7.8,0.09,0.05
2025-12-31 20:14:34.545,0.1,7.8,0.10,0.05
2025-12-31 20:14:35.546,0.2,7.8,0.10,0.05
2025-12-31 20:14:36.548,0.1,7.8,0.09,0.05
2025-12-31 20:14:37.550,0.2,7.8,0.09,0.05
2025-12-31 20:14:38.551,0.2,7.8,0.10,0.05
2025-12-31 20:14:39.553,0.3,7.8,0.09,0.05
2025-12-31 20:14:40.554,0.2,7.8,0.09,0.05
2025-12-31 20:14:41.556,0.3,7.8,0.09,0.05
2025-12-31 20:14:42.558,0.2,7.8,0.10,0.05
2025-12-31 20:14:43.560,0.3,7.8,0.09,0.05
2025-12-31 20:14:44.561,0.2,7.8,0.09,0.05
2025-12-31 20:14:45.563,0.6,7.8,0.09,0.05
2025-12-31 20:14:46.564,0.4,7.8,0.09,0.05
2025-12-31 20:14:47.566,0.7,7.8,0.09,0.05
2025-12-31 20:14:48.568,0.2,7.8,0.10,0.05
2025-12-31 20:14:49.569,0.3,7.8,0.09,0.05
2025-12-31 20:14:50.571,0.2,7.8,0.10,0.05
2025-12-31 20:14:51.573,0.2,7.8,0.10,0.05
2025-12-31 20:14:52.575,0.2,7.8,0.10,0.05
2025-12-31 20:14:53.576,0.3,7.8,0.09,0.05
2025-12-31 20:14:54.578,0.2,7.8,0.09,0.05
2025-12-31 20:14:55.580,0.3,7.8,0.10,0.05
2025-12-31 20:14:56.581,0.2,7.8,0.10,0.05
2025-12-31 20:14:57.584,0.3,7.8,0.10,0.05
2025-12-31 20:14:58.585,0.2,7.8,0.09,0.05
2025-12-31 20:14:59.587,0.3,7.8,0.09,0.05
2025-12-31 20:15:00.589,0.4,7.8,0.10,0.05
2025-12-31 20:15:01.590,0.2,7.8,0.09,0.05
2025-12-31 20:15:02.592,0.2,7.8,0.10,0.05
2025-12-31 20:15:03.594,0.2,7.8,0.10,0.05
2025-12-31 20:15:04.596,0.1,7.8,0.09,0.06
2025-12-31 20:15:05.597,0.0,7.8,0.09,0.07
2025-12-31 20:15:06.599,0.1,7.8,0.10,0.06
2025-12-31 20:15:07.600,0.0,7.8,0.09,0.05
2025-12-31 20:15:08.601,0.1,7.8,0.10,0.06
2025-12-31 20:15:09.603,0.1,7.8,0.09,0.05
2025-12-31 20:15:10.605,0.1,7.8,0.10,0.06
2025-12-31 20:15:11.606,0.2,7.8,0.09,0.05
2025-12-31 20:15:12.608,0.0,7.8,0.10,0.06
2025-12-31 20:15:13.610,0.2,7.8,0.09,0.05
2025-12-31 20:15:14.612,0.2,7.8,0.09,0.05
2025-12-31 20:15:15.613,0.2,7.8,0.10,0.05
2025-12-31 20:15:16.615,0.2,7.8,0.10,0.05
2025-12-31 20:15:17.615,0.0,7.8,0.09,0.05
2025-12-31 20:15:18.616,0.0,7.8,0.09,0.05
2025-12-31 20:15:19.618,0.1,7.8,0.10,0.05
2025-12-31 20:15:20.619,0.1,7.8,0.10,0.05
2025-12-31 20:15:21.621,0.1,7.8,0.09,0.05
2025-12-31 20:15:22.622,0.0,7.8,0.10,0.05
2025-12-31 20:15:23.624,0.1,7.8,0.09,0.05
2025-12-31 20:15:24.625,0.0,7.8,0.09,0.05
2025-12-31 20:15:25.626,0.1,7.8,0.10,0.05
2025-12-31 20:15:26.627,0.1,7.8,0.09,0.05
2025-12-31 20:15:27.629,0.0,7.8,0.10,0.05
2025-12-31 20:15:28.630,0.1,7.8,0.09,0.05
2025-12-31 20:15:29.632,0.0,7.8,0.10,0.05
2025-12-31 20:15:30.634,0.0,7.8,0.10,0.05
2025-12-31 20:15:31.636,0.1,7.8,0.10,0.05
2025-12-31 20:15:32.638,0.0,7.8,0.10,0.05
2025-12-31 20:15:33.639,0.1,7.8,0.10,0.05
2025-12-31 20:15:34.641,0.0,7.8,0.09,0.05
2025-12-31 20:15:35.642,0.1,7.8,0.10,0.05
2025-12-31 20:15:36.643,0.0,7.8,0.09,0.05
2025-12-31 20:15:37.645,0.0,7.8,0.10,0.05
2025-12-31 20:15:38.647,0.1,7.8,0.09,0.05
2025-12-31 20:15:39.649,0.0,7.8,0.09,0.05
2025-12-31 20:15:40.651,0.0,7.8,0.10,0.05
2025-12-31 20:15:41.653,0.2,7.8,0.10,0.05
2025-12-31 20:15:42.654,0.1,7.8,0.10,0.05
2025-12-31 20:15:43.656,0.0,7.8,0.09,0.05
2025-12-31 20:15:44.657,0.2,7.8,0.09,0.05
2025-12-31 20:15:45.659,0.0,7.8,0.10,0.05
2025-12-31 20:15:46.660,0.2,7.8,0.09,0.05
2025-12-31 20:15:47.662,0.0,7.8,0.09,0.05
2025-12-31 20:15:48.664,0.0,7.8,0.09,0.05
2025-12-31 20:15:49.665,0.1,7.8,0.10,0.05
2025-12-31 20:15:50.667,0.1,7.8,0.09,0.05
2025-12-31 20:15:51.668,0.1,7.8,0.09,0.05
2025-12-31 20:15:52.669,0.0,7.8,0.10,0.05
2025-12-31 20:15:53.671,0.2,7.8,0.09,0.05
2025-12-31 20:15:54.672,0.0,7.8,0.09,0.05
2025-12-31 20:15:55.674,0.1,7.8,0.10,0.05
2025-12-31 20:15:56.675,0.2,7.8,0.10,0.05
2025-12-31 20:15:57.676,0.0,7.8,0.09,0.05
2025-12-31 20:15:58.677,0.0,7.8,0.10,0.05
2025-12-31 20:15:59.678,0.1,7.8,0.10,0.05
2025-12-31 20:16:00.680,0.1,7.8,0.09,0.05
2025-12-31 20:16:01.682,0.0,7.8,0.09,0.05
2025-12-31 20:16:02.683,0.2,7.8,0.10,0.06
2025-12-31 20:16:03.685,0.0,7.8,0.10,0.05
2025-12-31 20:16:04.686,0.0,7.8,0.09,0.05
2025-12-31 20:16:05.687,0.1,7.8,0.10,0.05
2025-12-31 20:16:06.689,0.0,7.8,0.09,0.05
2025-12-31 20:16:07.690,0.1,7.8,0.09,0.05
2025-12-31 20:16:08.692,0.1,7.8,0.09,0.05
2025-12-31 20:16:09.694,0.1,7.8,0.09,0.05
2025-12-31 20:16:10.696,0.1,7.8,0.09,0.05
2025-12-31 20:16:11.697,0.0,7.8,0.09,0.05
2025-12-31 20:16:12.699,0.1,7.8,0.10,0.05
2025-12-31 20:16:13.700,0.1,7.8,0.10,0.05
2025-12-31 20:16:14.702,0.2,7.8,0.10,0.05
2025-12-31 20:16:15.703,0.0,7.8,0.09,0.05
2025-12-31 20:16:16.704,0.2,7.8,0.09,0.05
2025-12-31 20:16:17.706,0.0,7.8,0.10,0.05
2025-12-31 20:16:18.707,0.1,7.8,0.10,0.05
2025-12-31 20:16:19.709,0.2,7.8,0.09,0.05
2025-12-31 20:16:20.710,0.1,7.8,0.09,0.05
2025-12-31 20:16:21.712,0.1,7.8,0.10,0.05
2025-12-31 20:16:22.713,0.2,7.8,0.10,0.05
2025-12-31 20:16:23.714,0.2,7.8,0.09,0.05
2025-12-31 20:16:24.716,0.2,7.8,0.09,0.05
2025-12-31 20:16:25.717,0.1,7.8,0.10,0.06
2025-12-31 20:16:26.718,0.1,7.8,0.09,0.05
2025-12-31 20:16:27.720,0.2,7.8,0.09,0.05
2025-12-31 20:16:28.721,0.2,7.8,0.09,0.05
2025-12-31 20:16:29.723,0.2,7.8,0.10,0.05
2025-12-31 20:16:30.724,0.2,7.8,0.09,0.05
2025-12-31 20:16:31.726,0.2,7.8,0.09,0.05
2025-12-31 20:16:32.727,0.2,7.8,0.10,0.05
2025-12-31 20:16:33.729,0.2,7.8,0.09,0.05
2025-12-31 20:16:34.730,0.2,7.8,0.09,0.05
2025-12-31 20:16:35.732,0.3,7.8,0.09,0.05
2025-12-31 20:16:36.733,0.2,7.8,0.10,0.05
2025-12-31 20:16:37.735,0.2,7.8,0.10,0.05
2025-12-31 20:16:38.736,0.1,7.8,0.09,0.05
2025-12-31 20:16:39.737,0.1,7.8,0.09,0.05
2025-12-31 20:16:40.738,0.2,7.8,0.09,0.05
2025-12-31 20:16:41.740,0.1,7.8,0.09,0.05
2025-12-31 20:16:42.741,0.1,7.8,0.10,0.05
2025-12-31 20:16:43.743,0.2,7.8,0.09,0.05
2025-12-31 20:16:44.744,0.2,7.8,0.10,0.05
2025-12-31 20:16:45.745,0.2,7.8,0.10,0.05
2025-12-31 20:16:46.746,0.4,7.8,0.10,0.05
2025-12-31 20:16:47.748,0.4,7.8,0.10,0.05
2025-12-31 20:16:48.750,0.2,7.8,0.09,0.05
2025-12-31 20:16:49.751,0.4,7.8,0.09,0.05
2025-12-31 20:16:50.752,0.3,7.8,0.09,0.05
2025-12-31 20:16:51.753,0.3,7.8,0.09,0.05
2025-12-31 20:16:52.755,0.3,7.8,0.10,0.05
2025-12-31 20:16:53.756,0.2,7.8,0.10,0.05
2025-12-31 20:16:54.757,0.1,7.8,0.09,0.05
2025-12-31 20:16:55.759,0.0,7.8,0.09,0.05
2025-12-31 20:16:56.761,0.2,7.8,0.09,0.05
2025-12-31 20:16:57.763,0.2,7.8,0.09,0.05
2025-12-31 20:16:58.764,0.1,7.8,0.10,0.05
2025-12-31 20:16:59.766,0.3,7.8,0.09,0.05
2025-12-31 20:17:00.767,0.2,7.8,0.10,0.05
2025-12-31 20:17:01.769,0.6,7.8,0.09,0.05
2025-12-31 20:17:02.770,0.5,7.8,0.10,0.05
2025-12-31 20:17:03.772,0.4,7.8,0.10,0.05
2025-12-31 20:17:04.774,0.2,7.8,0.09,0.05
2025-12-31 20:17:05.775,0.3,7.8,0.10,0.05
2025-12-31 20:17:06.776,0.0,7.8,0.10,0.05
2025-12-31 20:17:07.777,0.0,7.8,0.10,0.05
2025-12-31 20:17:08.779,0.1,7.8,0.09,0.05
2025-12-31 20:17:09.779,0.1,7.8,0.10,0.05
2025-12-31 20:17:10.781,0.0,7.8,0.09,0.05
2025-12-31 20:17:11.782,0.1,7.8,0.10,0.05
2025-12-31 20:17:12.783,0.0,7.8,0.10,0.05
2025-12-31 20:17:13.785,0.1,7.8,0.10,0.05
2025-12-31 20:17:14.787,0.1,7.8,0.10,0.06
2025-12-31 20:17:15.788,0.2,7.8,0.10,0.05
2025-12-31 20:17:16.790,0.2,7.8,0.09,0.05
2025-12-31 20:17:17.791,0.1,7.8,0.10,0.05
2025-12-31 20:17:18.792,0.2,7.8,0.10,0.05
2025-12-31 20:17:19.793,0.0,7.8,0.09,0.05
2025-12-31 20:17:20.795,0.0,7.8,0.10,0.05
2025-12-31 20:17:21.796,0.0,7.8,0.09,0.05
2025-12-31 20:17:22.797,0.1,7.8,0.10,0.05
2025-12-31 20:17:23.799,0.1,7.8,0.09,0.05
2025-12-31 20:17:24.800,0.0,7.8,0.09,0.05
2025-12-31 20:17:25.802,0.2,7.8,0.10,0.05
2025-12-31 20:17:26.803,0.2,7.8,0.09,0.05
2025-12-31 20:17:27.805,0.0,7.8,0.09,0.05
2025-12-31 20:17:28.806,0.1,7.8,0.09,0.05
2025-12-31 20:17:29.808,0.0,7.8,0.10,0.05
2025-12-31 20:17:30.809,0.0,7.8,0.10,0.05
2025-12-31 20:17:31.810,0.0,7.8,0.10,0.05
2025-12-31 20:17:32.812,0.1,7.8,0.10,0.05
2025-12-31 20:17:33.814,0.1,7.8,0.10,0.05
2025-12-31 20:17:34.815,0.0,7.8,0.09,0.05
2025-12-31 20:17:35.818,0.1,7.8,0.09,0.05
2025-12-31 20:17:36.820,0.0,7.8,0.09,0.05
2025-12-31 20:17:37.822,0.0,7.8,0.10,0.05
2025-12-31 20:17:38.823,0.1,7.8,0.09,0.05
2025-12-31 20:17:39.825,0.0,7.8,0.10,0.05
2025-12-31 20:17:40.827,0.1,7.8,0.09,0.05
2025-12-31 20:17:41.828,0.1,7.8,0.09,0.05
2025-12-31 20:17:42.830,0.1,7.8,0.10,0.05
2025-12-31 20:17:43.832,0.8,7.8,0.09,0.05
2025-12-31 20:17:44.833,0.0,7.8,0.10,0.05
2025-12-31 20:17:45.835,0.1,7.8,0.10,0.05
2025-12-31 20:17:46.836,0.2,7.8,0.10,0.05
2025-12-31 20:17:47.838,0.1,7.8,0.09,0.05
2025-12-31 20:17:48.839,0.0,7.8,0.10,0.05
2025-12-31 20:17:49.841,0.1,7.8,0.09,0.05
2025-12-31 20:17:50.842,0.0,7.8,0.10,0.05
2025-12-31 20:17:51.844,0.0,7.8,0.09,0.05
2025-12-31 20:17:52.845,0.2,7.8,0.10,0.06
2025-12-31 20:17:53.847,0.0,7.8,0.10,0.05
2025-12-31 20:17:54.848,0.0,7.8,0.10,0.05
2025-12-31 20:17:55.849,0.0,7.8,0.09,0.05
2025-12-31 20:17:56.850,0.1,7.8,0.09,0.05
2025-12-31 20:17:57.852,0.0,7.8,0.10,0.05
2025-12-31 20:17:58.854,0.1,7.8,0.10,0.05
2025-12-31 20:17:59.856,0.1,7.8,0.09,0.05
2025-12-31 20:18:00.858,0.1,7.8,0.09,0.05
2025-12-31 20:18:01.859,0.0,7.8,0.12,0.05
2025-12-31 20:18:02.860,0.0,7.8,0.10,0.05
2025-12-31 20:18:03.861,0.2,7.8,0.09,0.05
2025-12-31 20:18:04.862,0.1,7.8,0.10,0.05
2025-12-31 20:18:05.863,0.1,7.8,0.10,0.05
2025-12-31 20:18:06.864,0.2,7.8,0.09,0.05
2025-12-31 20:18:07.865,0.0,7.8,0.09,0.05
2025-12-31 20:18:08.866,0.1,7.8,0.10,0.05
2025-12-31 20:18:09.867,0.0,7.8,0.09,0.05
2025-12-31 20:18:10.868,0.1,7.8,0.09,0.05
2025-12-31 20:18:11.869,0.0,7.8,0.09,0.05
2025-12-31 20:18:12.871,0.1,7.8,0.10,0.05
2025-12-31 20:18:13.872,0.0,7.8,0.09,0.05
2025-12-31 20:18:14.874,0.1,7.8,0.10,0.05
2025-12-31 20:18:15.875,0.1,7.8,0.09,0.05
2025-12-31 20:18:16.876,0.1,7.8,0.10,0.05
2025-12-31 20:18:17.878,0.1,7.8,0.09,0.05
2025-12-31 20:18:18.879,0.1,7.8,0.11,0.05
2025-12-31 20:18:19.880,0.0,7.8,0.09,0.05
2025-12-31 20:18:20.881,0.0,7.8,0.09,0.05
2025-12-31 20:18:21.882,0.1,7.8,0.10,0.05
2025-12-31 20:18:22.884,0.1,7.8,0.10,0.05
2025-12-31 20:18:23.886,0.1,7.8,0.09,0.05
2025-12-31 20:18:24.887,0.0,7.8,0.09,0.05
2025-12-31 20:18:25.888,0.2,7.8,0.10,0.05
2025-12-31 20:18:26.890,0.0,7.8,0.10,0.05
2025-12-31 20:18:27.892,0.1,7.8,0.09,0.05
2025-12-31 20:18:28.893,0.0,7.8,0.10,0.05
2025-12-31 20:18:29.894,0.1,7.8,0.09,0.05
2025-12-31 20:18:30.896,0.1,7.8,0.10,0.05
2025-12-31 20:18:31.897,0.1,7.8,0.09,0.05
2025-12-31 20:18:32.899,0.3,7.8,0.10,0.05
2025-12-31 20:18:33.900,0.2,7.8,0.10,0.05
2025-12-31 20:18:34.901,0.2,7.8,0.09,0.05
2025-12-31 20:18:35.903,0.2,7.8,0.09,0.05
2025-12-31 20:18:36.904,0.2,7.8,0.09,0.05
2025-12-31 20:18:37.906,0.2,7.8,0.10,0.05
2025-12-31 20:18:38.907,0.2,7.8,0.09,0.05
2025-12-31 20:18:39.908,0.2,7.8,0.10,0.05
2025-12-31 20:18:40.910,0.1,7.8,0.09,0.05
2025-12-31 20:18:41.912,0.2,7.8,0.09,0.05
2025-12-31 20:18:42.913,0.1,7.8,0.10,0.05
2025-12-31 20:18:43.914,0.2,7.8,0.09,0.05
2025-12-31 20:18:44.916,0.2,7.8,0.09,0.05
2025-12-31 20:18:45.917,0.2,7.8,0.09,0.05
2025-12-31 20:18:46.918,0.2,7.8,0.10,0.05
2025-12-31 20:18:47.920,0.3,7.8,0.09,0.05
2025-12-31 20:18:48.921,0.5,7.8,0.10,0.05
2025-12-31 20:18:49.922,0.2,7.8,0.10,0.05
2025-12-31 20:18:50.923,0.4,7.8,0.10,0.05
2025-12-31 20:18:51.924,0.5,7.8,0.09,0.05
2025-12-31 20:18:52.925,0.2,7.8,0.10,0.05
2025-12-31 20:18:53.927,0.1,7.8,0.09,0.05
2025-12-31 20:18:54.929,0.2,7.8,0.10,0.05
2025-12-31 20:18:55.931,0.2,7.8,0.09,0.05
2025-12-31 20:18:56.932,0.1,7.8,0.10,0.05
2025-12-31 20:18:57.933,0.2,7.8,0.10,0.05
2025-12-31 20:18:58.935,0.2,7.8,0.09,0.05
2025-12-31 20:18:59.936,0.2,7.8,0.10,0.05
2025-12-31 20:19:00.938,0.2,7.8,0.09,0.05
2025-12-31 20:19:01.940,0.2,7.8,0.10,0.05
2025-12-31 20:19:02.941,0.2,7.8,0.10,0.05
2025-12-31 20:19:03.943,0.2,7.8,0.10,0.05
2025-12-31 20:19:04.944,0.2,7.8,0.10,0.05
2025-12-31 20:19:05.946,0.2,7.8,0.10,0.05
2025-12-31 20:19:06.947,0.1,7.8,0.10,0.05
2025-12-31 20:19:07.949,0.1,7.8,0.10,0.05
2025-12-31 20:19:08.951,0.0,7.8,0.10,0.05
2025-12-31 20:19:09.952,0.0,7.8,0.10,0.05
2025-12-31 20:19:10.954,0.1,7.8,0.10,0.05
2025-12-31 20:19:11.956,0.0,7.8,0.09,0.05
2025-12-31 20:19:12.957,0.1,7.8,0.10,0.05
2025-12-31 20:19:13.959,0.0,7.8,0.09,0.05
2025-12-31 20:19:14.960,0.2,7.8,0.09,0.05
2025-12-31 20:19:15.962,0.2,7.8,0.09,0.05
2025-12-31 20:19:16.963,0.1,7.8,0.09,0.05
2025-12-31 20:19:17.965,0.1,7.8,0.09,0.05
2025-12-31 20:19:18.967,0.1,7.8,0.09,0.05
2025-12-31 20:19:19.968,0.2,7.8,0.10,0.05
2025-12-31 20:19:20.970,0.1,7.8,0.09,0.05
2025-12-31 20:19:21.971,0.1,7.8,0.10,0.05
2025-12-31 20:19:22.973,0.1,7.8,0.10,0.05
2025-12-31 20:19:23.974,0.0,7.8,0.09,0.05
2025-12-31 20:19:24.975,0.0,7.8,0.10,0.05
2025-12-31 20:19:25.977,0.1,7.8,0.09,0.05
2025-12-31 20:19:26.978,0.1,7.8,0.09,0.05
2025-12-31 20:19:27.981,0.1,7.8,0.10,0.05
2025-12-31 20:19:28.982,0.0,7.8,0.10,0.05
2025-12-31 20:19:29.983,0.0,7.8,0.10,0.05
2025-12-31 20:19:30.984,0.1,7.8,0.09,0.05
2025-12-31 20:19:31.985,0.1,7.8,0.09,0.05
2025-12-31 20:19:32.986,0.0,7.8,0.10,0.05
2025-12-31 20:19:33.988,0.0,7.8,0.09,0.05
2025-12-31 20:19:34.989,0.1,7.8,0.10,0.05
2025-12-31 20:19:35.991,0.0,7.8,0.10,0.05
2025-12-31 20:19:36.992,0.0,7.8,0.09,0.05
2025-12-31 20:19:37.993,0.1,7.8,0.09,0.05
2025-12-31 20:19:38.995,0.0,7.8,0.10,0.05
2025-12-31 20:19:39.996,0.1,7.8,0.09,0.05
2025-12-31 20:19:40.998,0.1,7.8,0.10,0.05
2025-12-31 20:19:41.999,0.0,7.8,0.10,0.05
2025-12-31 20:19:43.001,0.1,7.8,0.10,0.05
2025-12-31 20:19:44.002,0.2,7.8,0.10,0.05
2025-12-31 20:19:45.004,0.0,7.8,0.09,0.05
2025-12-31 20:19:46.005,0.1,7.8,0.10,0.05
2025-12-31 20:19:47.007,0.1,7.8,0.11,0.06
2025-12-31 20:19:48.008,0.0,7.8,0.10,0.05
2025-12-31 20:19:49.010,0.0,7.8,0.09,0.05
2025-12-31 20:19:50.011,0.1,7.8,0.10,0.05
2025-12-31 20:19:51.012,0.0,7.8,0.09,0.04
2025-12-31 20:19:52.014,0.1,7.8,0.10,0.05
2025-12-31 20:19:53.015,0.0,7.8,0.10,0.05
2025-12-31 20:19:54.017,0.1,7.8,0.09,0.05
2025-12-31 20:19:55.018,0.0,7.8,0.09,0.05
2025-12-31 20:19:56.020,0.0,7.8,0.09,0.05
2025-12-31 20:19:57.021,0.0,7.8,0.10,0.05
2025-12-31 20:19:58.022,0.1,7.8,0.09,0.05
2025-12-31 20:19:59.024,0.1,7.8,0.10,0.05
2025-12-31 20:20:00.025,0.0,7.8,0.09,0.05
2025-12-31 20:20:01.027,0.0,7.8,0.09,0.05
2025-12-31 20:20:02.028,0.0,7.8,0.09,0.05
2025-12-31 20:20:03.029,0.1,7.8,0.10,0.05
2025-12-31 20:20:04.030,0.0,7.8,0.09,0.05
2025-12-31 20:20:05.032,0.2,7.8,0.09,0.05
2025-12-31 20:20:06.033,0.0,7.8,0.10,0.05
2025-12-31 20:20:07.035,0.1,7.8,0.10,0.05
2025-12-31 20:20:08.036,0.1,7.8,0.09,0.05
2025-12-31 20:20:09.037,0.0,7.8,0.09,0.05
2025-12-31 20:20:10.039,0.0,7.8,0.10,0.05
2025-12-31 20:20:11.040,0.0,7.8,0.09,0.05
2025-12-31 20:20:12.041,0.1,7.8,0.09,0.05
2025-12-31 20:20:13.043,0.1,7.8,0.10,0.05
2025-12-31 20:20:14.045,0.0,7.8,0.09,0.05
2025-12-31 20:20:15.047,0.1,7.8,0.09,0.05
2025-12-31 20:20:16.048,0.1,7.8,0.09,0.05
2025-12-31 20:20:17.050,0.1,7.8,0.10,0.05
2025-12-31 20:20:18.052,0.0,7.8,0.10,0.05
2025-12-31 20:20:19.054,0.0,7.8,0.09,0.05
2025-12-31 20:20:20.056,0.1,7.8,0.10,0.05
2025-12-31 20:20:21.057,0.1,7.8,0.09,0.05
2025-12-31 20:20:22.059,0.0,7.8,0.09,0.05
2025-12-31 20:20:23.059,0.1,7.8,0.10,0.05
2025-12-31 20:20:24.061,0.1,7.8,0.09,0.05
2025-12-31 20:20:25.063,0.2,7.8,0.10,0.05
2025-12-31 20:20:26.064,0.2,7.8,0.09,0.05
2025-12-31 20:20:27.066,0.0,7.8,0.10,0.05
2025-12-31 20:20:28.067,0.2,7.8,0.10,0.05
2025-12-31 20:20:29.069,0.1,7.8,0.09,0.05
2025-12-31 20:20:30.070,0.0,7.8,0.09,0.05
2025-12-31 20:20:31.071,0.1,7.8,0.09,0.05
2025-12-31 20:20:32.072,0.1,7.8,0.10,0.05
2025-12-31 20:20:33.074,0.0,7.8,0.10,0.05
2025-12-31 20:20:34.075,0.2,7.8,0.09,0.05
2025-12-31 20:20:35.077,0.2,7.8,0.10,0.05
2025-12-31 20:20:36.078,0.1,7.8,0.09,0.05
2025-12-31 20:20:37.080,0.2,7.8,0.10,0.05
2025-12-31 20:20:38.081,0.1,7.8,0.10,0.05
2025-12-31 20:20:39.082,0.2,7.8,0.10,0.05
2025-12-31 20:20:40.084,0.2,7.8,0.09,0.05
2025-12-31 20:20:41.085,0.0,7.8,0.09,0.05
2025-12-31 20:20:42.086,0.1,7.8,0.10,0.05
2025-12-31 20:20:43.088,0.2,7.8,0.10,0.05
2025-12-31 20:20:44.089,0.2,7.8,0.10,0.05
2025-12-31 20:20:45.090,0.1,7.8,0.09,0.05
2025-12-31 20:20:46.092,0.2,7.8,0.09,0.05
2025-12-31 20:20:47.093,0.2,7.8,0.10,0.05
2025-12-31 20:20:48.094,0.2,7.8,0.10,0.05
2025-12-31 20:20:49.096,0.2,7.8,0.10,0.05
2025-12-31 20:20:50.097,0.2,7.8,0.10,0.05
2025-12-31 20:20:51.099,0.4,7.8,0.09,0.05
2025-12-31 20:20:52.100,0.3,7.8,0.10,0.05
2025-12-31 20:20:53.101,0.2,7.8,0.10,0.05
2025-12-31 20:20:54.103,0.4,7.8,0.09,0.05
2025-12-31 20:20:55.104,0.0,7.8,0.10,0.05
2025-12-31 20:20:56.106,0.1,7.8,0.10,0.05
2025-12-31 20:20:57.107,0.1,7.8,0.10,0.05
2025-12-31 20:20:58.108,0.1,7.8,0.10,0.05
2025-12-31 20:20:59.109,0.2,7.8,0.09,0.05
2025-12-31 20:21:00.110,0.2,7.8,0.09,0.05
2025-12-31 20:21:01.112,0.1,7.8,0.10,0.05
2025-12-31 20:21:02.113,0.2,7.8,0.09,0.05
2025-12-31 20:21:03.114,0.2,7.8,0.10,0.05
2025-12-31 20:21:04.116,0.2,7.8,0.09,0.05
2025-12-31 20:21:05.117,0.2,7.8,0.09,0.05
2025-12-31 20:21:06.118,0.3,7.8,0.10,0.05
2025-12-31 20:21:07.120,0.2,7.8,0.09,0.05
2025-12-31 20:21:08.122,0.3,7.8,0.09,0.05
2025-12-31 20:21:09.123,0.2,7.8,0.10,0.05
2025-12-31 20:21:10.125,0.0,7.8,0.09,0.05
2025-12-31 20:21:11.127,0.1,7.8,0.09,0.05
2025-12-31 20:21:12.128,0.1,7.8,0.10,0.05
2025-12-31 20:21:13.130,0.0,7.8,0.10,0.05
2025-12-31 20:21:14.131,0.1,7.8,0.09,0.05
2025-12-31 20:21:15.133,0.1,7.8,0.10,0.05
2025-12-31 20:21:16.134,0.0,7.8,0.09,0.05
2025-12-31 20:21:17.135,0.2,7.8,0.09,0.05
2025-12-31 20:21:18.136,0.2,7.8,0.10,0.05
2025-12-31 20:21:19.138,0.2,7.8,0.10,0.05
2025-12-31 20:21:20.139,0.2,7.8,0.09,0.05
2025-12-31 20:21:21.141,0.2,7.8,0.09,0.05
2025-12-31 20:21:22.142,0.2,7.8,0.09,0.05
2025-12-31 20:21:23.143,0.0,7.8,0.10,0.05
2025-12-31 20:21:24.145,0.0,7.8,0.10,0.05
2025-12-31 20:21:25.146,0.1,7.8,0.10,0.05
2025-12-31 20:21:26.148,0.0,7.8,0.10,0.05
2025-12-31 20:21:27.149,0.0,7.8,0.09,0.05
2025-12-31 20:21:28.150,0.1,7.8,0.10,0.05
2025-12-31 20:21:29.152,0.1,7.8,0.10,0.05
2025-12-31 20:21:30.153,0.0,7.8,0.10,0.05
2025-12-31 20:21:31.155,0.0,7.8,0.09,0.05
2025-12-31 20:21:32.156,0.1,7.8,0.10,0.05
2025-12-31 20:21:33.158,0.1,7.8,0.10,0.05
2025-12-31 20:21:34.160,0.0,7.8,0.10,0.05
2025-12-31 20:21:35.161,0.0,7.8,0.10,0.05
2025-12-31 20:21:36.163,0.1,7.8,0.09,0.05
2025-12-31 20:21:37.165,0.1,7.8,0.09,0.05
2025-12-31 20:21:38.166,0.0,7.8,0.09,0.05
2025-12-31 20:21:39.167,0.2,7.8,0.09,0.05
2025-12-31 20:21:40.169,0.0,7.8,0.10,0.05
2025-12-31 20:21:41.170,0.1,7.8,0.10,0.06
2025-12-31 20:21:42.172,0.1,7.8,0.09,0.05
2025-12-31 20:21:43.175,0.0,7.8,0.10,0.05
2025-12-31 20:21:44.177,0.2,7.8,0.09,0.05
2025-12-31 20:21:45.179,0.1,7.8,0.10,0.05
2025-12-31 20:21:46.181,0.0,7.8,0.09,0.05
2025-12-31 20:21:47.182,0.2,7.8,0.10,0.05
2025-12-31 20:21:48.184,0.0,7.8,0.09,0.05
2025-12-31 20:21:49.186,0.0,7.8,0.10,0.05
2025-12-31 20:21:50.187,0.1,7.8,0.10,0.05
2025-12-31 20:21:51.188,0.0,7.8,0.09,0.05
2025-12-31 20:21:52.189,0.1,7.8,0.10,0.05
2025-12-31 20:21:53.191,0.0,7.8,0.10,0.05
2025-12-31 20:21:54.193,0.1,7.8,0.09,0.05
2025-12-31 20:21:55.194,0.0,7.8,0.09,0.05
2025-12-31 20:21:56.196,0.1,7.8,0.10,0.05
2025-12-31 20:21:57.197,0.0,7.8,0.10,0.05
2025-12-31 20:21:58.199,0.1,7.8,0.09,0.05
2025-12-31 20:21:59.200,0.1,7.8,0.09,0.05
2025-12-31 20:22:00.202,0.0,7.8,0.09,0.05
2025-12-31 20:22:01.203,0.1,7.8,0.10,0.05
2025-12-31 20:22:02.205,0.0,7.8,0.09,0.05
2025-12-31 20:22:03.207,0.1,7.8,0.10,0.05
2025-12-31 20:22:04.209,0.0,7.8,0.10,0.05
2025-12-31 20:22:05.211,0.0,7.8,0.09,0.05
2025-12-31 20:22:06.212,0.1,7.8,0.09,0.05
2025-12-31 20:22:07.214,0.1,7.8,0.10,0.05
2025-12-31 20:22:08.215,0.0,7.8,0.09,0.05
2025-12-31 20:22:09.216,0.1,7.8,0.09,0.05
2025-12-31 20:22:10.218,0.1,7.8,0.09,0.05
2025-12-31 20:22:11.220,0.1,7.8,0.10,0.05
2025-12-31 20:22:12.222,0.1,7.8,0.09,0.05
2025-12-31 20:22:13.224,0.0,7.8,0.10,0.05
2025-12-31 20:22:14.226,0.1,7.8,0.09,0.05
2025-12-31 20:22:15.228,0.1,7.8,0.09,0.05
2025-12-31 20:22:16.230,0.1,7.8,0.09,0.05
2025-12-31 20:22:17.232,0.2,7.8,0.09,0.05
2025-12-31 20:22:18.233,0.1,7.8,0.10,0.05
2025-12-31 20:22:19.234,0.0,7.8,0.10,0.06
2025-12-31 20:22:20.237,0.2,7.8,0.10,0.05
2025-12-31 20:22:21.238,0.0,7.8,0.09,0.05
2025-12-31 20:22:22.240,0.0,7.8,0.09,0.05
2025-12-31 20:22:23.241,0.0,7.8,0.10,0.05
2025-12-31 20:22:24.243,0.1,7.8,0.10,0.05
2025-12-31 20:22:25.245,0.1,7.8,0.10,0.05
2025-12-31 20:22:26.247,0.1,7.8,0.09,0.05
2025-12-31 20:22:27.249,0.1,7.8,0.10,0.05
2025-12-31 20:22:28.251,0.1,7.8,0.09,0.05
2025-12-31 20:22:29.252,0.2,7.8,0.10,0.05
2025-12-31 20:22:30.253,0.2,7.8,0.09,0.05
2025-12-31 20:22:31.255,0.1,7.8,0.09,0.05
2025-12-31 20:22:32.256,0.1,7.8,0.09,0.05
2025-12-31 20:22:33.258,0.1,7.8,0.10,0.05
2025-12-31 20:22:34.260,0.1,7.8,0.09,0.05
2025-12-31 20:22:35.262,0.0,7.8,0.10,0.05
2025-12-31 20:22:36.263,0.2,7.8,0.09,0.05
2025-12-31 20:22:37.265,0.2,7.8,0.09,0.05
2025-12-31 20:22:38.266,0.0,7.8,0.10,0.05
2025-12-31 20:22:39.267,0.2,7.8,0.09,0.05
2025-12-31 20:22:40.269,0.2,7.8,0.10,0.05
2025-12-31 20:22:41.270,0.2,7.8,0.09,0.05
2025-12-31 20:22:42.272,0.2,7.8,0.10,0.05
2025-12-31 20:22:43.273,0.0,7.8,0.10,0.05
2025-12-31 20:22:44.275,0.2,7.8,0.10,0.05
2025-12-31 20:22:45.277,0.2,7.8,0.09,0.05
2025-12-31 20:22:46.278,0.4,7.8,0.10,0.05
2025-12-31 20:22:47.280,0.2,7.8,0.10,0.05
2025-12-31 20:22:48.282,0.2,7.8,0.10,0.05
2025-12-31 20:22:49.283,0.3,7.8,0.09,0.05
2025-12-31 20:22:50.285,0.2,7.8,0.09,0.05
2025-12-31 20:22:51.286,0.3,7.8,0.09,0.05
2025-12-31 20:22:52.288,0.4,7.8,0.10,0.05
2025-12-31 20:22:53.289,0.2,7.8,0.10,0.05
2025-12-31 20:22:54.290,0.2,7.8,0.09,0.05
2025-12-31 20:22:55.291,0.2,7.8,0.10,0.05
2025-12-31 20:22:56.293,0.2,7.8,0.10,0.05
2025-12-31 20:22:57.294,0.2,7.8,0.09,0.05
2025-12-31 20:22:58.296,0.2,7.8,0.10,0.05
2025-12-31 20:22:59.298,0.0,7.8,0.09,0.05
2025-12-31 20:23:00.300,0.2,7.8,0.10,0.05
2025-12-31 20:23:01.301,0.2,7.8,0.09,0.05
2025-12-31 20:23:02.303,0.2,7.8,0.10,0.05
2025-12-31 20:23:03.304,0.2,7.8,0.10,0.05
2025-12-31 20:23:04.305,0.4,7.8,0.10,0.05
2025-12-31 20:23:05.307,0.3,7.8,0.09,0.05
2025-12-31 20:23:06.309,0.2,7.8,0.10,0.05
2025-12-31 20:23:07.312,0.4,7.8,0.09,0.05
2025-12-31 20:23:08.314,0.2,7.8,0.10,0.05
2025-12-31 20:23:09.315,0.2,7.8,0.09,0.05
2025-12-31 20:23:10.317,0.0,7.8,0.10,0.05
2025-12-31 20:23:11.318,0.1,7.8,0.09,0.05
2025-12-31 20:23:12.320,0.1,7.8,0.10,0.05
2025-12-31 20:23:13.321,0.0,7.8,0.10,0.05
2025-12-31 20:23:14.323,0.1,7.8,0.09,0.05
2025-12-31 20:23:15.324,0.2,7.8,0.10,0.05
2025-12-31 20:23:16.326,0.1,7.8,0.09,0.05
2025-12-31 20:23:17.328,0.2,7.8,0.09,0.05
2025-12-31 20:23:18.330,0.1,7.8,0.09,0.05
2025-12-31 20:23:19.331,0.2,7.8,0.09,0.05
2025-12-31 20:23:20.332,0.2,7.8,0.09,0.05
2025-12-31 20:23:21.334,0.1,7.8,0.09,0.05
2025-12-31 20:23:22.336,0.2,7.8,0.09,0.05
2025-12-31 20:23:23.338,0.1,7.8,0.10,0.05
2025-12-31 20:23:24.340,0.1,7.8,0.09,0.05
2025-12-31 20:23:25.342,0.0,7.8,0.10,0.05
2025-12-31 20:23:26.344,0.0,7.8,0.10,0.05
2025-12-31 20:23:27.345,0.1,7.8,0.09,0.05
2025-12-31 20:23:28.347,0.1,7.8,0.10,0.05
2025-12-31 20:23:29.349,0.0,7.8,0.09,0.05
2025-12-31 20:23:30.350,0.1,7.8,0.10,0.05
2025-12-31 20:23:31.352,0.0,7.8,0.09,0.05
2025-12-31 20:23:32.353,0.0,7.8,0.09,0.05
2025-12-31 20:23:33.355,0.1,7.8,0.10,0.05
2025-12-31 20:23:34.357,0.1,7.8,0.10,0.05
2025-12-31 20:23:35.359,0.0,7.8,0.10,0.05
2025-12-31 20:23:36.361,0.0,7.8,0.09,0.05
2025-12-31 20:23:37.362,0.1,7.8,0.09,0.05
2025-12-31 20:23:38.364,0.0,7.8,0.10,0.05
2025-12-31 20:23:39.367,0.1,7.8,0.09,0.05
2025-12-31 20:23:40.369,0.0,7.8,0.10,0.06
2025-12-31 20:23:41.370,0.0,7.8,0.11,0.05
2025-12-31 20:23:42.371,0.2,7.8,0.09,0.05
2025-12-31 20:23:43.372,0.2,7.8,0.10,0.05
2025-12-31 20:23:44.373,0.2,7.8,0.09,0.05
2025-12-31 20:23:45.374,0.0,7.8,0.09,0.05
2025-12-31 20:23:46.375,0.1,7.8,0.09,0.05
2025-12-31 20:23:47.376,0.2,7.8,0.10,0.05
2025-12-31 20:23:48.377,0.0,7.8,0.09,0.05
2025-12-31 20:23:49.379,0.1,7.8,0.09,0.05
2025-12-31 20:23:50.381,0.0,7.8,0.10,0.05
2025-12-31 20:23:51.383,0.0,7.8,0.09,0.05
2025-12-31 20:23:52.384,0.2,7.8,0.09,0.05
2025-12-31 20:23:53.386,0.0,7.8,0.10,0.05
2025-12-31 20:23:54.387,0.1,7.8,0.09,0.05
2025-12-31 20:23:55.389,0.0,7.8,0.10,0.05
2025-12-31 20:23:56.390,0.1,7.8,0.10,0.05
2025-12-31 20:23:57.392,0.1,7.8,0.09,0.05
2025-12-31 20:23:58.393,0.0,7.8,0.10,0.05
2025-12-31 20:23:59.394,0.1,7.8,0.09,0.05
2025-12-31 20:24:00.396,0.1,7.8,0.09,0.05
2025-12-31 20:24:01.397,0.0,7.8,0.10,0.05
2025-12-31 20:24:02.399,0.1,7.8,0.09,0.05
2025-12-31 20:24:03.400,0.2,7.8,0.10,0.05
2025-12-31 20:24:04.401,0.1,7.8,0.10,0.06
2025-12-31 20:24:05.403,0.0,7.8,0.09,0.06
2025-12-31 20:24:06.405,0.0,7.8,0.09,0.06
2025-12-31 20:24:07.406,0.0,7.8,0.10,0.06
2025-12-31 20:24:08.408,0.1,7.8,0.09,0.05
2025-12-31 20:24:09.410,0.0,7.8,0.10,0.05
2025-12-31 20:24:10.411,0.0,7.8,0.09,0.05
2025-12-31 20:24:11.413,0.1,7.8,0.10,0.05
2025-12-31 20:24:12.414,0.1,7.8,0.10,0.06
2025-12-31 20:24:13.416,0.4,7.8,0.10,0.06
2025-12-31 20:24:14.417,0.0,7.8,0.10,0.05
2025-12-31 20:24:15.419,0.2,7.8,0.09,0.05
2025-12-31 20:24:16.421,0.1,7.8,0.10,0.05
2025-12-31 20:24:17.422,0.2,7.8,0.09,0.05
2025-12-31 20:24:18.424,0.0,7.8,0.10,0.05
2025-12-31 20:24:19.426,0.1,7.8,0.09,0.05
2025-12-31 20:24:20.427,0.1,7.8,0.10,0.05
2025-12-31 20:24:21.429,0.2,7.8,0.09,0.05
2025-12-31 20:24:22.431,0.1,7.8,0.09,0.05
2025-12-31 20:24:23.433,0.1,7.8,0.10,0.05
2025-12-31 20:24:24.435,0.1,7.8,0.09,0.05
2025-12-31 20:24:25.437,0.2,7.8,0.10,0.05
2025-12-31 20:24:26.439,0.1,7.8,0.10,0.05
2025-12-31 20:24:27.441,0.2,7.8,0.09,0.05
2025-12-31 20:24:28.442,0.1,7.8,0.10,0.05
2025-12-31 20:24:29.443,0.2,7.8,0.10,0.05
2025-12-31 20:24:30.445,0.0,7.8,0.09,0.05
2025-12-31 20:24:31.447,0.2,7.8,0.09,0.05
2025-12-31 20:24:32.448,0.1,7.8,0.09,0.05
2025-12-31 20:24:33.450,0.1,7.8,0.10,0.05
2025-12-31 20:24:34.452,0.2,7.8,0.09,0.05
2025-12-31 20:24:35.453,0.0,7.8,0.10,0.05
2025-12-31 20:24:36.455,0.1,7.8,0.09,0.05
2025-12-31 20:24:37.457,0.1,7.8,0.10,0.05
2025-12-31 20:24:38.458,0.1,7.8,0.10,0.05
2025-12-31 20:24:39.460,0.2,7.8,0.10,0.05
2025-12-31 20:24:40.461,0.2,7.8,0.10,0.05
2025-12-31 20:24:41.463,0.1,7.8,0.09,0.05
2025-12-31 20:24:42.464,0.2,7.8,0.10,0.05
2025-12-31 20:24:43.465,0.2,7.8,0.10,0.05
2025-12-31 20:24:44.466,0.1,7.8,0.09,0.05
2025-12-31 20:24:45.468,0.0,7.8,0.10,0.05
2025-12-31 20:24:46.469,0.2,7.8,0.10,0.05
2025-12-31 20:24:47.471,0.2,7.8,0.09,0.05
2025-12-31 20:24:48.472,0.1,7.8,0.10,0.05
2025-12-31 20:24:49.474,0.2,7.8,0.10,0.05
2025-12-31 20:24:50.476,0.2,7.8,0.10,0.06
2025-12-31 20:24:51.478,0.2,7.8,0.10,0.05
2025-12-31 20:24:52.480,0.2,7.8,0.10,0.05
2025-12-31 20:24:53.481,0.2,7.8,0.10,0.05
2025-12-31 20:24:54.483,0.2,7.8,0.09,0.05
2025-12-31 20:24:55.485,0.2,7.8,0.09,0.05
2025-12-31 20:24:56.487,0.2,7.8,0.09,0.05
2025-12-31 20:24:57.488,0.1,7.8,0.09,0.05
2025-12-31 20:24:58.489,0.3,7.8,0.10,0.05
2025-12-31 20:24:59.491,0.2,7.8,0.09,0.05
2025-12-31 20:25:00.493,0.1,7.8,0.10,0.05
2025-12-31 20:25:01.494,0.1,7.8,0.10,0.05
2025-12-31 20:25:02.495,0.3,7.8,0.10,0.05
2025-12-31 20:25:03.496,0.3,7.8,0.10,0.05
2025-12-31 20:25:04.498,0.2,7.8,0.10,0.05
2025-12-31 20:25:05.500,0.2,7.8,0.09,0.08
2025-12-31 20:25:06.501,0.3,7.8,0.09,0.06
2025-12-31 20:25:07.503,0.4,7.8,0.10,0.05
2025-12-31 20:25:08.505,0.4,7.8,0.09,0.05
2025-12-31 20:25:09.506,0.2,7.8,0.10,0.06
2025-12-31 20:25:10.508,0.3,7.8,0.10,0.05
2025-12-31 20:25:11.510,0.0,7.8,0.10,0.05
2025-12-31 20:25:12.511,0.0,7.8,0.10,0.06
2025-12-31 20:25:13.512,0.1,7.8,0.10,0.05
2025-12-31 20:25:14.514,0.1,7.8,0.10,0.05
2025-12-31 20:25:15.515,0.1,7.8,0.09,0.05
2025-12-31 20:25:16.516,0.0,7.8,0.10,0.05
2025-12-31 20:25:17.517,0.2,7.8,0.09,0.05
2025-12-31 20:25:18.519,0.1,7.8,0.10,0.05
2025-12-31 20:25:19.520,0.1,7.8,0.10,0.05
2025-12-31 20:25:20.522,0.1,7.8,0.09,0.05
2025-12-31 20:25:21.524,0.2,7.8,0.10,0.05
2025-12-31 20:25:22.525,0.1,7.8,0.09,0.05
2025-12-31 20:25:23.527,0.2,7.8,0.10,0.05
2025-12-31 20:25:24.529,0.2,7.8,0.10,0.05
2025-12-31 20:25:25.530,0.1,7.8,0.10,0.05
2025-12-31 20:25:26.532,0.0,7.8,0.09,0.05
2025-12-31 20:25:27.533,0.1,7.8,0.09,0.05
2025-12-31 20:25:28.535,0.0,7.8,0.10,0.05
2025-12-31 20:25:29.536,0.1,7.8,0.09,0.05
2025-12-31 20:25:30.538,0.1,7.8,0.09,0.05
2025-12-31 20:25:31.540,0.1,7.8,0.10,0.05
2025-12-31 20:25:32.541,0.1,7.8,0.09,0.05
2025-12-31 20:25:33.543,0.0,7.8,0.10,0.05
2025-12-31 20:25:34.545,0.1,7.8,0.10,0.05
2025-12-31 20:25:35.546,0.0,7.8,0.10,0.05
2025-12-31 20:25:36.547,0.0,7.8,0.09,0.05
2025-12-31 20:25:37.549,0.1,7.8,0.09,0.05
2025-12-31 20:25:38.551,0.0,7.8,0.09,0.05
2025-12-31 20:25:39.552,0.1,7.8,0.10,0.05
2025-12-31 20:25:40.553,0.0,7.8,0.09,0.05
2025-12-31 20:25:41.554,0.0,7.8,0.09,0.05
2025-12-31 20:25:42.556,0.0,7.8,0.09,0.05
2025-12-31 20:25:43.558,0.2,7.8,0.10,0.05
2025-12-31 20:25:44.560,0.1,7.8,0.09,0.05
2025-12-31 20:25:45.562,0.0,7.8,0.09,0.05
2025-12-31 20:25:46.564,0.0,7.8,0.10,0.05
2025-12-31 20:25:47.565,0.2,7.8,0.10,0.05
2025-12-31 20:25:48.567,0.1,7.8,0.09,0.05
2025-12-31 20:25:49.569,0.2,7.8,0.09,0.05
2025-12-31 20:25:50.571,0.0,7.8,0.09,0.05
2025-12-31 20:25:51.572,0.1,7.8,0.10,0.05
2025-12-31 20:25:52.574,0.0,7.8,0.09,0.05
2025-12-31 20:25:53.576,0.1,7.8,0.10,0.05
2025-12-31 20:25:54.577,0.0,7.8,0.09,0.05
2025-12-31 20:25:55.579,0.1,7.8,0.10,0.05
2025-12-31 20:25:56.580,0.0,7.8,0.09,0.05
2025-12-31 20:25:57.582,0.0,7.8,0.10,0.05
2025-12-31 20:25:58.583,0.1,7.8,0.09,0.05
2025-12-31 20:25:59.585,0.0,7.8,0.10,0.05
2025-12-31 20:26:00.586,0.1,7.8,0.10,0.05
2025-12-31 20:26:01.587,0.0,7.8,0.09,0.05
2025-12-31 20:26:02.589,0.0,7.8,0.09,0.05
2025-12-31 20:26:03.591,0.2,7.8,0.10,0.05
2025-12-31 20:26:04.593,0.2,7.8,0.10,0.05
2025-12-31 20:26:05.594,0.0,7.8,0.10,0.05
2025-12-31 20:26:06.595,0.0,7.8,0.10,0.05
2025-12-31 20:26:07.597,0.1,7.8,0.10,0.05
2025-12-31 20:26:08.599,0.1,7.8,0.10,0.05
2025-12-31 20:26:09.600,0.0,7.8,0.09,0.05
2025-12-31 20:26:10.602,0.1,7.8,0.10,0.05
2025-12-31 20:26:11.604,0.0,7.8,0.09,0.05
2025-12-31 20:26:12.605,0.1,7.8,0.09,0.05
2025-12-31 20:26:13.607,0.1,7.8,0.10,0.05
2025-12-31 20:26:14.608,0.1,7.8,0.10,0.05
2025-12-31 20:26:15.610,0.1,7.8,0.09,0.05
2025-12-31 20:26:16.612,0.2,7.8,0.09,0.05
2025-12-31 20:26:17.613,0.1,7.8,0.10,0.05
2025-12-31 20:26:18.614,0.0,7.8,0.10,0.05
2025-12-31 20:26:19.616,0.2,7.8,0.10,0.05
2025-12-31 20:26:20.617,0.0,7.8,0.10,0.05
2025-12-31 20:26:21.618,0.1,7.8,0.09,0.05
2025-12-31 20:26:22.620,0.1,7.8,0.10,0.05
2025-12-31 20:26:23.622,0.1,7.8,0.10,0.05
2025-12-31 20:26:24.623,0.2,7.8,0.09,0.05
2025-12-31 20:26:25.625,0.0,7.8,0.10,0.05
2025-12-31 20:26:26.627,0.0,7.8,0.10,0.05
2025-12-31 20:26:27.628,0.1,7.8,0.10,0.06
2025-12-31 20:26:28.629,0.2,7.8,0.09,0.05
2025-12-31 20:26:29.630,0.1,7.8,0.09,0.05
2025-12-31 20:26:30.631,0.1,7.8,0.10,0.05
2025-12-31 20:26:31.633,0.0,7.8,0.10,0.05
2025-12-31 20:26:32.635,0.1,7.8,0.10,0.05
2025-12-31 20:26:33.636,0.1,7.8,0.10,0.05
2025-12-31 20:26:34.638,0.1,7.8,0.09,0.05
2025-12-31 20:26:35.639,0.2,7.8,0.10,0.05
2025-12-31 20:26:36.640,0.2,7.8,0.09,0.05
2025-12-31 20:26:37.641,0.2,7.8,0.10,0.05
2025-12-31 20:26:38.643,0.2,7.8,0.09,0.05
2025-12-31 20:26:39.645,0.2,7.8,0.10,0.05
2025-12-31 20:26:40.647,0.2,7.8,0.10,0.05
2025-12-31 20:26:41.649,0.2,7.8,0.10,0.05
2025-12-31 20:26:42.651,0.2,7.8,0.09,0.05
2025-12-31 20:26:43.652,0.2,7.8,0.10,0.05
2025-12-31 20:26:44.653,0.1,7.8,0.10,0.05
2025-12-31 20:26:45.655,0.2,7.8,0.10,0.05
2025-12-31 20:26:46.656,0.2,7.8,0.09,0.05
2025-12-31 20:26:47.658,0.2,7.8,0.10,0.05
2025-12-31 20:26:48.659,0.2,7.8,0.10,0.05
2025-12-31 20:26:49.661,0.2,7.8,0.10,0.05
2025-12-31 20:26:50.663,0.2,7.8,0.10,0.05
2025-12-31 20:26:51.665,0.3,7.8,0.10,0.05
2025-12-31 20:26:52.667,0.2,7.8,0.10,0.05
2025-12-31 20:26:53.669,0.2,7.8,0.10,0.05
2025-12-31 20:26:54.670,0.4,7.8,0.10,0.05
2025-12-31 20:26:55.671,0.2,7.8,0.10,0.05
2025-12-31 20:26:56.672,0.2,7.8,0.09,0.05
2025-12-31 20:26:57.673,0.1,7.8,0.10,0.05
2025-12-31 20:26:58.675,0.2,7.8,0.10,0.05
2025-12-31 20:26:59.676,0.2,7.8,0.10,0.05
2025-12-31 20:27:00.677,0.2,7.8,0.09,0.05
2025-12-31 20:27:01.678,0.2,7.8,0.10,0.05
2025-12-31 20:27:02.680,0.0,7.8,0.10,0.05
2025-12-31 20:27:03.682,0.2,7.8,0.10,0.05
2025-12-31 20:27:04.683,0.4,7.8,0.10,0.05
2025-12-31 20:27:05.685,0.2,7.8,0.10,0.05
2025-12-31 20:27:06.687,0.2,7.8,0.10,0.05
2025-12-31 20:27:07.688,0.3,7.8,0.10,0.05
2025-12-31 20:27:08.689,0.2,7.8,0.10,0.05
2025-12-31 20:27:09.691,0.2,7.8,0.10,0.05
2025-12-31 20:27:10.692,0.5,7.8,0.09,0.05
2025-12-31 20:27:11.693,0.3,7.8,0.10,0.05
2025-12-31 20:27:12.695,0.0,7.8,0.10,0.05
2025-12-31 20:27:13.697,0.2,7.8,0.10,0.05
2025-12-31 20:27:14.698,0.2,7.8,0.10,0.05
2025-12-31 20:27:15.699,0.0,7.8,0.10,0.05
2025-12-31 20:27:16.700,0.1,7.8,0.09,0.05
2025-12-31 20:27:17.703,0.1,7.8,0.10,0.05
2025-12-31 20:27:18.704,0.0,7.8,0.09,0.05
2025-12-31 20:27:19.705,0.2,7.8,0.09,0.05
2025-12-31 20:27:20.707,0.1,7.8,0.10,0.05
2025-12-31 20:27:21.708,0.2,7.8,0.10,0.05
2025-12-31 20:27:22.709,0.1,7.8,0.10,0.05
2025-12-31 20:27:23.711,0.2,7.8,0.10,0.05
2025-12-31 20:27:24.712,0.2,7.8,0.10,0.05
2025-12-31 20:27:25.714,0.2,7.8,0.10,0.05
2025-12-31 20:27:26.715,0.2,7.8,0.09,0.05
2025-12-31 20:27:27.717,0.2,7.8,0.10,0.05
2025-12-31 20:27:28.718,0.0,7.8,0.10,0.05
2025-12-31 20:27:29.720,0.0,7.8,0.09,0.05
2025-12-31 20:27:30.721,0.0,7.8,0.09,0.05
2025-12-31 20:27:31.722,0.1,7.8,0.09,0.05
2025-12-31 20:27:32.724,0.1,7.8,0.10,0.05
2025-12-31 20:27:33.726,0.0,7.8,0.10,0.05
2025-12-31 20:27:34.727,0.1,7.8,0.09,0.05
2025-12-31 20:27:35.729,0.1,7.8,0.09,0.05
2025-12-31 20:27:36.731,0.1,7.8,0.10,0.05
2025-12-31 20:27:37.732,0.0,7.8,0.09,0.05
2025-12-31 20:27:38.733,0.0,7.8,0.10,0.05
2025-12-31 20:27:39.734,0.2,7.8,0.09,0.05
2025-12-31 20:27:40.735,0.0,7.8,0.10,0.05
2025-12-31 20:27:41.736,0.1,7.8,0.10,0.05
2025-12-31 20:27:42.738,0.0,7.8,0.10,0.05
2025-12-31 20:27:43.739,0.0,7.8,0.10,0.05
2025-12-31 20:27:44.740,0.1,7.8,0.09,0.05
2025-12-31 20:27:45.741,0.1,7.8,0.10,0.05
2025-12-31 20:27:46.742,0.1,7.8,0.10,0.05
2025-12-31 20:27:47.744,0.1,7.8,0.10,0.05
2025-12-31 20:27:48.745,0.1,7.8,0.10,0.05
2025-12-31 20:27:49.746,0.0,7.8,0.10,0.05
2025-12-31 20:27:50.749,0.0,7.8,0.10,0.05
2025-12-31 20:27:51.750,0.0,7.8,0.10,0.05
2025-12-31 20:27:52.752,0.2,7.8,0.10,0.05
2025-12-31 20:27:53.753,0.0,7.8,0.10,0.05
2025-12-31 20:27:54.755,0.0,7.8,0.09,0.05
2025-12-31 20:27:55.757,0.0,7.8,0.10,0.05
2025-12-31 20:27:56.758,0.1,7.8,0.10,0.05
2025-12-31 20:27:57.759,0.1,7.8,0.10,0.05
2025-12-31 20:27:58.761,0.1,7.8,0.10,0.05
2025-12-31 20:27:59.762,0.1,7.8,0.09,0.05
2025-12-31 20:28:00.763,0.2,7.8,0.10,0.05
2025-12-31 20:28:01.765,0.0,7.8,0.10,0.05
2025-12-31 20:28:02.766,0.0,7.8,0.10,0.05
2025-12-31 20:28:03.768,0.2,7.8,0.10,0.05
2025-12-31 20:28:04.770,0.1,7.8,0.10,0.05
2025-12-31 20:28:05.771,0.0,7.8,0.09,0.05
2025-12-31 20:28:06.772,0.0,7.8,0.10,0.05
2025-12-31 20:28:07.774,0.1,7.8,0.10,0.05
2025-12-31 20:28:08.775,0.1,7.8,0.10,0.05
2025-12-31 20:28:09.777,0.1,7.8,0.10,0.05
2025-12-31 20:28:10.778,0.0,7.8,0.10,0.05
2025-12-31 20:28:11.779,0.0,7.8,0.10,0.05
2025-12-31 20:28:12.781,0.1,7.8,0.10,0.05
2025-12-31 20:28:13.782,0.1,7.8,0.10,0.05
2025-12-31 20:28:14.785,0.0,7.8,0.09,0.05
2025-12-31 20:28:15.786,0.1,7.8,0.10,0.05
2025-12-31 20:28:16.788,0.2,7.8,0.09,0.05
2025-12-31 20:28:17.790,0.0,7.8,0.10,0.05
2025-12-31 20:28:18.791,0.1,7.8,0.09,0.05
2025-12-31 20:28:19.792,0.0,7.8,0.10,0.05
2025-12-31 20:28:20.794,0.1,7.8,0.10,0.05
2025-12-31 20:28:21.795,0.1,7.8,0.09,0.05
2025-12-31 20:28:22.797,0.1,7.8,0.10,0.05
2025-12-31 20:28:23.798,0.0,7.8,0.10,0.05
2025-12-31 20:28:24.799,0.1,7.8,0.09,0.05
2025-12-31 20:28:25.800,0.2,7.8,0.10,0.05
2025-12-31 20:28:26.801,0.1,7.8,0.10,0.05
2025-12-31 20:28:27.803,0.1,7.8,0.10,0.05
2025-12-31 20:28:28.804,0.1,7.8,0.10,0.05
2025-12-31 20:28:29.806,0.1,7.8,0.09,0.05
2025-12-31 20:28:30.808,0.1,7.8,0.10,0.05
2025-12-31 20:28:31.809,0.2,7.8,0.10,0.05
2025-12-31 20:28:32.810,0.1,7.8,0.10,0.05
2025-12-31 20:28:33.812,0.1,7.8,0.10,0.05
2025-12-31 20:28:34.814,0.1,7.8,0.09,0.05
2025-12-31 20:28:35.816,0.0,7.8,0.10,0.05
2025-12-31 20:28:36.817,0.1,7.8,0.10,0.05
2025-12-31 20:28:37.818,0.0,7.8,0.10,0.05
2025-12-31 20:28:38.820,0.2,7.8,0.10,0.05
2025-12-31 20:28:39.821,0.1,7.8,0.10,0.05
2025-12-31 20:28:40.822,0.2,7.8,0.10,0.05
2025-12-31 20:28:41.824,0.1,7.8,0.10,0.05
2025-12-31 20:28:42.825,0.1,7.8,0.10,0.05
2025-12-31 20:28:43.827,0.2,7.8,0.10,0.05
2025-12-31 20:28:44.828,0.2,7.8,0.10,0.05
2025-12-31 20:28:45.830,0.1,7.8,0.10,0.05
2025-12-31 20:28:46.831,0.2,7.8,0.10,0.05
2025-12-31 20:28:47.833,0.1,7.8,0.10,0.05
2025-12-31 20:28:48.834,0.2,7.8,0.09,0.05
2025-12-31 20:28:49.836,0.2,7.8,0.10,0.05
2025-12-31 20:28:50.838,0.1,7.8,0.10,0.05
2025-12-31 20:28:51.839,0.2,7.8,0.10,0.05
2025-12-31 20:28:52.840,0.2,7.8,0.10,0.05
2025-12-31 20:28:53.841,0.1,7.8,0.10,0.05
2025-12-31 20:28:54.843,0.2,7.8,0.10,0.05
2025-12-31 20:28:55.844,0.1,7.8,0.09,0.05
2025-12-31 20:28:56.846,0.2,7.8,0.10,0.05
2025-12-31 20:28:57.847,0.3,7.8,0.10,0.05
2025-12-31 20:28:58.849,0.2,7.8,0.09,0.05
2025-12-31 20:28:59.850,0.2,7.8,0.09,0.05
2025-12-31 20:29:00.852,0.2,7.8,0.10,0.05
2025-12-31 20:29:01.854,0.2,7.8,0.10,0.05
2025-12-31 20:29:02.856,0.1,7.8,0.10,0.05
2025-12-31 20:29:03.857,0.2,7.8,0.10,0.05
2025-12-31 20:29:04.859,0.2,7.8,0.10,0.05
2025-12-31 20:29:05.860,0.2,7.8,0.10,0.05
2025-12-31 20:29:06.861,0.0,7.8,0.09,0.05
2025-12-31 20:29:07.862,0.2,7.8,0.10,0.05
2025-12-31 20:29:08.863,0.1,7.8,0.09,0.05
2025-12-31 20:29:09.864,0.2,7.8,0.09,0.05
2025-12-31 20:29:10.865,0.2,7.8,0.09,0.05
2025-12-31 20:29:11.867,0.4,7.8,0.10,0.05
2025-12-31 20:29:12.868,0.4,7.8,0.09,0.05
2025-12-31 20:29:13.869,0.2,7.8,0.10,0.05
2025-12-31 20:29:14.870,0.2,7.8,0.09,0.05
2025-12-31 20:29:15.871,0.0,7.8,0.10,0.05
2025-12-31 20:29:16.873,0.1,7.8,0.10,0.05
2025-12-31 20:29:17.874,0.1,7.8,0.10,0.05
2025-12-31 20:29:18.875,0.0,7.8,0.09,0.05
2025-12-31 20:29:19.877,0.2,7.8,0.09,0.05
2025-12-31 20:29:20.880,0.2,7.8,0.10,0.05
2025-12-31 20:29:21.881,0.2,7.8,0.12,0.06
2025-12-31 20:29:22.882,0.1,7.8,0.10,0.05
2025-12-31 20:29:23.883,0.2,7.8,0.10,0.05
2025-12-31 20:29:24.884,0.3,7.8,0.10,0.05
2025-12-31 20:29:25.885,0.2,7.8,0.10,0.05
2025-12-31 20:29:26.887,0.2,7.8,0.10,0.05
2025-12-31 20:29:27.887,0.2,7.8,0.10,0.05
2025-12-31 20:29:28.888,0.2,7.8,0.10,0.05
2025-12-31 20:29:29.890,0.0,7.8,0.09,0.05
2025-12-31 20:29:30.892,0.1,7.8,0.09,0.05
2025-12-31 20:29:31.893,0.0,7.8,0.10,0.05
2025-12-31 20:29:32.895,0.1,7.8,0.10,0.05
2025-12-31 20:29:33.896,0.0,7.8,0.10,0.05
2025-12-31 20:29:34.897,0.0,7.8,0.10,0.05
2025-12-31 20:29:35.898,0.0,7.8,0.10,0.05
2025-12-31 20:29:36.899,0.1,7.8,0.10,0.05
2025-12-31 20:29:37.900,0.0,7.8,0.10,0.05
2025-12-31 20:29:38.901,0.1,7.8,0.11,0.05
2025-12-31 20:29:39.902,0.0,7.8,0.10,0.05
2025-12-31 20:29:40.903,0.1,7.8,0.10,0.05
2025-12-31 20:29:41.904,0.1,7.8,0.10,0.05
2025-12-31 20:29:42.905,0.0,7.8,0.09,0.05
2025-12-31 20:29:43.907,0.1,7.8,0.10,0.05
2025-12-31 20:29:44.908,0.1,7.8,0.09,0.05
2025-12-31 20:29:45.910,0.0,7.8,0.09,0.05
2025-12-31 20:29:46.911,0.2,7.8,0.09,0.05
2025-12-31 20:29:47.912,0.0,7.8,0.10,0.05
2025-12-31 20:29:48.913,0.1,7.8,0.10,0.05
2025-12-31 20:29:49.915,0.0,7.8,0.10,0.05
2025-12-31 20:29:50.917,0.1,7.8,0.10,0.05
2025-12-31 20:29:51.918,0.0,7.8,0.10,0.05
2025-12-31 20:29:52.919,0.0,7.8,0.09,0.05
2025-12-31 20:29:53.921,0.1,7.8,0.10,0.05
2025-12-31 20:29:54.922,0.0,7.8,0.10,0.05
2025-12-31 20:29:55.924,0.1,7.8,0.10,0.05
2025-12-31 20:29:56.925,0.1,7.8,0.09,0.05
2025-12-31 20:29:57.927,0.0,7.8,0.10,0.05
2025-12-31 20:29:58.928,0.0,7.8,0.09,0.05
2025-12-31 20:29:59.929,0.0,7.8,0.10,0.05
2025-12-31 20:30:00.931,0.1,7.8,0.10,0.05
2025-12-31 20:30:01.932,0.0,7.8,0.10,0.05
2025-12-31 20:30:02.933,0.1,7.8,0.10,0.05
2025-12-31 20:30:03.934,0.0,7.8,0.10,0.05
2025-12-31 20:30:04.936,0.2,7.8,0.09,0.05
2025-12-31 20:30:05.938,0.0,7.8,0.09,0.05
2025-12-31 20:30:06.939,0.1,7.8,0.10,0.05
2025-12-31 20:30:07.941,0.1,7.8,0.10,0.05
2025-12-31 20:30:08.942,0.0,7.8,0.09,0.05
2025-12-31 20:30:09.944,0.0,7.8,0.10,0.05
2025-12-31 20:30:10.945,0.1,7.8,0.10,0.05
2025-12-31 20:30:11.947,0.0,7.8,0.09,0.05
2025-12-31 20:30:12.948,0.1,7.8,0.10,0.05
2025-12-31 20:30:13.949,0.1,7.8,0.10,0.05
2025-12-31 20:30:14.951,0.1,7.8,0.10,0.05
2025-12-31 20:30:15.952,0.1,7.8,0.10,0.05
2025-12-31 20:30:16.953,0.1,7.8,0.09,0.05
2025-12-31 20:30:17.954,0.1,7.8,0.10,0.05
2025-12-31 20:30:18.955,0.1,7.8,0.10,0.05
2025-12-31 20:30:19.956,0.0,7.8,0.10,0.05
2025-12-31 20:30:20.957,2.9,7.9,0.10,0.05
2025-12-31 20:30:21.958,4.9,7.9,0.10,0.05
2025-12-31 20:30:22.959,0.2,7.9,0.09,0.05
2025-12-31 20:30:23.960,0.1,7.9,0.10,0.05
2025-12-31 20:30:24.962,0.0,7.9,0.10,0.05
2025-12-31 20:30:25.964,0.0,7.9,0.10,0.05
2025-12-31 20:30:26.965,0.0,7.9,0.10,0.05
2025-12-31 20:30:27.967,0.2,7.9,0.10,0.05
2025-12-31 20:30:28.969,0.1,7.9,0.10,0.05
2025-12-31 20:30:29.970,0.0,7.9,0.10,0.05
2025-12-31 20:30:30.971,0.2,7.9,0.10,0.05
2025-12-31 20:30:31.973,0.1,7.9,0.10,0.05
2025-12-31 20:30:32.975,0.1,7.9,0.10,0.05
2025-12-31 20:30:33.977,0.1,7.9,0.10,0.05
2025-12-31 20:30:34.979,0.0,7.9,0.10,0.05
2025-12-31 20:30:35.981,0.2,7.9,0.09,0.05
2025-12-31 20:30:36.982,0.1,7.9,0.10,0.05
2025-12-31 20:30:37.983,0.1,7.9,0.09,0.05
2025-12-31 20:30:38.985,0.2,7.9,0.10,0.05
2025-12-31 20:30:39.987,0.1,7.9,0.09,0.05
2025-12-31 20:30:40.989,0.2,7.9,0.10,0.05
2025-12-31 20:30:41.991,0.2,7.9,0.10,0.05
2025-12-31 20:30:42.992,0.2,7.9,0.10,0.05
2025-12-31 20:30:43.993,0.2,7.9,0.10,0.05
2025-12-31 20:30:44.994,0.1,7.9,0.09,0.05
2025-12-31 20:30:45.996,0.2,7.9,0.10,0.05
2025-12-31 20:30:46.997,0.5,7.9,0.10,0.05
2025-12-31 20:30:47.999,0.2,7.9,0.10,0.05
2025-12-31 20:30:49.001,0.1,7.9,0.10,0.05
2025-12-31 20:30:50.003,0.2,7.9,0.10,0.05
2025-12-31 20:30:51.004,0.2,7.9,0.10,0.05
2025-12-31 20:30:52.005,0.1,7.9,0.10,0.05
2025-12-31 20:30:53.006,0.2,7.9,0.10,0.05
2025-12-31 20:30:54.007,0.2,7.9,0.10,0.05
2025-12-31 20:30:55.009,0.3,7.9,0.10,0.05
2025-12-31 20:30:56.010,0.4,7.9,0.10,0.05
2025-12-31 20:30:57.011,0.2,7.9,0.10,0.05
2025-12-31 20:30:58.012,0.3,7.9,0.10,0.05
2025-12-31 20:30:59.014,0.4,7.9,0.10,0.05
2025-12-31 20:31:00.015,0.1,7.9,0.10,0.05
2025-12-31 20:31:01.016,0.2,7.9,0.10,0.05
2025-12-31 20:31:02.017,0.1,7.9,0.10,0.05
2025-12-31 20:31:03.018,0.1,7.9,0.10,0.05
2025-12-31 20:31:04.019,0.2,7.9,0.10,0.05
2025-12-31 20:31:05.020,0.0,7.9,0.09,0.05
2025-12-31 20:31:06.022,0.2,7.9,0.10,0.05
2025-12-31 20:31:07.022,0.2,7.9,0.09,0.05
2025-12-31 20:31:08.024,0.1,7.9,0.10,0.05
2025-12-31 20:31:09.025,0.1,7.9,0.09,0.05
2025-12-31 20:31:10.027,0.3,7.9,0.10,0.05
2025-12-31 20:31:11.028,0.3,7.9,0.10,0.05
2025-12-31 20:31:12.029,0.2,7.9,0.10,0.05
2025-12-31 20:31:13.030,0.2,7.9,0.10,0.05
2025-12-31 20:31:14.031,0.4,7.9,0.10,0.06
2025-12-31 20:31:15.032,0.2,7.9,0.10,0.05
2025-12-31 20:31:16.034,0.1,7.9,0.09,0.05
2025-12-31 20:31:17.036,0.3,7.9,0.10,0.05
2025-12-31 20:31:18.037,0.1,7.9,0.10,0.05
2025-12-31 20:31:19.039,0.2,7.9,0.09,0.05
2025-12-31 20:31:20.040,0.1,7.9,0.10,0.05
2025-12-31 20:31:21.041,0.1,7.9,0.09,0.05
2025-12-31 20:31:22.042,0.0,7.9,0.10,0.05
2025-12-31 20:31:23.044,0.1,7.9,0.09,0.05
2025-12-31 20:31:24.046,0.2,7.9,0.10,0.05
2025-12-31 20:31:25.047,0.2,7.9,0.10,0.05
2025-12-31 20:31:26.048,0.2,7.9,0.09,0.05
2025-12-31 20:31:27.050,0.2,7.9,0.09,0.05
2025-12-31 20:31:28.051,0.2,7.9,0.10,0.05
2025-12-31 20:31:29.052,0.1,7.9,0.10,0.05
2025-12-31 20:31:30.054,0.0,7.9,0.09,0.05
2025-12-31 20:31:31.056,0.1,7.9,0.10,0.05
2025-12-31 20:31:32.057,0.0,7.9,0.10,0.05
2025-12-31 20:31:33.059,0.0,7.9,0.09,0.05
2025-12-31 20:31:34.060,0.0,7.9,0.10,0.05
2025-12-31 20:31:35.062,0.1,7.9,0.10,0.05
2025-12-31 20:31:36.063,0.0,7.9,0.10,0.05
2025-12-31 20:31:37.065,0.2,7.9,0.10,0.05
2025-12-31 20:31:38.066,0.0,7.9,0.10,0.05
2025-12-31 20:31:39.067,0.0,7.9,0.10,0.05
2025-12-31 20:31:40.069,0.0,7.9,0.10,0.05
2025-12-31 20:31:41.071,0.0,7.9,0.10,0.05
2025-12-31 20:31:42.073,0.2,7.9,0.10,0.05
2025-12-31 20:31:43.074,0.0,7.9,0.10,0.05
2025-12-31 20:31:44.076,0.2,7.9,0.10,0.05
2025-12-31 20:31:45.077,0.0,7.9,0.10,0.05
2025-12-31 20:31:46.078,0.0,7.9,0.09,0.05
2025-12-31 20:31:47.079,0.2,7.9,0.09,0.05
2025-12-31 20:31:48.081,0.1,7.9,0.09,0.05
2025-12-31 20:31:49.083,0.1,7.9,0.10,0.06
2025-12-31 20:31:50.085,0.0,7.9,0.10,0.05
2025-12-31 20:31:51.087,0.1,7.9,0.09,0.05
2025-12-31 20:31:52.088,0.0,7.9,0.10,0.05
2025-12-31 20:31:53.089,0.0,7.9,0.09,0.05
2025-12-31 20:31:54.091,0.1,7.9,0.10,0.05
2025-12-31 20:31:55.092,0.0,7.9,0.09,0.05
2025-12-31 20:31:56.093,0.1,7.9,0.10,0.05
2025-12-31 20:31:57.095,0.0,7.9,0.09,0.05
2025-12-31 20:31:58.097,0.2,7.9,0.10,0.05
2025-12-31 20:31:59.099,0.2,7.9,0.09,0.05
2025-12-31 20:32:00.100,0.0,7.9,0.10,0.05
2025-12-31 20:32:01.101,0.0,7.9,0.10,0.05
2025-12-31 20:32:02.103,0.1,7.9,0.10,0.05
2025-12-31 20:32:03.105,0.2,7.9,0.09,0.05
2025-12-31 20:32:04.106,0.0,7.9,0.11,0.05
2025-12-31 20:32:05.108,0.1,7.9,0.10,0.05
2025-12-31 20:32:06.109,0.0,7.9,0.10,0.05
2025-12-31 20:32:07.110,0.1,7.9,0.09,0.05
2025-12-31 20:32:08.112,0.0,7.9,0.09,0.05
2025-12-31 20:32:09.114,0.1,7.9,0.09,0.05
2025-12-31 20:32:10.115,0.0,7.9,0.10,0.05
2025-12-31 20:32:11.116,0.1,7.9,0.10,0.05
2025-12-31 20:32:12.117,0.0,7.9,0.10,0.05
2025-12-31 20:32:13.119,0.0,7.9,0.10,0.05
2025-12-31 20:32:14.120,0.2,7.9,0.10,0.05
2025-12-31 20:32:15.122,0.0,7.9,0.10,0.05
2025-12-31 20:32:16.123,0.1,7.9,0.10,0.05
2025-12-31 20:32:17.125,0.1,7.9,0.10,0.05
2025-12-31 20:32:18.126,0.1,7.9,0.10,0.05
2025-12-31 20:32:19.128,0.0,7.9,0.10,0.05
2025-12-31 20:32:20.129,1.0,7.9,0.10,0.05
2025-12-31 20:32:21.130,0.9,7.9,0.19,0.11
2025-12-31 20:32:22.131,1.3,7.9,0.13,0.23
2025-12-31 20:32:23.133,0.1,7.9,0.10,0.05
2025-12-31 20:32:24.134,0.0,7.9,0.10,0.05
2025-12-31 20:32:25.135,0.2,7.9,0.10,0.05
2025-12-31 20:32:26.137,0.0,7.9,0.10,0.05
2025-12-31 20:32:27.138,0.0,7.9,0.10,0.05
2025-12-31 20:32:28.139,0.1,7.9,0.10,0.05
2025-12-31 20:32:29.141,0.0,7.9,0.09,0.05
2025-12-31 20:32:30.142,0.1,7.9,0.09,0.05
2025-12-31 20:32:31.144,0.1,7.9,0.10,0.05
2025-12-31 20:32:32.145,0.0,7.9,0.10,0.05
2025-12-31 20:32:33.146,0.2,7.9,0.10,0.05
2025-12-31 20:32:34.148,0.2,7.9,0.10,0.05
2025-12-31 20:32:35.150,0.1,7.9,0.09,0.05
2025-12-31 20:32:36.151,0.1,7.9,0.10,0.05
2025-12-31 20:32:37.152,0.2,7.9,0.10,0.05
2025-12-31 20:32:38.153,0.0,7.9,0.09,0.05
2025-12-31 20:32:39.154,0.2,7.9,0.09,0.05
2025-12-31 20:32:40.156,0.0,7.9,0.09,0.05
2025-12-31 20:32:41.157,0.1,7.9,0.10,0.05
2025-12-31 20:32:42.158,0.1,7.9,0.10,0.05
2025-12-31 20:32:43.161,0.1,7.9,0.10,0.05
2025-12-31 20:32:44.163,0.1,7.9,0.10,0.05
2025-12-31 20:32:45.164,0.2,7.9,0.10,0.05
2025-12-31 20:32:46.166,0.1,7.9,0.09,0.05
2025-12-31 20:32:47.167,0.2,8.0,0.09,0.05
2025-12-31 20:32:48.169,0.3,8.0,0.10,0.05
2025-12-31 20:32:49.172,0.3,8.0,0.10,0.05
2025-12-31 20:32:50.173,0.2,8.0,0.10,0.05
2025-12-31 20:32:51.174,0.2,8.0,0.10,0.05
2025-12-31 20:32:52.175,0.2,8.0,0.10,0.05
2025-12-31 20:32:53.177,0.1,8.0,0.09,0.05
2025-12-31 20:32:54.178,0.0,8.0,0.10,0.05
2025-12-31 20:32:55.180,0.1,8.0,0.09,0.05
2025-12-31 20:32:56.181,0.0,8.0,0.10,0.05
2025-12-31 20:32:57.182,0.1,8.0,0.10,0.05
2025-12-31 20:32:58.184,0.2,8.0,0.10,0.05
2025-12-31 20:32:59.185,0.2,8.0,0.09,0.05
2025-12-31 20:33:00.187,0.2,8.0,0.10,0.05
2025-12-31 20:33:01.189,0.3,8.0,0.10,0.05
2025-12-31 20:33:02.190,0.2,8.0,0.10,0.05
2025-12-31 20:33:03.191,0.3,8.0,0.10,0.05
2025-12-31 20:33:04.193,0.2,8.0,0.10,0.05
2025-12-31 20:33:05.194,0.2,8.0,0.10,0.05
2025-12-31 20:33:06.196,0.2,8.0,0.10,0.05
2025-12-31 20:33:07.197,0.1,8.0,0.10,0.05
2025-12-31 20:33:08.198,0.1,8.0,0.09,0.05
2025-12-31 20:33:09.199,0.1,8.0,0.09,0.05
2025-12-31 20:33:10.200,0.2,8.0,0.10,0.05
2025-12-31 20:33:11.202,0.2,8.0,0.09,0.05
2025-12-31 20:33:12.204,0.2,8.0,0.10,0.05
2025-12-31 20:33:13.206,0.2,8.0,0.09,0.05
2025-12-31 20:33:14.208,0.2,8.0,0.10,0.05
2025-12-31 20:33:15.209,0.3,8.0,0.09,0.05
2025-12-31 20:33:16.210,0.2,8.0,0.10,0.05
2025-12-31 20:33:17.211,0.4,8.0,0.09,0.05
2025-12-31 20:33:18.213,0.3,8.0,0.10,0.05
2025-12-31 20:33:19.214,0.0,8.0,0.09,0.05
2025-12-31 20:33:20.215,0.2,8.0,0.10,0.05
2025-12-31 20:33:21.216,0.0,8.0,0.09,0.05
2025-12-31 20:33:22.217,0.0,8.0,0.09,0.05
2025-12-31 20:33:23.218,0.1,8.0,0.09,0.05
2025-12-31 20:33:24.219,0.2,8.0,0.10,0.05
2025-12-31 20:33:25.221,0.0,8.0,0.10,0.05
2025-12-31 20:33:26.222,0.3,8.0,0.09,0.05
2025-12-31 20:33:27.223,0.0,8.0,0.10,0.05
2025-12-31 20:33:28.224,0.2,8.0,0.10,0.05
2025-12-31 20:33:29.225,0.2,8.0,0.10,0.05
2025-12-31 20:33:30.227,0.1,8.0,0.09,0.05
2025-12-31 20:33:31.228,0.2,7.9,0.10,0.05
2025-12-31 20:33:32.230,0.1,7.9,0.09,0.05
2025-12-31 20:33:33.231,0.0,7.9,0.10,0.05
2025-12-31 20:33:34.233,0.1,7.9,0.10,0.05
2025-12-31 20:33:35.234,0.1,7.9,0.09,0.05
2025-12-31 20:33:36.236,0.0,7.9,0.10,0.05
2025-12-31 20:33:37.237,0.0,7.9,0.10,0.05
2025-12-31 20:33:38.239,0.1,7.9,0.09,0.05
2025-12-31 20:33:39.240,0.0,7.9,0.09,0.05
2025-12-31 20:33:40.242,0.1,7.9,0.10,0.05
2025-12-31 20:33:41.244,0.0,7.9,0.09,0.05
2025-12-31 20:33:42.246,0.0,7.9,0.10,0.05
2025-12-31 20:33:43.248,0.1,7.9,0.10,0.06
2025-12-31 20:33:44.250,0.1,7.9,0.10,0.05
2025-12-31 20:33:45.251,0.0,7.9,0.09,0.05
2025-12-31 20:33:46.253,0.1,7.9,0.09,0.05
2025-12-31 20:33:47.255,0.1,7.9,0.10,0.05
2025-12-31 20:33:48.256,0.0,7.9,0.09,0.05
2025-12-31 20:33:49.257,0.1,7.9,0.09,0.05
2025-12-31 20:33:50.259,0.0,7.9,0.10,0.05
2025-12-31 20:33:51.260,0.2,7.9,0.09,0.05
2025-12-31 20:33:52.262,0.0,7.9,0.09,0.05
2025-12-31 20:33:53.264,0.1,7.9,0.10,0.05
2025-12-31 20:33:54.265,0.0,7.9,0.10,0.05
2025-12-31 20:33:55.267,0.1,7.9,0.09,0.05
2025-12-31 20:33:56.269,0.0,7.9,0.09,0.05
2025-12-31 20:33:57.270,0.1,7.9,0.10,0.05
2025-12-31 20:33:58.272,0.0,7.9,0.09,0.05
2025-12-31 20:33:59.273,0.1,7.9,0.10,0.05
2025-12-31 20:34:00.274,0.0,7.9,0.09,0.05
2025-12-31 20:34:01.276,0.0,7.9,0.10,0.05
2025-12-31 20:34:02.277,0.1,7.9,0.10,0.05
2025-12-31 20:34:03.278,0.2,7.9,0.09,0.05
2025-12-31 20:34:04.280,0.0,7.9,0.10,0.07
2025-12-31 20:34:05.281,0.0,7.9,0.10,0.05
2025-12-31 20:34:06.282,0.0,7.9,0.10,0.06
2025-12-31 20:34:07.283,0.0,7.9,0.10,0.05
2025-12-31 20:34:08.285,0.1,7.9,0.10,0.05
2025-12-31 20:34:09.286,0.0,7.9,0.09,0.05
2025-12-31 20:34:10.287,0.0,7.9,0.10,0.06
2025-12-31 20:34:11.289,0.1,7.9,0.09,0.05
2025-12-31 20:34:12.290,0.0,7.9,0.10,0.05
2025-12-31 20:34:13.292,0.0,7.9,0.10,0.05
2025-12-31 20:34:14.294,0.0,7.9,0.10,0.06
2025-12-31 20:34:15.296,0.1,7.9,0.10,0.05
2025-12-31 20:34:16.297,0.0,7.9,0.10,0.05
2025-12-31 20:34:17.299,0.1,8.0,0.10,0.05
2025-12-31 20:34:18.301,0.1,8.0,0.09,0.05
2025-12-31 20:34:19.303,0.1,8.0,0.10,0.05
2025-12-31 20:34:20.304,0.1,8.0,0.10,0.05
2025-12-31 20:34:21.306,0.0,8.0,0.10,0.05
2025-12-31 20:34:22.308,0.1,8.0,0.10,0.05
2025-12-31 20:34:23.309,0.1,8.0,0.09,0.05
2025-12-31 20:34:24.311,0.1,8.0,0.10,0.05
2025-12-31 20:34:25.312,0.1,8.0,0.10,0.05
2025-12-31 20:34:26.313,0.1,8.0,0.10,0.05
2025-12-31 20:34:27.314,0.1,8.0,0.10,0.05
2025-12-31 20:34:28.317,0.1,8.0,0.09,0.05
2025-12-31 20:34:29.318,0.0,8.0,0.09,0.05
2025-12-31 20:34:30.320,0.2,8.0,0.10,0.05
2025-12-31 20:34:31.321,0.0,8.0,0.09,0.05
2025-12-31 20:34:32.322,0.1,8.0,0.09,0.05
2025-12-31 20:34:33.323,0.0,8.0,0.10,0.05
2025-12-31 20:34:34.324,0.1,8.0,0.10,0.05
2025-12-31 20:34:35.326,0.1,8.0,0.10,0.05
2025-12-31 20:34:36.327,0.2,8.0,0.09,0.05
2025-12-31 20:34:37.328,0.1,8.0,0.09,0.05
2025-12-31 20:34:38.330,0.1,8.0,0.09,0.05
2025-12-31 20:34:39.331,0.1,8.0,0.10,0.05
2025-12-31 20:34:40.332,0.1,8.0,0.09,0.05
2025-12-31 20:34:41.333,0.2,8.0,0.10,0.05
2025-12-31 20:34:42.335,0.0,8.0,0.10,0.05
2025-12-31 20:34:43.336,0.0,8.0,0.09,0.05
2025-12-31 20:34:44.338,0.2,8.0,0.10,0.05
2025-12-31 20:34:45.339,0.2,8.0,0.10,0.05
2025-12-31 20:34:46.341,0.1,8.0,0.10,0.05
2025-12-31 20:34:47.342,0.3,8.0,0.09,0.05
2025-12-31 20:34:48.343,0.2,8.0,0.10,0.05
2025-12-31 20:34:49.344,0.1,8.0,0.10,0.05
2025-12-31 20:34:50.345,0.2,8.0,0.10,0.05
2025-12-31 20:34:51.346,0.1,8.0,0.09,0.05
2025-12-31 20:34:52.347,0.3,8.0,0.09,0.05
2025-12-31 20:34:53.349,0.1,8.0,0.09,0.05
2025-12-31 20:34:54.350,0.2,8.0,0.10,0.05
2025-12-31 20:34:55.352,0.2,8.0,0.10,0.05
2025-12-31 20:34:56.353,0.2,8.0,0.10,0.05
2025-12-31 20:34:57.355,0.1,8.0,0.09,0.05
2025-12-31 20:34:58.356,0.2,8.0,0.10,0.05
2025-12-31 20:34:59.357,0.2,8.0,0.10,0.06
2025-12-31 20:35:00.359,0.2,8.0,0.10,0.05
2025-12-31 20:35:01.360,0.3,8.0,0.10,0.05
2025-12-31 20:35:02.361,0.2,8.0,0.10,0.05
2025-12-31 20:35:03.363,0.3,8.0,0.09,0.05
2025-12-31 20:35:04.364,0.3,8.0,0.10,0.05
2025-12-31 20:35:05.366,0.2,8.0,0.10,0.08
2025-12-31 20:35:06.368,0.3,8.0,0.10,0.07
2025-12-31 20:35:07.370,0.1,8.0,0.10,0.05
2025-12-31 20:35:08.371,0.2,8.0,0.10,0.06
2025-12-31 20:35:09.373,0.2,8.0,0.09,0.05
2025-12-31 20:35:10.374,0.3,8.0,0.09,0.06
2025-12-31 20:35:11.376,0.2,8.0,0.10,0.05
2025-12-31 20:35:12.377,0.4,8.0,0.09,0.06
2025-12-31 20:35:13.378,0.2,8.0,0.10,0.05
2025-12-31 20:35:14.380,0.2,8.0,0.10,0.05
2025-12-31 20:35:15.382,0.3,8.0,0.10,0.05
2025-12-31 20:35:16.383,0.5,8.0,0.10,0.05
2025-12-31 20:35:17.384,0.4,8.0,0.10,0.05
2025-12-31 20:35:18.385,0.3,7.9,0.10,0.05
2025-12-31 20:35:19.387,0.3,7.9,0.09,0.05
2025-12-31 20:35:20.389,0.2,7.9,0.09,0.05
2025-12-31 20:35:21.391,0.0,7.9,0.09,0.05
2025-12-31 20:35:22.392,0.2,7.9,0.11,0.06
2025-12-31 20:35:23.393,0.0,7.9,0.10,0.05
2025-12-31 20:35:24.394,0.1,7.9,0.10,0.05
2025-12-31 20:35:25.396,0.1,7.9,0.10,0.05
2025-12-31 20:35:26.397,0.0,7.9,0.10,0.05
2025-12-31 20:35:27.398,0.2,7.9,0.10,0.05
2025-12-31 20:35:28.399,0.1,7.9,0.09,0.05
2025-12-31 20:35:29.400,0.2,7.9,0.10,0.05
2025-12-31 20:35:30.400,0.2,7.9,0.09,0.05
2025-12-31 20:35:31.401,0.1,7.9,0.10,0.05
2025-12-31 20:35:32.403,0.2,7.9,0.09,0.05
2025-12-31 20:35:33.404,0.0,7.9,0.10,0.05
2025-12-31 20:35:34.405,0.1,7.9,0.10,0.05
2025-12-31 20:35:35.407,0.1,7.9,0.10,0.05
2025-12-31 20:35:36.409,0.0,7.9,0.10,0.05
2025-12-31 20:35:37.410,0.0,7.9,0.10,0.05
2025-12-31 20:35:38.412,0.0,7.9,0.09,0.05
2025-12-31 20:35:39.413,0.1,7.9,0.10,0.05
2025-12-31 20:35:40.414,0.0,7.9,0.10,0.05
2025-12-31 20:35:41.415,0.1,7.9,0.09,0.05
2025-12-31 20:35:42.416,0.0,7.9,0.09,0.05
2025-12-31 20:35:43.417,0.0,7.9,0.09,0.05
2025-12-31 20:35:44.418,0.2,7.9,0.10,0.05
2025-12-31 20:35:45.420,0.2,7.9,0.10,0.05
2025-12-31 20:35:46.421,0.0,7.9,0.10,0.05
2025-12-31 20:35:47.422,0.2,7.9,0.09,0.05
2025-12-31 20:35:48.424,0.0,7.9,0.09,0.05
2025-12-31 20:35:49.425,0.0,7.9,0.10,0.05
2025-12-31 20:35:50.426,0.0,7.9,0.09,0.05
2025-12-31 20:35:51.427,0.1,7.9,0.10,0.05
2025-12-31 20:35:52.428,0.0,7.9,0.10,0.05
2025-12-31 20:35:53.429,0.1,7.9,0.09,0.05
2025-12-31 20:35:54.430,0.0,7.9,0.10,0.05
2025-12-31 20:35:55.431,0.0,7.9,0.10,0.05
2025-12-31 20:35:56.433,0.0,7.9,0.10,0.05
2025-12-31 20:35:57.434,0.0,7.9,0.10,0.05
2025-12-31 20:35:58.435,0.0,7.9,0.10,0.05
2025-12-31 20:35:59.436,0.0,7.9,0.10,0.05
2025-12-31 20:36:00.437,0.1,7.9,0.10,0.05
2025-12-31 20:36:01.438,0.1,7.9,0.09,0.05
2025-12-31 20:36:02.440,0.1,7.9,0.10,0.05
2025-12-31 20:36:03.441,0.0,7.9,0.10,0.05
2025-12-31 20:36:04.442,0.0,7.9,0.10,0.05
2025-12-31 20:36:05.443,0.1,7.9,0.09,0.05
2025-12-31 20:36:06.444,0.0,7.9,0.10,0.05
2025-12-31 20:36:07.445,0.1,7.9,0.10,0.05
2025-12-31 20:36:08.446,0.0,7.9,0.09,0.05
2025-12-31 20:36:09.448,0.2,7.9,0.09,0.05
2025-12-31 20:36:10.449,0.0,7.9,0.09,0.05
2025-12-31 20:36:11.451,0.0,7.9,0.10,0.05
2025-12-31 20:36:12.452,0.1,7.9,0.09,0.05
2025-12-31 20:36:13.453,0.0,7.9,0.10,0.05
2025-12-31 20:36:14.454,0.0,7.9,0.10,0.05
2025-12-31 20:36:15.456,0.0,7.9,0.10,0.05
2025-12-31 20:36:16.457,0.1,7.9,0.10,0.05
2025-12-31 20:36:17.459,0.0,7.9,0.09,0.05
2025-12-31 20:36:18.460,0.1,7.9,0.10,0.05
2025-12-31 20:36:19.462,0.0,7.9,0.09,0.05
2025-12-31 20:36:20.463,0.0,7.9,0.09,0.05
2025-12-31 20:36:21.465,0.1,7.9,0.09,0.05
2025-12-31 20:36:22.466,0.1,7.9,0.09,0.05
2025-12-31 20:36:23.468,0.1,7.9,0.09,0.05
2025-12-31 20:36:24.470,0.1,7.9,0.10,0.05
2025-12-31 20:36:25.471,0.1,7.9,0.10,0.05
2025-12-31 20:36:26.473,0.0,7.9,0.09,0.05
2025-12-31 20:36:27.474,0.1,7.9,0.10,0.05
2025-12-31 20:36:28.476,0.0,7.9,0.10,0.05
2025-12-31 20:36:29.477,0.1,7.9,0.10,0.05
2025-12-31 20:36:30.479,0.1,7.9,0.09,0.05
2025-12-31 20:36:31.480,0.1,7.9,0.10,0.06
2025-12-31 20:36:32.481,0.0,7.9,0.09,0.05
2025-12-31 20:36:33.482,0.1,7.9,0.09,0.05
2025-12-31 20:36:34.483,0.1,7.9,0.10,0.05
2025-12-31 20:36:35.484,0.1,7.9,0.10,0.05
2025-12-31 20:36:36.486,0.1,7.9,0.10,0.05
2025-12-31 20:36:37.487,0.2,7.9,0.10,0.05
2025-12-31 20:36:38.489,0.0,7.9,0.10,0.05
2025-12-31 20:36:39.490,0.1,7.9,0.10,0.05
2025-12-31 20:36:40.492,0.2,7.9,0.10,0.05
2025-12-31 20:36:41.493,0.0,7.9,0.09,0.05
2025-12-31 20:36:42.495,0.2,7.9,0.09,0.05
2025-12-31 20:36:43.497,0.2,7.9,0.09,0.05
2025-12-31 20:36:44.498,0.2,7.9,0.10,0.05
2025-12-31 20:36:45.500,0.1,7.9,0.10,0.05
2025-12-31 20:36:46.501,0.3,7.9,0.10,0.05
2025-12-31 20:36:47.503,0.2,7.9,0.10,0.05
2025-12-31 20:36:48.505,0.2,7.9,0.09,0.05
2025-12-31 20:36:49.506,0.2,7.9,0.10,0.05
2025-12-31 20:36:50.507,0.4,7.9,0.10,0.05
2025-12-31 20:36:51.509,0.4,7.9,0.09,0.05
2025-12-31 20:36:52.510,0.1,7.9,0.09,0.05
2025-12-31 20:36:53.511,0.1,7.9,0.10,0.05
2025-12-31 20:36:54.512,0.1,7.9,0.10,0.05
2025-12-31 20:36:55.513,0.2,7.9,0.09,0.05
2025-12-31 20:36:56.514,0.0,7.9,0.10,0.05
2025-12-31 20:36:57.515,0.3,7.9,0.10,0.05
2025-12-31 20:36:58.516,0.0,7.9,0.09,0.05
2025-12-31 20:36:59.517,0.1,7.9,0.10,0.05
2025-12-31 20:37:00.518,0.2,7.9,0.09,0.05
2025-12-31 20:37:01.519,0.5,7.9,0.10,0.05
2025-12-31 20:37:02.521,0.2,7.9,0.10,0.05
2025-12-31 20:37:03.522,0.2,7.9,0.10,0.05
2025-12-31 20:37:04.523,0.3,7.9,0.10,0.05
2025-12-31 20:37:05.524,0.2,7.9,0.10,0.05
2025-12-31 20:37:06.525,0.2,7.9,0.09,0.05
2025-12-31 20:37:07.526,0.2,7.9,0.09,0.05
2025-12-31 20:37:08.527,0.1,7.9,0.09,0.05
2025-12-31 20:37:09.528,0.1,7.9,0.10,0.05
2025-12-31 20:37:10.529,0.2,7.9,0.10,0.05
2025-12-31 20:37:11.530,0.1,7.9,0.09,0.05
2025-12-31 20:37:12.531,0.1,7.9,0.10,0.05
2025-12-31 20:37:13.532,0.1,7.9,0.10,0.05
2025-12-31 20:37:14.534,0.1,7.9,0.10,0.05
2025-12-31 20:37:15.535,0.2,7.9,0.10,0.05
2025-12-31 20:37:16.536,0.2,7.9,0.10,0.05
2025-12-31 20:37:17.537,0.3,7.9,0.09,0.05
2025-12-31 20:37:18.539,0.2,7.9,0.09,0.05
2025-12-31 20:37:19.540,0.2,7.9,0.10,0.05
2025-12-31 20:37:20.542,0.3,7.9,0.10,0.05
2025-12-31 20:37:21.544,0.1,7.9,0.10,0.05
2025-12-31 20:37:22.545,0.0,7.9,0.09,0.05
2025-12-31 20:37:23.547,0.1,7.9,0.09,0.05
2025-12-31 20:37:24.549,0.1,8.0,0.10,0.05
2025-12-31 20:37:25.550,0.1,8.0,0.10,0.05
2025-12-31 20:37:26.552,0.1,8.0,0.09,0.05
2025-12-31 20:37:27.553,0.1,8.0,0.10,0.05
2025-12-31 20:37:28.555,0.1,8.0,0.09,0.05
2025-12-31 20:37:29.557,0.1,8.0,0.09,0.05
2025-12-31 20:37:30.558,0.2,8.0,0.10,0.05
2025-12-31 20:37:31.559,0.2,8.0,0.10,0.05
2025-12-31 20:37:32.562,0.2,8.0,0.09,0.05
2025-12-31 20:37:33.564,0.1,8.0,0.10,0.05
2025-12-31 20:37:34.566,0.2,8.0,0.10,0.05
2025-12-31 20:37:35.567,0.0,8.0,0.09,0.05
2025-12-31 20:37:36.569,0.0,8.0,0.09,0.05
2025-12-31 20:37:37.570,0.1,8.0,0.09,0.05
2025-12-31 20:37:38.572,0.1,8.0,0.10,0.05
2025-12-31 20:37:39.573,0.0,8.0,0.09,0.05
2025-12-31 20:37:40.575,0.0,8.0,0.10,0.05
2025-12-31 20:37:41.576,0.0,8.0,0.10,0.05
2025-12-31 20:37:42.577,0.1,8.0,0.10,0.05
2025-12-31 20:37:43.579,0.2,8.0,0.10,0.05
2025-12-31 20:37:44.580,0.0,8.0,0.10,0.05
2025-12-31 20:37:45.581,0.1,8.0,0.10,0.05
2025-12-31 20:37:46.583,0.0,8.0,0.09,0.05
2025-12-31 20:37:47.584,0.2,7.9,0.10,0.05
2025-12-31 20:37:48.586,0.0,7.9,0.09,0.05
2025-12-31 20:37:49.587,0.1,7.9,0.09,0.05
2025-12-31 20:37:50.588,0.1,7.9,0.10,0.05
2025-12-31 20:37:51.589,0.0,7.9,0.10,0.05
2025-12-31 20:37:52.591,0.0,7.9,0.10,0.05
2025-12-31 20:37:53.592,0.1,7.9,0.10,0.05
2025-12-31 20:37:54.594,0.1,7.9,0.10,0.05
2025-12-31 20:37:55.596,0.1,7.9,0.10,0.05
2025-12-31 20:37:56.598,0.0,7.9,0.09,0.05
2025-12-31 20:37:57.600,0.0,7.9,0.10,0.05
2025-12-31 20:37:58.601,0.1,7.9,0.09,0.05
2025-12-31 20:37:59.602,0.1,7.9,0.10,0.05
2025-12-31 20:38:00.603,0.1,7.9,0.09,0.05
2025-12-31 20:38:01.605,0.0,7.9,0.09,0.05
2025-12-31 20:38:02.606,0.1,7.9,0.10,0.05
2025-12-31 20:38:03.608,0.1,7.9,0.10,0.05
2025-12-31 20:38:04.609,0.1,7.9,0.10,0.05
2025-12-31 20:38:05.610,0.0,7.9,0.10,0.05
2025-12-31 20:38:06.612,0.1,7.9,0.09,0.05
2025-12-31 20:38:07.613,0.1,7.9,0.10,0.05
2025-12-31 20:38:08.615,0.1,7.9,0.09,0.05
2025-12-31 20:38:09.616,0.0,7.9,0.10,0.05
2025-12-31 20:38:10.618,0.1,7.9,0.09,0.05
2025-12-31 20:38:11.619,0.0,7.9,0.10,0.05
2025-12-31 20:38:12.620,0.1,7.9,0.09,0.05
2025-12-31 20:38:13.621,0.1,7.9,0.10,0.05
2025-12-31 20:38:14.622,0.0,7.9,0.10,0.05
2025-12-31 20:38:15.624,0.1,7.9,0.09,0.05
2025-12-31 20:38:16.625,0.1,7.9,0.09,0.05
2025-12-31 20:38:17.627,0.0,7.9,0.10,0.05
2025-12-31 20:38:18.628,0.1,7.9,0.09,0.05
2025-12-31 20:38:19.630,0.0,7.9,0.10,0.05
2025-12-31 20:38:20.631,0.1,7.9,0.09,0.05
2025-12-31 20:38:21.632,0.0,7.9,0.09,0.05
2025-12-31 20:38:22.633,0.1,7.9,0.09,0.05
2025-12-31 20:38:23.635,0.0,7.9,0.09,0.05
2025-12-31 20:38:24.636,0.0,7.9,0.10,0.05
2025-12-31 20:38:25.638,0.2,7.9,0.10,0.05
2025-12-31 20:38:26.639,0.2,7.9,0.10,0.05
2025-12-31 20:38:27.640,0.0,7.9,0.09,0.05
2025-12-31 20:38:28.641,0.1,7.9,0.10,0.05
2025-12-31 20:38:29.642,0.1,7.9,0.10,0.05
2025-12-31 20:38:30.644,0.0,7.9,0.09,0.05
2025-12-31 20:38:31.645,0.1,7.9,0.10,0.05
2025-12-31 20:38:32.646,0.0,7.9,0.10,0.05
2025-12-31 20:38:33.648,0.1,7.9,0.09,0.05
2025-12-31 20:38:34.650,0.0,7.9,0.11,0.05
2025-12-31 20:38:35.652,0.1,7.9,0.09,0.05
2025-12-31 20:38:36.653,0.1,7.9,0.11,0.05
2025-12-31 20:38:37.655,0.0,7.9,0.09,0.05
2025-12-31 20:38:38.656,0.2,7.9,0.10,0.05
2025-12-31 20:38:39.657,0.2,7.9,0.09,0.05
2025-12-31 20:38:40.658,0.0,7.9,0.10,0.05
2025-12-31 20:38:41.660,0.1,7.9,0.10,0.05
2025-12-31 20:38:42.661,0.0,7.9,0.10,0.05
2025-12-31 20:38:43.662,0.2,7.9,0.09,0.05
2025-12-31 20:38:44.664,0.2,7.9,0.10,0.05
2025-12-31 20:38:45.665,0.1,7.9,0.09,0.05
2025-12-31 20:38:46.666,0.1,7.9,0.09,0.05
2025-12-31 20:38:47.667,0.2,7.9,0.10,0.05
2025-12-31 20:38:48.669,0.2,7.9,0.09,0.05
2025-12-31 20:38:49.670,0.2,7.9,0.09,0.05
2025-12-31 20:38:50.672,0.2,7.9,0.09,0.05
2025-12-31 20:38:51.673,0.2,7.9,0.09,0.05
2025-12-31 20:38:52.674,0.2,7.9,0.09,0.05
2025-12-31 20:38:53.676,0.2,7.9,0.10,0.05
2025-12-31 20:38:54.677,0.1,7.9,0.10,0.05
2025-12-31 20:38:55.679,0.1,7.9,0.10,0.05
2025-12-31 20:38:56.680,0.2,7.9,0.09,0.05
2025-12-31 20:38:57.681,0.1,7.9,0.10,0.05
2025-12-31 20:38:58.683,0.2,7.9,0.10,0.05
2025-12-31 20:38:59.684,0.2,7.9,0.10,0.05
2025-12-31 20:39:00.686,0.1,7.9,0.10,0.05
2025-12-31 20:39:01.687,0.3,7.9,0.10,0.05
2025-12-31 20:39:02.688,0.2,7.9,0.09,0.05
2025-12-31 20:39:03.690,0.4,7.9,0.09,0.05
2025-12-31 20:39:04.692,0.3,7.9,0.10,0.05
2025-12-31 20:39:05.693,0.2,7.9,0.09,0.05
2025-12-31 20:39:06.694,0.2,7.9,0.09,0.05
2025-12-31 20:39:07.695,0.1,7.9,0.10,0.05
2025-12-31 20:39:08.697,0.1,7.9,0.09,0.05
2025-12-31 20:39:09.698,0.2,7.9,0.10,0.05
2025-12-31 20:39:10.699,0.1,7.9,0.10,0.05
2025-12-31 20:39:11.700,0.2,7.9,0.09,0.05
2025-12-31 20:39:12.702,0.1,7.9,0.09,0.05
2025-12-31 20:39:13.704,0.2,7.9,0.10,0.05
2025-12-31 20:39:14.705,0.2,7.9,0.10,0.05
2025-12-31 20:39:15.707,0.0,7.9,0.10,0.05
2025-12-31 20:39:16.708,0.2,7.9,0.09,0.05
2025-12-31 20:39:17.710,0.4,7.9,0.10,0.05
2025-12-31 20:39:18.711,0.4,7.9,0.10,0.05
2025-12-31 20:39:19.713,0.3,7.9,0.10,0.05
2025-12-31 20:39:20.714,0.4,7.9,0.10,0.05
2025-12-31 20:39:21.716,0.4,7.9,0.10,0.05
2025-12-31 20:39:22.718,0.3,7.9,0.09,0.05
2025-12-31 20:39:23.720,0.0,7.9,0.10,0.05
2025-12-31 20:39:24.721,0.2,7.9,0.10,0.05
2025-12-31 20:39:25.722,0.0,7.9,0.10,0.05
2025-12-31 20:39:26.723,0.0,7.9,0.09,0.05
2025-12-31 20:39:27.725,0.0,7.9,0.10,0.05
2025-12-31 20:39:28.726,0.2,7.9,0.09,0.05
2025-12-31 20:39:29.727,0.1,7.9,0.09,0.05
2025-12-31 20:39:30.729,0.1,7.9,0.09,0.05
2025-12-31 20:39:31.730,0.2,7.9,0.09,0.05
2025-12-31 20:39:32.730,0.2,7.9,0.10,0.05
2025-12-31 20:39:33.731,0.2,7.9,0.09,0.05
2025-12-31 20:39:34.732,0.4,7.9,0.10,0.05
2025-12-31 20:39:35.733,0.2,7.9,0.09,0.05
2025-12-31 20:39:36.735,0.1,7.9,0.09,0.05
2025-12-31 20:39:37.736,0.0,7.9,0.10,0.05
2025-12-31 20:39:38.737,0.2,7.9,0.10,0.05
2025-12-31 20:39:39.739,0.1,7.9,0.09,0.05
2025-12-31 20:39:40.741,0.1,7.9,0.10,0.05
2025-12-31 20:39:41.743,0.0,7.9,0.09,0.05
2025-12-31 20:39:42.744,0.1,7.9,0.10,0.05
2025-12-31 20:39:43.745,0.2,7.9,0.09,0.05
2025-12-31 20:39:44.747,0.1,7.9,0.10,0.05
2025-12-31 20:39:45.748,0.1,7.9,0.10,0.05
2025-12-31 20:39:46.750,0.1,8.0,0.09,0.05
2025-12-31 20:39:47.751,0.0,8.0,0.09,0.05
2025-12-31 20:39:48.753,0.0,8.0,0.10,0.05
2025-12-31 20:39:49.754,0.1,8.0,0.09,0.05
2025-12-31 20:39:50.756,0.0,8.0,0.10,0.05
2025-12-31 20:39:51.758,0.0,8.0,0.10,0.05
2025-12-31 20:39:52.759,0.0,8.0,0.09,0.05
2025-12-31 20:39:53.761,0.2,8.0,0.10,0.05
2025-12-31 20:39:54.762,0.1,8.0,0.10,0.05
2025-12-31 20:39:55.764,0.0,8.0,0.10,0.05
2025-12-31 20:39:56.766,0.0,8.0,0.10,0.05
2025-12-31 20:39:57.768,0.2,8.0,0.10,0.05
2025-12-31 20:39:58.769,0.0,8.0,0.09,0.05
2025-12-31 20:39:59.771,0.2,8.0,0.10,0.05
2025-12-31 20:40:00.773,0.1,8.0,0.10,0.05
2025-12-31 20:40:01.774,0.2,8.0,0.10,0.05
2025-12-31 20:40:02.775,0.0,8.0,0.10,0.05
2025-12-31 20:40:03.777,0.1,8.0,0.10,0.05
2025-12-31 20:40:04.779,0.1,8.0,0.11,0.05
2025-12-31 20:40:05.781,0.1,8.0,0.10,0.05
2025-12-31 20:40:06.782,0.0,8.0,0.10,0.05
2025-12-31 20:40:07.783,0.1,8.0,0.09,0.05
2025-12-31 20:40:08.784,0.2,8.0,0.10,0.05
2025-12-31 20:40:09.785,0.1,8.0,0.09,0.05
2025-12-31 20:40:10.787,0.0,8.0,0.09,0.05
2025-12-31 20:40:11.789,0.2,8.0,0.10,0.05
2025-12-31 20:40:12.790,0.1,8.0,0.10,0.05
2025-12-31 20:40:13.791,0.2,8.0,0.09,0.05
2025-12-31 20:40:14.792,0.2,8.0,0.10,0.05
2025-12-31 20:40:15.793,0.0,8.0,0.10,0.05
2025-12-31 20:40:16.794,0.2,7.9,0.10,0.05
2025-12-31 20:40:17.796,0.1,7.9,0.09,0.05
2025-12-31 20:40:18.797,0.1,7.9,0.10,0.05
2025-12-31 20:40:19.798,0.2,7.9,0.10,0.05
2025-12-31 20:40:20.799,0.1,7.9,0.10,0.05
2025-12-31 20:40:21.800,0.1,7.9,0.10,0.05
2025-12-31 20:40:22.801,0.2,7.9,0.10,0.05
2025-12-31 20:40:23.803,0.1,7.9,0.09,0.05
2025-12-31 20:40:24.804,0.1,7.9,0.10,0.05
2025-12-31 20:40:25.805,0.0,7.9,0.10,0.05
2025-12-31 20:40:26.806,0.0,7.9,0.10,0.05
2025-12-31 20:40:27.807,0.1,7.9,0.10,0.05
2025-12-31 20:40:28.809,0.1,7.9,0.10,0.05
2025-12-31 20:40:29.810,0.0,7.9,0.10,0.05
2025-12-31 20:40:30.811,0.2,7.9,0.09,0.05
2025-12-31 20:40:31.812,0.0,7.9,0.10,0.05
2025-12-31 20:40:32.813,0.1,7.9,0.09,0.05
2025-12-31 20:40:33.815,0.1,7.9,0.09,0.05
2025-12-31 20:40:34.816,0.2,7.9,0.10,0.05
2025-12-31 20:40:35.817,0.0,7.9,0.10,0.05
2025-12-31 20:40:36.819,0.2,7.9,0.10,0.05
2025-12-31 20:40:37.820,0.1,7.9,0.10,0.05
2025-12-31 20:40:38.822,0.2,7.9,0.10,0.05
2025-12-31 20:40:39.823,0.1,7.9,0.10,0.05
2025-12-31 20:40:40.824,0.2,7.9,0.10,0.05
2025-12-31 20:40:41.825,0.0,7.9,0.10,0.05
2025-12-31 20:40:42.827,0.1,7.9,0.10,0.05
2025-12-31 20:40:43.828,0.2,7.9,0.09,0.05
2025-12-31 20:40:44.829,0.1,7.9,0.10,0.05
2025-12-31 20:40:45.831,0.2,7.9,0.10,0.05
2025-12-31 20:40:46.832,0.1,7.9,0.10,0.05
2025-12-31 20:40:47.833,0.0,7.9,0.10,0.05
2025-12-31 20:40:48.835,0.1,7.9,0.09,0.05
2025-12-31 20:40:49.836,0.0,7.9,0.09,0.05
2025-12-31 20:40:50.838,0.2,7.9,0.09,0.05
2025-12-31 20:40:51.839,0.2,7.9,0.09,0.05
2025-12-31 20:40:52.840,0.1,7.9,0.10,0.05
2025-12-31 20:40:53.842,0.1,7.9,0.09,0.05
2025-12-31 20:40:54.843,0.1,7.9,0.10,0.06
2025-12-31 20:40:55.845,0.2,7.9,0.09,0.05
2025-12-31 20:40:56.847,0.0,7.9,0.09,0.05
2025-12-31 20:40:57.848,0.2,7.9,0.09,0.05
2025-12-31 20:40:58.849,0.0,7.9,0.09,0.05
2025-12-31 20:40:59.851,0.1,7.9,0.09,0.05
2025-12-31 20:41:00.853,0.2,7.9,0.09,0.05
2025-12-31 20:41:01.854,0.0,7.9,0.09,0.05
2025-12-31 20:41:02.855,0.2,7.9,0.09,0.05
2025-12-31 20:41:03.856,0.2,7.9,0.09,0.05
2025-12-31 20:41:04.858,0.2,7.9,0.10,0.05
2025-12-31 20:41:05.860,0.2,7.9,0.09,0.05
2025-12-31 20:41:06.861,0.0,7.9,0.09,0.05
2025-12-31 20:41:07.863,0.2,7.9,0.10,0.05
2025-12-31 20:41:08.864,0.1,7.9,0.09,0.05
2025-12-31 20:41:09.865,0.2,7.9,0.09,0.05
2025-12-31 20:41:10.867,0.2,7.9,0.10,0.05
2025-12-31 20:41:11.869,0.2,7.9,0.09,0.05
2025-12-31 20:41:12.870,0.2,7.9,0.10,0.05
2025-12-31 20:41:13.871,0.3,7.9,0.10,0.05
2025-12-31 20:41:14.872,0.2,7.9,0.10,0.05
2025-12-31 20:41:15.873,0.2,7.9,0.10,0.05
2025-12-31 20:41:16.874,0.2,8.0,0.09,0.05
2025-12-31 20:41:17.876,0.2,7.9,0.10,0.05
2025-12-31 20:41:18.877,0.2,8.0,0.10,0.05
2025-12-31 20:41:19.878,0.1,8.0,0.10,0.05
2025-12-31 20:41:20.879,0.2,7.9,0.10,0.05
2025-12-31 20:41:21.880,0.2,7.9,0.10,0.05
2025-12-31 20:41:22.881,0.1,7.9,0.09,0.05
2025-12-31 20:41:23.882,0.2,7.9,0.10,0.05
2025-12-31 20:41:24.883,0.1,7.9,0.10,0.05
2025-12-31 20:41:25.885,0.0,7.9,0.10,0.05
2025-12-31 20:41:26.886,0.1,7.9,0.09,0.05
2025-12-31 20:41:27.888,0.2,7.9,0.10,0.05
2025-12-31 20:41:28.889,0.2,7.9,0.09,0.05
2025-12-31 20:41:29.891,0.1,7.9,0.09,0.05
2025-12-31 20:41:30.892,0.1,7.9,0.09,0.05
2025-12-31 20:41:31.894,0.0,7.9,0.09,0.05
2025-12-31 20:41:32.895,0.2,7.9,0.10,0.05
2025-12-31 20:41:33.896,0.2,7.9,0.09,0.05
2025-12-31 20:41:34.898,0.2,7.9,0.10,0.05
2025-12-31 20:41:35.899,0.3,7.9,0.10,0.05
2025-12-31 20:41:36.900,0.2,7.9,0.10,0.05
2025-12-31 20:41:37.902,0.2,7.9,0.10,0.05
2025-12-31 20:41:38.903,0.2,7.9,0.12,0.06
2025-12-31 20:41:39.905,0.2,7.9,0.09,0.05
2025-12-31 20:41:40.906,0.1,7.9,0.10,0.05
2025-12-31 20:41:41.907,0.2,7.9,0.09,0.05
2025-12-31 20:41:42.908,0.2,7.9,0.09,0.05
2025-12-31 20:41:43.909,0.3,7.9,0.10,0.05
2025-12-31 20:41:44.911,0.2,7.9,0.10,0.05
2025-12-31 20:41:45.912,0.2,7.9,0.10,0.05
2025-12-31 20:41:46.913,0.2,8.0,0.09,0.04
2025-12-31 20:41:47.915,0.1,8.0,0.10,0.05
2025-12-31 20:41:48.916,0.2,8.0,0.10,0.05
2025-12-31 20:41:49.917,0.2,8.0,0.09,0.05
2025-12-31 20:41:50.919,0.1,8.0,0.10,0.05
2025-12-31 20:41:51.920,0.1,8.0,0.10,0.05
2025-12-31 20:41:52.921,0.1,8.0,0.10,0.05
2025-12-31 20:41:53.923,0.1,8.0,0.09,0.05
2025-12-31 20:41:54.925,0.1,8.0,0.11,0.05
2025-12-31 20:41:55.925,0.2,8.0,0.10,0.05
2025-12-31 20:41:56.926,0.2,8.0,0.10,0.05
2025-12-31 20:41:57.927,0.4,8.0,0.10,0.06
2025-12-31 20:41:58.928,0.2,8.0,0.09,0.05
2025-12-31 20:41:59.929,0.2,8.0,0.10,0.05
2025-12-31 20:42:00.931,0.2,8.0,0.10,0.05
2025-12-31 20:42:01.933,0.3,8.0,0.09,0.05
2025-12-31 20:42:02.934,0.1,8.0,0.10,0.05
2025-12-31 20:42:03.935,0.2,8.0,0.09,0.05
2025-12-31 20:42:04.936,0.2,8.0,0.10,0.05
2025-12-31 20:42:05.937,0.1,8.0,0.10,0.05
2025-12-31 20:42:06.939,0.2,8.0,0.09,0.05
2025-12-31 20:42:07.940,0.2,8.0,0.10,0.05
2025-12-31 20:42:08.942,0.1,8.0,0.09,0.05
2025-12-31 20:42:09.943,0.1,8.0,0.10,0.05
2025-12-31 20:42:10.944,0.0,8.0,0.09,0.05
2025-12-31 20:42:11.946,0.2,8.0,0.10,0.05
2025-12-31 20:42:12.947,0.1,8.0,0.10,0.05
2025-12-31 20:42:13.949,0.1,8.0,0.10,0.05
2025-12-31 20:42:14.950,0.2,8.0,0.10,0.05
2025-12-31 20:42:15.952,0.2,8.0,0.10,0.05
2025-12-31 20:42:16.953,0.2,8.0,0.10,0.05
2025-12-31 20:42:17.954,0.2,7.9,0.09,0.05
2025-12-31 20:42:18.955,0.1,7.9,0.10,0.05
2025-12-31 20:42:19.956,0.2,7.9,0.10,0.05
2025-12-31 20:42:20.957,0.2,7.9,0.10,0.05
2025-12-31 20:42:21.958,0.2,7.9,0.10,0.05
2025-12-31 20:42:22.959,0.2,7.9,0.09,0.05
2025-12-31 20:42:23.961,0.1,8.0,0.09,0.05
2025-12-31 20:42:24.962,0.2,8.0,0.10,0.05
2025-12-31 20:42:25.963,0.1,8.0,0.10,0.05
2025-12-31 20:42:26.964,0.2,8.0,0.10,0.05
2025-12-31 20:42:27.965,0.2,8.0,0.10,0.05
2025-12-31 20:42:28.966,0.2,8.0,0.10,0.05
2025-12-31 20:42:29.967,0.2,8.0,0.10,0.05
2025-12-31 20:42:30.968,0.1,8.0,0.10,0.05
2025-12-31 20:42:31.969,0.2,8.0,0.09,0.05
2025-12-31 20:42:32.970,0.2,8.0,0.09,0.05
2025-12-31 20:42:33.972,0.2,8.0,0.09,0.05
2025-12-31 20:42:34.973,0.0,8.0,0.10,0.05
2025-12-31 20:42:35.974,0.2,8.0,0.10,0.05
2025-12-31 20:42:36.975,0.2,8.0,0.09,0.05
2025-12-31 20:42:37.976,0.2,8.0,0.09,0.05
2025-12-31 20:42:38.977,0.2,8.0,0.10,0.05
2025-12-31 20:42:39.978,0.0,8.0,0.10,0.05
2025-12-31 20:42:40.979,0.3,8.0,0.09,0.05
2025-12-31 20:42:41.981,0.1,8.0,0.09,0.05
2025-12-31 20:42:42.982,0.2,8.0,0.09,0.05
2025-12-31 20:42:43.984,0.2,8.0,0.10,0.05
2025-12-31 20:42:44.985,0.2,8.0,0.10,0.05
2025-12-31 20:42:45.987,0.2,8.0,0.10,0.05
2025-12-31 20:42:46.988,0.2,8.0,0.10,0.05
2025-12-31 20:42:47.990,0.2,8.0,0.09,0.05
2025-12-31 20:42:48.991,0.2,8.0,0.10,0.05
2025-12-31 20:42:49.993,0.2,8.0,0.10,0.05
2025-12-31 20:42:50.994,0.3,8.0,0.10,0.05
2025-12-31 20:42:51.996,0.3,8.0,0.09,0.05
2025-12-31 20:42:52.997,0.2,8.0,0.09,0.05
2025-12-31 20:42:53.998,0.2,8.0,0.10,0.05
2025-12-31 20:42:54.999,0.2,8.0,0.10,0.05
2025-12-31 20:42:56.001,0.2,8.0,0.09,0.05
2025-12-31 20:42:57.002,0.1,8.0,0.10,0.05
2025-12-31 20:42:58.004,0.1,8.0,0.09,0.05
2025-12-31 20:42:59.005,0.1,8.0,0.10,0.05
2025-12-31 20:43:00.007,0.1,8.0,0.09,0.05
2025-12-31 20:43:01.008,0.1,8.0,0.10,0.05
2025-12-31 20:43:02.009,0.1,8.0,0.09,0.05
2025-12-31 20:43:03.010,0.2,8.0,0.10,0.05
2025-12-31 20:43:04.011,0.3,8.0,0.10,0.05
2025-12-31 20:43:05.013,0.2,8.0,0.09,0.05
2025-12-31 20:43:06.014,0.4,8.0,0.10,0.05
2025-12-31 20:43:07.015,0.0,8.0,0.09,0.05
2025-12-31 20:43:08.016,0.2,8.0,0.10,0.05
2025-12-31 20:43:09.017,0.2,8.0,0.09,0.05
2025-12-31 20:43:10.018,0.2,8.0,0.10,0.05
2025-12-31 20:43:11.020,0.2,8.0,0.09,0.05
2025-12-31 20:43:12.021,0.3,8.0,0.10,0.05
2025-12-31 20:43:13.023,0.2,8.0,0.09,0.05
2025-12-31 20:43:14.024,0.2,8.0,0.10,0.05
2025-12-31 20:43:15.025,0.1,8.0,0.10,0.05
2025-12-31 20:43:16.027,0.2,8.0,0.10,0.05
2025-12-31 20:43:17.028,0.2,8.0,0.10,0.05
2025-12-31 20:43:18.030,0.2,8.0,0.09,0.05
2025-12-31 20:43:19.031,0.2,8.0,0.09,0.05
2025-12-31 20:43:20.033,0.1,8.0,0.10,0.05
2025-12-31 20:43:21.034,0.1,8.0,0.10,0.05
2025-12-31 20:43:22.036,0.1,8.0,0.10,0.05
2025-12-31 20:43:23.037,0.1,8.0,0.10,0.05
2025-12-31 20:43:24.038,0.1,8.0,0.09,0.05
2025-12-31 20:43:25.040,0.2,8.0,0.10,0.05
2025-12-31 20:43:26.041,0.2,8.0,0.10,0.05
2025-12-31 20:43:27.042,0.1,8.0,0.09,0.05
2025-12-31 20:43:28.044,0.1,8.0,0.10,0.05
2025-12-31 20:43:29.045,0.0,8.0,0.09,0.05
2025-12-31 20:43:30.046,0.2,8.0,0.10,0.05
2025-12-31 20:43:31.048,0.2,8.0,0.10,0.05
2025-12-31 20:43:32.049,0.2,8.0,0.10,0.05
2025-12-31 20:43:33.050,0.3,8.0,0.10,0.05
2025-12-31 20:43:34.052,0.2,8.0,0.10,0.05
2025-12-31 20:43:35.053,0.5,8.0,0.10,0.05
2025-12-31 20:43:36.054,0.4,8.0,0.10,0.05
2025-12-31 20:43:37.055,0.2,8.0,0.10,0.05
2025-12-31 20:43:38.057,0.2,8.0,0.10,0.05
2025-12-31 20:43:39.059,0.2,8.0,0.10,0.05
2025-12-31 20:43:40.061,0.2,8.0,0.10,0.05
2025-12-31 20:43:41.063,0.3,8.0,0.10,0.05
2025-12-31 20:43:42.064,0.1,8.0,0.10,0.05
2025-12-31 20:43:43.065,0.2,8.0,0.10,0.05
2025-12-31 20:43:44.067,0.0,8.0,0.10,0.05
2025-12-31 20:43:45.068,0.2,8.0,0.10,0.05
2025-12-31 20:43:46.069,0.1,8.0,0.10,0.05
2025-12-31 20:43:47.070,0.2,8.0,0.09,0.05
2025-12-31 20:43:48.072,0.1,8.0,0.09,0.05
2025-12-31 20:43:49.074,0.2,8.0,0.09,0.05
2025-12-31 20:43:50.076,0.2,8.0,0.10,0.05
2025-12-31 20:43:51.077,0.2,8.0,0.09,0.05
2025-12-31 20:43:52.079,0.2,8.0,0.10,0.05
2025-12-31 20:43:53.080,0.2,8.0,0.09,0.05
2025-12-31 20:43:54.082,0.2,8.0,0.09,0.05
2025-12-31 20:43:55.084,0.2,7.9,0.10,0.05
2025-12-31 20:43:56.085,0.3,7.9,0.10,0.05
2025-12-31 20:43:57.087,0.2,7.9,0.09,0.05
2025-12-31 20:43:58.088,0.4,7.9,0.10,0.05
2025-12-31 20:43:59.090,0.4,7.9,0.09,0.05
2025-12-31 20:44:00.091,0.1,7.9,0.09,0.05
2025-12-31 20:44:01.092,0.2,7.9,0.10,0.05
2025-12-31 20:44:02.093,0.3,7.9,0.09,0.05
2025-12-31 20:44:03.096,0.1,7.9,0.09,0.05
2025-12-31 20:44:04.097,0.2,7.9,0.10,0.05
2025-12-31 20:44:05.098,0.2,7.9,0.09,0.06
2025-12-31 20:44:06.100,0.0,7.9,0.10,0.06
2025-12-31 20:44:07.101,0.2,7.9,0.10,0.06
2025-12-31 20:44:08.102,0.2,7.9,0.09,0.05
2025-12-31 20:44:09.103,0.2,7.9,0.10,0.05
2025-12-31 20:44:10.104,0.1,7.9,0.09,0.06
2025-12-31 20:44:11.106,0.1,7.9,0.10,0.05
2025-12-31 20:44:12.107,0.2,7.9,0.09,0.05
2025-12-31 20:44:13.108,0.2,7.9,0.10,0.05
2025-12-31 20:44:14.109,0.2,7.9,0.09,0.05
2025-12-31 20:44:15.110,0.1,7.9,0.10,0.05
2025-12-31 20:44:16.111,0.2,7.9,0.10,0.06
2025-12-31 20:44:17.112,0.2,8.0,0.10,0.05
2025-12-31 20:44:18.113,0.3,8.0,0.10,0.05
2025-12-31 20:44:19.115,0.2,8.0,0.09,0.05
2025-12-31 20:44:20.116,0.4,8.0,0.10,0.05
2025-12-31 20:44:21.118,0.3,8.0,0.09,0.05
2025-12-31 20:44:22.119,0.3,8.0,0.09,0.05
2025-12-31 20:44:23.120,0.2,8.0,0.09,0.05
2025-12-31 20:44:24.122,0.2,8.0,0.10,0.05
2025-12-31 20:44:25.123,0.2,8.0,0.10,0.05
2025-12-31 20:44:26.124,0.2,8.0,0.10,0.05
2025-12-31 20:44:27.124,0.2,8.0,0.09,0.05
2025-12-31 20:44:28.125,0.2,8.0,0.10,0.05
2025-12-31 20:44:29.127,0.2,8.0,0.10,0.05
2025-12-31 20:44:30.129,0.2,8.0,0.10,0.05
2025-12-31 20:44:31.130,0.1,8.0,0.10,0.05
2025-12-31 20:44:32.132,0.2,8.0,0.09,0.05
2025-12-31 20:44:33.133,0.2,8.0,0.09,0.05
2025-12-31 20:44:34.135,0.2,8.0,0.09,0.05
2025-12-31 20:44:35.136,0.2,8.0,0.10,0.05
2025-12-31 20:44:36.137,0.2,8.0,0.10,0.05
2025-12-31 20:44:37.138,0.2,8.0,0.10,0.05
2025-12-31 20:44:38.140,0.1,8.0,0.09,0.05
2025-12-31 20:44:39.141,0.3,8.0,0.10,0.05
2025-12-31 20:44:40.142,0.2,8.0,0.09,0.05
2025-12-31 20:44:41.144,0.4,8.0,0.10,0.05
2025-12-31 20:44:42.145,0.3,8.0,0.10,0.05
2025-12-31 20:44:43.146,0.2,8.0,0.10,0.05
2025-12-31 20:44:44.147,0.3,8.0,0.10,0.05
2025-12-31 20:44:45.148,0.2,8.0,0.09,0.05
2025-12-31 20:44:46.151,0.2,8.0,0.10,0.05
2025-12-31 20:44:47.153,0.2,7.9,0.10,0.05
2025-12-31 20:44:48.154,0.2,7.9,0.09,0.05
2025-12-31 20:44:49.155,0.2,7.9,0.09,0.05
2025-12-31 20:44:50.157,0.1,7.9,0.10,0.05
2025-12-31 20:44:51.158,0.2,7.9,0.10,0.05
2025-12-31 20:44:52.160,0.1,7.9,0.09,0.05
2025-12-31 20:44:53.162,0.2,7.9,0.10,0.05
2025-12-31 20:44:54.164,0.1,7.9,0.10,0.05
2025-12-31 20:44:55.165,0.1,7.9,0.10,0.05
2025-12-31 20:44:56.166,0.1,7.9,0.10,0.05
2025-12-31 20:44:57.168,0.2,7.9,0.10,0.05
2025-12-31 20:44:58.170,0.0,7.9,0.10,0.05
2025-12-31 20:44:59.172,0.2,7.9,0.10,0.05
2025-12-31 20:45:00.173,0.0,7.9,0.09,0.05
2025-12-31 20:45:01.174,0.2,7.9,0.10,0.05
2025-12-31 20:45:02.175,0.2,7.9,0.10,0.05
2025-12-31 20:45:03.176,0.1,7.9,0.10,0.05
2025-12-31 20:45:04.178,0.2,7.9,0.09,0.05
2025-12-31 20:45:05.180,0.4,7.9,0.09,0.07
2025-12-31 20:45:06.181,0.3,7.9,0.10,0.07
2025-12-31 20:45:07.183,0.3,7.9,0.10,0.05
2025-12-31 20:45:08.184,0.3,7.9,0.11,0.07
2025-12-31 20:45:09.186,0.2,7.9,0.10,0.05
2025-12-31 20:45:10.188,0.4,7.9,0.09,0.06
2025-12-31 20:45:11.189,0.2,7.9,0.09,0.05
2025-12-31 20:45:12.190,0.4,7.9,0.09,0.06
2025-12-31 20:45:13.192,0.2,7.9,0.10,0.05
2025-12-31 20:45:14.193,0.2,7.9,0.09,0.05
2025-12-31 20:45:15.195,0.3,7.9,0.10,0.05
2025-12-31 20:45:16.197,0.2,7.9,0.10,0.05
2025-12-31 20:45:17.198,0.2,8.0,0.10,0.05
2025-12-31 20:45:18.200,0.0,8.0,0.09,0.05
2025-12-31 20:45:19.202,0.2,8.0,0.09,0.05
2025-12-31 20:45:20.204,0.2,8.0,0.10,0.05
2025-12-31 20:45:21.206,0.1,8.0,0.09,0.05
2025-12-31 20:45:22.208,0.2,8.0,0.09,0.05
2025-12-31 20:45:23.209,0.2,8.0,0.10,0.05
2025-12-31 20:45:24.211,0.2,8.0,0.10,0.05
2025-12-31 20:45:25.212,0.1,8.0,0.10,0.05
2025-12-31 20:45:26.214,0.0,8.0,0.10,0.05
2025-12-31 20:45:27.215,0.3,8.0,0.10,0.05
2025-12-31 20:45:28.217,0.2,8.0,0.09,0.05
2025-12-31 20:45:29.219,0.1,8.0,0.10,0.05
2025-12-31 20:45:30.221,0.2,8.0,0.10,0.05
2025-12-31 20:45:31.222,0.3,8.0,0.09,0.05
2025-12-31 20:45:32.223,0.4,8.0,0.10,0.05
2025-12-31 20:45:33.224,0.2,8.0,0.09,0.05
2025-12-31 20:45:34.225,0.3,8.0,0.10,0.05
2025-12-31 20:45:35.226,0.2,8.0,0.10,0.05
2025-12-31 20:45:36.228,0.2,8.0,0.10,0.05
2025-12-31 20:45:37.229,0.2,8.0,0.09,0.05
2025-12-31 20:45:38.230,0.2,8.0,0.09,0.05
2025-12-31 20:45:39.231,0.1,8.0,0.09,0.05
2025-12-31 20:45:40.233,0.1,8.0,0.09,0.05
2025-12-31 20:45:41.234,0.1,8.0,0.10,0.05
2025-12-31 20:45:42.235,0.1,8.0,0.09,0.05
2025-12-31 20:45:43.236,0.1,8.0,0.10,0.05
2025-12-31 20:45:44.237,0.2,8.0,0.09,0.05
2025-12-31 20:45:45.238,0.2,8.0,0.10,0.05
2025-12-31 20:45:46.240,0.2,8.0,0.10,0.06
2025-12-31 20:45:47.241,0.2,8.0,0.10,0.05
2025-12-31 20:45:48.242,0.0,8.0,0.09,0.05
2025-12-31 20:45:49.244,0.2,8.0,0.09,0.05
2025-12-31 20:45:50.245,0.2,8.0,0.10,0.05
2025-12-31 20:45:51.246,0.3,8.0,0.09,0.05
2025-12-31 20:45:52.249,0.2,8.0,0.10,0.05
2025-12-31 20:45:53.251,0.4,8.0,0.09,0.05
2025-12-31 20:45:54.252,0.4,8.0,0.09,0.05
2025-12-31 20:45:55.253,0.4,8.0,0.10,0.05
2025-12-31 20:45:56.254,0.4,8.0,0.10,0.05
2025-12-31 20:45:57.256,0.5,8.0,0.10,0.05
2025-12-31 20:45:58.257,0.4,8.0,0.10,0.05
2025-12-31 20:45:59.258,0.2,8.0,0.09,0.05
2025-12-31 20:46:00.260,0.2,8.0,0.09,0.05
2025-12-31 20:46:01.261,0.3,8.0,0.10,0.05
2025-12-31 20:46:02.263,0.2,8.0,0.09,0.05
2025-12-31 20:46:03.264,0.0,8.0,0.09,0.06
2025-12-31 20:46:04.265,0.2,8.0,0.09,0.05
2025-12-31 20:46:05.267,0.2,8.0,0.09,0.05
2025-12-31 20:46:06.268,0.1,8.0,0.10,0.05
2025-12-31 20:46:07.269,0.2,8.0,0.09,0.05
2025-12-31 20:46:08.271,0.2,8.0,0.10,0.05
2025-12-31 20:46:09.272,0.1,8.0,0.10,0.05
2025-12-31 20:46:10.273,0.2,8.0,0.09,0.05
2025-12-31 20:46:11.274,0.2,8.0,0.10,0.05
2025-12-31 20:46:12.276,0.2,8.0,0.09,0.05
2025-12-31 20:46:13.277,0.0,8.0,0.09,0.05
2025-12-31 20:46:14.278,0.2,8.0,0.10,0.05
2025-12-31 20:46:15.280,0.3,8.0,0.09,0.05
2025-12-31 20:46:16.282,0.4,8.0,0.10,0.05
2025-12-31 20:46:17.284,0.6,8.0,0.09,0.05
2025-12-31 20:46:18.286,0.2,8.0,0.10,0.05
2025-12-31 20:46:19.287,0.4,8.0,0.10,0.05
2025-12-31 20:46:20.288,0.2,8.0,0.09,0.05
2025-12-31 20:46:21.290,0.2,8.0,0.10,0.05
2025-12-31 20:46:22.291,0.2,8.0,0.09,0.05
2025-12-31 20:46:23.293,0.2,8.0,0.10,0.05
2025-12-31 20:46:24.294,0.2,8.0,0.10,0.05
2025-12-31 20:46:25.295,0.3,8.0,0.10,0.05
2025-12-31 20:46:26.296,0.2,8.0,0.10,0.05
2025-12-31 20:46:27.298,0.1,8.0,0.10,0.05
2025-12-31 20:46:28.299,0.1,8.0,0.09,0.05
2025-12-31 20:46:29.300,0.0,8.0,0.10,0.05
2025-12-31 20:46:30.301,0.2,8.0,0.10,0.05
2025-12-31 20:46:31.302,0.1,8.0,0.09,0.05
2025-12-31 20:46:32.304,0.1,8.0,0.09,0.05
2025-12-31 20:46:33.306,0.1,8.0,0.09,0.05
2025-12-31 20:46:34.307,0.2,8.0,0.10,0.05
2025-12-31 20:46:35.309,0.2,8.0,0.10,0.05
2025-12-31 20:46:36.310,0.0,8.0,0.10,0.05
2025-12-31 20:46:37.311,0.2,8.0,0.09,0.05
2025-12-31 20:46:38.312,0.2,8.0,0.09,0.05
2025-12-31 20:46:39.314,0.3,8.0,0.09,0.05
2025-12-31 20:46:40.316,0.2,8.0,0.09,0.05
2025-12-31 20:46:41.317,0.2,8.0,0.10,0.05
2025-12-31 20:46:42.319,0.2,8.0,0.09,0.05
2025-12-31 20:46:43.321,0.2,8.0,0.09,0.05
2025-12-31 20:46:44.322,0.3,8.0,0.09,0.05
2025-12-31 20:46:45.323,0.5,8.0,0.09,0.05
2025-12-31 20:46:46.325,0.2,8.0,0.10,0.05
2025-12-31 20:46:47.326,0.2,8.0,0.09,0.05
2025-12-31 20:46:48.327,0.2,8.0,0.09,0.05
2025-12-31 20:46:49.329,0.2,8.0,0.09,0.05
2025-12-31 20:46:50.330,0.0,8.0,0.09,0.05
2025-12-31 20:46:51.331,0.1,8.0,0.10,0.05
2025-12-31 20:46:52.332,0.2,8.0,0.10,0.05
2025-12-31 20:46:53.334,0.0,8.0,0.10,0.05
2025-12-31 20:46:54.335,0.1,8.0,0.10,0.05
2025-12-31 20:46:55.337,0.1,8.0,0.10,0.05
2025-12-31 20:46:56.338,0.2,8.0,0.10,0.05
2025-12-31 20:46:57.340,0.1,8.0,0.10,0.05
2025-12-31 20:46:58.341,0.1,8.0,0.10,0.05
2025-12-31 20:46:59.343,0.1,8.0,0.10,0.05
2025-12-31 20:47:00.344,0.1,8.0,0.10,0.05
2025-12-31 20:47:01.345,0.2,8.0,0.10,0.05
2025-12-31 20:47:02.346,0.2,8.0,0.10,0.05
2025-12-31 20:47:03.348,0.5,8.0,0.09,0.05
2025-12-31 20:47:04.350,0.3,8.0,0.10,0.05
2025-12-31 20:47:05.352,0.2,8.0,0.09,0.05
2025-12-31 20:47:06.354,0.4,8.0,0.10,0.05
2025-12-31 20:47:07.355,0.2,8.0,0.09,0.05
2025-12-31 20:47:08.356,0.4,8.0,0.10,0.05
2025-12-31 20:47:09.357,0.2,8.0,0.09,0.05
2025-12-31 20:47:10.358,0.2,8.0,0.09,0.05
2025-12-31 20:47:11.360,0.3,8.0,0.10,0.05
2025-12-31 20:47:12.361,0.2,8.0,0.09,0.05
2025-12-31 20:47:13.362,0.2,8.0,0.10,0.05
2025-12-31 20:47:14.363,0.0,8.0,0.09,0.05
2025-12-31 20:47:15.365,0.2,8.0,0.09,0.05
2025-12-31 20:47:16.366,0.1,8.0,0.10,0.05
2025-12-31 20:47:17.368,0.2,8.0,0.10,0.05
2025-12-31 20:47:18.369,0.0,8.0,0.09,0.05
2025-12-31 20:47:19.371,0.2,8.0,0.10,0.05
2025-12-31 20:47:20.373,0.2,8.0,0.09,0.05
2025-12-31 20:47:21.374,0.2,8.0,0.09,0.05
2025-12-31 20:47:22.375,0.2,8.0,0.10,0.05
2025-12-31 20:47:23.377,0.1,8.0,0.09,0.05
2025-12-31 20:47:24.378,0.1,8.0,0.10,0.05
2025-12-31 20:47:25.380,0.2,8.0,0.10,0.05
2025-12-31 20:47:26.381,0.3,8.0,0.10,0.05
2025-12-31 20:47:27.383,0.2,8.0,0.10,0.05
2025-12-31 20:47:28.384,0.2,8.0,0.10,0.05
2025-12-31 20:47:29.385,0.2,8.0,0.10,0.05
2025-12-31 20:47:30.386,0.2,8.0,0.10,0.05
2025-12-31 20:47:31.388,0.2,8.0,0.09,0.05
2025-12-31 20:47:32.390,0.3,8.0,0.10,0.05
2025-12-31 20:47:33.391,0.4,8.0,0.09,0.05
2025-12-31 20:47:34.393,0.1,8.0,0.09,0.05
2025-12-31 20:47:35.394,0.2,8.0,0.10,0.05
2025-12-31 20:47:36.395,0.1,8.0,0.10,0.05
2025-12-31 20:47:37.397,0.1,8.0,0.09,0.05
2025-12-31 20:47:38.398,0.0,8.0,0.09,0.05
2025-12-31 20:47:39.399,0.1,8.0,0.09,0.05
2025-12-31 20:47:40.401,0.0,8.0,0.10,0.05
2025-12-31 20:47:41.402,0.2,8.0,0.09,0.05
2025-12-31 20:47:42.403,0.2,8.0,0.10,0.05
2025-12-31 20:47:43.405,0.0,8.0,0.09,0.05
2025-12-31 20:47:44.406,0.2,8.0,0.11,0.05
2025-12-31 20:47:45.407,0.2,8.0,0.10,0.05
2025-12-31 20:47:46.409,0.2,8.0,0.10,0.05
2025-12-31 20:47:47.410,0.2,8.0,0.09,0.05
2025-12-31 20:47:48.411,0.2,8.0,0.10,0.05
2025-12-31 20:47:49.412,0.2,8.0,0.09,0.05
2025-12-31 20:47:50.413,0.2,8.0,0.09,0.05
2025-12-31 20:47:51.414,0.6,8.0,0.10,0.05
2025-12-31 20:47:52.416,0.4,8.0,0.09,0.05
2025-12-31 20:47:53.417,0.3,8.0,0.09,0.05
2025-12-31 20:47:54.419,0.3,8.0,0.10,0.05
2025-12-31 20:47:55.421,0.4,8.0,0.09,0.05
2025-12-31 20:47:56.422,0.4,8.0,0.10,0.05
2025-12-31 20:47:57.424,0.5,8.0,0.10,0.05
2025-12-31 20:47:58.425,0.1,8.0,0.10,0.05
2025-12-31 20:47:59.426,0.2,8.0,0.10,0.05
2025-12-31 20:48:00.427,0.0,8.0,0.09,0.05
2025-12-31 20:48:01.428,0.0,8.0,0.09,0.05
2025-12-31 20:48:02.429,0.2,8.0,0.09,0.05
2025-12-31 20:48:03.430,0.1,8.0,0.09,0.05
2025-12-31 20:48:04.431,0.2,8.0,0.10,0.05
2025-12-31 20:48:05.432,0.1,8.0,0.09,0.05
2025-12-31 20:48:06.433,0.2,8.0,0.10,0.05
2025-12-31 20:48:07.434,0.1,8.0,0.10,0.05
2025-12-31 20:48:08.435,0.1,8.0,0.10,0.05
2025-12-31 20:48:09.436,0.2,8.0,0.09,0.05
2025-12-31 20:48:10.437,0.4,8.0,0.09,0.05
2025-12-31 20:48:11.438,0.0,8.0,0.09,0.05
2025-12-31 20:48:12.439,0.2,8.0,0.10,0.05
2025-12-31 20:48:13.440,0.4,8.0,0.09,0.05
2025-12-31 20:48:14.441,0.2,8.0,0.09,0.05
2025-12-31 20:48:15.443,0.3,8.0,0.10,0.05
2025-12-31 20:48:16.444,0.3,8.0,0.10,0.05
2025-12-31 20:48:17.445,0.4,8.0,0.09,0.05
2025-12-31 20:48:18.446,0.4,8.0,0.10,0.06
2025-12-31 20:48:19.447,0.6,8.0,0.10,0.05
2025-12-31 20:48:20.448,0.3,8.0,0.09,0.05
2025-12-31 20:48:21.449,0.2,8.0,0.09,0.05
2025-12-31 20:48:22.451,0.2,8.0,0.10,0.05
2025-12-31 20:48:23.452,0.1,8.0,0.09,0.05
2025-12-31 20:48:24.453,0.2,8.0,0.10,0.05
2025-12-31 20:48:25.454,0.0,8.0,0.10,0.05
2025-12-31 20:48:26.455,0.2,8.0,0.10,0.05
2025-12-31 20:48:27.457,0.0,8.0,0.10,0.05
2025-12-31 20:48:28.458,0.1,8.0,0.10,0.05
2025-12-31 20:48:29.459,0.2,8.0,0.09,0.05
2025-12-31 20:48:30.461,0.1,8.0,0.10,0.05
2025-12-31 20:48:31.462,0.2,8.0,0.10,0.05
2025-12-31 20:48:32.463,0.2,8.0,0.10,0.05
2025-12-31 20:48:33.464,0.1,8.0,0.09,0.05
2025-12-31 20:48:34.465,0.2,8.0,0.10,0.05
2025-12-31 20:48:35.467,0.2,8.0,0.09,0.05
2025-12-31 20:48:36.468,0.1,8.0,0.10,0.05
2025-12-31 20:48:37.469,0.2,8.0,0.09,0.05
2025-12-31 20:48:38.471,0.2,8.0,0.09,0.05
2025-12-31 20:48:39.472,0.3,8.0,0.09,0.05
2025-12-31 20:48:40.473,0.3,8.0,0.10,0.05
2025-12-31 20:48:41.474,0.5,8.0,0.10,0.05
2025-12-31 20:48:42.476,0.3,8.0,0.09,0.05
2025-12-31 20:48:43.478,0.4,8.0,0.10,0.05
2025-12-31 20:48:44.479,0.5,8.0,0.09,0.05
2025-12-31 20:48:45.481,0.2,8.0,0.10,0.05
2025-12-31 20:48:46.482,0.2,8.0,0.10,0.05
